ID,X_pix,Y_pix,RA_deg,Dec_deg,Fluxo,Erro_Fluxo,SNR,Mag_Inst,Erro_Mag,Std_Fundo_Local,Area_Ap,Exptime
716,2079.998889890516,1317.601585480415,276.5308552450707,-14.793608386376132,4126366.032467527,2038.994995723659,2023.7254339131125,-9.593541248469425,0.0005364858205594,4.248347012311862,717.5484611499667,600
746,1625.3348835816164,1365.5093880319178,276.5256258391819,-14.859411265283953,697246.3608186545,841.4213685387543,828.6530231927912,-7.66308751455032,0.0013101985627431,4.248347012311862,717.5484611499667,600
314,167.79783480070907,553.8153839624105,276.6531130231905,-15.066614814003875,524827.679190496,732.545137464667,716.4441511507679,-7.354663702739536,0.001515400744435,4.248347012311862,717.5484611499667,600
105,1796.0125434048225,184.96863891561463,276.7012187470848,-14.829966690117436,419349.4366500609,662.491648981149,632.9882607501268,-7.111062033858149,0.001715197685836,4.248347012311862,717.5484611499667,600
854,173.7328257722898,1603.8391063636925,276.4960679356591,-15.070023592083398,304545.1977425883,562.4218052745078,541.4889587965839,-6.763751263208141,0.0020050270321538,4.248347012311862,717.5484611499667,600
584,997.8209487432758,1056.1287404452237,276.57449969474766,-14.948745016031056,217044.88833208248,480.2972309707849,451.8970219615626,-6.395995779386566,0.0024025385148308,4.248347012311862,717.5484611499667,600
608,562.5097535556497,1106.287204945079,276.5688385214191,-15.011825662405188,216376.01310941225,480.1969991853942,450.5984283043674,-6.392644659863581,0.0024094624654718,4.248347012311862,717.5484611499667,600
984,1322.5075574137095,1961.1403980601708,276.43791730288604,-14.90555243340815,215853.0969641306,476.07236790956085,453.40396022550937,-6.3900175842930205,0.002394553412061,4.248347012311862,717.5484611499667,600
613,1693.884219063184,1114.7238931189368,276.5627929546308,-14.848495090174628,215311.9434985236,474.3729546502064,453.8874769057829,-6.387292176788621,0.0023920025452153,4.248347012311862,717.5484611499667,600
861,470.8343519044912,1637.767172759712,276.4897672593249,-15.027232191111668,213710.29622133105,477.3359796695587,447.7146188922831,-6.37918548975043,0.0024249822413353,4.248347012311862,717.5484611499667,600
572,1344.7349568162458,1040.1449602288274,276.5754175826093,-14.898588937369547,194152.87334874115,451.3804775790289,430.1313038394496,-6.274981429624487,0.0025241129634341,4.248347012311862,717.5484611499667,600
386,895.6867732571653,673.6333076530725,276.6320977567383,-14.961938765025256,183624.34021031845,443.55155286415845,413.986466791956,-6.214447494831327,0.0026225494963959,4.248347012311862,717.5484611499667,600
944,1223.8904322637525,1853.7551073315844,276.454368885489,-14.919351674420838,177915.38899184717,435.31130259593607,408.7084069052797,-6.180155660287674,0.0026564170975118,4.248347012311862,717.5484611499667,600
49,977.9302056858638,84.54823322074633,276.7197860550704,-14.94766490870182,159767.18076578033,412.0497442638395,387.73760447592906,-6.063340803410684,0.002800089512771,4.248347012311862,717.5484611499667,600
1007,2107.087670722317,2006.6255388590996,276.4278670234085,-14.792515336750158,149170.2534181298,400.1308442495547,372.8036854991736,-5.988827442868337,0.0029122566171691,4.248347012311862,717.5484611499667,600
194,2392.5145693215472,359.4997605161218,276.672550256302,-14.744616761990228,148285.0767073813,397.45434547227313,373.0870687328435,-5.982365489478472,0.0029100445740118,4.248347012311862,717.5484611499667,600
134,162.3038890205547,250.8487678174606,276.698444520295,-15.0661787495718,136259.78287400887,384.35989123025774,354.510930986761,-5.890541105461731,0.0030625289803561,4.248347012311862,717.5484611499667,600
431,1861.336800315839,763.927875944001,276.614468146793,-14.822899189607805,133424.33558003837,378.4238729561658,352.5790657385228,-5.867709496047521,0.0030793093110217,4.248347012311862,717.5484611499667,600
612,698.1073727256423,1114.6301833416849,276.56702087440885,-14.992271236116313,122329.80053019855,366.5200730518044,333.760166289469,-5.773452542986509,0.0032529346208989,4.248347012311862,717.5484611499667,600
123,1237.1012039511493,218.71934281032185,276.69861035033944,-14.910784598058386,119311.42346205882,362.8051321217766,328.85814697354283,-5.746326941913864,0.0033014234556498,4.248347012311862,717.5484611499667,600
977,1476.266990214197,1945.273157888177,276.4396508337458,-14.88329227886032,118263.79916918773,359.9792608449113,328.52947942503533,-5.736751440026184,0.0033047262665746,4.248347012311862,717.5484611499667,600
717,2641.2958419514416,1322.0892753789135,276.5277948316815,-14.712669711913575,112071.03447258576,349.77028910497575,320.41324824748096,-5.678355325817813,0.0033884366702634,4.248347012311862,717.5484611499667,600
816,662.8685322906697,1511.8738881346228,276.5077898165895,-14.998978021274375,109930.2726388207,346.60882347033487,317.1594754518108,-5.657415136709727,0.0034231990024998,4.248347012311862,717.5484611499667,600
124,271.8769739201852,226.0663392694774,276.7016802060997,-15.05024258121066,106867.1724420532,341.1811128298964,313.22710555591124,-5.626732670814959,0.0034661751194013,4.248347012311862,717.5484611499667,600
50,883.2015510932939,86.624747995733,276.71988703328424,-14.961355014684262,104944.43715359276,337.60634591009904,310.8485323955917,-5.607020430657377,0.0034926978475108,4.248347012311862,717.5484611499667,600
860,310.50633215074777,1638.0632990704014,276.490385780351,-15.050398403499075,101796.94168125588,336.2951722513671,302.70116873746485,-5.573958700405555,0.0035867056758596,4.248347012311862,717.5484611499667,600
570,191.09174995450067,1036.7190893601712,276.58080024258186,-15.06520994302258,100897.98993990972,340.8555588575069,296.0139194387898,-5.564328160131163,0.0036677329297837,4.248347012311862,717.5484611499667,600
524,839.6731462463893,934.2955405326142,276.5933774471546,-14.971089405189629,98653.05179453584,331.58766678679484,297.5172531310341,-5.539898185366372,0.0036492001340232,4.248347012311862,717.5484611499667,600
409,623.9177354798678,728.5028647662662,276.62505436407145,-15.001418041652435,97307.63395517856,329.7346412879498,295.1089202368701,-5.524989155969655,0.0036789806256231,4.248347012311862,717.5484611499667,600
268,1622.866391380437,467.29363060078913,276.6598019896367,-14.856106310348846,85697.67035426712,310.7929523069175,275.73878274317514,-5.387044414086972,0.003937422183412,4.248347012311862,717.5484611499667,600
183,1713.034718878762,344.82881835300503,276.6777034684384,-14.842593330108627,84276.18135506503,310.04522533836035,271.8189943518474,-5.368883996613744,0.0039942021071369,4.248347012311862,717.5484611499667,600
728,2789.559330334656,1336.9470022458345,276.5249439503503,-14.69135308443182,81469.09769080416,306.0062526121052,266.2334412953148,-5.332104139836684,0.0040780000991524,4.248347012311862,717.5484611499667,600
697,1843.542234627808,1282.6577217514034,276.5370766534619,-14.827582834429728,78876.77783037617,299.7668359999906,263.1270986573667,-5.296994776722737,0.0041261428622893,4.248347012311862,717.5484611499667,600
158,402.6022747201079,296.827297060702,276.6905378971684,-15.03163949328155,76907.13940273243,303.8737279106677,253.0891365025853,-5.269538518709929,0.0042897929757206,4.248347012311862,717.5484611499667,600
792,2564.485996269653,1457.1278543245703,276.5079679727285,-14.724297758692828,75797.26324558881,292.6283419058664,259.02229002128405,-5.253755686973399,0.0041915311609313,4.248347012311862,717.5484611499667,600
609,419.9382667322592,1107.1489543407538,276.5693087150552,-15.03242752607951,70250.14950786217,285.2525627916388,246.27350871226355,-5.171240006173025,0.0044085131432812,4.248347012311862,717.5484611499667,600
765,455.49873136560126,1406.9534741157188,276.52433747817724,-15.028508847237116,69714.35915548471,290.6043523497468,239.894408297032,-5.162927472790892,0.0045257411696554,4.248347012311862,717.5484611499667,600
1009,2223.063259052385,2008.0116543345612,276.4271766056768,-14.775791422011482,69083.80611611041,283.4286769864745,243.74317676897303,-5.153062515680455,0.0044542785336266,4.248347012311862,717.5484611499667,600
494,2153.878833527049,882.0626667121293,276.5955691399685,-14.781172169630135,60873.36113410856,271.12253073573925,224.52343215046668,-5.015690079207712,0.0048355754657821,4.248347012311862,717.5484611499667,600
243,2536.3132909304704,427.406948423186,276.66178454323693,-14.724154196452217,58404.824021620094,260.0752800656062,224.5689171492461,-4.970743673305035,0.0048345960508793,4.248347012311862,717.5484611499667,600
972,1550.40460599211,1924.4967514723896,276.4424466356642,-14.872506693004013,58364.87695480522,264.6049847718064,220.57361090585164,-4.970000809736077,0.0049221663259772,4.248347012311862,717.5484611499667,600
833,806.7206805136979,1549.293834017567,276.5015980472438,-14.978352072891605,57879.74453715072,264.6219059646997,218.72620230039388,-4.960938388073447,0.0049637400027131,4.248347012311862,717.5484611499667,600
863,1607.7820310350191,1647.527053120206,276.4835766578594,-14.863095142634528,53744.38175653014,252.6909891352313,212.68816090536592,-4.880454552502304,0.0051046564857132,4.248347012311862,717.5484611499667,600
910,1306.518429943098,1754.1169614967223,276.4689117420962,-14.907016325735295,53257.41078994825,253.4061716658462,210.1661946109824,-4.870571995456107,0.0051659116824645,4.248347012311862,717.5484611499667,600
94,2583.1487159207827,168.07188265975324,276.7002886515829,-14.716341581539012,52104.9193332626,248.97735880280703,209.27573327874487,-4.846818693730901,0.0051878924660314,4.248347012311862,717.5484611499667,600
978,2894.626509035862,1945.39174848526,276.43370854272274,-14.678696243879443,51357.31996142742,260.50103172268985,197.1482401501528,-4.831127754939958,0.0055070235431627,4.248347012311862,717.5484611499667,600
684,2340.2513458359244,1255.0140705365852,276.5390915723285,-14.75581078294117,51353.68501195795,255.70118988775363,200.83475182302013,-4.83105090638329,0.0054059369214982,4.248347012311862,717.5484611499667,600
959,2530.545278218094,1888.07578503254,276.44379220096346,-14.730954703823746,50594.210800633766,247.79471831363608,204.1779225358476,-4.814873938809485,0.005317421132098,4.248347012311862,717.5484611499667,600
39,2015.4277295979816,65.33580225467507,276.71812409944846,-14.797817108913383,50354.46679092007,251.2345570249313,200.42810745148856,-4.809716877878907,0.0054169049132132,4.248347012311862,717.5484611499667,600
606,1203.3698401911113,1102.466764184184,276.5667055997151,-14.919252640968462,50141.32233421895,246.99196685012475,203.00790739742888,-4.805111331666485,0.0053480675404161,4.248347012311862,717.5484611499667,600
306,2936.024491370036,535.1494747180338,276.64395621408613,-14.666959704878916,49521.0582806273,246.59858322104597,200.81647523594097,-4.791596666843953,0.005406428923346,4.248347012311862,717.5484611499667,600
800,1984.836273741905,1468.341510181462,276.5087505962248,-14.807953397067038,49101.92318127921,243.05027172882333,202.02373291753952,-4.782368130349347,0.0053741210714245,4.248347012311862,717.5484611499667,600
704,481.8188096657584,1297.0813604140724,276.54065368569246,-15.02425928310342,49030.29325760499,246.17871179936333,199.1654473257821,-4.78078310112833,0.0054512467628186,4.248347012311862,717.5484611499667,600
650,1661.514453767273,1202.5232234025798,276.5498167583951,-14.853524853288397,48980.14216999902,244.3836048242019,200.4231920763794,-4.779671977480394,0.0054170377627068,4.248347012311862,717.5484611499667,600
603,153.7575242716684,1102.6579670482968,276.5710962648976,-15.070873357388454,48419.45203108736,243.92393298194216,198.50226027091767,-4.767171549464117,0.0054694591311868,4.248347012311862,717.5484611499667,600
423,1720.33479374469,743.857847629389,276.6180720520168,-14.84316568862998,47572.41506901203,246.6400384976366,192.88196417252783,-4.748009872651704,0.005628831107448,4.248347012311862,717.5484611499667,600
671,2369.166022455555,1231.811180674658,276.54243187012537,-14.751545527905355,47459.908976601495,247.99793331008556,191.37219549833807,-4.745439126411827,0.005673237939152,4.248347012311862,717.5484611499667,600
26,2276.7725833401364,46.45398685863566,276.71979378142044,-14.760035459084014,46192.53696224408,238.5922880697657,193.60448460403347,-4.716051411528167,0.0056078246442509,4.248347012311862,717.5484611499667,600
426,1019.357352281823,753.1450809716729,276.6196867498598,-14.944401653044164,46115.18274880067,240.0174577629025,192.1326189295565,-4.71423170912302,0.0056507843699255,4.248347012311862,717.5484611499667,600
747,906.8322567526576,1367.3392110801865,276.52837376604026,-14.963152391211736,45585.475329369365,241.600223951672,188.6814282857948,-4.701688093139463,0.0057541434250513,4.248347012311862,717.5484611499667,600
616,613.9652023149072,1119.0121647113244,276.56671989147395,-15.004443914146531,44149.28296916897,239.6670692683332,184.21088514141704,-4.66693101046914,0.0058937885194271,4.248347012311862,717.5484611499667,600
392,234.6638918577672,682.24500721437,276.63362351364896,-15.057472996646364,44103.582829046005,234.59425518839308,187.9994153890436,-4.665806552907784,0.0057750179581849,4.248347012311862,717.5484611499667,600
179,1668.5588061241815,342.1604023073042,276.6782952931083,-14.849001626033724,43884.29899916815,236.27738584962665,185.73211668719455,-4.660394787533004,0.0058455156779831,4.248347012311862,717.5484611499667,600
534,1037.998205588635,955.6780037879756,276.5893408239882,-14.942534071162278,43690.52271946921,243.5216416136662,179.41125244540626,-4.655589975790953,0.0060514599012142,4.248347012311862,717.5484611499667,600
154,1059.811734191224,289.0842594008056,276.6888635225864,-14.936671512139736,43398.11404947913,234.49031254647383,185.0742300532267,-4.648299016042158,0.0058662948357951,4.248347012311862,717.5484611499667,600
360,650.2386922313995,628.3984496438853,276.6399067623154,-14.9972086524474,43372.22076564282,261.318023633944,165.97485379117558,-4.647651023231814,0.0065413523506759,4.248347012311862,717.5484611499667,600
675,1288.6435035142654,1245.8018187193134,276.5449293321221,-14.90752484014693,42933.83792289061,235.77859590218645,182.09387395241703,-4.636621155234405,0.0059623093102171,4.248347012311862,717.5484611499667,600
36,1860.31361362418,63.51752670469858,276.7190764328845,-14.820192528591155,39253.99723823945,230.2148615498694,170.51026581850888,-4.539331592993739,0.0063673585563207,4.248347012311862,717.5484611499667,600
949,491.2659743507852,1865.5860228270587,276.45562530598085,-15.025207482658404,39006.99938203179,227.01629411180724,171.8246680690706,-4.532478232648672,0.0063186503556262,4.248347012311862,717.5484611499667,600
84,1632.228134570981,152.7127098858686,276.70675191101844,-14.85347392379007,38558.06672659598,224.0421798058761,172.10181921995695,-4.519910000459436,0.0063084748605266,4.248347012311862,717.5484611499667,600
471,1968.6903179019084,839.7629571100928,276.6026815625688,-14.807717818677505,37509.021002844966,217.1025850440625,172.7709552386594,-4.489961196733697,0.0062840423524906,4.248347012311862,717.5484611499667,600
951,217.4155750787981,1873.10516334647,276.45562524994034,-15.064806000241704,37268.57910267584,223.4723023673877,166.77046196716773,-4.48297896206779,0.0065101456648464,4.248347012311862,717.5484611499667,600
620,2805.431124249887,1127.8530082871166,276.55607822774914,-14.688209709292284,35424.754651996074,214.4108542007643,165.21903606067437,-4.427889001674623,0.0065712766875197,4.248347012311862,717.5484611499667,600
97,1857.3800498558055,172.8090551363441,276.70276660924986,-14.82106104927705,35283.49809952651,216.38074395461172,163.06209810854338,-4.423550963291961,0.0066581996220684,4.248347012311862,717.5484611499667,600
739,2104.4811395959964,1358.1685437309875,276.52469432436976,-14.79024204404658,35046.868393161625,247.38648626930248,141.6684836818853,-4.416244918361734,0.0076636664117752,4.248347012311862,717.5484611499667,600
447,631.4094216549644,789.153326288437,276.61595594867947,-15.000582374282637,34756.26313661353,226.1905205745603,153.65923845228806,-4.407204565462521,0.0070656343929305,4.248347012311862,717.5484611499667,600
73,1168.883501440404,133.88824998844285,276.7115827050643,-14.920289727115309,34669.9394097621,214.92041169256964,161.31524752220977,-4.404504580718011,0.0067302999355378,4.248347012311862,717.5484611499667,600
180,583.7582108125059,343.940952704099,276.6827158582372,-15.005656696044992,34344.815109841,210.00233922021485,163.54491686793062,-4.394274830939802,0.0066385432258756,4.248347012311862,717.5484611499667,600
278,422.8309483475706,480.7072933547863,276.66295776110303,-15.029463536109157,34232.00705630757,214.65950099767653,159.47119459985188,-4.390702781535437,0.0068081260864964,4.248347012311862,717.5484611499667,600
653,2007.9711620528765,1205.6831510638212,276.54787262170805,-14.803543255887863,33573.12325815472,212.95258129537467,157.65539470774158,-4.369601236297623,0.0068865388464038,4.248347012311862,717.5484611499667,600
911,324.04139420519056,1756.5924056827268,276.4726081157576,-15.04892478867152,32565.2344741702,210.8613497749573,154.4390876228649,-4.336507397794392,0.0070299560604193,4.248347012311862,717.5484611499667,600
843,1942.1497065207927,1578.4274050038111,276.492492419252,-14.814561807586085,30252.828454284987,204.0310873405336,148.2755831408778,-4.256536835947101,0.0073221765647582,4.248347012311862,717.5484611499667,600
631,452.56748009735554,1152.2224309521514,276.5624329615288,-15.02789638823081,30110.56982689764,207.11526067023487,145.38073983277908,-4.251419310011068,0.0074679768533906,4.248347012311862,717.5484611499667,600
587,2670.386499479198,1065.0744907248657,276.56602794138314,-14.70742440469764,29164.160960520618,196.929691959929,148.09428009695412,-4.216745590274714,0.0073311406712616,4.248347012311862,717.5484611499667,600
772,2907.618375999596,1416.4864738422168,276.51257063392137,-14.674658255409266,29040.447940800103,198.70683663600855,146.1472007326876,-4.212130151417965,0.0074288114623954,4.248347012311862,717.5484611499667,600
902,678.7908688920598,1733.2269834505933,276.47463730463124,-14.997579122150675,28981.492551259464,207.0906358937064,139.9459344271598,-4.209923743897783,0.0077579960035573,4.248347012311862,717.5484611499667,600
901,1694.135627065475,1728.9887764302343,276.47104852730195,-14.850964906396392,28908.46695245733,199.26006428984465,145.0790807254129,-4.207184526968672,0.0074835048207596,4.248347012311862,717.5484611499667,600
478,585.38254949553,856.7422933412429,276.6060472040876,-15.007506474343163,28170.33488719206,198.89206294179527,141.63629493569064,-4.179101898746635,0.0076654080826737,4.248347012311862,717.5484611499667,600
517,2652.746579855238,926.1394780530557,276.5868393746375,-14.70940026039234,27658.686031032703,194.1643291580348,142.44988330745687,-4.159200735109472,0.0076216278651255,4.248347012311862,717.5484611499667,600
644,601.6989573264918,1187.062719959678,276.55659875585445,-15.00649273491162,27572.12378547457,226.7952900422655,121.57273539647248,-4.155797423036626,0.0089304562939981,4.248347012311862,717.5484611499667,600
61,1864.963852922172,102.0131459350895,276.71330673844943,-14.819678256412548,26558.555405278632,204.6257684219806,129.79086461148628,-4.11513299613304,0.0083649955122027,4.248347012311862,717.5484611499667,600
292,3055.35146869094,518.4642882177277,276.64592309775026,-14.649689903115222,26238.66002236266,251.71327081954945,104.2402728188808,-4.101976004939321,0.0104153603078766,4.248347012311862,717.5484611499667,600
558,1132.3569412289132,1010.9236068990564,276.5806850339678,-14.929133412355638,26012.362572232378,189.7072112389185,137.11847010112987,-4.092571370974886,0.0079179704907679,4.248347012311862,717.5484611499667,600
55,2525.077129499356,92.27810114368772,276.71185818244186,-14.724407325101389,25794.16201483138,185.57433762882056,138.99638465327024,-4.083425432394583,0.0078109945284426,4.248347012311862,717.5484611499667,600
378,2542.204770273491,656.6455781799345,276.6275415946329,-14.724240323546834,25067.537703741866,188.6658123497861,132.86740926473044,-4.0524010661167456,0.0081713040542305,4.248347012311862,717.5484611499667,600
638,1321.106491747854,1174.6407244948746,276.5554238832719,-14.902548148496836,24452.4274487223,186.61586159182664,131.03080970794213,-4.025426821570936,0.0082858375249297,4.248347012311862,717.5484611499667,600
503,1503.4193327607384,900.7131488692914,276.5955717706228,-14.875113438480572,24305.72561487416,189.8767154769882,128.00793164035878,-4.0188933512508855,0.008481505685525,4.248347012311862,717.5484611499667,600
974,319.06968033723416,1932.9524163535773,276.4462605343445,-15.050360635978066,24184.22833670489,188.06934014402557,128.59208373988204,-4.013452460551012,0.008442976958023,4.248347012311862,717.5484611499667,600
823,959.2178788417452,1533.0636088522217,276.50338814343155,-14.95626191752502,23876.59843878268,186.18427357286956,128.24175737612853,-3.999553012628601,0.008466041188251,4.248347012311862,717.5484611499667,600
291,701.0091200844732,517.8361031772264,276.65621727576894,-14.98942493195568,23869.05519730144,185.55383677482135,128.63681836052626,-3.999209945990201,0.0084400408361869,4.248347012311862,717.5484611499667,600
150,2471.77483017094,280.69986791136694,276.6839663050003,-14.732863433264807,23270.0185769425,182.19683905542684,127.71911245871524,-3.971613699023981,0.0085006854424465,4.248347012311862,717.5484611499667,600
867,1467.4651747670712,1654.93588662233,276.48305697702745,-14.88337823627854,23115.211345314456,185.2732231209524,124.7628284105798,-3.9643665455456034,0.0087021111482587,4.248347012311862,717.5484611499667,600
237,665.2943600739576,422.45794291712417,276.67062800523905,-14.994196519068463,23052.95175318565,191.30090857041685,120.50623243485528,-3.961438227427328,0.0090094925221973,4.248347012311862,717.5484611499667,600
553,560.7420145565517,994.192284951494,276.5856034431713,-15.011625174603097,22960.88782213023,189.5550223221869,121.13046407762062,-3.957093566020963,0.0089630631589447,4.248347012311862,717.5484611499667,600
83,2730.238226892547,151.47125499449604,276.7021178322452,-14.695063010595408,22804.365257987112,187.08156671585027,121.89530833159866,-3.9496668452695087,0.0089068235263535,4.248347012311862,717.5484611499667,600
994,1500.5663923089216,1986.912910598274,276.4333303249708,-14.879954837301591,22792.250320305586,193.93301049185092,117.52640905485924,-3.949089888993174,0.0092379237035415,4.248347012311862,717.5484611499667,600
414,330.0353867485965,733.7182093394873,276.6255223373521,-15.043900172787868,22721.387606383825,181.7383375834402,125.02253464243294,-3.945709000110365,0.0086840344671072,4.248347012311862,717.5484611499667,600
101,661.8484394432912,179.03195444947912,276.7070325300881,-14.993705035918772,22567.65234127175,192.6549691266168,117.14025567874052,-3.938337831077208,0.0092683765602966,4.248347012311862,717.5484611499667,600
321,3043.794567496949,562.3878578086806,276.63942013815347,-14.651535307973225,22479.846002974373,198.7955594093568,113.08022206212472,-3.934105203529053,0.0096011484608115,4.248347012311862,717.5484611499667,600
166,2703.039463283014,320.8736630123404,276.6769547662759,-14.699676350913103,21987.690553954337,191.22723217005145,114.98200493955528,-3.910070914661453,0.0094423470922318,4.248347012311862,717.5484611499667,600
1005,1029.5264570346226,2006.1513106340951,276.4324016265874,-14.948036667887369,21576.85855363356,188.26514789808832,114.60888430243894,-3.88959241048102,0.0094730875935845,4.248347012311862,717.5484611499667,600
1002,2761.7903653051194,1997.7615679801445,276.4264525009298,-14.698060842048807,21469.500047482376,187.22939062276944,114.6694970061576,-3.884176702277801,0.0094680802510339,4.248347012311862,717.5484611499667,600
946,1807.3991635910224,1854.668923392052,276.45180604612136,-14.835133244679708,21312.00647829293,179.8270955864967,118.51387806039422,-3.8761827228018864,0.0091609524366988,4.248347012311862,717.5484611499667,600
566,292.7251374792666,1025.7979218552964,276.5820064927316,-15.050478512191264,21062.75668808568,185.4088072506347,113.60170533653854,-3.863409901334903,0.0095570748412946,4.248347012311862,717.5484611499667,600
165,132.85288881334932,320.45142091272544,276.6881615265995,-15.070717819774073,21031.329166901065,179.37678380755588,117.2466621403163,-3.861788675776827,0.0092599651041722,4.248347012311862,717.5484611499667,600
464,610.2868578075108,825.5510235848127,276.61060450017936,-15.00378181506075,20925.322179450304,190.2577338741037,109.98408187336494,-3.856302257511816,0.009871428496808,4.248347012311862,717.5484611499667,600
143,547.8698936445567,266.56624556840814,276.6944378029585,-15.010527278608077,20797.077966454963,181.20731513137665,114.76952766160092,-3.849627673924888,0.0094598280756299,4.248347012311862,717.5484611499667,600
381,472.63152772484233,663.9903655711045,276.6353423362897,-15.02301271291396,20673.39168110618,180.38058944585305,114.6098465728318,-3.8431512063387663,0.0094730080570351,4.248347012311862,717.5484611499667,600
601,2439.41055968642,1102.1994216435191,276.5614789283221,-14.740884835241838,20359.24614068289,177.3257549995185,114.81268550492383,-3.826526106458725,0.0094562721464557,4.248347012311862,717.5484611499667,600
573,1205.1515626019225,1041.3963522850963,276.57582301209214,-14.918746642175613,20235.26881030388,180.3937668349733,112.17277162805402,-3.819894319143304,0.009678819416177,4.248347012311862,717.5484611499667,600
258,1207.8163042937413,453.4074890588378,276.66366920115473,-14.915968020259408,20227.38122320047,177.89865757092252,113.70170803642212,-3.819471023141299,0.0095486692218574,4.248347012311862,717.5484611499667,600
630,1068.164510008745,1147.626205816509,276.56052930420884,-14.938959410790485,20156.92627021804,181.60671249679407,110.99218742024128,-3.815682642177767,0.0097817695572508,4.248347012311862,717.5484611499667,600
934,659.0800232361491,1831.5380927254007,276.46002394996094,-15.000826586945108,20083.419450192712,175.65718477885005,114.33303724796374,-3.811716020960242,0.0094959429586861,4.248347012311862,717.5484611499667,600
787,1840.005493982441,1444.104319295658,276.51298151073723,-14.82875203767749,19717.29977719893,177.65092608737902,110.989006426574,-3.791740472542082,0.0097820499070622,4.248347012311862,717.5484611499667,600
705,855.3879929618471,1299.4477913129822,276.538735944734,-14.970305819589344,19606.37780748558,175.68159174512246,111.60177690062352,-3.785615291723359,0.0097283397285579,4.248347012311862,717.5484611499667,600
559,1265.4042166345205,1011.8783055043102,276.5799777083513,-14.909927006837348,19573.644937910954,172.01625836930268,113.78950526809034,-3.7838011391343103,0.0095413016995026,4.248347012311862,717.5484611499667,600
509,3054.738587122293,917.5324424802508,276.5863840394343,-14.651409640545786,19372.07755504397,188.85697460022587,102.57538857673092,-3.772562371670855,0.0105844103060633,4.248347012311862,717.5484611499667,600
348,1592.833084115954,617.6932534153814,276.6374657011827,-14.86105394887348,19015.255188498704,172.15650123402034,110.4533087754286,-3.752377269303027,0.0098294927697224,4.248347012311862,717.5484611499667,600
702,162.09872416584085,1290.5871854020654,276.5429585141299,-15.070431571354348,18972.40570567659,179.7715061059305,105.5362227120525,-3.7499278816075856,0.0102874631297184,4.248347012311862,717.5484611499667,600
267,848.757897491532,467.8781781622245,276.66305130845507,-14.967879996138263,18877.62834403652,170.04031212647652,111.01854676669426,-3.744490453051407,0.0097794470529469,4.248347012311862,717.5484611499667,600
1013,961.429313876945,2028.7080836897471,276.4293112391073,-14.957962063589214,18621.82723505073,187.6486107422886,99.23775700436936,-3.729677606895491,0.0109403923745696,4.248347012311862,717.5484611499667,600
228,2364.337766911261,416.0681035924032,276.6642285542226,-14.74891171418257,18135.249831714376,166.4140549864397,108.97667167110454,-3.700930731067701,0.0099626826856731,4.248347012311862,717.5484611499667,600
622,227.12880463879435,1129.3053644975605,276.5668042747146,-15.06037832722606,18037.26752948144,176.1078602216716,102.4217062587522,-3.6950487410426502,0.0106002920636486,4.248347012311862,717.5484611499667,600
393,103.21567337380226,683.1781992957472,276.6340410047866,-15.07647403560244,17821.800513933063,169.2889495817832,105.27444678439204,-3.682000819387941,0.0103130439832524,4.248347012311862,717.5484611499667,600
195,2712.1204863249864,358.3636958282235,276.6713196209297,-14.69851995033348,17244.170524284826,173.64269222807573,99.3083573113172,-3.6462276461850553,0.0109326146297686,4.248347012311862,717.5484611499667,600
581,351.6117868600533,1055.32578678708,276.57734398098575,-15.04208942345528,17210.18990630092,170.25495109640963,101.08481307280968,-3.644086030511089,0.0107404858058943,4.248347012311862,717.5484611499667,600
173,2537.499997975823,328.91478674007766,276.6764809648556,-14.723581113128644,17024.21502570022,174.70040251601432,97.44805839322356,-3.632289614142263,0.0111413199801166,4.248347012311862,717.5484611499667,600
726,1224.9500379382034,1336.0617045083975,276.5317121394472,-14.917088487397551,16961.642106037238,164.84355862815232,102.89538910221326,-3.628291612219416,0.0105514932153227,4.248347012311862,717.5484611499667,600
866,2399.401072870899,1653.2257748068337,276.47939781093567,-14.748907020386625,16907.488243911997,162.93801007672874,103.76638474932972,-3.6248196093522234,0.010462925952588,4.248347012311862,717.5484611499667,600
580,2803.9314262056228,1055.288527778205,276.56691328136606,-14.6881292562146,16882.105345013377,162.20935777776845,104.07602604618134,-3.6231883889335834,0.0104317972279057,4.248347012311862,717.5484611499667,600
635,319.49060332420567,1160.037454181579,276.5618222448997,-15.047156497605965,16776.706927866617,167.4788625373131,100.17208544229806,-3.6163886688171374,0.0108383487795648,4.248347012311862,717.5484611499667,600
370,866.24078070606,651.5509457813819,276.6355239687212,-14.966101862611918,16726.237263843534,213.31228271082983,78.41197445961393,-3.613117506580845,0.0138460994954181,4.248347012311862,717.5484611499667,600
633,639.2918275844866,1157.4479618532678,276.56086785217155,-15.000941589851138,16689.890384052414,192.8577464726773,86.53990150412194,-3.610755584858616,0.0125456579118972,4.248347012311862,717.5484611499667,600
476,1547.682226405714,849.9180510311626,276.60297039266175,-14.868517288645624,16635.76341922715,160.54113777931153,103.62305667781902,-3.607228712894621,0.0104773979344733,4.248347012311862,717.5484611499667,600
811,1579.1674325524052,1502.5015579102617,276.505358387906,-14.866633424039668,16367.716920604464,169.65199407421662,96.47818765657526,-3.589592137333639,0.0112533208424754,4.248347012311862,717.5484611499667,600
926,2695.424226518438,1802.78803089017,276.45582680462854,-14.706831249977418,16200.2936832594,165.6331561889932,97.80827737638651,-3.578429093092359,0.011100287512702,4.248347012311862,717.5484611499667,600
520,1920.816973492606,929.336895631508,276.58951083576625,-14.814990871469298,16038.71884377062,158.73884108669554,101.03840203174371,-3.567546059892772,0.0107454193471795,4.248347012311862,717.5484611499667,600
429,677.0739453299677,760.5061790273629,276.62004429655315,-14.993869207863783,15892.714759712457,170.8011698164094,93.0480439729728,-3.5576170960491926,0.0116681657522575,4.248347012311862,717.5484611499667,600
789,2110.0046618741294,1448.4484903308987,276.5111915773537,-14.789813879332714,15875.065286970988,165.62820440678428,95.84759639114178,-3.556410674102568,0.0113273576060206,4.248347012311862,717.5484611499667,600
853,2797.671893654591,1601.398522755444,276.4854468885136,-14.69126533896272,15873.72662539623,163.58058511112986,97.03918478230334,-3.5563191157628045,0.0111882638177108,4.248347012311862,717.5484611499667,600
873,270.99931699162386,1670.3151085378747,276.48572660921803,-15.056238246965924,15814.462998342353,165.66547032362263,95.46022455644656,-3.552257997642701,0.0113733233401102,4.248347012311862,717.5484611499667,600
257,1171.9184933656943,452.3753793627842,276.66397814628914,-14.92114722250194,15563.42690351297,170.13454857736772,91.47716929719064,-3.534884949733752,0.0118685351584588,4.248347012311862,717.5484611499667,600
784,2821.7019464452283,1436.1725064935615,276.50999989837493,-14.687124884985865,15367.575991702732,160.16721853228032,95.94707414242528,-3.5211352974340717,0.011315613422337,4.248347012311862,717.5484611499667,600
852,285.0862846053761,1601.3793991673126,276.4959757224292,-15.0539223366037,15356.088582915254,167.0352044648991,91.93324624056837,-3.520323395834878,0.0118096558578924,4.248347012311862,717.5484611499667,600
33,613.4366547385357,56.42396187071704,276.725571181283,-15.000200826858055,15038.738567293214,177.5009307631274,84.7248434283548,-3.4976503981508555,0.012814423208915,4.248347012311862,717.5484611499667,600
968,1240.1164377820298,1917.5300541567008,276.4447734703922,-14.91726912573415,14977.1110327075,160.65033518748297,93.22800985898247,-3.493191997644264,0.0116456417083475,4.248347012311862,717.5484611499667,600
528,1385.3271023418763,941.649851397665,276.5899599705774,-14.892327546675238,14970.08725938393,160.1738611621342,93.46148710388287,-3.492682703582304,0.0116165495932376,4.248347012311862,717.5484611499667,600
953,2797.955131619201,1873.65871402742,276.44481901676045,-14.692338852030556,14862.835492700862,166.8020926694382,89.1046104688593,-3.4848760512632277,0.0121845546968575,4.248347012311862,717.5484611499667,600
93,133.0140487012891,167.76563571120147,276.71099551319435,-15.07007475719672,14835.562489476695,163.69391153026177,90.62989790389408,-3.482881917077618,0.0119794904894552,4.248347012311862,717.5484611499667,600
103,1034.9920168997255,179.54799699732692,276.7053406168635,-14.939810331413998,14770.93244280736,159.47188289603335,92.62405494037574,-3.4781416536179703,0.0117215770859836,4.248347012311862,717.5484611499667,600
342,2226.472895610888,595.2916129585614,276.63807158586945,-14.769529652723303,14753.13085633848,154.50631856736678,95.4856150423772,-3.476832360308457,0.0113702990708931,4.248347012311862,717.5484611499667,600
899,638.8723715338856,1718.8198489802164,276.4769558730507,-15.003286685443884,14617.518172414158,177.3002507759263,82.44499434401767,-3.4668059800960123,0.0131687800895431,4.248347012311862,717.5484611499667,600
32,200.21024168805383,53.52291861831318,276.7277912707829,-15.059899333477691,14531.77037397871,167.17161160668158,86.92726135923606,-3.460418190724256,0.0124897527314616,4.248347012311862,717.5484611499667,600
937,2314.579791532632,1835.0880392737445,276.4526078152626,-14.761884199785106,14515.130308259975,158.965249315776,91.3100842526057,-3.459174221601739,0.0118902529647925,4.248347012311862,717.5484611499667,600
64,2648.056787374491,108.90419490990412,276.7088337842073,-14.70673984029414,14471.57183554169,157.15025125971798,92.08748773570152,-3.4559111359138632,0.0117898753315547,4.248347012311862,717.5484611499667,600
802,2774.6432979938613,1474.1308582081283,276.50453618986893,-14.694064751720807,14319.456580472004,155.03993769573125,92.35979318163946,-3.4444382163551794,0.011755115105821,4.248347012311862,717.5484611499667,600
443,1404.9015933149658,774.7973583320761,276.6148036110744,-14.88882201776349,14215.647633885384,164.82253913107905,86.24820190750764,-3.4365384990060472,0.0125880885164922,4.248347012311862,717.5484611499667,600
421,385.42607318965344,741.1189839608095,276.6241809296114,-15.035926401243906,14133.439630573732,158.1685931685861,89.3568017988844,-3.4302415445486867,0.0121501662788199,4.248347012311862,717.5484611499667,600
562,1974.0250217162245,1016.9466069847024,276.5762002463128,-14.807670901599424,14078.176885676165,153.3144157895771,91.8255260809809,-3.425987918059809,0.0118235097182293,4.248347012311862,717.5484611499667,600
658,770.7181137691119,1213.8569332050808,276.551883912074,-14.982186695098246,14018.42753856926,161.45629428710686,86.82490577692334,-3.42137012680109,0.0125044765702304,4.248347012311862,717.5484611499667,600
694,1251.406722149745,1277.2775238880067,276.5403836923446,-14.91302916905072,13913.438402265194,155.0539057541735,89.73291149675339,-3.413208048158225,0.0120992396422942,4.248347012311862,717.5484611499667,600
706,804.7975014568685,1300.1033300112238,276.53885012703114,-14.97761536999503,13836.33380335354,163.44717167974494,84.65324704708975,-3.4071744512398943,0.0128252611432147,4.248347012311862,717.5484611499667,600
140,1258.7242351767045,261.6929643626082,276.69209539107896,-14.907837351346943,13703.78783431329,176.874470841969,77.47747749621331,-3.3967234394080617,0.0140131046477741,4.248347012311862,717.5484611499667,600
269,2002.3537693856547,467.543807906981,276.65811927397374,-14.801342750736357,13700.6297458341,156.8921824425086,87.32512692819824,-3.3964731986572887,0.0124328476601322,4.248347012311862,717.5484611499667,600
966,2054.999215119228,1914.5425560966503,276.441832435069,-14.799653390657957,13445.08656017424,157.04264884508933,85.61423701810328,-3.3760308804884693,0.012681302056928,4.248347012311862,717.5484611499667,600
615,1050.484529037329,1115.4629578306556,276.5654102490275,-14.941381500455083,13417.482162877744,159.54754769022355,84.09707549331335,-3.373799440568177,0.0129100803283739,4.248347012311862,717.5484611499667,600
870,2895.247396515411,1657.9662376829378,276.4765920198842,-14.677429904225258,13107.131419843354,155.66634441758112,84.2001620124319,-3.3483910089011903,0.0128942744770455,4.248347012311862,717.5484611499667,600
807,205.4396931853381,1493.7981609768035,276.5123914305136,-15.064994201272084,13059.563051802746,162.3467240722729,80.44241808038541,-3.34444349032316,0.013496610692571,4.248347012311862,717.5484611499667,600
740,2028.2048285672963,1358.999423406157,276.5248937764044,-14.801249851833209,13046.94546282728,159.4951552980981,81.80151577922479,-3.343393991557255,0.0132723701958067,4.248347012311862,717.5484611499667,600
954,2896.279325834849,1877.5339399195557,276.4438263859515,-14.678180090393026,12945.607074084692,167.79542638979547,77.15113190279412,-3.334927926909251,0.0140723794093898,4.248347012311862,717.5484611499667,600
909,1250.958753581995,1754.1095443524391,276.4691439545384,-14.915037407611596,12872.766401948116,153.93074773290513,83.62699844922768,-3.3288015948363334,0.0129826493851642,4.248347012311862,717.5484611499667,600
890,929.169160295116,1699.5538592747598,276.4786326612026,-14.961279566095568,12816.592273252492,154.76116933216971,82.81529745839383,-3.3240532954898394,0.013109896762074,4.248347012311862,717.5484611499667,600
943,929.1684062497504,1852.9571919750024,276.4557079137824,-14.961904663202802,12809.133240487545,157.02906013898374,81.57173728958448,-3.3234212320464254,0.0133097569829327,4.248347012311862,717.5484611499667,600
665,2472.8291079635183,1222.7544477502202,276.5433408757083,-14.736557715507702,12669.88244966889,154.8825517614379,81.80316185120726,-3.31155333790755,0.0132721031245074,4.248347012311862,717.5484611499667,600
625,2051.927653643799,1142.0915450486398,276.5571806661854,-14.796941792621338,12562.172490072728,155.57184714612822,80.74836624053908,-3.3022837549606017,0.0134454732714447,4.248347012311862,717.5484611499667,600
988,1534.1972079837783,1967.5056865530028,276.43608979859084,-14.875021493475142,12532.145994700431,164.48575205808356,76.18985740646433,-3.299685488049632,0.0142499282313643,4.248347012311862,717.5484611499667,600
91,554.7740098993559,163.270752130794,276.7098511307001,-15.009110136546918,12480.676449948223,149.49950070922864,83.48306442991209,-3.2952171856677785,0.0130050329059434,4.248347012311862,717.5484611499667,600
473,1661.8278268768177,847.0679410176953,276.6029074163636,-14.852030388067476,12448.62006450456,154.0686605130147,80.79917111665279,-3.2924249049122305,0.0134370190312043,4.248347012311862,717.5484611499667,600
208,379.53578355764455,382.74912391586514,276.6777896335031,-15.035321538873838,12398.67979609099,148.52857430139417,83.47673068571702,-3.2880604845680605,0.0130060196545977,4.248347012311862,717.5484611499667,600
373,1612.2874793366957,652.9802676431893,276.63211092952884,-14.858389709457386,12351.916926354928,165.42324994363983,74.66856642317968,-3.283957779352991,0.014540255049854,4.248347012311862,717.5484611499667,600
376,686.3078437742203,655.6630024152174,276.6356772837727,-14.992108991441018,12295.709898501284,166.35789174844103,73.91119092260624,-3.279005894019634,0.0146892505241439,4.248347012311862,717.5484611499667,600
366,2610.463173005473,644.6474213845037,276.6290356709896,-14.714347796793326,12199.14175905101,151.87728883786863,80.32235663670414,-3.27044506908448,0.0135167846843761,4.248347012311862,717.5484611499667,600
851,1331.663016139247,1600.392005378082,276.49177277221173,-14.902759505502042,12178.993214124695,151.31407107395867,80.48817355638987,-3.2686503452711158,0.0134889382132563,4.248347012311862,717.5484611499667,600
144,919.506188000894,267.1292967902274,276.69275111825533,-14.956845258452883,12153.488363848825,148.83670271382505,81.65652787415533,-3.266374247833693,0.0132959363845744,4.248347012311862,717.5484611499667,600
125,2484.2577441309004,226.8808654782914,276.69194534101416,-14.730843510030134,12139.15731899353,151.88111795911166,79.92538823859293,-3.2650932234232943,0.0135839190015439,4.248347012311862,717.5484611499667,600
127,2601.073317897902,231.5149595724806,276.6907401015663,-14.714015501073748,12095.989262830117,149.56723549739198,80.87325558037098,-3.261225355665593,0.0134247099638649,4.248347012311862,717.5484611499667,600
438,3013.1881609055304,768.5077584273218,276.6087995048774,-14.656789703514873,12047.990478869411,163.90582508863994,73.50556621373208,-3.256908413161183,0.0147703100040493,4.248347012311862,717.5484611499667,600
888,585.7800314034249,1697.1818206024268,276.4804098786036,-15.010868108635108,11985.219661244191,154.28338326112797,77.68315296119056,-3.251236869170752,0.0139760032724521,4.248347012311862,717.5484611499667,600
624,2463.3387882107904,1140.847517183458,276.5556074127418,-14.737591745059513,11931.323059549964,150.09869201885417,79.48985363610795,-3.246343386737735,0.0136583469504191,4.248347012311862,717.5484611499667,600
750,1068.572981548814,1374.1258424869077,276.5266815297714,-14.93982291261949,11833.372441398562,148.6626139706721,79.59884550215853,-3.237393208130638,0.0136396450620701,4.248347012311862,717.5484611499667,600
190,2464.770544098554,355.4157019531636,276.672843746432,-14.734178475286834,11833.36392974842,149.53044962315056,79.1368176820914,-3.23739242716899,0.0137192779770533,4.248347012311862,717.5484611499667,600
896,1190.018849033505,1712.405226428909,276.4756283484814,-14.923665709232504,11809.861723873066,155.26779450355266,76.06124477798804,-3.2352339057735624,0.0142740235604742,4.248347012311862,717.5484611499667,600
234,2869.231606347584,421.09721463480514,276.661268092581,-14.676123224866636,11665.388844713629,149.73425360514526,77.907282828388,-3.221869923528173,0.0139357959947281,4.248347012311862,717.5484611499667,600
923,259.9388268364647,1788.112985390194,276.4681589532983,-15.0583155897587,11656.309444877144,150.6420149624392,77.37754601718191,-3.2210245448172774,0.0140312022787452,4.248347012311862,717.5484611499667,600
48,407.5292792669409,84.25788290842586,276.7223003945385,-15.030064262683313,11595.55373509397,159.51991330400722,72.69032119517009,-3.215350606056244,0.0149359637177134,4.248347012311862,717.5484611499667,600
806,2332.710607069144,1491.888924023283,276.5037631349137,-14.757866251949478,11504.699567537522,145.96342051894345,78.81905977973719,-3.2068100791265914,0.0137745870482853,4.248347012311862,717.5484611499667,600
284,3082.359535853981,492.6042743726359,276.64966301187945,-14.64569112467611,11492.784075683972,299.92271698413714,38.31915165096289,-3.205684992376993,0.0283330907189517,4.248347012311862,717.5484611499667,600
936,2945.6262866167326,1834.189906522578,276.45008523070726,-14.670889103267172,11484.600490609591,162.23089167815826,70.79169923687108,-3.204911604531215,0.0153365438561831,4.248347012311862,717.5484611499667,600
280,2441.889055168912,483.9137502397009,276.6537620111582,-14.738002964602517,11458.779446536268,150.76042593123367,76.00654731343728,-3.2024677750424475,0.014284295739981,4.248347012311862,717.5484611499667,600
741,2312.0799811077554,1358.6092715934894,276.52374672809293,-14.76029734569804,11431.633959367871,145.21444832483922,78.72242804514698,-3.19989264880876,0.013791495345867,4.248347012311862,717.5484611499667,600
411,2631.0695536058874,729.8432177945404,276.61623035103844,-14.711724206231388,11406.424518125772,148.5510411603043,76.78454778258255,-3.1974957012572065,0.0141395636407755,4.248347012311862,717.5484611499667,600
1018,2405.077263287024,2042.2142153843304,276.4213114663993,-14.749679230037344,11327.345231189393,148.8643436492053,76.09172857324363,-3.1899422165409197,0.014268305114858,4.248347012311862,717.5484611499667,600
448,2966.240029398464,792.6997646667205,276.60539408394345,-14.66365635233034,11294.671350840828,155.03322357007875,72.85323165415164,-3.1868058701958213,0.0149025647229216,4.248347012311862,717.5484611499667,600
458,809.1123821895297,808.9615740378874,276.6122401297178,-14.974993593034092,11147.14451424696,142.9267201817164,77.99202626405007,-3.172530952696682,0.0139206538412561,4.248347012311862,717.5484611499667,600
809,1530.5336548592684,1500.1177498781717,276.5059188067998,-14.87364330223781,11049.022735914506,148.00209612579647,74.6545016938357,-3.162931542132468,0.0145429943990858,4.248347012311862,717.5484611499667,600
969,1831.8089545834264,1917.722820267798,276.4422882231276,-14.831868481578317,11024.049573784288,147.43199770989327,74.77379229084765,-3.16047476788186,0.0145197931887278,4.248347012311862,717.5484611499667,600
585,500.0300384935355,1061.8500167271532,276.5757445337072,-15.020671549055354,10946.618246351483,151.17397933670807,72.4107303014774,-3.1528218058201536,0.0149936341683029,4.248347012311862,717.5484611499667,600
840,1906.918020154016,1567.969962446337,276.49420229448,-14.819602579931471,10874.74336471822,163.74863699715507,66.4111992877666,-3.1456694159002545,0.0163481462711665,4.248347012311862,717.5484611499667,600
918,915.784527601881,1771.3469709345338,276.4679592227651,-14.963504992108293,10693.873430975014,147.11812027563386,72.68902981454261,-3.127459473125713,0.0149362290674402,4.248347012311862,717.5484611499667,600
957,602.1431364575501,1886.6640742015104,276.4520184571634,-15.009275680106173,10576.25795619475,148.42449684173118,71.25682202899756,-3.11545196095346,0.0152364358820013,4.248347012311862,717.5484611499667,600
459,226.411052393705,816.9117141429542,276.6135208677233,-15.05921270553824,10341.69870483171,145.42060037482915,71.11577505645998,-3.0911015762407894,0.0152666549600007,4.248347012311862,717.5484611499667,600
655,643.5673648002244,1211.4132869523337,276.55278302362376,-15.000543502044112,10301.260694874218,183.33111650652612,56.18937412900945,-3.086847819134611,0.0193221586257084,4.248347012311862,717.5484611499667,600
681,836.3676541692711,1251.388043178651,276.54599865258825,-14.972857292394645,10214.27646165184,149.7847814256935,68.19301910667757,-3.077640894990901,0.0159209844969847,4.248347012311862,717.5484611499667,600
254,1524.5976043854553,440.6034535026699,276.6642141630135,-14.870182047783487,10200.83714138012,138.9678479545961,73.40429668820202,-3.0762114090739594,0.0147906873164619,4.248347012311862,717.5484611499667,600
712,2763.6667550796565,1309.9565791910868,276.52908240870573,-14.694975814125495,10159.958128391709,151.48479397853336,67.06916160727958,-3.071851669342261,0.016187767581728,4.248347012311862,717.5484611499667,600
831,1875.957366633541,1547.5085654528318,276.4973881318577,-14.823986399283289,10158.010041491012,159.73371765523223,63.59339900556229,-3.071643468554968,0.017072526661219,4.248347012311862,717.5484611499667,600
161,363.6967418968815,299.52420502070106,276.69030166511624,-15.037272245749868,10152.45243157132,143.33651157525935,70.82949291842323,-3.0710492823358866,0.015328360479023,4.248347012311862,717.5484611499667,600
412,767.0872154626666,730.9448387133453,276.6240800905708,-14.980746471278271,10151.14916995092,144.6263628821268,70.18878832086995,-3.070909898363008,0.0154682824133776,4.248347012311862,717.5484611499667,600
77,2278.862185491456,140.26435411415972,276.7057786557877,-14.760116466419335,10129.627831524003,144.58846663475146,70.05833914203345,-3.0686055975885247,0.0154970844769656,4.248347012311862,717.5484611499667,600
318,987.8066401906542,556.6968352035433,276.6491800484464,-14.948158736895216,10073.586966433504,139.71998616571116,72.09839653495239,-3.0625822242948644,0.015058587322031,4.248347012311862,717.5484611499667,600
868,1669.5799656818465,1655.9182748294852,276.4820645693809,-14.85421049080366,9951.27897524112,143.2213739466889,69.48180080261811,-3.049319127712695,0.0156256744565994,4.248347012311862,717.5484611499667,600
687,1479.1492482927451,1259.7941621650398,276.54203432517744,-14.880080341061328,9850.233656825556,148.8109353501654,66.19294229719797,-3.038238205276402,0.0164020507673664,4.248347012311862,717.5484611499667,600
299,272.43037869713805,527.0394433282773,276.65667168240225,-15.05138484422687,9815.96475726983,139.95602775781427,70.13606283722045,-3.034454350174366,0.0154799108487143,4.248347012311862,717.5484611499667,600
122,676.7907365771849,218.0701446393256,276.7011321955171,-14.991705064074848,9749.900317332242,146.47459869306348,66.56376193774793,-3.0271223128118856,0.0163106766864434,4.248347012311862,717.5484611499667,600
878,130.35011435198498,1680.445976886576,276.4847913808258,-15.076604522145942,9727.07180805417,143.00275338102648,68.02017148674531,-3.0245771789775064,0.0159614416763351,4.248347012311862,717.5484611499667,600
639,256.71088320835423,1176.6735058142003,276.5595974934316,-15.056295969115132,9684.207734767171,155.49768577841076,62.278790107316986,-3.0197821162107523,0.0174329012835534,4.248347012311862,717.5484611499667,600
828,195.1145597336972,1543.8673218947188,276.5049472851532,-15.066689850223272,9659.35244862485,148.01467896581656,65.25942234996599,-3.016991906069438,0.0166366780597249,4.248347012311862,717.5484611499667,600
283,1354.223889249443,490.56530758480966,276.65748599804306,-14.894980754732185,9614.393947064877,146.7310778500954,65.52391005324183,-3.011926657166945,0.0165695239969319,4.248347012311862,717.5484611499667,600
749,3032.885314315078,1372.926509823762,276.5185341963464,-14.656422691048078,9577.325436019164,162.26799468384942,59.02165399084949,-3.007732486364005,0.0183949436620045,4.248347012311862,717.5484611499667,600
922,2980.039673885675,1786.9921907910891,276.45698162932376,-14.665735218842192,9562.599670858355,163.69849000698648,58.41593083998657,-3.006061811119116,0.0185856834666207,4.248347012311862,717.5484611499667,600
467,382.9340846819832,828.9772943451565,276.6110551062937,-15.036643525122642,9473.500529861893,141.15387988409054,67.11470161246096,-2.995898083400776,0.0161767835349866,4.248347012311862,717.5484611499667,600
497,2976.770790964508,882.3833522649891,276.5919666217568,-14.66250491986028,9448.62836852175,139.8647325806726,67.55547445151602,-2.993043793404629,0.0160712363996377,4.248347012311862,717.5484611499667,600
752,2577.090541196074,1379.311726170705,276.51952845220376,-14.722161994138544,9405.406359307584,137.42122711339695,68.44216542722654,-2.9880657838559044,0.0158630281964764,4.248347012311862,717.5484611499667,600
960,2325.517507742389,1889.9245131546145,276.444376243376,-14.76053085379536,9366.564046886691,139.9645999784129,66.92095035695684,-2.983572641778016,0.0162236189744596,4.248347012311862,717.5484611499667,600
565,2304.0860695285423,1023.2399383509904,276.5738464236466,-14.760080624942338,9290.184619160367,139.7477065053494,66.4782618010604,-2.9746827355282024,0.0163316544474194,4.248347012311862,717.5484611499667,600
829,2647.6855220450784,1544.9111592124978,276.49451323314133,-14.71265954144211,9246.26609849243,141.4969429250108,65.34604852482698,-2.969537843671444,0.0166146236001938,4.248347012311862,717.5484611499667,600
845,343.56361976301577,1579.8737747744135,276.49894929215856,-15.045385170461165,9193.580477722511,150.44469368498685,61.109370178072005,-2.9633335792964672,0.0177665061321411,4.248347012311862,717.5484611499667,600
821,74.23636900422645,1522.306683524124,276.508671274759,-15.084071391961274,9183.386436543196,142.99510979182247,64.22168177578034,-2.962129023531844,0.0169055055859568,4.248347012311862,717.5484611499667,600
131,2916.144457097115,238.01085569129964,276.6883828193221,-14.668612091966622,9048.451407241286,193.64932349570756,46.725964459369024,-2.946057520165016,0.0232354754484325,4.248347012311862,717.5484611499667,600
437,729.5714522585565,766.8089437035949,276.6188789542784,-14.986311398438954,9003.268489862501,145.7988048887317,61.7513188584328,-2.9406223780334884,0.0175818107219541,4.248347012311862,717.5484611499667,600
742,2392.774683125894,1362.3589725462266,276.52284372931547,-14.748673847025476,8996.57233722147,144.98842098430327,62.050281506241504,-2.939814564702228,0.0174971003135705,4.248347012311862,717.5484611499667,600
763,1239.1714250735126,1404.633889382406,276.52140698313747,-14.915314645805683,8987.511900071288,141.00266974290113,63.74001227394327,-2.9387205701070767,0.0170332568392653,4.248347012311862,717.5484611499667,600
441,1688.6569963168815,771.0552208731418,276.61414592240953,-14.847848393831592,8978.117921690806,144.73131860955078,62.033000237575,-2.937585137231621,0.0175019746883427,4.248347012311862,717.5484611499667,600
85,197.9645782514007,155.59476830013438,276.7125364125245,-15.060638200971068,8966.348097702197,151.60442364975788,59.14305059077026,-2.936160862377548,0.0183571863330538,4.248347012311862,717.5484611499667,600
151,2710.8101778290998,281.78284329098005,276.68275482643475,-14.698396283435205,8916.260161712475,147.78414655633688,60.332994908310425,-2.9300787040088254,0.0179951285635656,4.248347012311862,717.5484611499667,600
236,39.318275997893736,422.8642795686783,276.67324439403734,-15.084652667455616,8911.395380860602,148.228733209011,60.1192170231599,-2.929486156231853,0.0180591174296523,4.248347012311862,717.5484611499667,600
887,2049.040274517403,1693.685316877149,276.4748330236592,-14.799610694964665,8884.743436368415,138.27808253068886,64.25272374164265,-2.9262341021774696,0.0168973381481157,4.248347012311862,717.5484611499667,600
793,469.5596979469802,1459.4850352322117,276.5164254521952,-15.026691032178288,8801.322972542315,150.57248174920767,58.45240026794357,-2.9159917693282864,0.0185740875485556,4.248347012311862,717.5484611499667,600
217,869.3230515849377,399.8701919257881,276.67312774876314,-14.9646330919891,8736.24155544804,136.5796357223045,63.96445201545771,-2.907933458260948,0.0169734902088683,4.248347012311862,717.5484611499667,600
518,802.5250021069821,925.9091010242896,276.59478832178814,-14.976420835919244,8697.383766854531,145.16045262004985,59.91565615753137,-2.9030934577448875,0.0181204725046398,4.248347012311862,717.5484611499667,600
162,866.8848385637634,301.1091044572369,276.68789957376936,-14.964583686807924,8576.823435503291,138.60527629245647,61.87948731047031,-2.887938048245191,0.0175453942362624,4.248347012311862,717.5484611499667,600
160,1444.9881488503377,297.41954473277065,276.68594957991974,-14.881091134785423,8539.764170390088,139.7469865074084,61.10875363983158,-2.8832365680607035,0.0177666853819176,4.248347012311862,717.5484611499667,600
825,291.8791197452056,1536.4346045979858,276.5056581495999,-15.052676673092208,8531.137798160082,143.1942747751531,59.577366564102284,-2.882139266294188,0.0182233633779673,4.248347012311862,717.5484611499667,600
362,1280.7065303390068,628.8078388549459,276.63714760883283,-14.906157694957232,8469.862157769792,141.203551762845,59.98335064542246,-2.8743127302669857,0.0181000225615581,4.248347012311862,717.5484611499667,600
838,713.1441663549285,1565.3318912598647,276.49959020905806,-14.991933412869558,8427.477808656287,148.0461909894736,56.92465136948711,-2.868865918052543,0.0190725805759077,4.248347012311862,717.5484611499667,600
515,1555.849294114146,922.8024010837828,276.5920481640452,-14.86763545913533,8409.236695578904,135.83403696602426,61.90817031877128,-2.866513315990286,0.0175372651850252,4.248347012311862,717.5484611499667,600
546,3014.9801998023486,982.5393576692668,276.5768571461211,-14.657406513318454,8367.214013396646,135.89317336449446,61.57199663704956,-2.861074067405301,0.0176330159699044,4.248347012311862,717.5484611499667,600
496,1292.0303841191917,882.8457500192239,276.59914311882767,-14.905557236537344,8347.172961174743,141.00606291535016,59.19726278852124,-2.8584704054894363,0.0183403750250851,4.248347012311862,717.5484611499667,600
660,1974.242019556584,1218.0939930211348,276.54616293869,-14.80846040845755,8315.001875461952,139.3007754860317,59.69099487386367,-2.854277752819298,0.0181886732210487,4.248347012311862,717.5484611499667,600
536,1243.91593296044,963.1154401214444,276.5873547830296,-14.912830870001889,8285.332666749367,138.183331874714,59.958987486720815,-2.8503967505077616,0.0181073771507641,4.248347012311862,717.5484611499667,600
81,2344.211253811884,147.81814446946814,276.7043636360549,-14.750720708485822,8229.931043612654,135.89318385710797,60.56176483631768,-2.8431123650168946,0.0179271526008919,4.248347012311862,717.5484611499667,600
545,1517.3426450527345,982.7878252122722,276.58325187014015,-14.87343811985362,8210.356982529163,134.55358781837884,61.01923490595841,-2.8405269751744697,0.0177927501331876,4.248347012311862,717.5484611499667,600
264,86.31740226667064,456.2403713823157,276.66805236570406,-15.077994973426362,8153.034654431685,140.03624046851377,58.22089072910267,-2.832920094776905,0.018647945546757,4.248347012311862,717.5484611499667,600
514,1237.0352083306532,922.7520608453656,276.5934149193833,-14.913659937035268,8090.273746081802,138.96588952915468,58.21769481340588,-2.824529916143698,0.018648969243454,4.248347012311862,717.5484611499667,600
177,483.4534163304669,337.7969288424888,276.6840651743995,-15.0201236692345,8073.212293294375,133.25578595291083,60.5843283694056,-2.822237806158037,0.0179204759584042,4.248347012311862,717.5484611499667,600
967,814.4482531795143,1917.8651910091896,276.44648097385,-14.978737065650602,8025.872449318471,136.9313665571548,58.6123738564202,-2.8158525076770657,0.0185233923925276,4.248347012311862,717.5484611499667,600
955,1152.818772254646,1883.4074058653132,276.4502329410716,-14.929733892643489,8018.787824889936,139.39511444612424,57.52560164502158,-2.814893679804413,0.0188733358531324,4.248347012311862,717.5484611499667,600
255,149.1982531755761,446.9673557181701,276.66917111393803,-15.068869073821226,7998.285305443045,136.73530808424258,58.49465962745558,-2.812114103332604,0.018560668733089,4.248347012311862,717.5484611499667,600
600,1300.1714257012754,1101.91967047855,276.56637731544595,-14.905274272030814,7995.209505916166,133.96816692509086,59.67992015884443,-2.811696495175604,0.0181920484663902,4.248347012311862,717.5484611499667,600
905,1923.4185452922893,1739.8078756517264,276.46847319501103,-14.817923457659736,7986.325040827913,148.92114936987906,53.62787672953077,-2.8104893286958488,0.0202450677932984,4.248347012311862,717.5484611499667,600
602,43.870125369202015,1102.9237630416014,276.57151636036923,-15.086756210828124,7971.466582959343,151.166468432304,52.7330344197937,-2.8084674486391115,0.0205886122796771,4.248347012311862,717.5484611499667,600
115,2161.709697150316,205.04425211289757,276.6966207256406,-14.77728110383472,7951.863177951949,134.95259295770754,58.923381934898906,-2.80579412118491,0.0184256226365202,4.248347012311862,717.5484611499667,600
754,2827.11157217114,1382.0807479621965,276.5180484351965,-14.686123697673418,7897.765220248722,136.97468472076216,57.65857564373431,-2.798382421945224,0.018829809579557,4.248347012311862,717.5484611499667,600
874,36.47703369995159,1671.2200017094108,276.4865574258887,-15.090133932709897,7889.928535018174,145.3747144654485,54.27304579087163,-2.7973045477843983,0.0200044052103412,4.248347012311862,717.5484611499667,600
456,1185.7549877968872,806.7022623604117,276.6109734823369,-14.920591568404316,7836.539943554555,141.8888006604929,55.23015140783087,-2.7899327529741287,0.0196577407869655,4.248347012311862,717.5484611499667,600
796,1067.8106818897509,1463.3169635386353,276.5133569798231,-14.940296321496042,7833.671961030632,136.85900025136112,57.23899741078755,-2.789535327270562,0.0189678374729076,4.248347012311862,717.5484611499667,600
889,1909.883278352278,1697.8079825320658,276.4748015528052,-14.819704890680352,7821.140171349572,134.4852988014138,58.15609766312503,-2.78779704762103,0.0186687216582004,4.248347012311862,717.5484611499667,600
798,2267.857441894585,1464.6433304970612,276.5081052312415,-14.7671092430214,7787.121287960152,132.84142407455894,58.61967637135184,-2.78306422174877,0.0185210848507958,4.248347012311862,717.5484611499667,600
920,2087.446181178498,1777.2575775981293,276.4621939675309,-14.794411449728983,7773.720494891866,135.25816028424728,57.47320885154184,-2.7811941776976,0.0188905408571227,4.248347012311862,717.5484611499667,600
334,3071.949608421593,585.0414640707216,276.63591688985946,-14.647569436620572,7753.074882897956,217.78829811951508,35.59913434211843,-2.7783068205738166,0.0304979326060598,4.248347012311862,717.5484611499667,600
751,621.3136356983546,1376.565386276759,276.52818884901694,-15.004430176327528,7445.132027918124,134.92872511923824,55.17825816066049,-2.734302883286861,0.0196762282136345,4.248347012311862,717.5484611499667,600
112,2657.090964710569,197.92330118758443,276.69550735357745,-14.705800304103905,7432.522706457763,127.48429545226986,58.30147690027044,-2.73246248567724,0.018622169758361,4.248347012311862,717.5484611499667,600
168,1557.8466971735195,322.0948968031866,276.681773434769,-14.86490001218526,7404.454687841237,138.6031229590709,53.42199028248268,-2.7283545734587875,0.0203230915632135,4.248347012311862,717.5484611499667,600
307,2573.4151039684307,536.4315079673994,276.6453491303327,-14.71924860399028,7382.11668173736,128.064593575714,57.64369741565552,-2.7250741374722254,0.0188346696807331,4.248347012311862,717.5484611499667,600
933,2659.2771067077506,1825.323062099816,276.4526161659321,-14.712135352529238,7351.5502484744065,134.69391022050488,54.57967800058162,-2.720569199086805,0.0198920191502124,4.248347012311862,717.5484611499667,600
137,708.4687133315773,256.16791021230813,276.69530042448935,-14.987283708697287,7323.539361891802,129.57569776615708,56.51938973238995,-2.7164244243111413,0.019209336922083,4.248347012311862,717.5484611499667,600
346,2653.702724440975,613.4457397107045,276.6335044086332,-14.707985123785278,7306.298955334816,130.43582857416152,56.01450947337445,-2.7138654702280203,0.0193824780437659,4.248347012311862,717.5484611499667,600
596,1598.297982538761,1092.500569147422,276.5665188518445,-14.862200236502137,7297.813732423354,133.77391633803944,54.55333843992557,-2.712603809906156,0.019901623457849,4.248347012311862,717.5484611499667,600
651,2331.034190093293,1202.6543897904526,276.54694722705267,-14.756926348722184,7292.411636036879,131.63627032018303,55.39819396507754,-2.71179981246975,0.0195981118208368,4.248347012311862,717.5484611499667,600
577,558.6601305162364,1051.621717310918,276.5770268513713,-15.01215949021458,7244.66730144358,139.78227204535557,51.82822682330475,-2.7046679891852223,0.020948044464292,4.248347012311862,717.5484611499667,600
133,1553.6082973073949,249.06133131248257,276.692701904058,-14.86521443938848,7172.871260823507,129.25212366036024,55.49519077668605,-2.6938544644378286,0.0195638574226887,4.248347012311862,717.5484611499667,600
352,2440.3829081206127,618.2110958892727,276.633721148942,-14.738768297434865,7171.216651181167,127.71332050366134,56.15089031355644,-2.69360398220258,0.0193354013433671,4.248347012311862,717.5484611499667,600
47,2163.6500821189293,83.83123131157461,276.71471095768817,-14.776507089876697,7168.750090074143,131.50499670826923,54.51313843212591,-2.6932304757963417,0.0199162996522719,4.248347012311862,717.5484611499667,600
29,2188.676534836503,50.7034818342504,276.7195472597621,-14.772761559963415,7151.423764805368,144.1385229418034,49.6149372065703,-2.6906031574397327,0.0218825229079646,4.248347012311862,717.5484611499667,600
555,67.16676706129086,998.1094452082968,276.5870941509906,-15.08296330319506,7143.5471633039415,136.66131755477107,52.27190320655992,-2.689406665004872,0.0207702404810037,4.248347012311862,717.5484611499667,600
791,216.9881240692121,1453.2561092056346,276.5184058166014,-15.063160520257057,7142.952629862935,139.19923539066494,51.31459673478896,-2.68931629906618,0.0211577225406498,4.248347012311862,717.5484611499667,600
732,1023.747177922202,1342.1098217553674,276.5316538620795,-14.946165507788306,7087.234465992719,144.2165000833959,49.14302081866077,-2.680813875798797,0.0220926589760581,4.248347012311862,717.5484611499667,600
594,642.0535450763815,1079.814206545958,276.5724611951359,-15.000226829156674,7086.196149167488,143.81520657593387,49.272926819640624,-2.6806547981270903,0.0220344126090604,4.248347012311862,717.5484611499667,600
185,959.1694196624084,349.69742930161004,276.6802395451785,-14.95145257915577,7074.495520371129,128.80990988661046,54.92198175279144,-2.678860563849528,0.0197680412350528,4.248347012311862,717.5484611499667,600
813,434.3259947085569,1507.3136998955786,276.509421396086,-15.031976115028158,7050.923967157374,135.94680531524705,51.86531563435409,-2.6752369528828264,0.0209330645484564,4.248347012311862,717.5484611499667,600
507,2348.276070016624,905.9430744752736,276.5911671337116,-14.753227734859196,7024.825531353534,128.2613130330376,54.76963680813151,-2.671210730461856,0.0198230271966822,4.248347012311862,717.5484611499667,600
333,2574.59691280056,585.1293624930231,276.6380753120207,-14.719276984377691,6918.564146347111,128.61013235086577,53.79486063720342,-2.6546618038164915,0.0201822253490355,4.248347012311862,717.5484611499667,600
415,2846.1650022987224,735.0846771906577,276.61451351986244,-14.680731511748451,6887.830378363316,133.32863961804165,51.66054643695078,-2.649827982840764,0.0210160378641183,4.248347012311862,717.5484611499667,600
917,2201.269604911595,1769.3930363517109,276.46289055808035,-14.77795959629862,6873.635743789724,139.08904273284986,49.41895931365352,-2.6475881583920065,0.0219693011564499,4.248347012311862,717.5484611499667,600
864,2192.016853874836,1648.583142882231,276.4809653692348,-14.778800594627198,6858.473688097438,128.51950138545476,53.3652372921021,-2.645190566153906,0.0203447048133088,4.248347012311862,717.5484611499667,600
512,469.2900243128783,920.3465068725824,276.5970293694104,-15.02453751970321,6850.449052686163,137.79284726017184,49.7155635353958,-2.6439194760243807,0.0218382317888646,4.248347012311862,717.5484611499667,600
617,812.136452680104,1121.3618579472718,276.56553441115625,-14.975827885286094,6826.077937796363,132.0954621352018,51.67534014764084,-2.6400499805285795,0.0210100213544422,4.248347012311862,717.5484611499667,600
774,1047.6121938359736,1420.1874528584203,276.5198863909406,-14.943037310374423,6790.557888844982,141.92968266777083,47.84452245088385,-2.634385513753133,0.0226922528302912,4.248347012311862,717.5484611499667,600
229,1446.0648154319335,416.64056155779065,276.6681337282341,-14.881421078517596,6780.803074209485,129.01065404590622,52.560024010084106,-2.632824703857464,0.0206563832579623,4.248347012311862,717.5484611499667,600
109,1636.7481166664377,192.62714817651624,276.7007699376082,-14.852984040720326,6775.363302746438,130.64238489730985,51.86190766551105,-2.63195334288773,0.0209344401097302,4.248347012311862,717.5484611499667,600
903,473.9728461280154,1735.2521315720178,276.4751806361358,-15.027175430299954,6755.073346702207,134.02860878132122,50.40023475677248,-2.6286970464423423,0.0215415663287979,4.248347012311862,717.5484611499667,600
663,1377.967649060938,1221.9923993719938,276.54810917587264,-14.89453231780735,6648.811836893379,133.45392499717457,49.821028771046976,-2.611481980236778,0.0217920028305586,4.248347012311862,717.5484611499667,600
511,278.7595340177338,920.8088968310724,276.5977639924752,-15.052069952737426,6641.589952135633,139.3816874731977,47.65037697949218,-2.610302021550156,0.0227847095620516,4.248347012311862,717.5484611499667,600
894,1761.890918612347,1709.474348040329,276.4736794862015,-14.841107405687051,6635.244559905434,139.18492388472689,47.67214993342778,-2.609264210527352,0.02277430326755,4.248347012311862,717.5484611499667,600
28,1133.971071312167,50.43125250936533,276.7242059236067,-14.924991699677784,6630.798184026848,134.56776582387982,49.27478838212364,-2.608536398692986,0.0220335801664016,4.248347012311862,717.5484611499667,600
395,2222.437545157027,686.0566580037231,276.6245377571698,-14.770482091580185,6622.255363876349,123.09892410039008,53.7962083119081,-2.6071366834682297,0.0201817197543952,4.248347012311862,717.5484611499667,600
921,541.3238739319348,1786.1564935614736,276.467293081749,-15.017652474796524,6613.239570883918,135.67846593754567,48.74199840915114,-2.605657513338398,0.0222744252479431,4.248347012311862,717.5484611499667,600
251,1091.454933740534,439.59181575183936,276.66623509029966,-14.932714215780324,6563.611817125755,133.5099111318137,49.16198176961957,-2.597479094654798,0.0220841382084179,4.248347012311862,717.5484611499667,600
788,850.8861369126989,1445.101900613832,276.51698603275884,-14.971549013153863,6558.394210155704,130.83693358108695,50.12647446442255,-2.596615667968916,0.0216592132520825,4.248347012311862,717.5484611499667,600
135,1495.7968560312852,251.37055906076185,276.69260834411074,-14.873569009902058,6555.583844567998,127.28457321631174,51.5033650890844,-2.596150314786052,0.0210801759869881,4.248347012311862,717.5484611499667,600
919,837.9671031670089,1777.656813284639,276.4673383459577,-14.97476917679484,6532.1851331327925,139.04495108387724,46.97894516998556,-2.5922680862319414,0.0231103528627893,4.248347012311862,717.5484611499667,600
149,819.9165034738612,279.9658647082297,276.69126244719973,-14.971281812724124,6459.240688568039,127.8341654901831,50.52828141678658,-2.580075543584786,0.0214869765912779,4.248347012311862,717.5484611499667,600
364,3045.132997851156,640.957059041521,276.62769140892465,-14.651663491608293,6438.510947906878,156.49984165863657,41.14068665929263,-2.5765854702812225,0.0263899338625834,4.248347012311862,717.5484611499667,600
463,1420.2931156694185,819.5403820772477,276.608053343777,-14.886782337752097,6432.298809791682,138.0702609167539,46.58714169932568,-2.575537401991606,0.0233047137127907,4.248347012311862,717.5484611499667,600
191,1445.8523344364155,357.6253969063061,276.6769512777575,-14.881211479421957,6430.31269369286,125.05644853443748,51.41928120501607,-2.5752021048908738,0.0211146475515898,4.248347012311862,717.5484611499667,600
771,2348.7375690134013,1415.057163651852,276.5151644173281,-14.75524066239324,6402.9290615925565,131.94611745446426,48.526847057870135,-2.5705685997361023,0.02237318238923,4.248347012311862,717.5484611499667,600
336,948.719354244512,587.9965102654332,276.644669822525,-14.953931089843374,6397.307417242206,126.30906057300776,50.64804843152566,-2.56961492623109,0.0214361665181991,4.248347012311862,717.5484611499667,600
790,625.0476532611218,1452.285743059699,276.51685444815246,-15.004198892875737,6395.141493506555,140.0504024979773,45.66314255040372,-2.5692472684268,0.0237762873810444,4.248347012311862,717.5484611499667,600
693,1204.0568938057131,1277.8568637456854,276.54049665787915,-14.919867929940445,6321.719167191361,130.0039741210961,48.62712243937101,-2.556709871683008,0.0223270460092238,4.248347012311862,717.5484611499667,600
586,2424.492864324112,1062.911406529391,276.5674075058057,-14.742875855390974,6251.970601703448,129.2770206204087,48.36103564036238,-2.544664192023292,0.0224498914389225,4.248347012311862,717.5484611499667,600
155,1910.1184151397024,288.27676640019973,276.6852916955067,-14.81392109674481,6243.411898872117,123.55858839366311,50.52997108529866,-2.5431768433995074,0.0214862580896246,4.248347012311862,717.5484611499667,600
834,2900.933461482506,1550.5508432769025,276.4925952990577,-14.676170559961374,6233.771155795432,130.70495157014523,47.69345828837985,-2.5414990118190413,0.0227641282256213,4.248347012311862,717.5484611499667,600
384,1677.1226149865156,670.8968093773458,276.6291556114987,-14.84910491788584,6222.465368033445,122.48240117388382,50.80293420439755,-2.539528094448644,0.0213708128674587,4.248347012311862,717.5484611499667,600
163,60.447182743796006,302.97443223827497,276.6910851338996,-15.081112055419949,6201.576465265651,132.29754535363395,46.87597527746048,-2.5358771313099204,0.0231611181116489,4.248347012311862,717.5484611499667,600
598,372.3971728645071,1095.0746748969457,276.5713135530187,-15.039247634925982,6185.714538049186,139.63336066507833,44.29968961991906,-2.533096559179284,0.0245080723886566,4.248347012311862,717.5484611499667,600
88,1307.1277004014537,157.60586772027446,276.707437574177,-14.900425174980796,6144.845616115548,142.077505000669,43.24995442513306,-2.5258993142649464,0.0251029166257129,4.248347012311862,717.5484611499667,600
985,140.02474946963014,1965.2958717157308,276.4421567412144,-15.07636464611304,6046.568986964878,128.15002630985978,47.1835173279216,-2.5083944045956974,0.0230101540004844,4.248347012311862,717.5484611499667,600
897,2354.628667750094,1713.7243522096303,276.4705559417281,-14.755611716493563,6016.391909504542,129.10154907470496,46.602011769999294,-2.5029621704730665,0.0232972774943363,4.248347012311862,717.5484611499667,600
481,1445.6660917991148,862.5341470039103,276.60152193146166,-14.883294694097613,6011.532576873084,134.61892734470123,44.65592391387975,-2.5020848863394725,0.0243125638178218,4.248347012311862,717.5484611499667,600
859,704.5822880505725,1628.2506273001163,276.4902213348165,-14.993426271660256,5998.468736728537,128.16470522818005,46.8028130369361,-2.499722873306861,0.0231973236126465,4.248347012311862,717.5484611499667,600
233,2932.1588025008755,419.9377516505102,276.66116492083444,-14.667046341542802,5995.954046499217,164.69145783205636,36.40719516013741,-2.499267613338945,0.0298210283770704,4.248347012311862,717.5484611499667,600
419,2750.996512263072,737.7936715583614,276.61452296887234,-14.69446394110245,5981.320491373306,131.6125531266009,45.446428545609535,-2.496614557594097,0.02388966602536,4.248347012311862,717.5484611499667,600
211,566.6820091005854,390.9493411593024,276.67576143537275,-15.00831477588979,5969.090264959727,135.81372948713044,43.95056587799064,-2.494392239965634,0.0247027536121825,4.248347012311862,717.5484611499667,600
678,3037.2565198381003,1247.624774356835,276.5372101331968,-14.655279852541332,5967.469760248379,142.6315893710615,41.8383458149918,-2.494097441356624,0.0259498787261078,4.248347012311862,717.5484611499667,600
405,1877.7297862958949,715.0868495012435,276.62169157448915,-14.820334507133548,5933.737848862715,131.13771354643407,45.24814173126222,-2.487942762483317,0.0239943555350447,4.248347012311862,717.5484611499667,600
824,3003.27687999683,1532.9367694901473,276.4947875402214,-14.661345496950103,5881.624257149699,144.89269529007987,40.59296602478473,-2.4783650652969773,0.0267460130737208,4.248347012311862,717.5484611499667,600
904,2044.6491864717243,1735.5032002811658,276.4686076622901,-14.800415028301863,5878.836779527133,133.02107755886814,44.194776402449975,-2.47785038046923,0.0245662516790064,4.248347012311862,717.5484611499667,600
508,912.2986623321582,915.6704088787792,276.595853172082,-14.960524343346007,5859.0620237502735,137.5641662463896,42.591484276916816,-2.4741921126720383,0.0254910111359611,4.248347012311862,717.5484611499667,600
372,2945.901914102755,652.2014083651803,276.6264469338692,-14.666014036146644,5838.929285419581,135.79351968744362,42.9985856383947,-2.470454913026262,0.0252496677246645,4.248347012311862,717.5484611499667,600
500,1611.574830624073,893.6503782864422,276.59616457985004,-14.859473338090526,5785.839796942892,124.00965998255776,46.65636368776983,-2.4605378849863278,0.0232701375371994,4.248347012311862,717.5484611499667,600
316,2638.4947578987817,555.1156287173927,276.64227656394064,-14.709939950066936,5770.108732208668,124.19151531629667,46.46137634695163,-2.457581866788669,0.0233677967672008,4.248347012311862,717.5484611499667,600
505,214.0557587895842,905.719043568928,276.60029306483216,-15.061359023242858,5766.879030798562,145.1901182932232,39.719500876443135,-2.456973977811902,0.0273341803407179,4.248347012311862,717.5484611499667,600
535,2819.782824659607,960.7272926604816,276.5809559958226,-14.685457320535392,5763.540169004933,124.95682037468076,46.12425437621622,-2.4563451848477382,0.0235385918901669,4.248347012311862,717.5484611499667,600
540,2488.150394289134,978.7949420349732,276.57968987764224,-14.733351435906924,5761.371006717323,127.32690227004106,45.24865447914792,-2.455936480950319,0.0239940836362399,4.248347012311862,717.5484611499667,600
486,1166.0498438729342,872.6022046490258,276.601210521862,-14.923705136989334,5760.562975410954,141.33597237249958,40.757939247261405,-2.455784195952557,0.0266377550006518,4.248347012311862,717.5484611499667,600
805,886.9366525297023,1491.4240518464755,276.5099125668211,-14.966531029040045,5734.61148125364,128.82238460037405,44.51564453680349,-2.4508818737215985,0.0243891784853837,4.248347012311862,717.5484611499667,600
313,662.8657572273793,550.1694743368431,276.6515470972148,-14.995066500711957,5722.768330279097,129.33699758232444,44.24695514240998,-2.448637286812084,0.0245372816390562,4.248347012311862,717.5484611499667,600
445,1462.9236827465031,787.773111463109,276.61261668086183,-14.88049888861704,5705.5054219801095,130.2429377403154,43.80663950744123,-2.4453571800870444,0.0247839143154447,4.248347012311862,717.5484611499667,600
454,2409.433697608286,803.8283793982995,276.6061469731041,-14.743989810190955,5685.298441096849,126.58702480759108,44.912173658701214,-2.441505042167382,0.0241738466779743,4.248347012311862,717.5484611499667,600
132,2174.109637845537,246.15930662411856,276.69042743794824,-14.7756598082334,5682.124830402725,130.9248141085595,43.399907565965705,-2.4408988002711056,0.0250161823121348,4.248347012311862,717.5484611499667,600
654,232.8739785664773,1207.7483507312998,276.5550505340991,-15.059866899570268,5682.081781353918,142.429479856152,39.89400078616161,-2.440890574459579,0.0272146182033617,4.248347012311862,717.5484611499667,600
913,1143.6833612470232,1760.4240103113436,276.46864630585384,-14.93055155467528,5673.713840548298,131.679205637945,43.08739419455723,-2.4392904438762364,0.0251976249735043,4.248347012311862,717.5484611499667,600
192,268.343089026838,358.7463748400018,276.6818548410511,-15.051292026992504,5672.400966789515,133.4762400271143,42.49745846629502,-2.439039179967356,0.0255474101083262,4.248347012311862,717.5484611499667,600
242,938.7984085558998,425.9968242341809,276.66892396362874,-14.954704972336089,5657.325366824924,126.0138205988335,44.89448331889791,-2.4361497660718587,0.0241833722038401,4.248347012311862,717.5484611499667,600
590,1127.1743123579904,1075.8980558698704,276.57099810661657,-14.930146350023124,5636.343314624217,125.31281983901974,44.97818596584784,-2.432115470294704,0.0241383678929243,4.248347012311862,717.5484611499667,600
872,1041.6228705127055,1666.3188621874845,276.483131904442,-14.944904938499349,5592.912138064683,144.7703919621485,38.63298332111306,-2.4237168661066404,0.0281029293279212,4.248347012311862,717.5484611499667,600
60,2601.27387900266,99.74512362251676,276.71040737664026,-14.713448956486326,5585.683309776126,127.36009867407016,43.857404068683735,-2.422312646458201,0.0247552271516052,4.248347012311862,717.5484611499667,600
274,2194.9232214186554,472.40112033868303,276.6565567008776,-14.773579701466153,5526.737288382545,119.50145256743616,46.24828543622713,-2.4107939266128136,0.0234754648687916,4.248347012311862,717.5484611499667,600
281,1709.549439032107,488.2834383264714,276.65629159549394,-14.843680764924844,5519.323447343777,123.6268499948449,44.64502207711291,-2.4093364881587997,0.0243185006858038,4.248347012311862,717.5484611499667,600
495,840.8568071989523,881.8510529651487,276.6012108949293,-14.970705060751367,5513.794264941709,128.8364513530131,42.796849859158726,-2.4082482673719383,0.0253686896015234,4.248347012311862,717.5484611499667,600
204,43.31675635759486,374.0990389119682,276.68052079789913,-15.083876782581749,5509.956604411709,125.08733381500043,44.0488771833664,-2.407492320109215,0.0246476203123283,4.248347012311862,717.5484611499667,600
882,2548.123132063043,1685.8139134985267,276.4739057511264,-14.72759252401864,5507.648034772486,129.17067838107823,42.63853146705532,-2.4070373214489296,0.0254628844532055,4.248347012311862,717.5484611499667,600
63,2041.3095278452795,105.56301950502916,276.7120033338077,-14.794246609409653,5477.940695177065,126.49227123744824,43.30652490928878,-2.4011651895929726,0.0250701251664533,4.248347012311862,717.5484611499667,600
310,857.1552115987414,540.3119243782318,276.652188971845,-14.966961688205798,5474.514860458439,132.53907992748478,41.30491069844211,-2.400485971514809,0.0262850102237589,4.248347012311862,717.5484611499667,600
786,3077.4721327530283,1438.6800088913087,276.5085333781405,-14.650265117654913,5460.505340392876,179.71091778365147,30.38493936671457,-2.397703964497135,0.0357315177396516,4.248347012311862,717.5484611499667,600
927,2214.6310432913506,1806.2432815891636,276.45733313997164,-14.776182859702663,5452.462300343381,139.12817966520157,39.19020800433241,-2.396103552648276,0.02770334875181,4.248347012311862,717.5484611499667,600
301,2433.68523632932,530.3514216264713,276.6468656803315,-14.739375706323552,5445.44871064683,130.26305014545764,41.80347922581418,-2.394706053751008,0.025971522469105,4.248347012311862,717.5484611499667,600
491,293.7379968371048,876.0375589034346,276.6043953978917,-15.049723551324062,5438.919648971641,133.49922199962202,40.741208581627845,-2.3934034812433733,0.0266486939832608,4.248347012311862,717.5484611499667,600
400,3053.264703651276,704.671438074373,276.6181495241584,-14.65075177111646,5430.855475336372,158.7923960666554,34.20097945405831,-2.3917924880473787,0.0317447048982443,4.248347012311862,717.5484611499667,600
189,206.9598036670096,354.77255307670936,276.6827117776277,-15.060146808459011,5430.129542996874,128.08696999773912,42.39408226373629,-2.3916473500100754,0.0256097064030255,4.248347012311862,717.5484611499667,600
669,1187.6574499805029,1230.0596115814913,276.5477074553059,-14.92204103878729,5418.862394603377,123.29340063284182,43.950952498587725,-2.389392180976182,0.0247025363110136,4.248347012311862,717.5484611499667,600
87,2846.1852388149573,156.2090999123434,276.700898777184,-14.678364389750074,5406.82956220035,144.4983142537297,37.41794214087721,-2.3869785731960884,0.0290154919774149,4.248347012311862,717.5484611499667,600
174,327.3869398533472,331.88013964233386,276.6856193056787,-15.042650541879944,5391.211615011096,120.15937769351576,44.86717323688358,-2.3838378215998204,0.0241980923172464,4.248347012311862,717.5484611499667,600
938,2444.5505292938674,1835.9662589384427,276.4519310199336,-14.743142836376617,5385.034535157029,127.89214998559198,42.10605995570247,-2.38259310616212,0.02578488704814,4.248347012311862,717.5484611499667,600
466,2200.041574020451,826.9236187415012,276.6036028632016,-14.77428768488796,5369.677238660224,121.21013502088496,44.30056313141644,-2.379492328661504,0.0245075891423614,4.248347012311862,717.5484611499667,600
568,1578.7256851010022,1029.9659127089594,276.575943043557,-14.864770287919198,5364.306526438391,132.29716865847442,40.54740234302645,-2.3784058397457777,0.0267760679417907,4.248347012311862,717.5484611499667,600
964,67.8079095036053,1907.484447704575,276.4510967490477,-15.086566246749143,5362.860648167902,129.5924163370163,41.38251912998766,-2.3781131543853467,0.0262357155346121,4.248347012311862,717.5484611499667,600
674,1343.4500068503785,1242.73063871407,276.5451567941002,-14.899599935376832,5343.445333159878,135.4619803551678,39.44608899965804,-2.374175300642791,0.0275236411906237,4.248347012311862,717.5484611499667,600
730,299.4345263493723,1338.9875284764628,276.535149172006,-15.050782083722902,5339.759183629998,130.78709834756327,40.827874087700366,-2.373426052389932,0.0265921266845258,4.248347012311862,717.5484611499667,600
157,1323.006131961224,295.5912842639024,276.6867517831331,-14.898694167631517,5324.759124025703,122.08015378297031,43.61691035786101,-2.3703717900114585,0.0248917218366047,4.248347012311862,717.5484611499667,600
659,2561.972607432247,1217.1863952384035,276.54379063842777,-14.723679367693778,5323.509044063452,127.16836912353055,41.86189601041615,-2.3701168645984865,0.0259352801347042,4.248347012311862,717.5484611499667,600
661,1772.2212097927884,1220.089116601262,276.5467234452285,-14.837619564748602,5320.064628520748,124.65587928938734,42.67800812002034,-2.369414144458704,0.0254393315861125,4.248347012311862,717.5484611499667,600
895,1112.2600906737384,1710.966930265671,276.47616664692663,-14.934887145735408,5288.38651559467,125.30028376010532,42.20570262809295,-2.362929847012216,0.0257240119793038,4.248347012311862,717.5484611499667,600
345,991.685139121417,612.7746191074648,276.64078271279953,-14.947826759170471,5282.239487252606,120.82962825732204,43.71642587531103,-2.3616670926638608,0.0248350586366931,4.248347012311862,717.5484611499667,600
781,735.0388375513753,1436.2849870089765,276.5187875138974,-14.98824556159415,5268.7372300136485,128.73511315916642,40.92696313164731,-2.358888222436801,0.0265277439840257,4.248347012311862,717.5484611499667,600
25,2528.4795500490222,42.08704942550217,276.7193352439202,-14.72371190930947,5251.21471498115,128.34351949999612,40.91530866099794,-2.355271314933284,0.0265353002465537,4.248347012311862,717.5484611499667,600
282,187.1203556324701,490.70704797863306,276.6624683120372,-15.063565995550077,5237.159617589612,125.88299609801427,41.60339187916917,-2.3523614002505884,0.0260964299053609,4.248347012311862,717.5484611499667,600
206,2335.4204981571806,377.8994361135201,276.6700530100971,-14.752927094716677,5236.069011523738,117.9226113814557,44.402587003319645,-2.352135278862989,0.0244512780284362,4.248347012311862,717.5484611499667,600
482,492.6292024279679,865.9917584024332,276.6050570344655,-15.020944489105544,5213.999144686444,137.2881700669943,37.97850275185474,-2.3475492630156114,0.0285872249123085,4.248347012311862,717.5484611499667,600
588,84.49114359235304,1066.817080205527,276.57674618981133,-15.080738487413967,5209.746063059894,128.1552651926598,40.65183006900201,-2.346663261896444,0.0267072847189694,4.248347012311862,717.5484611499667,600
836,496.2590673213961,1557.1272211601918,276.5017172981317,-15.023230889580343,5204.089501503273,127.07199640085724,40.953865909894255,-2.345483766744558,0.0265103177899916,4.248347012311862,717.5484611499667,600
1003,296.686130774074,2000.769165143424,276.43621266834685,-15.053870810513146,5200.910509234644,133.24972455948313,39.031304015288526,-2.34482032664758,0.0278161344436438,4.248347012311862,717.5484611499667,600
188,80.81337715406394,354.4727438924908,276.6832959736453,-15.078377387142732,5190.461500251491,131.2080096855187,39.55902930539124,-2.3426368091736243,0.0274450616980138,4.248347012311862,717.5484611499667,600
711,1777.1414669589603,1310.5954946816953,276.5331857197275,-14.837278761079151,5183.484202701016,121.55383416732818,42.64352694597484,-2.341176322311416,0.0254599016018415,4.248347012311862,717.5484611499667,600
637,1215.2940165274897,1174.4533833639382,276.5558992358289,-14.917824211849153,5165.550431877142,137.24292889926568,37.63800782529628,-2.337413388965617,0.0288458412846789,4.248347012311862,717.5484611499667,600
636,2714.305961333508,1168.6100438554995,276.5503875265969,-14.701514852017684,5156.044032350008,122.26415799136944,42.17134536446871,-2.335413417915066,0.0257449694956792,4.248347012311862,717.5484611499667,600
738,1538.7711719857564,1354.066708681534,276.52770029781743,-14.87185866562838,5150.974027141929,129.44646635823912,39.79231084521663,-2.334345274127032,0.0272841656324794,4.248347012311862,717.5484611499667,600
355,169.20888886683937,624.1265498916002,276.6425923058618,-15.066696416971304,5148.409527687065,120.74724146750437,42.637905968830026,-2.3338045874057443,0.0254632579938069,4.248347012311862,717.5484611499667,600
65,696.7787904716109,111.50058722685704,276.7169767153381,-14.9883845235673,5143.583774470608,146.61923789553316,35.08123387011078,-2.3327864181915823,0.0309481702958292,4.248347012311862,717.5484611499667,600
331,1523.8258713472665,578.7271677659318,276.6435838259002,-14.870855996017683,5135.600961292104,122.44837649345295,41.94094775578093,-2.3311000527357715,0.0258863964238946,4.248347012311862,717.5484611499667,600
68,775.5818350915758,121.95491463523274,276.7150727539774,-14.977043522848067,5113.59496817016,120.28713099523549,42.51157148616928,-2.326437688910564,0.0255389288620681,4.248347012311862,717.5484611499667,600
699,361.18743611766325,1288.8455812677532,276.542388796042,-15.041655162066084,5072.456929048523,140.32419788304105,36.14812701994826,-2.317667794203329,0.0300347511615431,4.248347012311862,717.5484611499667,600
286,2679.0546530978654,497.1190628696667,276.65075552017606,-14.703854407014267,5064.902513471257,126.4197840329276,40.06416046520093,-2.316049600814246,0.0270990328361684,4.248347012311862,717.5484611499667,600
335,224.65114810592763,588.1040346442238,276.647743660275,-15.058537613234227,5044.294766979408,126.37636240846064,39.91485963708751,-2.3116230164204774,0.0272003962902879,4.248347012311862,717.5484611499667,600
723,643.6425405937995,1330.3975948993573,276.53499678256327,-15.001016755381604,5041.52931258321,140.11195854808977,35.98214859620877,-2.3110276155861738,0.0301732954355703,4.248347012311862,717.5484611499667,600
996,2538.5929537524576,1989.867575141741,276.4285661793075,-14.730210703186025,5000.261297859426,135.08342831554896,37.01609709059971,-2.3021036235076235,0.0293304828259626,4.248347012311862,717.5484611499667,600
347,773.6164671452052,613.0419305484096,276.6416755553317,-14.97932385346286,4989.035027122241,143.90384440677417,34.66922685553622,-2.299663256675228,0.0313159564972135,4.248347012311862,717.5484611499667,600
849,2695.2315088081086,1596.4100581674927,276.4866259511029,-14.706014611473307,4980.375962412276,121.60722639442976,40.95460533125359,-2.2977771949151133,0.026509839155292,4.248347012311862,717.5484611499667,600
956,2631.6905008087806,1883.2627416729204,276.44408553970567,-14.716350142379868,4970.493655650178,123.27521070150156,40.32030144069861,-2.2956206835392483,0.0269268820223678,4.248347012311862,717.5484611499667,600
648,193.57006918230505,1194.9913735600635,276.5571223395574,-15.065494944448886,4961.992553371994,130.87728991024733,37.91331984926351,-2.293762144481992,0.0286363738210356,4.248347012311862,717.5484611499667,600
610,1901.9017487397616,1110.9756371631702,276.5624668825437,-14.818461213125556,4953.513844034984,116.24692041425808,42.6120006137162,-2.291905326772125,0.0254787380165982,4.248347012311862,717.5484611499667,600
59,2758.830731355861,97.8282420069658,276.7099974811504,-14.690721279488669,4944.4719493886805,139.1234615230023,35.54017342050661,-2.289921667608983,0.0305485284822373,4.248347012311862,717.5484611499667,600
698,2028.819933061871,1286.0883284252598,276.53577798356326,-14.800863447758983,4936.4117897992255,140.0852323860162,35.23863083723588,-2.2881503262483376,0.0308099371117666,4.248347012311862,717.5484611499667,600
361,1138.2041934561228,629.1128142224521,276.6377133773338,-14.926734727327483,4928.89501894085,127.24121176692655,38.73662432553164,-2.286495794463088,0.0280277390945603,4.248347012311862,717.5484611499667,600
679,682.8925568237562,1250.4183724055208,276.54678761880734,-14.995021516984036,4896.530878140591,133.20225852933163,36.760119026528045,-2.279343117957028,0.0295347248254691,4.248347012311862,717.5484611499667,600
958,522.846668839661,1887.180003159651,276.4522674026862,-15.0207329861593,4888.717051536427,135.4505602001147,36.0922615920808,-2.2776091289347686,0.030081240468406,4.248347012311862,717.5484611499667,600
876,668.8261451997278,1676.2956775612736,276.48318819683266,-14.998786729362193,4871.973616554809,127.04736335444584,38.347695598865975,-2.273884193476664,0.0283120011005852,4.248347012311862,717.5484611499667,600
686,1114.4960390086233,1258.6375145970092,276.54374563971294,-14.932721296224752,4802.037722018373,132.61677530908733,36.209881523859686,-2.2581857922897264,0.0299835280953516,4.248347012311862,717.5484611499667,600
948,2836.409070719722,1861.492011799946,276.44647242959456,-14.686745281663518,4795.5509302236605,136.54015403493565,35.12190947870656,-2.2567181432724843,0.0309123284045313,4.248347012311862,717.5484611499667,600
296,1575.155674195488,520.8940671648561,276.6520015934719,-14.863211194033475,4794.233383573417,122.85880853617404,39.0223008076936,-2.256419803276126,0.027822552169603,4.248347012311862,717.5484611499667,600
990,1754.3129857207596,1968.606498838192,276.4350118208732,-14.843258985018904,4791.352344883198,127.4149405790283,37.60432115032376,-2.255767146631851,0.0288716819447398,4.248347012311862,717.5484611499667,600
932,1789.1916915498684,1812.81012702289,276.45813310173867,-14.837589671447812,4768.427645124204,132.77986318360416,35.91228015147568,-2.250559866914389,0.0302319985091614,4.248347012311862,717.5484611499667,600
611,775.0195307657126,1112.227241024036,276.56705612114365,-14.981151821946842,4762.301050732145,139.37307145793338,34.16944895391459,-2.249163989123333,0.0317739979203152,4.248347012311862,717.5484611499667,600
159,1966.697518128692,296.0969257042257,276.6838770451073,-14.805788766160989,4719.833854678844,126.19897473777073,37.39993818877057,-2.239438651735137,0.0290294597418876,4.248347012311862,717.5484611499667,600
915,1361.2363426814002,1762.9871886615804,276.4673588825447,-14.89915330733336,4686.408447260503,128.15557914607697,36.56811883249144,-2.231722216928121,0.0296897963215798,4.248347012311862,717.5484611499667,600
273,1489.845935703183,471.99139814157945,276.6596754331675,-14.875326341897772,4676.264478023397,122.82553926605964,38.07241153563238,-2.2293695385726826,0.0285167121337686,4.248347012311862,717.5484611499667,600
95,1526.7355177638349,170.36807579738883,276.7045746389461,-14.86877314856014,4654.513907509041,119.11206104100071,39.07676407267326,-2.2243077047834934,0.0277837744696787,4.248347012311862,717.5484611499667,600
141,1343.0614765098908,261.2080792837692,276.69180201481146,-14.895658721533897,4649.322743642086,142.95831369124792,32.52222709959626,-2.223096111039664,0.0333833226327073,4.248347012311862,717.5484611499667,600
394,1115.5149795769323,683.6568119725844,276.62965999576534,-14.930233037366724,4641.774824392749,122.87514291602484,37.77635341238239,-2.22133204582726,0.0287402012615682,4.248347012311862,717.5484611499667,600
442,2613.6834853875307,774.7409216619158,276.6096046610963,-14.71441470278825,4639.635109720693,122.72545607398226,37.80499383048774,-2.2208314396165765,0.0287184281756036,4.248347012311862,717.5484611499667,600
226,1216.673999304488,409.94570103330506,276.6701251948664,-14.914512182256814,4638.87948319508,127.24243430796308,36.45701615522118,-2.220654598578125,0.0297802759111571,4.248347012311862,717.5484611499667,600
401,591.7823107615727,705.2283416200945,276.62867039147926,-15.005965895176324,4631.45171821129,133.16301383571314,34.78031613136392,-2.218914726525248,0.0312159324802958,4.248347012311862,717.5484611499667,600
582,883.0111216584347,1055.901278488551,276.5750190431904,-14.96532492787328,4618.439512796816,121.72703966041304,37.94094989643278,-2.215860024261468,0.0286155197211358,4.248347012311862,717.5484611499667,600
924,472.4981474001737,1788.9404357000644,276.4671605627629,-15.027606964627656,4611.504102367268,125.75164940763898,36.67151980980008,-2.214228372340428,0.0296060813849841,4.248347012311862,717.5484611499667,600
259,2135.026216114244,453.3548243787063,276.6596611597989,-14.782143117010923,4605.599108506227,114.34887258390124,40.27673386221591,-2.212837204995488,0.0269560089880701,4.248347012311862,717.5484611499667,600
682,1435.5721352373605,1254.081075012718,276.5430719507891,-14.886347452646556,4604.793066303013,124.97563369556426,36.84552684501771,-2.2126471698290766,0.0294662634236918,4.248347012311862,717.5484611499667,600
170,775.8184834485677,323.64581322486856,276.68492353441724,-14.977829133425942,4603.774290486996,119.12472374947671,38.64667338216781,-2.2124069322873097,0.0280929742455131,4.248347012311862,717.5484611499667,600
632,1656.6506573511165,1157.6898969502056,276.5565337908427,-14.854043990944922,4584.826239928545,125.44090953937511,36.54968906686217,-2.207929076580432,0.0297047670641978,4.248347012311862,717.5484611499667,600
756,542.8528784920338,1383.9026502359932,276.5274194462648,-15.015794711784997,4531.947935391043,126.1744692873439,35.91810578628387,-2.1953341537722384,0.0302270951163187,4.248347012311862,717.5484611499667,600
826,2562.7178453874917,1540.0493911441588,276.4955993760022,-14.724891792357043,4526.599744386913,127.27960705773329,35.56421840879564,-2.1940521104507016,0.0305278746047597,4.248347012311862,717.5484611499667,600
858,1278.4203680261348,1612.7246869903915,276.4901527479004,-14.910496288379091,4513.541843128332,128.32093079978978,35.1738552315405,-2.190915556475906,0.0308666761960869,4.248347012311862,717.5484611499667,600
1017,2052.181261686974,2035.1277973121512,276.4238401982503,-14.800552745814077,4428.080459950841,126.78007507418648,34.92725854090015,-2.1701606329875927,0.0310846039842673,4.248347012311862,717.5484611499667,600
557,2154.2927924962746,1006.20626732261,276.5770319838253,-14.78161911289625,4375.124769521819,119.112662756337,36.73097946329854,-2.157097980832253,0.0295581554280311,4.248347012311862,717.5484611499667,600
449,558.2065468501737,794.2037314924974,276.61551159391064,-15.011178313079744,4366.32874739304,126.63365702950738,34.48000199801246,-2.154912952246825,0.0314878172008975,4.248347012311862,717.5484611499667,600
1016,2551.4053342348234,2032.679828103145,276.42212298535867,-14.72853834714678,4358.353730346542,138.3408742178609,31.50445416069117,-2.152928062326853,0.0344617937026394,4.248347012311862,717.5484611499667,600
388,1581.686718708157,677.1704048869002,276.6286291943162,-14.862905133830944,4355.199917975231,122.46406157170944,35.56308570923088,-2.152142112400503,0.0305288469306866,4.248347012311862,717.5484611499667,600
618,905.1623409562806,1121.8218443535318,276.5650734595417,-14.962394032255576,4336.515487854835,141.09347334157542,30.735053756572395,-2.147474128567957,0.0353244867765306,4.248347012311862,717.5484611499667,600
212,1402.1553006061092,392.709920683928,276.67189888383973,-14.887662570828269,4319.785508932604,125.24445962219366,34.49083114705001,-2.143277332166364,0.0314779309136149,4.248347012311862,717.5484611499667,600
57,1788.5183654968955,96.17948730107535,276.7145128475863,-14.830686601461403,4274.307534512889,120.81381554390498,35.379294290722584,-2.131786289655131,0.0306874408256554,4.248347012311862,717.5484611499667,600
883,2592.970458471911,1687.5793311432335,276.4734527984545,-14.721132728207092,4242.955418684403,123.82865580451146,34.264729687308936,-2.1237930455378717,0.0316856432228655,4.248347012311862,717.5484611499667,600
239,107.9622143760478,425.93507504746185,276.6724924142072,-15.07474353115908,4234.6697593219,134.25588247658462,31.54178186613508,-2.121670742882189,0.0344210103477275,4.248347012311862,717.5484611499667,600
413,3019.8758851214657,732.5462892158864,276.6141360499586,-14.655678657430652,4231.958090146771,142.08694583411852,29.78428500453118,-2.12097526941819,0.0364521088834205,4.248347012311862,717.5484611499667,600
928,312.0969652430292,1809.472284135629,276.4647509905817,-15.050865785161935,4217.706348238105,125.5950343944854,33.581792214735,-2.1173127223532093,0.0323300195849469,4.248347012311862,717.5484611499667,600
667,1688.129293811929,1227.4175694023238,276.5459856751783,-14.849785246653592,4213.719666269957,140.42363607180067,30.00719668101615,-2.116285971892539,0.0361813204859239,4.248347012311862,717.5484611499667,600
368,2273.71216969751,649.9455109341538,276.62970700091853,-14.762938226443593,4197.421639027132,117.93268148295128,35.591674727025726,-2.112078366825024,0.0305043246300404,4.248347012311862,717.5484611499667,600
410,2410.4783231647525,730.202108452075,276.6171332119369,-14.743538567181284,4189.762878112262,120.14039929652591,34.8738884059412,-2.1100954853698437,0.0311321750922113,4.248347012311862,717.5484611499667,600
118,1449.0770850254437,207.94136302954297,276.6992996089593,-14.88013661940152,4183.529530890344,121.55485967595877,34.41680194475818,-2.1084789714168437,0.0315456387186304,4.248347012311862,717.5484611499667,600
808,2656.5063357807408,1498.2773976966755,276.5014353876612,-14.711196923879584,4177.887365106028,123.05906890348956,33.95025984133345,-2.1070136923448253,0.0319791366862586,4.248347012311862,717.5484611499667,600
839,1779.67866025567,1566.3674506758805,276.4949768688705,-14.837956371627657,4172.836255496426,122.61198242891903,34.032858557812766,-2.10570023174061,0.0319015224112216,4.248347012311862,717.5484611499667,600
700,518.7143189831337,1288.2290723726887,276.5418228664177,-15.018892818541389,4170.567374123086,129.29707828728337,32.255696952846534,-2.105109727715774,0.0336591703966944,4.248347012311862,717.5484611499667,600
369,2982.5576358984517,649.5836795179877,276.6266775463155,-14.660719106484148,4161.689055702533,139.51446181575156,29.82980403277925,-2.1027959450145626,0.0363964844960748,4.248347012311862,717.5484611499667,600
758,2269.9277665724544,1388.0066358444196,276.5195372790636,-14.766497511630156,4147.583127753402,123.01898194102044,33.714984974773216,-2.099109621820348,0.0322022982010035,4.248347012311862,717.5484611499667,600
111,435.170237778437,194.95773655715692,276.7056293064305,-15.026519844075963,4146.559514475171,121.67502570362537,34.07896970225684,-2.0988416317339875,0.031858357499819,4.248347012311862,717.5484611499667,600
472,748.7153290939763,843.1181368904087,276.6073912800457,-14.983856466927852,4128.128473929886,123.909248111327,33.3157414547536,-2.0940048859537166,0.0325881986290024,4.248347012311862,717.5484611499667,600
90,622.4970708605061,162.4856186672623,276.709676077963,-14.99932276048691,4116.999425150221,128.37772368172716,32.06942222590772,-2.0910738899350774,0.0338546791504993,4.248347012311862,717.5484611499667,600
371,2865.984032300916,652.2380417126996,276.6267900603736,-14.677535641431236,4116.580017169006,120.66594560622907,34.11550787164675,-2.090963277914302,0.0318242367689422,4.248347012311862,717.5484611499667,600
452,109.52487793489284,799.0675684905583,276.61668292658715,-15.076032805615949,4084.423965893919,119.97345360954438,34.04439768139663,-2.082448913559776,0.0318907096010476,4.248347012311862,717.5484611499667,600
197,1339.1320136224122,361.05314141650064,276.6769012693988,-14.89663240822895,4059.997487261018,120.67593797465604,33.64380302652949,-2.075936286020198,0.0322704302823281,4.248347012311862,717.5484611499667,600
979,2215.810513330555,1950.4808246497585,276.435795390466,-14.776602363263416,4056.2730681519024,119.92565066539026,33.82323169102067,-2.0749398340353404,0.0320992390649717,4.248347012311862,717.5484611499667,600
623,69.22808864682388,1135.7465847314916,276.5665015950506,-15.08322448674435,4037.577256830351,127.74302222967135,31.607027815352,-2.069923987555419,0.0343499555333912,4.248347012311862,717.5484611499667,600
987,694.5982511297163,1968.002747391131,276.43948048531246,-14.996251842982224,4034.583826510003,129.2446772353014,31.216634315738087,-2.069118732112509,0.0347795341745934,4.248347012311862,717.5484611499667,600
848,636.2816209208894,1590.1047128123955,276.4962065884506,-15.003136984954264,4031.105238704884,122.64569789895909,32.86788943894213,-2.0681822147424294,0.0330322396275817,4.248347012311862,717.5484611499667,600
814,1702.5185310656657,1508.1650818252465,276.5039937782486,-14.84885392320022,4008.0294875939726,121.06666756371956,33.10597019187362,-2.061949144120649,0.032794689106151,4.248347012311862,717.5484611499667,600
647,1281.5219240049391,1191.8374529620305,276.5530219950026,-14.908333123283496,3991.963396501029,139.00156935828005,28.718836880263147,-2.057588250186876,0.0378044558185481,4.248347012311862,717.5484611499667,600
892,884.3501886363746,1704.8900134859518,276.4780211661308,-14.967773970005796,3946.17102477228,124.10306662521695,31.797530327670756,-2.0450616325308446,0.0341441611600636,4.248347012311862,717.5484611499667,600
695,51.57650972174825,1282.422748702454,276.5446395893119,-15.08637160707713,3945.558855101117,135.89605142062493,29.0336533979846,-2.0448931891637026,0.0373945360963551,4.248347012311862,717.5484611499667,600
578,2734.3890512793687,1052.4787202466907,276.56763220886825,-14.698144432617813,3935.064794518636,117.54882528785204,33.4760027153185,-2.0420015935868743,0.032432187595181,4.248347012311862,717.5484611499667,600
98,2419.7240844172165,172.73658227958,276.7003115893215,-14.739930366600936,3927.7203110173,119.1824391804818,32.9555288348263,-2.0399732604059984,0.0329443962329218,4.248347012311862,717.5484611499667,600
365,2201.080644356025,644.971520813259,276.6307643324731,-14.773395366095231,3921.13596489816,113.3797827885528,34.584084291384364,-2.038151628210967,0.0313930532568841,4.248347012311862,717.5484611499667,600
714,114.81030359404538,1316.2105372397316,276.5393236161133,-15.077369858649552,3895.328239905124,127.49258007387314,30.55337210720852,-2.0309820224983315,0.0355345392381042,4.248347012311862,717.5484611499667,600
643,1751.3072959791436,1182.8964685541505,276.55236695588314,-14.840485975708408,3883.81520481396,116.8655332542683,33.23319627835704,-2.027768268120213,0.0326691417493013,4.248347012311862,717.5484611499667,600
220,233.48214739800295,403.63221426522966,276.67529181214013,-15.056512224515815,3883.7664294855786,123.0514635715788,31.56213113407139,-2.0277546326948217,0.0343988178551094,4.248347012311862,717.5484611499667,600
850,1451.8902452633474,1597.1820658686067,276.4917493884583,-14.885390870952811,3881.8290675884928,122.21530593840376,31.76221699714867,-2.027212893430185,0.0341821227434301,4.248347012311862,717.5484611499667,600
330,880.4689984798455,579.0945832646739,276.64629255434465,-14.963752123984072,3878.86587075924,120.93606393940472,32.07369038157844,-2.026383779475508,0.0338501739925622,4.248347012311862,717.5484611499667,600
403,1614.6039393356075,713.8759395252732,276.6230047991548,-14.858303488119056,3876.8432191108586,114.59624259469646,33.83045666534166,-2.025817469896692,0.0320923838167478,4.248347012311862,717.5484611499667,600
619,3023.6473831787685,1122.59078025106,276.5559237116457,-14.656729993112211,3876.823529120942,123.89300150089848,31.29170721635013,-2.0258119555676357,0.0346960935206729,4.248347012311862,717.5484611499667,600
110,879.9380966438785,193.93958450447957,276.703861310316,-14.962262619136524,3869.625535976608,115.21704921072244,33.58552889945465,-2.023794224877883,0.0323264225866524,4.248347012311862,717.5484611499667,600
309,443.6283468568518,540.8657688411516,276.6538743697466,-15.026702937115347,3862.170794276986,122.97782068799457,31.40542556918169,-2.021700562519809,0.0345704597318179,4.248347012311862,717.5484611499667,600
941,2603.2016428688667,1841.9807231369973,276.4503662813631,-14.720289102960027,3860.12770900398,123.39006931794177,31.28394149011708,-2.0211260569626552,0.0347047062577771,4.248347012311862,717.5484611499667,600
629,1565.136510488858,1145.6421944292715,276.558721874916,-14.867203290685604,3851.177538887423,126.62598075451432,30.413802254006438,-2.01860572407854,0.0356976083073263,4.248347012311862,717.5484611499667,600
599,316.78990345006844,1100.1027153310176,276.57079510443486,-15.047303119220764,3838.173898510344,127.40194825154488,30.126492971144987,-2.01493349327333,0.0360380480077743,4.248347012311862,717.5484611499667,600
377,519.8013965271065,656.0518663028088,276.6363284854125,-15.016165300969767,3837.007991692866,129.66857746359867,29.590885214808605,-2.0146036334026567,0.0366903521850933,4.248347012311862,717.5484611499667,600
425,1109.112387598955,752.7151334245119,276.6193678437943,-14.9314386621821,3829.5740215625847,120.24452563362463,31.848219296327784,-2.012498045011053,0.034089818017712,4.248347012311862,717.5484611499667,600
950,2027.7068691927336,1872.5959970510216,276.4482093683567,-14.803419406886146,3817.869897087687,120.96795943894594,31.56100106834169,-2.009174685796049,0.0344000495310349,4.248347012311862,717.5484611499667,600
783,1896.8118059200197,1435.7745072038877,276.5139855446866,-14.820521138915463,3812.5155692734406,115.81993225498408,32.91761180519406,-2.007650938787496,0.032982344114912,4.248347012311862,717.5484611499667,600
43,2806.8284008311302,72.33705825762155,276.7135894857463,-14.683696586658684,3745.097061579407,159.9998718206416,23.406875386610476,-1.9882795684901475,0.046383807409897,4.248347012311862,717.5484611499667,600
560,104.4122092911958,1014.2432581721228,276.5845250604376,-15.07764574584844,3739.7887365694623,126.23618955954076,29.62532970630857,-1.986739547233542,0.0366476934016638,4.248347012311862,717.5484611499667,600
31,2066.259061921758,53.69907869827308,276.71963844200013,-14.790435464155046,3734.109474446392,128.83454355539027,28.98375987835105,-1.9850894895217417,0.0374589081801959,4.248347012311862,717.5484611499667,600
689,326.8659305280225,1260.206731364412,276.5468140829047,-15.046497996730738,3715.5935272899214,131.98185878946651,28.152304880149668,-1.9796923681639989,0.0385652259955998,4.248347012311862,717.5484611499667,600
983,493.3906800657149,1961.4590465015065,276.4412844161984,-15.025290763440175,3709.582410335017,125.05008989875468,29.664772039255915,-1.9779344330552309,0.0365989665642221,4.248347012311862,717.5484611499667,600
200,1832.6881838601832,365.6249309211475,276.6740772455215,-14.82540988293528,3673.608010641416,120.86443153729236,30.39445074052191,-1.967353907546154,0.0357203362307364,4.248347012311862,717.5484611499667,600
287,2511.8361749556657,506.3287486682675,276.6501109797259,-14.72800636157501,3635.052127909381,116.05863797486316,31.320823605535395,-1.955898481974249,0.0346638394211358,4.248347012311862,717.5484611499667,600
696,1681.3173875788,1282.2421470827985,276.5378260515954,-14.850991965539231,3634.3231806292897,123.1746458008508,29.50544860104795,-1.9556807343900573,0.0367965935607377,4.248347012311862,717.5484611499667,600
722,1270.502953582912,1330.793463510941,276.53230756879907,-14.910490201742425,3633.72595013777,124.1026583434791,29.280000917310744,-1.9555023000517584,0.0370799168711131,4.248347012311862,717.5484611499667,600
279,1799.326881025792,482.2179530095269,276.6568086960242,-14.83069941864071,3620.033364430768,111.5267830530944,32.45887010573401,-1.951403307225601,0.033448484080418,4.248347012311862,717.5484611499667,600
971,2176.080058636824,1921.0706318387597,276.44035201974623,-14.782213152143662,3613.60712154262,117.32477299772496,30.80003505834775,-1.949474207648897,0.0352499598764496,4.248347012311862,717.5484611499667,600
315,1590.0747795984328,554.8091280005851,276.6468710132062,-14.861195901542256,3594.7966201211675,114.73306302804768,31.331828204066884,-1.94380768576328,0.0346516645287578,4.248347012311862,717.5484611499667,600
175,1974.4849780050265,331.716968322898,276.6785237807879,-14.804810263688196,3593.862596946012,118.64151303909384,30.2917798744002,-1.9435255461451857,0.0358414066291803,4.248347012311862,717.5484611499667,600
128,794.1890117566646,236.09290566431065,276.69793132529446,-14.974819661527372,3592.506188965868,114.02373756318256,31.50665173534763,-1.943115686502903,0.0344593900081722,4.248347012311862,717.5484611499667,600
522,136.83254927314573,931.7786499220288,276.596721190986,-15.072625163916232,3578.414127170632,120.88916560005428,29.60078439956596,-1.9388483733234936,0.0366780820854166,4.248347012311862,717.5484611499667,600
626,2345.047721761931,1143.1775765479126,276.55576610214626,-14.754662152482346,3565.3039205095265,120.56096149496264,29.572623478608328,-1.9348632658741003,0.0367130092730985,4.248347012311862,717.5484611499667,600
202,2788.410242696286,367.2873289658176,276.66965298507426,-14.687556207271529,3535.2702591734123,123.39911163721553,28.649073824508974,-1.925678423320314,0.0378965130478736,4.248347012311862,717.5484611499667,600
92,1097.2518579185362,163.12215837223994,276.7075252636592,-14.930752475753993,3512.951356364938,117.9791449086828,29.776036765514803,-1.9188022144983607,0.036462206456482,4.248347012311862,717.5484611499667,600
152,143.51428811873424,286.1943317677463,276.6932391016574,-15.06903786318826,3510.3279033016297,169.02613285688895,20.76795962831235,-1.91799108966636,0.0522776439973379,4.248347012311862,717.5484611499667,600
691,968.543634661126,1272.3944988322771,276.5423039080553,-14.953853568953422,3502.427840083896,123.60747296760546,28.33508165806284,-1.915544864930276,0.0383164591901241,4.248347012311862,717.5484611499667,600
569,1834.0330119968996,1035.417973581287,276.5740400924768,-14.82794638769787,3494.405337072036,121.0547207811136,28.8663285043669,-1.913055074029368,0.0376112951058447,4.248347012311862,717.5484611499667,600
871,3058.454150600281,1664.853322322473,276.474871543473,-14.653932319836471,3490.6708882938256,176.0137050042015,19.831813029618925,-1.9118941341916875,0.0547453729206957,4.248347012311862,717.5484611499667,600
487,1883.5447187398604,872.4499182752671,276.5981659605109,-14.8201370999709,3460.604617927689,113.13343290541232,30.588699812733548,-1.9025018314923796,0.035493499450671,4.248347012311862,717.5484611499667,600
262,244.4338996312925,454.91499318104593,276.6675762684049,-15.055137775198874,3445.675865441736,115.12709371252026,29.929322059026426,-1.897807926473449,0.0362754624999119,4.248347012311862,717.5484611499667,600
947,1646.7030197112624,1861.1160601156787,276.45151283821747,-14.858349602844267,3443.3694259437034,121.01615739371408,28.45379906371545,-1.8970809215388773,0.0381565919394044,4.248347012311862,717.5484611499667,600
238,1709.4581769480635,423.6770429493737,276.6659418625465,-14.843430722058324,3432.5324451887864,114.51944180641227,29.973359903301493,-1.8936585015221656,0.0362221653996291,4.248347012311862,717.5484611499667,600
391,436.9320621250371,679.3464384331354,276.63319822307704,-15.028233198671472,3421.081712666084,120.91921737096546,28.292291225890267,-1.8900304926635665,0.0383744105887923,4.248347012311862,717.5484611499667,600
976,2000.1784704945744,1938.3408202197136,276.4385078758961,-14.807659615328284,3414.8680546931573,120.27040936492122,28.39325211184621,-1.8880566936999128,0.0382379586432448,4.248347012311862,717.5484611499667,600
995,2675.8513646263173,1987.2787180398936,276.42837733837746,-14.710408436087851,3407.354650997732,119.47546137151292,28.519284310628848,-1.885665221576212,0.0380689777546546,4.248347012311862,717.5484611499667,600
382,722.9931631033837,664.2987483707279,276.6342299737882,-14.986844760131897,3402.717336547503,120.5106468719424,28.23582334732063,-1.8841865585080728,0.0384511542888309,4.248347012311862,717.5484611499667,600
44,824.3278557952223,76.03248643500493,276.72172572694103,-14.969815679181442,3378.5791510546114,126.9349265794487,26.61662351015704,-1.876457118380734,0.0407902978221746,4.248347012311862,717.5484611499667,600
513,2815.48457270688,921.9535500552928,276.5867606876929,-14.685918536414803,3357.179816377233,120.86428396071736,27.776442356357023,-1.8695583826337736,0.0390870791180182,4.248347012311862,717.5484611499667,600
1006,1140.3852142943251,2007.008978883066,276.4318166249465,-14.932033065931558,3355.8009426085628,121.55902457055478,27.606349709237776,-1.8691123532923413,0.0393279086672113,4.248347012311862,717.5484611499667,600
349,1079.538365389742,617.6285598438207,276.6396809659919,-14.935159466973804,3354.4228971513803,119.80142416737152,27.999858269339114,-1.8686664087452056,0.0387751962726497,4.248347012311862,717.5484611499667,600
294,129.87534604818475,520.365340272541,276.6582767543848,-15.0719597946001,3353.0350546717527,144.7327886230251,23.167072828294337,-1.8682171086201929,0.0468639265757397,4.248347012311862,717.5484611499667,600
683,643.7448054781593,1254.0576590527933,276.5464077250352,-15.00069136916538,3342.26607751369,144.02052399223302,23.2068734709918,-1.864724426740524,0.046783553215693,4.248347012311862,717.5484611499667,600
397,495.1477275548893,700.8784909725302,276.62973157007474,-15.019909444724323,3340.0470637092367,120.2526747806288,27.775241339141303,-1.864003339995861,0.0390887692655262,4.248347012311862,717.5484611499667,600
720,2532.6104849142484,1328.2504219493612,276.52733917568565,-14.728367559266168,3337.208533114055,110.41456999361908,30.22434931646172,-1.8630802375096795,0.0359213688484162,4.248347012311862,717.5484611499667,600
965,693.1950182943804,1910.87375404478,276.4480251441994,-14.996221869030729,3330.7833291952848,119.66215199068928,27.834894106320668,-1.860987829834109,0.0390049983970825,4.248347012311862,717.5484611499667,600
795,179.28484801923207,1460.3698406068347,276.5174984412312,-15.068637998279304,3316.435619432945,135.26417435466178,24.5182113834316,-1.856300801392067,0.0442813704075359,4.248347012311862,717.5484611499667,600
222,2181.6549880796374,404.8805610452066,276.66669581824243,-14.775218449745667,3297.506134958996,110.53726607632616,29.83162377728849,-1.850085904584139,0.0363942642916598,4.248347012311862,717.5484611499667,600
435,2028.0799506030492,765.4504306818608,276.61352273170473,-14.798845694705475,3293.228289476421,114.63388190238568,28.728227944690104,-1.848676467616441,0.0377920977962955,4.248347012311862,717.5484611499667,600
776,1621.801866593251,1425.6856957941582,276.51665259905616,-14.860166636812242,3265.8006255473592,119.78218598170608,27.264493453526832,-1.8395960437599053,0.039821022233573,4.248347012311862,717.5484611499667,600
627,1373.3228230269335,1144.158271144852,276.55975689319234,-14.894885656220648,3253.489794156514,119.24375101498237,27.28436305016713,-1.835495495884579,0.0397920229255031,4.248347012311862,717.5484611499667,600
147,1379.0694246357853,268.3974970169511,276.690571592378,-14.890489417525783,3235.9685304410523,119.76997007785867,27.01819603309119,-1.8296325977370784,0.0401840300022348,4.248347012311862,717.5484611499667,600
827,338.90529907875094,1543.6548702162609,276.5043838015038,-15.04591095455128,3212.807007513591,135.501239455695,23.71053593619774,-1.8218334699853287,0.0457897705442631,4.248347012311862,717.5484611499667,600
213,629.6969921398709,395.1768384182338,276.6748590350745,-14.999228166356003,3189.4387668669224,138.5751580342716,23.015948977508145,-1.813907545714777,0.0471716374180781,4.248347012311862,717.5484611499667,600
114,2052.257170145178,205.4116590212179,276.69704523459484,-14.793073940804325,3172.8196279490367,119.36377442257826,26.581093328336323,-1.8082353328823664,0.0408448210383659,4.248347012311862,717.5484611499667,600
187,1605.7704432345513,353.0446064486795,276.67694211899897,-14.85810857617996,3166.22454269178,116.59737163206414,27.155196539791227,-1.805976151457512,0.0399812978119711,4.248347012311862,717.5484611499667,600
886,2658.413622615061,1692.1966604050492,276.4724870882957,-14.71171514497414,3159.380109226855,116.6238104328556,27.090352283128496,-1.8036265730304868,0.0400769982115057,4.248347012311862,717.5484611499667,600
210,2439.037614385303,385.8801804198523,276.6684086883892,-14.738014204448753,3156.0032521514804,121.18422261879384,26.043020980373328,-1.802465479198285,0.04168871195159,4.248347012311862,717.5484611499667,600
446,2730.7385313527693,788.5922418145738,276.607029813493,-14.697592415751702,3143.6757021126105,113.22638598639963,27.76451508829592,-1.7982162199662974,0.0391038704096681,4.248347012311862,717.5484611499667,600
649,3042.31132631944,1200.9929605129569,276.54414576314457,-14.654360437854848,3135.0050127590075,133.30881700025773,23.5168616998,-1.7952174730118244,0.0461668743839758,4.248347012311862,717.5484611499667,600
766,1710.9477650926442,1408.290218603555,276.5188748511787,-14.84722993787178,3134.273118424113,118.44306288990552,26.462276826946493,-1.7949639688078525,0.0410282156407053,4.248347012311862,717.5484611499667,600
320,114.5443258637852,561.3970784538484,276.6522055894394,-15.07434218982583,3105.6113694668165,119.6850430275818,25.94819946508369,-1.7849896439774589,0.0418410534211028,4.248347012311862,717.5484611499667,600
692,275.89872747493695,1277.6795381910538,276.5444142462363,-15.053933800867023,3105.0222431703005,122.8463248868305,25.27566246715752,-1.7847836631416487,0.0429543637643811,4.248347012311862,717.5484611499667,600
350,570.8070205730786,618.0205228972776,276.6417969071289,-15.008641687035556,3103.4243293019827,117.69842311426667,26.367594800221283,-1.7842247751953724,0.041175541729384,4.248347012311862,717.5484611499667,600
537,449.1739724872513,967.1136136202726,276.5901222384269,-15.027634072970756,3098.1685526347137,127.7170071866024,24.25807353994836,-1.7823844775535918,0.0447562333510145,4.248347012311862,717.5484611499667,600
24,2699.0817527355857,41.57966797385917,276.7186566999624,-14.699107252117413,3096.6263966648257,134.01015304393488,23.10740138957684,-1.7818439028878656,0.0469849457191552,4.248347012311862,717.5484611499667,600
265,2638.907485464141,456.1862095588915,276.6570403211107,-14.709476532597272,3080.7774638130795,120.8540888306428,25.491710653913284,-1.776272695840642,0.0425903155241302,4.248347012311862,717.5484611499667,600
592,2187.4613261266763,1079.065293769973,276.5660118532588,-14.777131644365374,3077.5786743607023,113.56400192125098,27.099949123797145,-1.7751447838608014,0.0400628058392412,4.248347012311862,717.5484611499667,600
713,2305.4141942001206,1313.5682486532744,276.53049894705066,-14.761074803543435,3071.1410543040256,116.72663550517096,26.31054207133362,-1.7728712830247289,0.0412648282599587,4.248347012311862,717.5484611499667,600
597,2550.6816241898955,1093.829385731305,276.5622507985877,-14.724803519113804,3061.6331892440794,109.06123553135028,28.07260686464528,-1.769504766930636,0.0386747125136901,4.248347012311862,717.5484611499667,600
908,962.6464911441544,1748.4828213914518,276.47118185440803,-14.956644352071535,3057.9776409931364,122.77217070065883,24.907742720042386,-1.7682076381861886,0.0435888555700543,4.248347012311862,717.5484611499667,600
891,1598.0411365101136,1699.5428264256484,276.4758482085607,-14.864713272623964,3038.178832610429,116.2467854744578,26.135594375450403,-1.7611552081030937,0.0415410487476732,4.248347012311862,717.5484611499667,600
474,1196.540197830045,848.3770141118293,276.6047003751129,-14.9192039772206,3025.373841238732,136.16348305661393,22.218687223070265,-1.756569492715044,0.0488642730823758,4.248347012311862,717.5484611499667,600
418,1426.3947452628163,735.9485364952802,276.6205153755183,-14.885560999831949,3023.804439572268,121.37586495406975,24.912732368304983,-1.756006124876234,0.0435801253732116,4.248347012311862,717.5484611499667,600
999,2797.489206358208,1994.263637979009,276.42682461581774,-14.69289982217584,3023.0205186581006,132.50571878152635,22.81426451972549,-1.7557246114112912,0.0475886478418487,4.248347012311862,717.5484611499667,600
595,3075.1647220858345,1085.9169544553447,276.5611730937073,-14.649154108050585,3005.30477075238,171.13066906991298,17.561462168564336,-1.749343175989608,0.0618228704181274,4.248347012311862,717.5484611499667,600
657,2436.600466669309,1213.9686927280234,276.5448071796931,-14.7417467354832,3004.1063967731898,119.28876069637286,25.183482326717925,-1.7489101491931305,0.0431115913960853,4.248347012311862,717.5484611499667,600
761,1951.440805186253,1400.2748102092082,276.51905565599105,-14.812493890593627,2997.037420190114,118.68299869416762,25.252457834446307,-1.7463522876951452,0.0429938347830452,4.248347012311862,717.5484611499667,600
332,1650.725725520114,578.3038318378653,276.643099789022,-14.85253748968869,2926.7374063945026,109.29205654770745,26.77904962943892,-1.7205812697480258,0.0405428876313243,4.248347012311862,717.5484611499667,600
322,2052.1433458180777,563.5124400166122,276.6435726265491,-14.79455023476158,2925.460414627334,113.9933978251816,25.663419728165067,-1.7201074388013624,0.0423053518003474,4.248347012311862,717.5484611499667,600
533,515.974437525063,955.2210498156212,276.5916184271358,-15.01793439701852,2906.54156504391,121.92188920199192,23.839374406580504,-1.7130632189708046,0.045542302473353,4.248347012311862,717.5484611499667,600
725,1693.4053794962963,1334.1516873075177,276.5300218625203,-14.849459163404562,2902.9209345775307,131.80964084473365,22.023585801262083,-1.7117098923624945,0.049297149419591,4.248347012311862,717.5484611499667,600
337,2926.704901360366,588.0763950333937,276.6360993122192,-14.668519496075833,2887.7667315930594,116.9583997566338,24.6905458487967,-1.70602714608274,0.0439722963861858,4.248347012311862,717.5484611499667,600
981,1813.8867422437377,1954.769038911977,276.4368305984293,-14.834605901033491,2885.2445857598213,123.3865214139029,23.383790649881465,-1.705078460875483,0.0464295980175268,4.248347012311862,717.5484611499667,600
357,1748.9971348937966,624.8243231391845,276.6357272927904,-14.83854398268663,2866.477037893783,109.4718621492539,26.184601062011986,-1.6979930419899052,0.0414633011757092,4.248347012311862,717.5484611499667,600
547,1721.3203077314863,987.9120891890908,276.5816163328572,-14.844018400211436,2862.9875735261594,131.27499860258587,21.80908477625201,-1.6966705315898836,0.0497820064958536,4.248347012311862,717.5484611499667,600
116,2322.150657172156,205.67737710493216,276.6958225661975,-14.754138802307969,2860.8723191116587,107.63289057586432,26.579907905522543,-1.6958680631690195,0.0408466426542592,4.248347012311862,717.5484611499667,600
74,2429.613969269772,134.08258063519185,276.70603844100026,-14.738346259201112,2839.258543047821,111.52186454476198,25.459209766962037,-1.6876342270590938,0.0426446857517507,4.248347012311862,717.5484611499667,600
107,1361.275943482212,190.14958892810247,276.7023396519405,-14.892739841517356,2830.2511116036912,107.92566771353265,26.224077845096435,-1.6841842981393504,0.0414008838142238,4.248347012311862,717.5484611499667,600
298,950.02525372257,523.9212765801377,276.6542404678925,-14.953481836188288,2826.2134893440525,112.88474604119092,25.03627450526208,-1.68263428634851,0.0433650781298076,4.248347012311862,717.5484611499667,600
856,2925.294867702603,1609.7993898507298,276.4836513207605,-14.672901210622406,2814.331708570884,118.95410196052288,23.658971504024905,-1.6780600836106472,0.0458895687758573,4.248347012311862,717.5484611499667,600
42,1640.892320925858,71.5342185735615,276.7188401840111,-14.851892841479115,2807.04682971508,108.11573244890576,25.963352105501,-1.6752460190195786,0.0418166342923788,4.248347012311862,717.5484611499667,600
818,1281.6314414341148,1514.6488634373402,276.5047920516486,-14.909632891472627,2806.86090373341,115.07309419914534,24.391982533083365,-1.6751741024226685,0.0445105271179758,4.248347012311862,717.5484611499667,600
656,2675.093828858058,1212.2140885520143,276.54404827833395,-14.70734707303955,2781.5720328260213,115.72887329344084,24.035246811511755,-1.6653476518045416,0.0451711608586436,4.248347012311862,717.5484611499667,600
52,2307.605082474422,88.03337792625311,276.713450227963,-14.755757300271222,2764.867524128465,116.0147336879128,23.832037847590456,-1.6588076924208917,0.0455563224153644,4.248347012311862,717.5484611499667,600
483,1929.9024719901904,865.7265561800464,276.5989710213792,-14.813420439454529,2758.61760619696,107.39304395569432,25.68711626551013,-1.6563506331871274,0.0422663248290646,4.248347012311862,717.5484611499667,600
252,2827.4834109842345,440.16048392526267,276.6586063800001,-14.68222015987338,2752.658694418147,109.54333703694178,25.12849041188015,-1.6540027890844282,0.0432059380489767,4.248347012311862,717.5484611499667,600
387,811.2562686828118,676.9957271783818,276.631955618388,-14.974147145406114,2725.0864577881293,127.96267151277436,21.2959484635024,-1.6430725878612211,0.0509815283344014,4.248347012311862,717.5484611499667,600
172,1085.5542126019002,330.0660170830826,276.68262790749225,-14.933120747590117,2692.786162050499,111.262641856075,24.20206924021975,-1.6301265411485688,0.0448598005907589,4.248347012311862,717.5484611499667,600
460,315.71186667054104,817.751625084774,276.6130178671926,-15.04631140261816,2688.568723994191,109.94944506536174,24.452772111727484,-1.6284247295329022,0.0443998739709066,4.248347012311862,717.5484611499667,600
641,1494.7843805052942,1178.1156527633827,276.5541694345299,-14.877490476667573,2677.931532422779,121.22926873369832,22.08981016214271,-1.6241205467025834,0.0491493585517842,4.248347012311862,717.5484611499667,600
803,1311.3556154672383,1488.153503665237,276.5086259282598,-14.905233621147756,2675.998224768148,116.58866374510568,22.95247358369766,-1.6233364265134886,0.0473020912556952,4.248347012311862,717.5484611499667,600
973,2796.972371149165,1929.1195851053535,276.4365473974672,-14.692707598247024,2659.028427930025,132.18588627446584,20.115827058941207,-1.6164293251426036,0.053972426627988,4.248347012311862,717.5484611499667,600
768,2626.9361703003465,1410.0252825632151,276.51473215247177,-14.715099855965615,2653.5891407178133,112.94922231186123,23.493646847705207,-1.6142060771705438,0.0462124934046179,4.248347012311862,717.5484611499667,600
543,967.8904695770966,980.8349958151543,276.5858786106351,-14.952760927098502,2651.6596879650606,116.60296000476762,22.74092945716507,-1.6134163397353949,0.0477421119503945,4.248347012311862,717.5484611499667,600
1012,261.10920856741114,2027.7516861399772,276.4323236780498,-15.059121297281214,2650.517491261242,125.93710083738418,21.046359441636767,-1.6129485604471685,0.0515861188729923,4.248347012311862,717.5484611499667,600
945,130.19079547848764,1854.3099553122825,276.4587930949293,-15.077334464044323,2637.0439007900422,115.00134109529728,22.93054911946481,-1.6074152737161376,0.0473473179531663,4.248347012311862,717.5484611499667,600
668,166.8975169174081,1230.3906183064971,276.55194020447624,-15.069493421720708,2625.272412393708,124.68475646986654,21.05527962456402,-1.60255781107305,0.0515642641351281,4.248347012311862,717.5484611499667,600
628,190.96032941199485,1144.1762862118942,276.56473194264777,-15.06566558611053,2625.007231535099,121.91235199507264,21.531921815774616,-1.6024481344543664,0.0504228098768499,4.248347012311862,717.5484611499667,600
277,2779.461150327586,477.44801774314726,276.65325214385064,-14.689296358846564,2614.176317976788,116.51259465664133,22.43685608135908,-1.5979590641166137,0.0483891324195825,4.248347012311862,717.5484611499667,600
736,1129.4676502592515,1347.8916029385557,276.5303459575956,-14.93092306369717,2612.066907305969,121.95915175594128,21.417555547886312,-1.5970826167100711,0.0506920594916886,4.248347012311862,717.5484611499667,600
1015,1989.7573329654,2031.74367904032,276.4246051174171,-14.8095447867015,2601.919037394342,121.67302203089244,21.384518884833174,-1.592856320823175,0.0507703729902488,4.248347012311862,717.5484611499667,600
526,958.8673407921189,939.728256701932,276.5920601444554,-14.95389671738549,2552.2591571772355,123.1289726612712,20.72833957770866,-1.5719338007483596,0.0523775672397593,4.248347012311862,717.5484611499667,600
525,1170.6736699569744,934.5100157464096,276.5919403765554,-14.923289569281009,2541.2683048972394,108.21593797409692,23.483308951270462,-1.567248173802692,0.0462328372144191,4.248347012311862,717.5484611499667,600
604,462.47183180736687,1102.7719218037294,276.5697844901955,-15.026264315987206,2518.5772557670134,130.75849641890034,19.2612895126788,-1.557510066808534,0.0563669425811462,4.248347012311862,717.5484611499667,600
719,3019.368438605445,1326.3676803384878,276.5255385937175,-14.658180524954709,2515.61107242055,126.2834134939502,19.920360107632536,-1.5562306180426402,0.0545020267773177,4.248347012311862,717.5484611499667,600
417,1831.8719831222809,735.2725849408382,276.6188744694064,-14.827034277657496,2502.783706314105,116.2960742810558,21.520792699034377,-1.55068017144026,0.0504488851866834,4.248347012311862,717.5484611499667,600
375,1781.1767527209113,655.5493493625946,276.63099954675187,-14.834025154982632,2486.3795668131206,107.04952881304202,23.226441016433515,-1.543540444247248,0.0467441395447468,4.248347012311862,717.5484611499667,600
327,1111.8111630349258,571.0254662067942,276.6465066935125,-14.930309491461632,2479.884943704761,123.41658452710132,20.0936118367479,-1.5407007036535356,0.0540320978040609,4.248347012311862,717.5484611499667,600
940,1685.5138658245914,1841.0252248931213,276.45435180012225,-14.852666490413265,2479.76038727985,117.76853440778102,21.056221848643563,-1.5406461693426867,0.0515619567367894,4.248347012311862,717.5484611499667,600
22,1389.5244719859154,36.91270069133618,276.7251112214637,-14.888037993629863,2478.876277102914,125.406584695304,19.7667154649475,-1.540259002263009,0.0549256654159504,4.248347012311862,717.5484611499667,600
759,664.5179443016813,1393.539913549411,276.525471109561,-14.998258162968234,2472.8196200458915,132.50504532915463,18.66207897143223,-1.5376029687493995,0.0581767980760333,4.248347012311862,717.5484611499667,600
102,2203.345327460566,178.55801279622898,276.70039284970113,-14.771166529617968,2438.5209148404538,112.72241850322222,21.6329719253739,-1.5224380861018534,0.0501872791101139,4.248347012311862,717.5484611499667,600
490,2598.5705928130137,875.4415368232872,276.5946401237944,-14.717005375285703,2433.557108576584,113.0510667304948,21.52617555018742,-1.5202257298904258,0.0504362699016708,4.248347012311862,717.5484611499667,600
374,1174.452032548134,653.0037978082283,276.6339880368364,-14.921597928593654,2415.891276401468,121.70426120591016,19.85050689650091,-1.5123153380678396,0.0546938174254572,4.248347012311862,717.5484611499667,600
847,1548.7649607177254,1586.205856273142,276.4929831915841,-14.871362996848694,2397.4290122386883,116.12080890843828,20.645989592865053,-1.5039862655251757,0.0525864839327053,4.248347012311862,717.5484611499667,600
328,1745.9857480502649,572.472194922745,276.6435595027639,-14.83876523163914,2374.8056274124538,108.72153731118767,21.843010006519485,-1.4936920474728954,0.0497046881210946,4.248347012311862,717.5484611499667,600
432,1907.3901782259536,764.9037982450594,276.61412420333835,-14.816257670233652,2364.44556691224,123.82388096331589,19.095230649512043,-1.4889451749292744,0.056857129401982,4.248347012311862,717.5484611499667,600
76,920.226418373083,141.22855865175896,276.71156516433086,-14.956229353296566,2355.726785387204,105.97063336449456,22.22999627910584,-1.4849341741341324,0.0488394143826492,4.248347012311862,717.5484611499667,600
703,2571.5132231874786,1295.9432955246098,276.53199511186733,-14.722625460556603,2337.6734836352407,108.36968777367603,21.57128558418789,-1.476581500645313,0.0503307971962429,4.248347012311862,717.5484611499667,600
576,259.3617698447626,1050.9909306290822,276.578379572062,-15.055402093434052,2309.591487690748,118.27510388584554,19.527283526378252,-1.4634597996034948,0.0555991312633624,4.248347012311862,717.5484611499667,600
812,2132.615296986653,1504.8090049492469,276.5026811210454,-14.786782221908195,2302.2475972867687,112.48926083302062,20.466376792218696,-1.4600019450304909,0.0530479826020198,4.248347012311862,717.5484611499667,600
548,1007.737509906179,988.137942440447,276.5846183568865,-14.947036160717452,2296.1555942415143,128.43194409125286,17.878383843586924,-1.4571251585201004,0.0607269655634699,4.248347012311862,717.5484611499667,600
607,2337.6660496993995,1104.79951186977,276.56152684660174,-14.75557011467985,2288.2311730830697,111.78355306598957,20.47019539388098,-1.4533716185334342,0.0530380867944495,4.248347012311862,717.5484611499667,600
390,2429.994397156569,680.9675739446883,276.6243982153572,-14.7405227819464,2285.372979960288,113.39250413066792,20.154533119109328,-1.4520145950334835,0.0538687745125985,4.248347012311862,717.5484611499667,600
120,1969.5734063145017,214.43240995106157,276.69605989407273,-14.805040999673896,2275.8328714910317,108.65789437240598,20.94493809801809,-1.4474727889391406,0.0518359135233125,4.248347012311862,717.5484611499667,600
707,1370.3039348244963,1301.039098858677,276.5363323793873,-14.8959608411928,2274.860630026378,128.42162460882602,17.713999779676,-1.4470088606285874,0.0612905054478813,4.248347012311862,717.5484611499667,600
980,1105.2377693030712,1952.32449849486,276.44013233965643,-14.936884945696915,2274.396692485432,116.99524718028395,19.440077672392093,-1.4467874118289317,0.0558485422896155,4.248347012311862,717.5484611499667,600
676,2415.088560591991,1246.3434283091387,276.5400664970405,-14.74498155087479,2248.4682557412307,116.66022595639284,19.273649071978483,-1.434338775299865,0.0563307963087526,4.248347012311862,717.5484611499667,600
991,2297.6616454280856,1970.069972112192,276.4325290880103,-14.76487631017332,2242.493521178898,119.9133910924477,18.70094324536314,-1.431449866519266,0.0580558951361556,4.248347012311862,717.5484611499667,600
914,371.6383403971965,1762.3043342788983,276.4715581366005,-15.042070774038836,2241.3786601112806,122.13679568029168,18.351379268032947,-1.4309099559239629,0.0591617656712717,4.248347012311862,717.5484611499667,600
207,1695.8383490856716,379.4711319156452,276.6726037891976,-14.84521634755518,2212.134879321384,113.15588689572944,19.549445813277178,-1.416650882655952,0.0555361011442399,4.248347012311862,717.5484611499667,600
519,1843.6292997149048,929.251002664166,276.58985433909146,-14.826128599958368,2187.962666900072,119.85049467976202,18.25576667619321,-1.4047216424886884,0.0594716189825009,4.248347012311862,717.5484611499667,600
1011,1883.050950405751,2010.882463828637,276.42816366050243,-14.824855225792987,2169.7242543380125,114.506474191841,18.94848539920036,-1.3956332335138495,0.0572974555552507,4.248347012311862,717.5484611499667,600
879,1737.8554838600096,1681.4016439052907,276.4779726412972,-14.844461329617872,2156.324077108642,137.73561025172555,15.655530716912963,-1.3889069544777897,0.0693492938458546,4.248347012311862,717.5484611499667,600
304,1174.6918271890097,533.804138031608,276.65179853500445,-14.921078145902676,2146.7447084948653,115.50339106986954,18.585988589687997,-1.3840728767428978,0.0584149718354166,4.248347012311862,717.5484611499667,600
552,248.41653698681577,992.0726869215474,276.58723563273395,-15.056744344163365,2136.512092407793,114.41440532420113,18.67345362984528,-1.3788852620808627,0.0581413605389393,4.248347012311862,717.5484611499667,600
857,2551.5899831485726,1610.8207839504937,276.48508385603515,-14.726785882269755,2135.293581600592,109.37826056587198,19.52210220343221,-1.3782658606211018,0.0556138877199977,4.248347012311862,717.5484611499667,600
778,1443.332072772135,1428.1524062514973,276.517035427975,-14.885936950080062,2117.300481785496,118.83865126289568,17.816598045206604,-1.3690781148865117,0.0609375593053859,4.248347012311862,717.5484611499667,600
510,2521.208827089349,919.2221287612872,276.58843952400866,-14.728340531368634,2109.191073522612,119.25024142957008,17.687101076171096,-1.364911685667558,0.0613837166036613,4.248347012311862,717.5484611499667,600
326,319.11926338332853,565.6593024981479,276.6506979468329,-15.04479481341737,2108.478030610946,112.78211587381816,18.695145185695345,-1.364544574596014,0.0580739004279425,4.248347012311862,717.5484611499667,600
804,1443.008529952766,1488.01992257998,276.5080935349314,-14.886227767830928,2107.953605609655,115.8871289512384,18.189712910193972,-1.3642744944606569,0.0596875830509422,4.248347012311862,717.5484611499667,600
605,1094.5102311325195,1102.38844748709,276.56717790532895,-14.934970842584924,2104.8714389905217,123.90096795121424,16.98833732936865,-1.3626858120686127,0.0639085496685477,4.248347012311862,717.5484611499667,600
209,160.65179013212574,383.0352257116549,276.6786832063315,-15.066954159718415,2095.515050827642,121.11686737703118,17.301595526776637,-1.3578488351854472,0.0627514380578211,4.248347012311862,717.5484611499667,600
975,104.0730151903532,1934.220435896312,276.4469504582393,-15.081433883495489,2053.398739523138,119.66393734150265,17.159712317195872,-1.3358051017780992,0.063270291478722,4.248347012311862,717.5484611499667,600
1010,1593.857088042796,2009.8424367379653,276.4295190062434,-14.866583610749876,2035.0620306333292,116.83869245848656,17.41770630783461,-1.3260660027243172,0.062333121296898,4.248347012311862,717.5484611499667,600
997,815.1322729522806,1990.8080672484125,276.4355766809204,-14.978935435969756,2031.3011651184645,113.51826520518718,17.89404693109814,-1.3240576680928935,0.0606738097972213,4.248347012311862,717.5484611499667,600
1000,1991.6779463249688,1994.9978212413437,276.4300837225846,-14.80911753087602,2019.9488016200485,114.30789177983485,17.671122878467692,-1.3179727785291293,0.0614392196504347,4.248347012311862,717.5484611499667,600
444,2573.5594165514976,776.3338893071158,276.60954078216434,-14.720207358576662,1952.5966591829783,110.99456000080492,17.59182305122718,-1.2811532288274827,0.0617161732947435,4.248347012311862,717.5484611499667,600
305,2681.653473241057,534.6068191161334,276.64514917909383,-14.703632732665204,1913.4349531822957,111.13852055514688,17.216667485085424,-1.259156131696228,0.0630609844176016,4.248347012311862,717.5484611499667,600
815,2058.747457161073,1509.2545942060744,276.50232946096025,-14.79745693058225,1910.6589294119624,107.87010299046084,17.712590202875074,-1.2575797948516343,0.0612953829770064,4.248347012311862,717.5484611499667,600
672,2708.970610798636,1231.2057885096715,276.54106880966407,-14.70254004864834,1890.4949628827744,117.77320402273932,16.051995685858753,-1.2460606854082368,0.0676364497753051,4.248347012311862,717.5484611499667,600
731,1897.390710485004,1341.3948363182924,276.5280769155895,-14.820052384620515,1890.1731159958872,108.07423930203528,17.489580571679223,-1.2458758287580176,0.0620769603679386,4.248347012311862,717.5484611499667,600
906,62.53655776866451,1746.7854100844131,276.47514977204366,-15.086674763019824,1886.2428159719568,119.203007220213,15.823785489634112,-1.2436158708248195,0.068611900781341,4.248347012311862,717.5484611499667,600
385,2585.7373437641686,672.757798984453,276.6249475091731,-14.718028219348628,1879.739506052516,126.314869368215,14.881379488055112,-1.2398660465053544,0.0729569460191148,4.248347012311862,717.5484611499667,600
782,1406.803182690014,1435.818645770257,276.51604377235986,-14.891241281133016,1856.5867287139408,117.9991302641112,15.733901805534,-1.2264099782831408,0.069003862704808,4.248347012311862,717.5484611499667,600
794,2713.618429459932,1460.234561671363,276.5068697990881,-14.70280647072324,1850.465607285092,117.22922360287868,15.785019728132465,-1.222824418335947,0.0687804018429598,4.248347012311862,717.5484611499667,600
108,1559.3305621710392,192.3187897897372,276.70115345398466,-14.86415742463713,1781.130800764833,111.23914462732114,16.011726867660347,-1.1813614087525006,0.0678065525957003,4.248347012311862,717.5484611499667,600
367,383.76768714480846,645.6426664024559,276.6384634678568,-15.035778066144063,1753.8246335411675,112.76056981174324,15.553527589202718,-1.1645872883306805,0.0698041003092889,4.248347012311862,717.5484611499667,600
75,342.28272251835847,136.30236736760827,276.7147999229962,-15.039703811691068,1700.409279412299,119.12575790810116,14.27406892742768,-1.1310055398352972,0.076061003034238,4.248347012311862,717.5484611499667,600
621,1945.615285382181,1128.2290292956145,276.55970404751366,-14.812224121704569,1694.1872818562551,107.12766284507408,15.814657361715764,-1.1270254170397145,0.0686515031699814,4.248347012311862,717.5484611499667,600
841,227.53986070460957,1570.484518502661,276.5008331396222,-15.062112326898813,1690.1596773957715,121.69276348767646,13.888744317709,-1.124441215066191,0.078171213693931,4.248347012311862,717.5484611499667,600
837,1596.5547079035548,1560.2610741422577,276.49665806008204,-14.864359521856992,1659.9715861299774,120.92821955245296,13.726916614446306,-1.1048735096642637,0.0790927803012514,4.248347012311862,717.5484611499667,600
898,251.5601797689408,1716.6483369401813,276.4788789180564,-15.059235657577386,1563.8150598906795,117.65657949073038,13.291352397456746,-1.040085351959655,0.0816846899799109,4.248347012311862,717.5484611499667,600
247,1001.069242496721,432.4375879155632,276.6676934156785,-14.94573789297752,1501.353259441035,105.2247404766616,14.268063315148105,-0.9958291019429768,0.0760930180935863,4.248347012311862,717.5484611499667,600
1004,1630.4542970335517,1999.5501065108624,276.4309045555084,-14.861259761476402,1487.0457227919833,117.3352205149571,12.67348129799121,-0.9854326794260968,0.0856670692505055,4.248347012311862,717.5484611499667,600
718,1455.9557272650952,1325.6825402983725,276.53228964706057,-14.8836969280641,1405.3726013204432,134.2981794349146,10.464569268428049,-0.9241005800961668,0.1037500896740769,4.248347012311862,717.5484611499667,600
762,2191.730034945626,1403.1301551789672,276.5176113532044,-14.777839190678332,1369.7119914006323,110.38282870812212,12.408741535537828,-0.8961950187661529,0.0874947710765532,4.248347012311862,717.5484611499667,600
801,1607.7260178954994,1470.0643927455158,276.51008329696134,-14.862379214981198,1334.545527381706,126.58359965081507,10.54279962857031,-0.8679553593523027,0.1029802365832528,4.248347012311862,717.5484611499667,600
