ID,X_pix,Y_pix,RA_deg,Dec_deg,Fluxo,Erro_Fluxo,SNR,Mag_Inst,Erro_Mag,Std_Fundo_Local,Area_Ap,Exptime
1569,2079.9988898905162,1317.601585480415,276.5308552450707,-14.793608386376132,4017328.013125018,2010.36507196079,1998.3077049815417,-9.564465106889092,0.0005433097201664589,4.248347012311862,558.6449957049914,600
1629,1625.3348835816164,1365.5093880319178,276.5256258391819,-14.859411265283951,680487.377662021,829.970927144749,819.8930292691352,-7.636672058790914,0.0013241971345552348,4.248347012311862,558.6449957049914,600
684,167.79783480070907,553.8153839624105,276.6531130231905,-15.066614814003875,509487.8638752343,720.1878839520263,707.4374274105016,-7.322456482704702,0.001534694035024536,4.248347012311862,558.6449957049914,600
230,1796.0125434048223,184.96863891561463,276.7012187470848,-14.829966690117436,403909.1731193963,647.3997615252648,623.8945349126974,-7.070331165234599,0.0017401979649524,4.248347012311862,558.6449957049914,600
1898,173.7328257722898,1603.8391063636925,276.4960679356591,-15.070023592083398,299206.94176822505,555.3132825231816,538.8074645157343,-6.744551037000747,0.002015005491759098,4.248347012311862,558.6449957049914,600
2289,1322.5075574137097,1961.1403980601708,276.43791730288604,-14.90555243340815,212075.29195428913,469.55001260110555,451.65645035229164,-6.370847057909213,0.0024038182099539486,4.248347012311862,558.6449957049914,600
1269,997.8209487432758,1056.1287404452237,276.57449969474766,-14.948745016031056,211664.74024723837,471.470613277784,448.94577580496707,-6.368743168930713,0.0024183321427923505,4.248347012311862,558.6449957049914,600
1326,562.5097535556497,1106.2872049450793,276.5688385214191,-15.011825662405187,211565.9997731892,471.838528553042,448.38644360388616,-6.368236560599333,0.0024213488509459264,4.248347012311862,558.6449957049914,600
1933,470.8343519044912,1637.767172759712,276.4897672593249,-15.027232191111667,210026.8952656224,470.1436301060361,446.7292159594994,-6.360309155132101,0.0024303313085715663,4.248347012311862,558.6449957049914,600
1333,1693.884219063184,1114.7238931189368,276.56279295463077,-14.848495090174628,209572.92053098453,465.98138159336185,449.74526624728566,-6.357959788048479,0.0024140331905195514,4.248347012311862,558.6449957049914,600
1176,199.06395661530613,973.4193333637643,276.5902324568379,-15.063800633429208,202615.52942406206,460.8216901950462,439.6831436868858,-6.321303695810717,0.002469278196330324,4.248347012311862,558.6449957049914,600
1250,1344.7349568162458,1040.1449602288274,276.5754175826093,-14.898588937369547,188950.38524883316,443.1904631288887,426.3412707819992,-6.24549132837117,0.002546551493850452,4.248347012311862,558.6449957049914,600
831,895.6867732571653,673.6333076530725,276.6320977567383,-14.961938765025257,178364.74122171482,434.2514506715917,410.7406917026179,-6.182894394233092,0.0026432735346953702,4.248347012311862,558.6449957049914,600
2170,1223.8904322637525,1853.7551073315844,276.454368885489,-14.919351674420838,174814.74326188385,428.7548664760274,407.7265517676826,-6.161067015829101,0.002662814073042312,4.248347012311862,558.6449957049914,600
698,391.8960640868482,564.4396283006728,276.65057028967226,-15.03427362038377,171199.28831350326,423.7466367427453,404.0133265233149,-6.138376761427593,0.0026872875935624522,4.248347012311862,558.6449957049914,600
351,1167.7597088805705,292.6666763815556,276.68786120372573,-14.921097904769873,165221.1252596471,426.23795119912677,387.62650016225393,-6.09978581317757,0.0028008920946982325,4.248347012311862,558.6449957049914,600
874,1307.1362160975784,714.9625954880464,276.6241617948742,-14.90269262742098,164509.7690630193,421.2151079479712,390.5599916974955,-6.09510110580739,0.0027798546268940896,4.248347012311862,558.6449957049914,600
106,977.9302056858638,84.54823322074633,276.7197860550704,-14.947664908701821,154102.92572353833,402.3707985591693,382.9873496669198,-6.024149084294539,0.0028348194814899826,4.248347012311862,558.6449957049914,600
1062,2539.2809123047605,866.4907708318174,276.5962322970414,-14.725518910816685,152817.79782789922,402.7901265335503,379.398072994151,-6.015056716582534,0.002861638150747112,4.248347012311862,558.6449957049914,600
409,2630.9468230047696,337.2100401285351,276.67483298853756,-14.710138844026769,149800.18692805193,397.3506462278795,376.99746646980896,-5.993402762285472,0.002879860202155884,4.248347012311862,558.6449957049914,600
1380,544.9531718749676,1158.6074122160892,276.5610907451397,-15.014574841189914,148326.64837678208,407.80918605746274,363.71580986378757,-5.982669832584554,0.0029850228407904437,4.248347012311862,558.6449957049914,600
2340,2107.087670722317,2006.6255388590994,276.4278670234085,-14.792515336750158,146067.81044539856,393.16762591087496,371.51535584089487,-5.966008172155007,0.0029223556521441926,4.248347012311862,558.6449957049914,600
440,2392.5145693215472,359.4997605161218,276.672550256302,-14.744616761990228,134230.8230921924,376.5248392887553,356.49925074199786,-5.874252507174095,0.0030454481958665665,4.248347012311862,558.6449957049914,600
306,162.3038890205547,250.8487678174606,276.698444520295,-15.066178749571801,131034.76115818246,374.1214075607953,350.2466271911722,-5.848088177618871,0.0030998157175897703,4.248347012311862,558.6449957049914,600
931,1861.336800315839,763.927875944001,276.614468146793,-14.822899189607805,129276.2561243127,369.9873921429268,349.4071929736812,-5.833418789855418,0.00310726287790469,4.248347012311862,558.6449957049914,600
1332,698.1073727256423,1114.6301833416849,276.56702087440885,-14.992271236116313,119450.21175288409,358.884869231594,332.837135231246,-5.747589183973664,0.003261955728725059,4.248347012311862,558.6449957049914,600
2320,934.0675644209189,1994.137733082958,276.4345898593445,-14.961772466773848,116794.42234328401,360.8277711370399,323.6846819612626,-5.723177131594561,0.003354190236688225,4.248347012311862,558.6449957049914,600
2124,1895.803120541974,1810.5548536358856,276.45802449377146,-14.822196941542408,116147.13830850826,354.51935032858177,327.6186143319363,-5.717143158797493,0.0033139142664830134,4.248347012311862,558.6449957049914,600
2258,1476.266990214197,1945.273157888177,276.4396508337458,-14.883292278860319,116105.55243989133,353.4397958047737,328.5016396513071,-5.716754347081247,0.003305006334678976,4.248347012311862,558.6449957049914,600
1570,2641.2958419514416,1322.0892753789137,276.5277948316815,-14.712669711913575,108690.2446126428,341.59117971639995,318.18808876412135,-5.6450982894308845,0.0034121327552422915,4.248347012311862,558.6449957049914,600
1801,662.8685322906697,1511.8738881346228,276.5077898165895,-14.998978021274375,107934.52069097385,340.4136622099301,317.0687098463503,-5.637522792232813,0.0034241789438198555,4.248347012311862,558.6449957049914,600
271,1237.1012039511493,218.71934281032182,276.69861035033944,-14.910784598058386,106217.31020122545,340.30280758297084,312.125870943125,-5.620110122407787,0.003478404390893424,4.248347012311862,558.6449957049914,600
279,271.8769739201852,226.0663392694774,276.70168020609975,-15.050242581210659,101976.88995491044,330.7600115874093,308.31081866727175,-5.575876281332492,0.0035214463270965683,4.248347012311862,558.6449957049914,600
107,883.2015510932939,86.624747995733,276.71988703328424,-14.961355014684262,100927.97594380961,328.5742860917632,307.1694293071453,-5.564650783537593,0.0035345314227685897,4.248347012311862,558.6449957049914,600
1932,310.50633215074777,1638.0632990704014,276.490385780351,-15.050398403499077,99936.25623498391,329.74518746423263,303.0711592896984,-5.553929564230216,0.0035823270104107983,4.248347012311862,558.6449957049914,600
1247,191.09174995450067,1036.7190893601712,276.58080024258186,-15.06520994302258,98267.59533874487,331.91461213473724,296.06287805989746,-5.535647695943325,0.0036671264128573006,4.248347012311862,558.6449957049914,600
1133,839.6731462463893,934.2955405326142,276.5933774471546,-14.971089405189629,96054.46872106206,323.80544630156305,296.6425358750935,-5.510915809678415,0.0036599606216188535,4.248347012311862,558.6449957049914,600
887,623.9177354798678,728.5028647662662,276.62505436407145,-15.001418041652435,94636.81824795384,321.75412881010146,294.12775089456045,-5.494772200539197,0.003691253194225812,4.248347012311862,558.6449957049914,600
1012,163.04885219138518,831.3621618846521,276.61162746991545,-15.068428391148448,86975.96560800925,311.53873577258054,279.18186607620004,-5.403120021510688,0.003888862895212788,4.248347012311862,558.6449957049914,600
576,1622.866391380437,467.29363060078913,276.6598019896367,-14.856106310348846,82670.02441817196,301.91384657580153,273.8199170252895,-5.3479920388033095,0.003965014714030926,4.248347012311862,558.6449957049914,600
1587,1326.5238381633544,1331.3072917401119,276.53199491721955,-14.902404506470093,81324.53563453874,302.4601505452461,268.8768602671614,-5.330175854358044,0.004037907906694636,4.248347012311862,558.6449957049914,600
419,1713.034718878762,344.82881835300503,276.6777034684384,-14.842593330108627,81266.87880173977,300.8223824066216,270.14904327129267,-5.32940582460386,0.004018892633684821,4.248347012311862,558.6449957049914,600
2030,2425.4750087063635,1717.7585487605982,276.4696552644677,-14.74541044968229,79226.85305724415,296.0271335270247,267.6337540863004,-5.301802888557077,0.004056663195218299,4.248347012311862,558.6449957049914,600
1594,2789.559330334656,1336.9470022458345,276.5249439503503,-14.69135308443182,79066.28988972725,297.5596930092334,265.71572611238645,-5.299600275093644,0.004085945592624786,4.248347012311862,558.6449957049914,600
1523,1843.542234627808,1282.6577217514034,276.5370766534619,-14.827582834429728,76807.77518215473,292.1623660307442,262.89414418992027,-5.268134837784668,0.004129799099730679,4.248347012311862,558.6449957049914,600
356,402.60227472010786,296.827297060702,276.6905378971684,-15.03163949328155,74365.98871169338,293.9057703769327,253.0266371303951,-5.233057764919753,0.00429085258498098,4.248347012311862,558.6449957049914,600
1739,2564.4859962696532,1457.1278543245705,276.5079679727285,-14.724297758692828,73674.04108245787,285.1847370795951,258.3379525738625,-5.222908103845718,0.00420263453040096,4.248347012311862,558.6449957049914,600
1869,777.366874819999,1576.884132437882,276.4975965319455,-14.982704105282771,70830.46986553498,293.74099572580803,241.13239519229907,-5.1801721809698815,0.0045025057671499195,4.248347012311862,558.6449957049914,600
2299,2845.0557090499965,1969.9355869758956,276.4302548813124,-14.68594279966736,70077.89517595328,285.2889110720097,245.63834224269917,-5.168574496809793,0.004419912584034991,4.248347012311862,558.6449957049914,600
1327,419.93826673225914,1107.1489543407538,276.5693087150552,-15.03242752607951,68282.8543346285,277.3795557922061,246.17118640777323,-5.1404010416396195,0.004410345564170045,4.248347012311862,558.6449957049914,600
1679,455.49873136560126,1406.9534741157188,276.52433747817724,-15.028508847237115,68257.742501189,282.3664637319346,241.73459411238613,-5.140001675770826,0.004491289316643035,4.248347012311862,558.6449957049914,600
504,1781.0739200406445,409.40626941147633,276.667762622627,-14.833036905692513,67444.08247370546,275.56913953759073,244.7446858050857,-5.126981501026737,0.00443605137504252,4.248347012311862,558.6449957049914,600
2343,2223.063259052385,2008.0116543345614,276.4271766056768,-14.775791422011482,67394.83158989518,275.95639489598716,244.22275706021412,-5.126188355065596,0.004445531665717443,4.248347012311862,558.6449957049914,600
1996,1298.7522190095463,1692.1453437106868,276.4782024799043,-14.90788480664814,65281.85210810078,276.0502750683475,236.48537242695227,-5.091603042208931,0.004590981627564982,4.248347012311862,558.6449957049914,600
2243,1550.40460599211,1924.4967514723896,276.4424466356642,-14.872506693004013,57147.8179137205,257.3297576421727,222.08009845945148,-4.947121004783294,0.004888776650998436,4.248347012311862,558.6449957049914,600
1841,806.7206805136979,1549.293834017567,276.5015980472438,-14.978352072891603,56732.00622263574,257.26924170791233,220.51608597286483,-4.939192228687451,0.0049234503469901,4.248347012311862,558.6449957049914,600
533,2536.3132909304704,427.40694842318595,276.66178454323693,-14.724154196452217,56327.71521926008,252.02593193503847,223.49968031773398,-4.931427213082944,0.004857725069031579,4.248347012311862,558.6449957049914,600
1076,2153.878833527049,882.0626667121293,276.5955691399685,-14.781172169630135,55417.59966918378,255.44825280959265,216.94256687866735,-4.913741151627733,0.005004550354597839,4.248347012311862,558.6449957049914,600
815,2360.6911294246534,662.194215818042,276.62750129047737,-14.750442014940747,54301.85637217754,254.46816758655058,213.39351356671443,-4.891658565803628,0.005087783512503868,4.248347012311862,558.6449957049914,600
1948,1607.7820310350191,1647.527053120206,276.4835766578594,-14.863095142634528,52616.86231296172,245.94041610395362,213.94150317580062,-4.857434239933724,0.005074751667552114,4.248347012311862,558.6449957049914,600
2063,1306.518429943098,1754.1169614967223,276.4689117420962,-14.907016325735295,52052.06162727374,246.13576264852003,211.47703636063517,-4.845716712289235,0.005133890746173209,4.248347012311862,558.6449957049914,600
210,2583.1487159207827,168.07188265975324,276.7002886515829,-14.716341581539012,50294.83547375095,240.81241368585427,208.8548289680855,-4.808430353559184,0.005198347605196635,4.248347012311862,558.6449957049914,600
2260,2894.626509035862,1945.3917484852598,276.43370854272274,-14.678696243879443,50145.53287512262,250.98655999750446,199.79369762118424,-4.8052025008769235,0.00543410534429632,4.248347012311862,558.6449957049914,600
1497,2340.2513458359244,1255.0140705365852,276.5390915723285,-14.75581078294117,49998.70847915503,246.82232929906607,202.56963225791992,-4.8020188394999135,0.005359638500096809,4.248347012311862,558.6449957049914,600
2206,2530.545278218094,1888.0757850325397,276.44379220096346,-14.730954703823746,49464.988482495246,240.58165018119246,205.60582423988288,-4.790366654769987,0.005280492437477357,4.248347012311862,558.6449957049914,600
1322,1203.3698401911113,1102.466764184184,276.5667055997151,-14.919252640968462,48852.002119505894,239.3948774015867,204.06452573150216,-4.776827792214491,0.005320375974746877,4.248347012311862,558.6449957049914,600
1542,481.81880966575835,1297.0813604140724,276.54065368569246,-15.02425928310342,47984.994740757626,238.7375829074965,200.9947246527596,-4.7573855028917125,0.005401634305953381,4.248347012311862,558.6449957049914,600
662,2936.0244913700362,535.1494747180338,276.64395621408613,-14.666959704878916,47886.20469951769,238.06688910238609,201.14600934245476,-4.755147918235768,0.005397571662242506,4.248347012311862,558.6449957049914,600
1428,1661.514453767273,1202.5232234025798,276.5498167583951,-14.853524853288395,47672.48627550545,236.72045230870265,201.38727266935373,-4.7502913800162005,0.0053911053345587975,4.248347012311862,558.6449957049914,600
975,975.3796761037364,796.9484112478414,276.6133280517369,-14.950930959587367,47577.90498082462,257.00153133117334,185.12693186841565,-4.7481351606385305,0.005864624822776693,4.248347012311862,558.6449957049914,600
1754,1984.836273741905,1468.341510181462,276.50875059622473,-14.807953397067038,47271.894572964695,234.59578427567288,201.50359785415247,-4.741129395034884,0.005387993125491613,4.248347012311862,558.6449957049914,600
1319,153.7575242716684,1102.6579670482968,276.57109626489756,-15.070873357388454,46995.66508907842,235.84215329347157,199.26745254313843,-4.734766374480316,0.005448456263899707,4.248347012311862,558.6449957049914,600
1551,1557.212968344947,1302.547995786226,276.535317952773,-14.868986718551055,46850.527615671046,236.29029615876578,198.27529262645518,-4.731408089383428,0.005475720073934915,4.248347012311862,558.6449957049914,600
85,2015.4277295979816,65.33580225467507,276.71812409944846,-14.797817108913383,46552.31344413647,237.67613503101984,195.86448356735852,-4.724475044963579,0.005543118283752674,4.248347012311862,558.6449957049914,600
1464,2369.166022455555,1231.811180674658,276.54243187012537,-14.751545527905355,46164.61924717203,238.95146385784298,193.1966370988055,-4.71539501897181,0.005619663035049345,4.248347012311862,558.6449957049914,600
907,1720.33479374469,743.857847629389,276.61807205201677,-14.843165688629979,45963.03367453482,237.24607824112073,193.73569424326217,-4.710643587736318,0.005604026683057962,4.248347012311862,558.6449957049914,600
919,1019.357352281823,753.1450809716729,276.6196867498598,-14.944401653044165,44771.2229927319,231.77405798828298,193.1675329902333,-4.682119268908393,0.005620509736772866,4.248347012311862,558.6449957049914,600
1632,906.8322567526576,1367.3392110801865,276.52837376604026,-14.963152391211736,44705.54524197854,233.79353099362328,191.21805916519514,-4.680525364120511,0.005677811001428758,4.248347012311862,558.6449957049914,600
61,2276.7725833401364,46.45398685863566,276.71979378142044,-14.760035459084014,44436.98053299228,229.76879865155604,193.39867202935974,-4.67398322707508,0.005613792424775185,4.248347012311862,558.6449957049914,600
1337,613.9652023149072,1119.0121647113244,276.56671989147395,-15.004443914146531,43132.627420582925,231.25809872369842,186.51293796251755,-4.641636658955148,0.005821043901084155,4.248347012311862,558.6449957049914,600
840,234.6638918577672,682.24500721437,276.63362351364896,-15.057472996646363,42820.428458718816,226.56264145738527,189.00039381282116,-4.633749395304663,0.005744432474967413,4.248347012311862,558.6449957049914,600
1159,1037.998205588635,955.6780037879755,276.5893408239882,-14.942534071162278,42507.23898383201,233.7993120248019,181.81079583041182,-4.6257791158148285,0.005971592583603845,4.248347012311862,558.6449957049914,600
414,1668.5588061241817,342.1604023073042,276.6782952931083,-14.849001626033724,42457.57372478052,227.49841036011597,186.62800174107943,-4.624509805042675,0.005817454989987295,4.248347012311862,558.6449957049914,600
777,650.2386922313995,628.3984496438853,276.6399067623154,-14.9972086524474,42207.32969761803,248.20301046295728,170.0516428825395,-4.618091566066711,0.00638453108477129,4.248347012311862,558.6449957049914,600
1478,1288.6435035142654,1245.8018187193134,276.5449293321221,-14.90752484014693,42091.39879492356,227.91668660353096,184.6788816658388,-4.615105270545799,0.005878853013440296,4.248347012311862,558.6449957049914,600
346,1059.811734191224,289.0842594008056,276.6888635225864,-14.936671512139736,41694.543792398996,225.20218902742226,185.14271096770716,-4.604819939779173,0.005864125000251127,4.248347012311862,558.6449957049914,600
2181,491.2659743507852,1865.5860228270587,276.45562530598085,-15.025207482658404,38551.914328777464,219.78770728695395,175.40523446310962,-4.519736744520831,0.006189667049122979,4.248347012311862,558.6449957049914,600
81,1860.3136136241797,63.51752670469858,276.7190764328845,-14.820192528591155,37848.57185164903,220.33975372875227,171.77368682295184,-4.499745616084899,0.006320525687493903,4.248347012311862,558.6449957049914,600
192,1632.228134570981,152.7127098858686,276.70675191101844,-14.85347392379007,37091.596432798484,214.82880027304614,172.65653574220627,-4.477810688761346,0.006288206787729486,4.248347012311862,558.6449957049914,600
335,3057.9923082761634,274.44072574130917,276.68232106992485,-14.648312240716074,36533.22672457545,268.80967120340165,135.9074119655898,-4.461341954296268,0.007988526779355395,4.248347012311862,558.6449957049914,600
1023,1968.6903179019084,839.7629571100928,276.60268156256876,-14.807717818677503,36295.87421974685,209.25822792875366,173.45016527667693,-4.454265027166194,0.0062594347965489626,4.248347012311862,558.6449957049914,600
2189,217.4155750787981,1873.10516334647,276.45562524994034,-15.064806000241704,36168.447964682884,214.5545147081925,168.57463015343316,-4.450446556586653,0.006440470900110048,4.248347012311862,558.6449957049914,600
1286,712.7656651298337,1073.8539188148093,276.57305420007486,-14.98998795102761,35025.23626212269,246.3784728837521,142.1602944939452,-4.415574557774829,0.007637153565732389,4.248347012311862,558.6449957049914,600
1345,2805.431124249887,1127.8530082871166,276.55607822774914,-14.688209709292284,34406.05022312602,206.44026891164387,166.66346350213172,-4.396208921420125,0.006514325198732675,4.248347012311862,558.6449957049914,600
214,1857.3800498558057,172.8090551363441,276.70276660924986,-14.82106104927705,33931.260042104754,207.15562584704887,163.79598624638626,-4.381121842868703,0.006628367549659376,4.248347012311862,558.6449957049914,600
961,631.4094216549644,789.153326288437,276.61595594867947,-15.000582374282635,33864.17990928184,215.95585299162443,156.81066032785515,-4.378973280881478,0.0069236364270774085,4.248347012311862,558.6449957049914,600
1621,2104.4811395959964,1358.1685437309877,276.52469432436976,-14.79024204404658,33845.02889853425,232.82293880276265,145.36810278477873,-4.3783590971789375,0.007468626054832726,4.248347012311862,558.6449957049914,600
166,1168.883501440404,133.88824998844285,276.7115827050643,-14.920289727115307,33225.28799646435,205.41373660072858,161.74813109527216,-4.358293759269177,0.006712287756576958,4.248347012311862,558.6449957049914,600
596,422.8309483475706,480.7072933547863,276.66295776110303,-15.029463536109155,32807.313037712534,205.01345797801875,160.02516791473312,-4.3445485304174785,0.006784557792674826,4.248347012311862,558.6449957049914,600
415,583.7582108125059,343.940952704099,276.6827158582372,-15.005656696044992,32790.9092801527,200.96402990126637,163.16805199548833,-4.344005523207261,0.00665387609107462,4.248347012311862,558.6449957049914,600
1432,2007.9711620528763,1205.6831510638212,276.54787262170805,-14.803543255887863,32636.284720214375,204.46075565388233,159.621266271079,-4.3388736572305024,0.006801725267334963,4.248347012311862,558.6449957049914,600
2064,324.04139420519056,1756.5924056827268,276.47260811575757,-15.048924788671519,31922.77349816059,202.94175848839316,157.30017191107737,-4.3148734152160175,0.006902090358895171,4.248347012311862,558.6449957049914,600
187,80.24056145559113,148.3609058327383,276.71412442241865,-15.077623635394517,31314.017271961377,209.48563025874924,149.48050247304988,-4.293968841001416,0.007263154605703463,4.248347012311862,558.6449957049914,600
1702,2035.0637133911046,1427.1161612888818,276.51469386660534,-14.800538407889787,30763.367965890502,200.3867882056719,153.51994131626964,-4.274706574501821,0.00707204543391094,4.248347012311862,558.6449957049914,600
1871,1942.1497065207932,1578.4274050038111,276.49249241925196,-14.814561807586085,29386.150052697572,195.55762695768306,150.2684937931696,-4.224978603734902,0.007225067428268521,4.248347012311862,558.6449957049914,600
1373,452.56748009735554,1152.2224309521514,276.56243296152877,-15.02789638823081,29257.793578713492,198.0212551395782,147.75077331012122,-4.220225802854484,0.00734818489051947,4.248347012311862,558.6449957049914,600
2038,678.7908688920598,1733.2269834505933,276.47463730463124,-14.997579122150677,28453.38506123773,198.18957441450144,143.56650769999234,-4.189956727139641,0.007562348749673306,4.248347012311862,558.6449957049914,600
2036,1694.1356270654753,1728.9887764302343,276.47104852730195,-14.850964906396392,28274.43770102499,191.51947876732305,147.6321775884509,-4.183106816012495,0.00735408782648027,4.248347012311862,558.6449957049914,600
1044,2640.1529406052855,854.2997700924594,276.5976157623136,-14.710922742766071,28054.975927366235,196.49705056264838,142.77555742966013,-4.174646625021643,0.007604242767778243,4.248347012311862,558.6449957049914,600
1692,2907.618375999596,1416.4864738422168,276.51257063392137,-14.674658255409266,28024.8253414082,190.14714112469954,147.38494186998776,-4.1734791606161785,0.007366424182992354,4.248347012311862,558.6449957049914,600
1710,525.7943838115534,1432.46688371389,276.52023054731677,-15.018456709211529,27672.434059878928,198.06225951602147,139.71583545244002,-4.159740277159047,0.007770772700776483,4.248347012311862,558.6449957049914,600
1279,2670.386499479198,1065.0744907248657,276.56602794138314,-14.70742440469764,27632.207537428127,187.40224733664002,147.44864552126214,-4.158160829277019,0.007363241596162658,4.248347012311862,558.6449957049914,600
1607,1491.6479011350848,1345.5690685157974,276.52916841459336,-14.878625910294142,27590.871100621123,199.53423428257386,138.27637748391504,-4.156535404707937,0.00785166649398444,4.248347012311862,558.6449957049914,600
1046,585.38254949553,856.7422933412429,276.60604720408753,-15.007506474343165,27481.283825256338,190.6492960797686,144.14573979731892,-4.1522144178263405,0.007531960372374418,4.248347012311862,558.6449957049914,600
1903,413.57627719016665,1608.0015068181913,276.49445418917657,-15.03538365967001,26840.57767215022,196.2947222872759,136.73611475335147,-4.126601520623013,0.007940111520342793,4.248347012311862,558.6449957049914,600
1124,2652.746579855238,926.1394780530557,276.5868393746375,-14.709400260392341,26698.509438892594,185.78475548649692,143.70667479675467,-4.120839413170128,0.007554972665921837,4.248347012311862,558.6449957049914,600
1414,601.6989573264918,1187.0627199596781,276.55659875585445,-15.00649273491162,26513.375774962304,212.35017966215884,124.85685586489302,-4.113284441874293,0.00869555774474115,4.248347012311862,558.6449957049914,600
640,1439.3303198798067,520.179672349015,276.65269453645755,-14.882814864975911,25955.44470999355,189.1768307265863,137.2020273851953,-4.090193059798316,0.007913148374636568,4.248347012311862,558.6449957049914,600
635,3055.35146869094,518.4642882177277,276.64592309775026,-14.649689903115222,25739.78185604443,233.75231516620664,110.11562318748578,-4.081134028915811,0.009859636340171807,4.248347012311862,558.6449957049914,600
1219,1132.3569412289132,1010.9236068990565,276.5806850339678,-14.929133412355638,25179.60880127712,181.51240069286052,138.72114910696303,-4.057244320245079,0.007826492261557428,4.248347012311862,558.6449957049914,600
197,397.70845400317745,157.06631216610367,276.7114562657032,-15.031779015848782,25163.87537184928,182.95715354042298,137.5397183706704,-4.056565688052988,0.007893719813167216,4.248347012311862,558.6449957049914,600
127,1864.9638529221716,102.0131459350895,276.71330673844943,-14.819678256412548,24897.193040342594,191.8832858786935,129.75175469989776,-4.044997840594844,0.008367516898026625,4.248347012311862,558.6449957049914,600
117,2525.0771294993556,92.27810114368772,276.71185818244186,-14.724407325101387,24830.712750861363,177.6519512239869,139.77168603993735,-4.04209483878749,0.007767667621107325,4.248347012311862,558.6449957049914,600
1006,1374.4394467663387,825.962850016688,276.60728988501944,-14.893428070672934,24470.375378914818,186.79244039997133,131.00302842297774,-4.02622345289042,0.008287594669144076,4.248347012311862,558.6449957049914,600
813,2542.204770273491,656.6455781799345,276.6275415946329,-14.724240323546834,24297.58715420903,180.25965674774554,134.79215256806438,-4.018529745522211,0.008054623205544308,4.248347012311862,558.6449957049914,600
1268,840.233687370126,1056.0052384292574,276.57518419706946,-14.971503704430598,24041.373236336396,186.11631312923475,129.17391727850656,-4.0070200510791825,0.00840494755345359,4.248347012311862,558.6449957049914,600
2216,2583.2007550450953,1899.327350623531,276.44189181036836,-14.723407798712195,23895.279541462136,188.9569226452581,126.45887330797824,-4.000402162857367,0.008585399913819285,4.248347012311862,558.6449957049914,600
1398,1321.1064917478539,1174.6407244948746,276.5554238832719,-14.902548148496836,23888.11706589861,178.7848507952923,133.61376514641262,-4.0000766707557,0.008125659798676438,4.248347012311862,558.6449957049914,600
1822,959.2178788417453,1533.0636088522217,276.50338814343155,-14.956261917525019,23463.329419028654,178.5000837592103,131.4471619558441,-3.98059596912032,0.008259592552973564,4.248347012311862,558.6449957049914,600
1091,1503.4193327607384,900.7131488692914,276.5955717706228,-14.875113438480573,23460.959239732474,180.57378319264782,129.9245041275056,-3.9804862864996826,0.008356391331188099,4.248347012311862,558.6449957049914,600
1954,1467.4651747670712,1654.93588662233,276.48305697702745,-14.883378236278539,22640.84188416833,177.11322569641993,127.83258729066206,-3.9418533034377976,0.00849313952733638,4.248347012311862,558.6449957049914,600
1203,560.7420145565517,994.192284951494,276.58560344317135,-15.011625174603097,22580.742233077704,180.77240757202097,124.91254907960099,-3.938967406945068,0.008691680763860912,4.248347012311862,558.6449957049914,600
2311,1500.5663923089216,1986.912910598274,276.43333032497077,-14.879954837301591,22534.083455481392,184.58169881401565,122.08189436043014,-3.936721620049304,0.008893210624620706,4.248347012311862,558.6449957049914,600
341,2471.77483017094,280.69986791136694,276.6839663050003,-14.732863433264807,22508.83376774518,173.8862593633951,129.4457299280056,-3.935504358615292,0.008387298681878798,4.248347012311862,558.6449957049914,600
523,665.2943600739576,422.45794291712417,276.67062800523905,-14.994196519068463,22435.523700366903,181.60244679815656,123.54196816138187,-3.9319624027658846,0.008788106715134723,4.248347012311862,558.6449957049914,600
2247,319.06968033723416,1932.9524163535773,276.4462605343445,-15.050360635978066,22421.18885148375,176.43665811377556,127.07783683493595,-3.931268465824607,0.008543582634399407,4.248347012311862,558.6449957049914,600
2295,2077.82683003369,1967.350492156669,276.4338527574568,-14.796575992025447,22277.635701906693,183.65529975341133,121.30134949450537,-3.9242946185603604,0.008950436285535136,4.248347012311862,558.6449957049914,600
191,2730.238226892547,151.47125499449604,276.7021178322452,-14.695063010595408,22039.18317137129,177.577236858845,124.11040717392227,-3.912610610068765,0.008747856241246176,4.248347012311862,558.6449957049914,600
695,3043.794567496949,562.3878578086806,276.63942013815347,-14.651535307973223,21781.21194565436,187.20981374572278,116.3465285812347,-3.8998269765786304,0.009331606307806167,4.248347012311862,558.6449957049914,600
113,660.4091191480787,90.22056394184838,276.72031532301406,-14.993552110990581,21724.638404461904,188.96635453993176,114.96564273229457,-3.8970032654670717,0.009443690951462146,4.248347012311862,558.6449957049914,600
633,701.0091200844732,517.8361031772264,276.65621727576894,-14.98942493195568,21439.321237611584,172.22568425049968,124.48387899233666,-3.8826494530588915,0.00872161125431219,4.248347012311862,558.6449957049914,600
139,2916.575644514401,111.41754327971276,276.70727168741564,-14.668033076470536,21324.530248061987,219.96082719529733,96.9469451445939,-3.876820556532926,0.011198908829780106,4.248347012311862,558.6449957049914,600
892,330.0353867485965,733.7182093394873,276.62552233735215,-15.043900172787868,21284.51718700584,171.1997003523943,124.3256684631701,-3.874781382017773,0.008732709933682158,4.248347012311862,558.6449957049914,600
223,661.8484394432912,179.03195444947912,276.7070325300881,-14.993705035918772,21200.280318244826,180.35187722002644,117.54954062596653,-3.870475882478577,0.00923610585135856,4.248347012311862,558.6449957049914,600
2327,2761.7903653051194,1997.7615679801443,276.4264525009298,-14.698060842048807,21184.707658825733,178.2176565058483,118.86985876806513,-3.8696780622264813,0.009133518044455504,4.248347012311862,558.6449957049914,600
386,2703.039463283014,320.8736630123404,276.6769547662759,-14.699676350913103,21130.077616887284,180.22601419254056,117.24210687095051,-3.8668746049021454,0.009260324886476497,4.248347012311862,558.6449957049914,600
2338,1029.5264570346226,2006.1513106340951,276.4324016265874,-14.948036667887367,20988.913124226092,178.28333703874486,117.72784530987741,-3.8595967489184737,0.009222117309140198,4.248347012311862,558.6449957049914,600
1157,1703.9615783874879,954.9804987225199,276.58660907670185,-14.846389348486683,20897.1467330702,178.3850848901762,117.14626671807035,-3.8548393545487163,0.009267900978977813,4.248347012311862,558.6449957049914,600
2173,1807.3991635910222,1854.6689233920522,276.45180604612136,-14.835133244679707,20843.005781585467,171.54325654562297,121.50291536550225,-3.8520227465292365,0.008935588061685784,4.248347012311862,558.6449957049914,600
1236,292.7251374792666,1025.7979218552964,276.5820064927316,-15.050478512191265,20581.64194405632,175.9174672146926,116.9960110836415,-3.8383219204663135,0.009279803558634349,4.248347012311862,558.6449957049914,600
1417,721.8483868662605,1191.66908462155,276.5554056514828,-14.98915532748938,20402.693319115497,177.38772384888338,115.01750446099953,-3.828840627951471,0.009439432763628968,4.248347012311862,558.6449957049914,600
328,547.8698936445567,266.56624556840814,276.6944378029585,-15.010527278608075,20137.82662535651,171.7869631039703,117.22558139157819,-3.8146533678436634,0.009261630329418864,4.248347012311862,558.6449957049914,600
2056,1597.5098703571234,1747.6665203052642,276.46866255959225,-14.86498632645367,20062.13614082936,172.41362557237713,116.36050268200827,-3.8105648070160028,0.009330485645692142,4.248347012311862,558.6449957049914,600
1317,2439.4105596864197,1102.1994216435191,276.5614789283221,-14.740884835241838,19828.415575046034,168.69719582832406,117.53850132295362,-3.7978419053299954,0.009236973313254064,4.248347012311862,558.6449957049914,600
1370,1068.164510008745,1147.626205816509,276.56052930420884,-14.938959410790485,19793.503222956322,172.5619950380934,114.70372267420106,-3.795928539414512,0.009465255134602477,4.248347012311862,558.6449957049914,600
818,472.63152772484233,663.9903655711045,276.6353423362897,-15.023012712913959,19668.02857779764,170.0133056743059,115.68523122228818,-3.7890239506704497,0.009384949042577759,4.248347012311862,558.6449957049914,600
2341,3000.775236834397,2006.0426168745776,276.4242128921781,-14.663643579572726,19666.25148236344,343.27552835838134,57.289989695483854,-3.7889258450561822,0.018950954709031576,4.248347012311862,558.6449957049914,600
385,132.85288881334932,320.45142091272544,276.6881615265995,-15.070717819774073,19583.352608070243,168.1071778656516,116.49325660395611,-3.784339483227692,0.009319852767882272,4.248347012311862,558.6449957049914,600
1187,1437.4429697745961,982.8940728651409,276.58357635936125,-14.884972154353964,19488.23398375354,171.07805270854175,113.91428459239478,-3.779053087296585,0.009530850357220998,4.248347012311862,558.6449957049914,600
557,1207.8163042937413,453.4074890588378,276.66366920115473,-14.915968020259408,19347.40472049103,168.0441527419283,115.13286481442509,-3.7711786654950705,0.009429974679688261,4.248347012311862,558.6449957049914,600
1724,1840.005493982441,1444.104319295658,276.51298151073723,-14.82875203767749,19326.992889577174,168.95849382458303,114.38899845806476,-3.770032591231171,0.009491297368059568,4.248347012311862,558.6449957049914,600
1252,1205.1515626019225,1041.3963522850963,276.57582301209214,-14.918746642175613,19284.246569578594,169.89862412601408,113.50443047305338,-3.7676285634478512,0.009565265386338832,4.248347012311862,558.6449957049914,600
2144,659.0800232361491,1831.5380927254012,276.46002394996094,-15.000826586945108,19255.309581352398,166.25834078735707,115.81560052965864,-3.7659981377338214,0.009374384755031068,4.248347012311862,558.6449957049914,600
1545,855.3879929618471,1299.4477913129822,276.538735944734,-14.970305819589345,19234.76678854128,167.3301180837218,114.95101425146532,-3.7648391867457627,0.009444892740354052,4.248347012311862,558.6449957049914,600
1220,1265.4042166345203,1011.8783055043102,276.57997770835135,-14.909927006837348,18997.51329747995,163.69299572201166,116.05574944539529,-3.751363766967579,0.009354986764450015,4.248347012311862,558.6449957049914,600
1110,3054.738587122293,917.5324424802509,276.5863840394343,-14.651409640545786,18927.39595563634,177.80247655826406,106.45181283194346,-3.7473490428792355,0.010198980845107876,4.248347012311862,558.6449957049914,600
1005,610.2868578075108,825.5510235848127,276.61060450017936,-15.00378181506075,18898.5198825752,175.4679945770975,107.70351555064664,-3.745691353785963,0.01008045089753323,4.248347012311862,558.6449957049914,600
693,567.0801424168911,558.9306118140212,276.6506466292465,-15.00893993929008,18808.9362532784,169.72106319251301,110.82263980366184,-3.7405324604188586,0.009796734691787462,4.248347012311862,558.6449957049914,600
1261,737.5218089911349,1052.3597589920341,276.57616261998123,-14.986324534094695,18771.15456514206,216.06138114070524,86.8788048379537,-3.7383493384724287,0.01249671887205455,4.248347012311862,558.6449957049914,600
1549,1629.6448458739883,1301.220085566943,276.53521012031524,-14.858527002926998,18738.431039713847,169.72147929062402,110.40695095301953,-3.7364549360286037,0.009833619990665154,4.248347012311862,558.6449957049914,600
1535,162.09872416584085,1290.5871854020654,276.5429585141299,-15.070431571354348,18589.6315661096,170.23407435370595,109.20041499732166,-3.72779883012863,0.009942269908284038,4.248347012311862,558.6449957049914,600
219,1684.989054553281,175.70679583126687,276.70308691788426,-14.845952317378424,18525.06568190438,161.26385304862686,114.87425936870308,-3.7240212652290983,0.009451203480801668,4.248347012311862,558.6449957049914,600
814,2327.6116714814675,660.2258978199652,276.6279385711714,-14.755205377664941,18505.77473408595,162.6830520934816,113.75355020664406,-3.722890052319536,0.009544317500664581,4.248347012311862,558.6449957049914,600
761,1592.8330841159539,617.6932534153814,276.6374657011827,-14.86105394887348,18220.997233338654,162.76115017033888,111.94930248569352,-3.706052229492336,0.009698139924889182,4.248347012311862,558.6449957049914,600
2364,961.429313876945,2028.7080836897471,276.4293112391073,-14.957962063589214,17957.312931695895,175.70867442900322,102.19935350403955,-3.6902252513273592,0.01062335487236802,4.248347012311862,558.6449957049914,600
121,631.2292532452826,96.94601186892608,276.7194362222851,-14.997794954750265,17730.986088721314,163.963764279924,108.1396622393374,-3.67645409671235,0.010039794627775902,4.248347012311862,558.6449957049914,600
1347,227.12880463879435,1129.3053644975603,276.5668042747146,-15.060378327226061,17584.180918734346,166.3945808455605,105.67760578125522,-3.6674272326339636,0.010273699824798437,4.248347012311862,558.6449957049914,600
512,2364.337766911261,416.0681035924032,276.6642285542226,-14.74891171418257,17535.448191957956,158.04144913342554,110.95474186112884,-3.6644140504838445,0.009785070757578476,4.248347012311862,558.6449957049914,600
439,701.92664312013,358.81876444583816,276.6799838581881,-14.98864597480528,17245.26380321104,168.19193498973277,102.53323861375263,-3.6462964795849433,0.01058876140731184,4.248347012311862,558.6449957049914,600
923,1540.1010780394604,757.4959083937638,276.6168088773877,-14.869234988980237,17050.70705467445,173.34305479762872,98.36394699851395,-3.6339778563470326,0.011037580669840369,4.248347012311862,558.6449957049914,600
1050,1041.224700498499,858.8422563007338,276.60379810337497,-14.941673957505065,16791.942993391713,164.51745038265216,102.06785331486252,-3.6173742520403773,0.010637041583022172,4.248347012311862,558.6449957049914,600
841,103.21567337380226,683.1781992957472,276.6340410047866,-15.076474035602441,16776.703127702756,158.788454619769,105.65442662614133,-3.616388422882344,0.010275953735869056,4.248347012311862,558.6449957049914,600
441,2712.1204863249864,358.3636958282235,276.67131962092975,-14.698519950333479,16691.377337881306,163.52540420006673,102.07207509764098,-3.6108523121381997,0.01063660162646279,4.248347012311862,558.6449957049914,600
574,848.757897491532,467.8781781622245,276.66305130845507,-14.967879996138263,16680.32036311098,156.50519797293785,106.5799767621473,-3.6101328427021464,0.010186716426322162,4.248347012311862,558.6449957049914,600
1266,351.6117868600533,1055.32578678708,276.57734398098575,-15.04208942345528,16600.393501847517,160.5272387605972,103.41169280687974,-3.6049178311373375,0.010498812760250754,4.248347012311862,558.6449957049914,600
1381,319.49060332420567,1160.037454181579,276.5618222448997,-15.047156497605963,16418.9784507585,158.7296980754802,103.43986443514079,-3.59298720621263,0.010495953430804807,4.248347012311862,558.6449957049914,600
1839,2379.2652580938443,1546.7750546253062,276.4953728392759,-14.751375960900516,16364.481562182831,164.64145593194436,99.39466016959422,-3.5893775018402714,0.010923122008239696,4.248347012311862,558.6449957049914,600
1265,2803.9314262056228,1055.288527778205,276.56691328136606,-14.6881292562146,16247.33291044453,153.58661941151664,105.78612233733578,-3.5815770723523785,0.010263160951659318,4.248347012311862,558.6449957049914,600
1377,639.2918275844866,1157.4479618532678,276.56086785217155,-15.000941589851138,16198.331206093368,179.3371804123626,90.32332932215954,-3.5782975608115875,0.012020150365888242,4.248347012311862,558.6449957049914,600
2116,2695.424226518438,1802.78803089017,276.45582680462854,-14.706831249977418,15925.661378339923,157.07289104394027,101.39026074133191,-3.5598655671400725,0.010708129085197358,4.248347012311862,558.6449957049914,600
1788,1579.1674325524052,1502.5015579102617,276.50535838790597,-14.866633424039668,15802.431829946698,159.58500774824506,99.0220325387707,-3.551431687797022,0.010964226568212578,4.248347012311862,558.6449957049914,600
886,54.7150498400205,728.5178453420292,276.62746544497276,-15.083668134032912,15705.131792536471,175.49783496393087,89.48903441324084,-3.5447258370728685,0.01213221270202195,4.248347012311862,558.6449957049914,600
1953,2399.401072870899,1653.2257748068337,276.47939781093567,-14.748907020386623,15629.25536930171,152.10346199494447,102.754106739669,-3.5394675921683727,0.010566001052888891,4.248347012311862,558.6449957049914,600
1730,2110.0046618741294,1448.4484903308987,276.5111915773537,-14.789813879332714,15616.99660518032,156.89218192711726,99.5396737642099,-3.5386156637690287,0.01090720874343844,4.248347012311862,558.6449957049914,600
1897,2797.671893654591,1601.398522755444,276.4854468885136,-14.69126533896272,15610.000765428587,155.1914599546702,100.58543665990452,-3.5381291849354684,0.01079380908461854,4.248347012311862,558.6449957049914,600
1591,1224.9500379382034,1336.0617045083975,276.53171213944717,-14.917088487397553,15596.175603513606,153.4487055208997,101.63771372701093,-3.537167165133214,0.010682058462236618,4.248347012311862,558.6449957049914,600
1127,1920.816973492606,929.336895631508,276.58951083576625,-14.814990871469298,15568.62400284229,150.66375659833494,103.33357108802069,-3.5352474493950146,0.010506750019073557,4.248347012311862,558.6449957049914,600
1971,270.99931699162386,1670.3151085378747,276.48572660921803,-15.056238246965925,15541.355337561516,156.83210482352888,99.09549677375693,-3.5333440997071848,0.010956098262252434,4.248347012311862,558.6449957049914,600
927,677.0739453299677,760.5061790273629,276.62004429655315,-14.993869207863783,15482.333896812575,160.69127902430168,96.34831454961007,-3.529212947418627,0.011268489802600227,4.248347012311862,558.6449957049914,600
801,866.24078070606,651.5509457813819,276.6355239687212,-14.966101862611918,15302.447853238438,194.17987670235286,78.80552873506393,-3.516524144568711,0.013776952168546595,4.248347012311862,558.6449957049914,600
401,2537.499997975823,328.91478674007766,276.67648096485556,-14.723581113128644,15212.975665350037,160.3753542699745,94.85856311650382,-3.510157300469335,0.011445461161651375,4.248347012311862,558.6449957049914,600
1039,1547.682226405714,849.9180510311626,276.60297039266175,-14.868517288645624,15138.585396768176,149.1734112835999,101.4831347389889,-3.5048351116405074,0.010698329360759134,4.248347012311862,558.6449957049914,600
1895,285.0862846053761,1601.3793991673126,276.4959757224292,-15.0539223366037,15040.907977414317,157.50403266885112,95.49538334067614,-3.4978070095067793,0.011369135994007237,4.248347012311862,558.6449957049914,600
1715,2821.7019464452283,1436.1725064935615,276.50999989837493,-14.687124884985865,15036.857785989705,151.8056639647104,99.05333828311741,-3.49751460484301,0.010960761331403265,4.248347012311862,558.6449957049914,600
1813,2443.3703176345457,1520.199022652928,276.4990682618759,-14.74202188486842,15015.90911670198,154.0557144320845,97.47064022945898,-3.4960009517111907,0.011138738777585911,4.248347012311862,558.6449957049914,600
2300,916.8121792396171,1971.1157435428743,276.438101272894,-14.964170544692083,14842.024593520851,160.09053939028036,92.71019168308182,-3.483354741260455,0.01171068660618597,4.248347012311862,558.6449957049914,600
76,613.4366547385357,56.423961870717044,276.725571181283,-15.000200826858057,14711.335122631572,165.92865715540344,88.66060495417261,-3.4737520959819674,0.01224557401295855,4.248347012311862,558.6449957049914,600
2235,1240.1164377820298,1917.5300541567012,276.4447734703922,-14.91726912573415,14662.118518854899,151.97001119730461,96.48034111031868,-3.470113688373891,0.011253069666892827,4.248347012311862,558.6449957049914,600
1627,774.2338177810989,1363.2962757030393,276.52953310911994,-14.982287115411026,14655.232545788691,158.3846986386746,92.52934577488381,-3.469603659320859,0.011733574801678786,4.248347012311862,558.6449957049914,600
1146,1385.3271023418765,941.649851397665,276.5899599705774,-14.892327546675238,14586.940074687416,151.3478183574446,96.38024672570316,-3.4645323710719538,0.011264756388203562,4.248347012311862,558.6449957049914,600
2192,2797.955131619201,1873.6587140274196,276.44481901676045,-14.692338852030556,14527.925806581508,156.90115074083545,92.59285695474786,-3.460130907194986,0.011725526522317,4.248347012311862,558.6449957049914,600
2029,638.8723715338856,1718.8198489802164,276.4769558730507,-15.003286685443884,14517.502592717123,166.16555839938124,87.36769961572965,-3.4593516547086587,0.0124267893600867,4.248347012311862,558.6449957049914,600
741,2226.472895610888,595.2916129585614,276.63807158586945,-14.769529652723305,14250.531343013921,146.11692091363102,97.52827567066883,-3.4391995182420136,0.01113215621350844,4.248347012311862,558.6449957049914,600
226,1034.9920168997257,179.54799699732692,276.7053406168635,-14.939810331413998,14166.675378969754,149.88747460581658,94.5154050812195,-3.4327917300799826,0.01148701631302358,4.248347012311862,558.6449957049914,600
1533,1062.4682520415106,1288.2267463085593,276.53954311104536,-14.940354563403554,14127.726646490162,155.53158199366692,90.83509899015512,-3.42980258221568,0.011952428214094537,4.248347012311862,558.6449957049914,600
951,1404.9015933149658,774.7973583320761,276.6148036110744,-14.88882201776349,13970.916061501019,155.09266836306762,90.0810864172863,-3.417684082492354,0.012052474533562656,4.248347012311862,558.6449957049914,600
2149,2314.579791532632,1835.0880392737445,276.4526078152626,-14.761884199785106,13946.224270182953,149.3966337287504,93.35032471684865,-3.415763486151431,0.011630382682579399,4.248347012311862,558.6449957049914,600
462,2539.7756698266608,376.0018529546641,276.6694424523551,-14.723445072597121,13927.439950305445,154.5648770999122,90.10740481036073,-3.4143001106082016,0.01204895427057249,4.248347012311862,558.6449957049914,600
904,385.42607318965344,741.1189839608095,276.6241809296114,-15.035926401243906,13914.28698923788,149.6258123168838,92.99389439416791,-3.413274265686712,0.011674960029075731,4.248347012311862,558.6449957049914,600
1760,2774.6432979938613,1474.1308582081285,276.50453618986893,-14.694064751720807,13881.404777552874,146.44884392416344,94.7867146342321,-3.4107054197898035,0.011454136839635762,4.248347012311862,558.6449957049914,600
209,133.0140487012891,167.76563571120147,276.71099551319435,-15.070074757196721,13874.223378184659,152.2686656233917,91.11673318593319,-3.410143580192793,0.011915484258906827,4.248347012311862,558.6449957049914,600
72,200.21024168805386,53.52291861831318,276.7277912707829,-15.059899333477691,13848.277633709018,155.85940053676134,88.8510900594843,-3.4081112785364938,0.0122193211053814,4.248347012311862,558.6449957049914,600
2292,2132.636042243216,1965.7714264682056,276.4338599007483,-14.788662805923682,13814.827535031829,155.37674298762767,88.91181054124603,-3.4054855428740756,0.01221097617280379,4.248347012311862,558.6449957049914,600
1547,804.7975014568685,1300.1033300112238,276.53885012703114,-14.97761536999503,13796.307011364144,154.34679478889583,89.38512153902332,-3.404028999604617,0.01214631676174441,4.248347012311862,558.6449957049914,600
1227,1974.0250217162243,1016.9466069847023,276.5762002463128,-14.807670901599423,13698.648402307648,145.04520663858864,94.44399246119715,-3.3963161714251955,0.011495702073862094,4.248347012311862,558.6449957049914,600
1844,418.7781028528764,1551.224041439925,276.5029211293064,-15.034401118727995,13592.596992669278,151.68076398848459,89.61318914309537,-3.3878779757387365,0.012115404109392222,4.248347012311862,558.6449957049914,600
1520,1251.406722149745,1277.2775238880067,276.5403836923446,-14.91302916905072,13580.071351192484,146.5107736056543,92.68991635894541,-3.386877003494839,0.011713248243698737,4.248347012311862,558.6449957049914,600
555,1171.9184933656943,452.3753793627842,276.66397814628914,-14.92114722250194,13531.526103466458,154.7588483478788,87.43620315039601,-3.382988823210185,0.012417053358693135,4.248347012311862,558.6449957049914,600
135,2648.056787374491,108.90419490990413,276.7088337842073,-14.706739840294139,13503.463482610241,146.50534213780819,92.1704511628552,-3.3807348098095167,0.011779263161918192,4.248347012311862,558.6449957049914,600
103,110.18213778453875,84.2332086432212,276.72358650315397,-15.073035721772216,13279.525065273861,161.58744832496797,82.18166202221013,-3.362578231572093,0.013210976430564066,4.248347012311862,558.6449957049914,600
1442,770.7181137691119,1213.8569332050808,276.551883912074,-14.982186695098246,13241.69012179348,150.40927574061956,88.03772278399067,-3.35948042511645,0.01233221357467268,4.248347012311862,558.6449957049914,600
1182,376.7285892682088,978.9898109982679,276.58865188774854,-15.038149891776552,13170.989613033307,160.92070141197584,81.84770198903142,-3.353667892184362,0.013264880670021706,4.248347012311862,558.6449957049914,600
577,2002.3537693856547,467.54380790698104,276.65811927397374,-14.801342750736355,13072.9584728544,146.86874316728273,89.01116868661678,-3.3455565780804104,0.012197345749076091,4.248347012311862,558.6449957049914,600
2230,2054.9992151192278,1914.5425560966503,276.441832435069,-14.799653390657955,12945.356094129791,147.23638674746473,87.92226147421876,-3.3349068772463286,0.012348408489451302,4.248347012311862,558.6449957049914,600
1335,1050.484529037329,1115.4629578306556,276.5654102490275,-14.941381500455083,12940.35751136177,149.3735399028464,86.63085523566134,-3.3344875616011125,0.012532486226143995,4.248347012311862,558.6449957049914,600
1779,205.43969318533811,1493.7981609768037,276.51239143051356,-15.064994201272084,12839.789235789853,152.28934212302653,84.3118044690039,-3.3260166112381047,0.012877200373515231,4.248347012311862,558.6449957049914,600
1961,2895.247396515411,1657.9662376829378,276.4765920198842,-14.677429904225258,12835.111234092445,146.61633433435443,87.54216433226556,-3.3256209660147897,0.012402023736576066,4.248347012311862,558.6449957049914,600
541,2760.891517359928,436.4109641795559,276.6594577668763,-14.691806262481844,12772.259748450248,150.89735205962862,84.64204026193356,-3.320291229466444,0.012826959234916703,4.248347012311862,558.6449957049914,600
1622,2028.2048285672965,1358.9994234061567,276.5248937764044,-14.801249851833207,12762.97356613609,149.70149257725785,85.25615440707368,-3.319501548427488,0.012734564531448299,4.248347012311862,558.6449957049914,600
895,155.0286896366409,735.53992645992,276.6259910497259,-15.069198279134186,12726.238125483738,153.0317488951193,83.16077034580384,-3.3163719871047097,0.013055434617613337,4.248347012311862,558.6449957049914,600
2062,1250.9587535819953,1754.1095443524393,276.4691439545384,-14.915037407611596,12696.746088567481,145.33446779696732,87.36224985737638,-3.3138529605163214,0.012427564557603132,4.248347012311862,558.6449957049914,600
2195,2896.279325834849,1877.5339399195555,276.4438263859515,-14.678180090393026,12689.156272366352,156.62252930744103,81.01743937143466,-3.313203738884142,0.013400818495663281,4.248347012311862,558.6449957049914,600
2169,929.1684062497505,1852.9571919750022,276.45570791378236,-14.961904663202802,12675.337161391566,147.98760526703677,85.65134315485076,-3.3120206748007512,0.012675808224479813,4.248347012311862,558.6449957049914,600
2008,929.1691602951161,1699.5538592747598,276.4786326612026,-14.961279566095568,12568.270043497963,145.72900118220474,86.24412396667617,-3.302810632641749,0.012588683727827107,4.248347012311862,558.6449957049914,600
399,422.22828654123884,327.98452858527344,276.6857950394575,-15.028930193292458,12462.574730447086,153.55214433666208,81.1618410428901,-3.2936413128564186,0.013376976003122702,4.248347012311862,558.6449957049914,600
944,952.0348899338173,771.0105392681274,276.61730390600064,-14.954196856012235,12431.80971212557,154.16049184231287,80.64199564724908,-3.2909577589558516,0.013463208484437307,4.248347012311862,558.6449957049914,600
2294,1534.1972079837783,1967.5056865530028,276.43608979859084,-14.875021493475142,12352.768035324989,153.8178348420324,80.30777476494202,-3.2840325894406153,0.013519238992461253,4.248347012311862,558.6449957049914,600
1453,2472.8291079635183,1222.7544477502202,276.5433408757083,-14.736557715507702,12316.820640154823,145.35809145134957,84.73433103844229,-3.280868417022491,0.012812988392006534,4.248347012311862,558.6449957049914,600
323,1258.7242351767045,261.6929643626082,276.69209539107896,-14.907837351346943,12240.921047319309,161.02294177677152,76.01973304083016,-3.274157116015542,0.014281818109212132,4.248347012311862,558.6449957049914,600
1034,1661.8278268768177,847.0679410176953,276.60290741636356,-14.852030388067476,12225.270202701038,144.96178721305472,84.33443349269135,-3.2727680407172013,0.012873745100737409,4.248347012311862,558.6449957049914,600
807,1612.2874793366957,652.9802676431893,276.63211092952884,-14.858389709457386,12202.829229472496,154.5674616024477,78.94824113019692,-3.2707732081657808,0.013752047980518347,4.248347012311862,558.6449957049914,600
472,379.53578355764455,382.74912391586514,276.6777896335031,-15.035321538873838,12088.176124440855,140.03763529288182,86.3209100836288,-3.260523821634437,0.012577485558807942,4.248347012311862,558.6449957049914,600
811,686.3078437742203,655.6630024152174,276.6356772837727,-14.992108991441018,12053.278343235026,155.00559256686006,77.76028041075982,-3.257384838358719,0.013962141009071902,4.248347012311862,558.6449957049914,600
1894,1331.663016139247,1600.3920053780819,276.49177277221173,-14.902759505502042,11951.239929681586,142.46013453316914,83.89181976308583,-3.2481542871850784,0.012941667054857844,4.248347012311862,558.6449957049914,600
205,554.7740098993559,163.270752130794,276.7098511307001,-15.009110136546918,11860.271330132324,139.80014001011918,84.83733513624406,-3.2398584355304165,0.012797431676235775,4.248347012311862,558.6449957049914,600
282,2484.2577441309004,226.8808654782914,276.69194534101416,-14.730843510030134,11857.433975090098,142.70932140686827,83.08801315987077,-3.2395986617394747,0.013066866792337302,4.248347012311862,558.6449957049914,600
1358,2051.927653643799,1142.0915450486398,276.5571806661854,-14.796941792621338,11855.125369795656,144.62967071417842,81.96883330547104,-3.2393872517164453,0.013245278189503457,4.248347012311862,558.6449957049914,600
487,290.7600865559304,395.5035715333795,276.67626244699886,-15.048201789661771,11799.624863345583,155.53336635974475,75.86555309330443,-3.2342923748552006,0.014310842743935908,4.248347012311862,558.6449957049914,600
942,3013.1881609055304,768.5077584273218,276.6087995048774,-14.656789703514871,11756.011690300133,152.6166399227466,77.02968494294552,-3.2302718972102245,0.014094566280572979,4.248347012311862,558.6449957049914,600
1644,1068.572981548814,1374.1258424869075,276.5266815297714,-14.93982291261949,11594.853933222883,139.95838315846893,82.8450120068515,-3.2152850789435954,0.013105194551848333,4.248347012311862,558.6449957049914,600
1357,2463.3387882107904,1140.847517183458,276.5556074127418,-14.737591745059511,11592.457933540281,140.86775752951385,82.29319566694666,-3.215060695571672,0.013193071325046078,4.248347012311862,558.6449957049914,600
610,3082.359535853981,492.6042743726359,276.64966301187945,-14.64569112467611,11586.271505966317,269.57690921583907,42.97946563624138,-3.2144811272590785,0.025260900384124606,4.248347012311862,558.6449957049914,600
2005,585.7800314034249,1697.1818206024268,276.4804098786036,-15.010868108635108,11584.807941253355,144.17275777138903,80.35365432645106,-3.2143439696266425,0.01351151990660126,4.248347012311862,558.6449957049914,600
793,2610.463173005473,644.6474213845037,276.6290356709896,-14.714347796793326,11545.666470834636,141.44460638082595,81.62677083457706,-3.2106693928455137,0.013300783418227519,4.248347012311862,558.6449957049914,600
2107,259.9388268364647,1788.112985390194,276.4681589532983,-15.0583155897587,11517.774846632907,141.81102558839413,81.21917741476038,-3.208043335393675,0.013367532577382275,4.248347012311862,558.6449957049914,600
287,2601.073317897902,231.5149595724806,276.6907401015663,-14.714015501073748,11486.504523032054,139.59076071987656,82.2869971035015,-3.2050915938647373,0.013194065140503237,4.248347012311862,558.6449957049914,600
329,919.5061880008941,267.1292967902274,276.69275111825533,-14.956845258452885,11457.555049349146,138.716065636876,82.59717428363462,-3.202351755409677,0.013144517465836785,4.248347012311862,558.6449957049914,600
436,2464.770544098554,355.4157019531636,276.67284374643197,-14.734178475286834,11453.929800028505,140.17455486123598,81.71190421376531,-3.2020081666377207,0.013286925698851863,4.248347012311862,558.6449957049914,600
2022,1190.018849033505,1712.405226428909,276.4756283484814,-14.923665709232504,11429.416362760297,144.928120153154,78.86265516093196,-3.199682008886446,0.013766972438151545,4.248347012311862,558.6449957049914,600
1080,1057.7754033839649,887.3739808916866,276.5994639805393,-14.939400048396339,11374.825292739784,153.22645744925046,74.23538651284943,-3.1944837115436036,0.01462510065616855,4.248347012311862,558.6449957049914,600
50,554.9792131881012,39.731903064318615,276.72831987970983,-15.008578663274717,11293.871368801396,140.1469472350293,80.58592492822082,-3.1867289666545426,0.013472576023257792,4.248347012311862,558.6449957049914,600
519,2869.231606347584,421.09721463480514,276.661268092581,-14.676123224866636,11236.920496970532,140.03627238551553,80.24292781827009,-3.1812401444686444,0.013530164333719672,4.248347012311862,558.6449957049914,600
2374,2405.077263287024,2042.2142153843306,276.4213114663993,-14.749679230037344,11164.685249205504,139.9959804449816,79.75004149203572,-3.174238084306056,0.013613786020517922,4.248347012311862,558.6449957049914,600
1623,2312.0799811077554,1358.6092715934894,276.52374672809293,-14.76029734569804,11163.343880145287,136.6772882039733,81.67665620849479,-3.1741076318647825,0.013292659743912015,4.248347012311862,558.6449957049914,600
889,2631.0695536058874,729.8432177945404,276.61623035103844,-14.711724206231388,11058.193934954877,139.13400217667493,79.47873102157284,-3.1638323794978094,0.013660258361514473,4.248347012311862,558.6449957049914,600
2148,2945.6262866167326,1834.189906522578,276.45008523070726,-14.670889103267172,10952.225472370861,150.00463717668808,73.0125793342669,-3.1533778140285085,0.014870040339616517,4.248347012311862,558.6449957049914,600
1660,289.18721171769363,1384.982943162425,276.52831451459997,-15.052449827640546,10951.117366982333,151.72250238350992,72.1785970765307,-3.1532679577249425,0.015041855120138125,4.248347012311862,558.6449957049914,600
1177,407.54902150475687,974.7309994180584,276.5891588070196,-15.033679293937992,10913.544094415614,146.48750640458718,74.50153506110786,-3.149536392744125,0.014572854090985967,4.248347012311862,558.6449957049914,600
601,2441.889055168912,483.9137502397009,276.6537620111582,-14.738002964602517,10863.678081280494,140.13508616332805,77.5228986452317,-3.1445640937027157,0.014004894282507322,4.248347012311862,558.6449957049914,600
1785,1530.5336548592684,1500.1177498781717,276.5059188067998,-14.87364330223781,10858.800138511928,138.96182950818672,78.1423228014726,-3.1440764735422535,0.013893879284319661,4.248347012311862,558.6449957049914,600
2236,1831.8089545834266,1917.722820267798,276.4422882231276,-14.831868481578317,10840.849287117831,138.49459945174922,78.27633229044953,-3.1422801409537997,0.013870092890548807,4.248347012311862,558.6449957049914,600
968,2966.2400293984633,792.6997646667205,276.60539408394345,-14.66365635233034,10839.502553305065,144.07871954860477,75.23319604217036,-3.142145254059774,0.014431129569338437,4.248347012311862,558.6449957049914,600
105,407.52927926694093,84.25788290842586,276.7223003945385,-15.030064262683311,10789.642108722648,146.87862601742148,73.45957952685964,-3.137139472591391,0.014779556417186222,4.248347012311862,558.6449957049914,600
990,809.1123821895297,808.9615740378874,276.6122401297178,-14.974993593034092,10705.436919875152,133.90688297540353,79.94687563477646,-3.128632866059257,0.013580268038989212,4.248347012311862,558.6449957049914,600
1652,1434.3843755784833,1380.4730131980139,276.52419567872715,-14.887034168802074,10678.12971856742,140.4366093658686,76.03522875398193,-3.125859855014993,0.01427890752473264,4.248347012311862,558.6449957049914,600
1275,500.0300384935355,1061.8500167271532,276.5757445337072,-15.020671549055354,10666.223700524075,141.19611689811705,75.54190536429913,-3.12464859356977,0.014372155358859913,4.248347012311862,558.6449957049914,600
151,1544.390364432347,123.89129160904962,276.7114407036737,-14.866035458926504,10656.698170629737,140.98715994564608,75.5863028572116,-3.123678537643451,0.014363713516336044,4.248347012311862,558.6449957049914,600
636,524.910537139892,519.6385124193991,276.6567009705189,-15.014872730367278,10594.836479577527,141.15224907652825,75.05963630684585,-3.1173575195637326,0.01446449854302023,4.248347012311862,558.6449957049914,600
1688,300.6121135366462,1411.7771432872598,276.5242607071018,-15.050907874836875,10523.199452147644,146.6925293780153,71.73643740936645,-3.1099913788039126,0.015134568138704962,4.248347012311862,558.6449957049914,600
2079,915.784527601881,1771.3469709345338,276.4679592227651,-14.963504992108293,10510.04108746996,137.9674770842189,76.17767106848203,-3.108632908646843,0.014252207829036674,4.248347012311862,558.6449957049914,600
1863,1906.918020154016,1567.969962446337,276.49420229448,-14.819602579931471,10498.829442208633,151.35384511266795,69.36612303700176,-3.107474075256583,0.015651732466305756,4.248347012311862,558.6449957049914,600
2203,602.1431364575501,1886.6640742015102,276.4520184571634,-15.009275680106173,10456.269927807676,139.1884038828281,75.1231398314618,-3.1030638390308942,0.014452271329922576,4.248347012311862,558.6449957049914,600
1776,2332.710607069144,1491.888924023283,276.50376313491375,-14.757866251949478,10325.418487912451,133.99872913548683,77.05609265497112,-3.089391030505566,0.014089735964959525,4.248347012311862,558.6449957049914,600
1052,178.667917800262,859.3870954580807,276.60737066409956,-15.066284951626594,10316.905991587322,158.1495316168378,65.23513466092938,-3.0884955571313193,0.01664287206032622,4.248347012311862,558.6449957049914,600
110,476.7833636414843,87.5357188292144,276.7215110698344,-15.020070846240428,10301.726034472522,134.35344977006326,76.6763045690544,-3.0868968640673784,0.014159524328956447,4.248347012311862,558.6449957049914,600
1128,1463.3498876083481,929.6680065246451,276.59141734899384,-14.881015484212075,10268.63358509721,136.61753188875323,75.16336624686568,-3.0834035171301863,0.014444536670086591,4.248347012311862,558.6449957049914,600
994,226.411052393705,816.9117141429542,276.6135208677233,-15.05921270553824,10134.483121567639,136.18749023582046,74.4156684583797,-3.069125883358579,0.014589669386726352,4.248347012311862,558.6449957049914,600
1437,643.5673648002244,1211.4132869523337,276.55278302362376,-15.000543502044113,10094.659818014596,168.05307021338265,60.06828560285787,-3.064851094412294,0.018074429611294678,4.248347012311862,558.6449957049914,600
1491,836.3676541692711,1251.388043178651,276.54599865258825,-14.972857292394645,10073.694844001671,139.95882704084914,71.97613081639723,-3.0625938513304654,0.015084167316099486,4.248347012311862,558.6449957049914,600
998,3071.0052583622914,818.5946341456149,276.6010748409355,-14.648660332473932,10071.106672878435,180.11412756196304,55.91514007924649,-3.0623148641083064,0.019416923546311016,4.248347012311862,558.6449957049914,600
115,1215.229502975891,91.86098850206207,276.717661165766,-14.913426601735155,10034.89084141649,137.17139906599525,73.15585398810835,-3.0584035056292196,0.014840917586396888,4.248347012311862,558.6449957049914,600
1560,2763.6667550796565,1309.9565791910868,276.52908240870573,-14.694975814125495,9970.402098061284,141.16023508315325,70.63180429097486,-3.0514035575451635,0.0153712624347999,4.248347012311862,558.6449957049914,600
99,1171.0527984998962,81.93491335803631,276.71933673833445,-14.91976516881089,9948.664810419257,142.20831717155625,69.95838927210887,-3.0490338712879335,0.015519225232260297,4.248347012311862,558.6449957049914,600
1838,1875.957366633541,1547.5085654528318,276.4973881318577,-14.823986399283289,9867.575294934737,147.72813131553244,66.79550608989014,-3.040147996495664,0.01625408749113927,4.248347012311862,558.6449957049914,600
363,363.6967418968815,299.52420502070106,276.69030166511624,-15.037272245749868,9847.054687347554,133.93436917803172,73.52149226356079,-3.037887748683012,0.014767110494819241,4.248347012311862,558.6449957049914,600
177,2278.862185491456,140.26435411415972,276.70577865578775,-14.760116466419337,9832.619797960971,134.99034200196374,72.83943171147706,-3.0362949901400746,0.014905388118629844,4.248347012311862,558.6449957049914,600
890,767.0872154626666,730.9448387133453,276.6240800905708,-14.980746471278273,9824.881404589047,134.93121087108457,72.8140016024602,-3.035440165897869,0.014910593788369916,4.248347012311862,558.6449957049914,600
688,987.8066401906542,556.6968352035433,276.6491800484464,-14.948158736895216,9780.184599739383,130.90440068177637,74.71242027618797,-3.030489504335959,0.014531720375093107,4.248347012311862,558.6449957049914,600
1956,1669.5799656818463,1655.9182748294852,276.48206456938095,-14.854210490803661,9741.97264780401,134.03085124504204,72.6845540210234,-3.0262391387509675,0.014937148815496211,4.248347012311862,558.6449957049914,600
549,1524.5976043854553,440.6034535026699,276.6642141630135,-14.870182047783487,9734.866100000974,129.72424930974606,75.04276302849728,-3.025446829826206,0.014467750868764102,4.248347012311862,558.6449957049914,600
293,83.87469551827101,238.02439966251686,276.70069875542976,-15.077462259122614,9687.910946955672,141.28854764743318,68.56826762159498,-3.0201972191390376,0.01583385489613957,4.248347012311862,558.6449957049914,600
1684,2008.8179726898636,1408.808724789707,276.5175385390861,-14.804250279510969,9634.134059838601,142.48763291670625,67.6138262853339,-3.01415358720861,0.016057366660752033,4.248347012311862,558.6449957049914,600
503,757.6041169126288,406.5171587047435,276.67261454316235,-14.980797070248965,9508.119931650523,191.3656919639309,49.68560369453599,-2.9998585018131187,0.021851399988512092,4.248347012311862,558.6449957049914,600
1982,130.35011435198498,1680.445976886576,276.4847913808258,-15.076604522145942,9498.797216095729,133.59241090184892,71.10282052679285,-2.998793414767435,0.015269436457740636,4.248347012311862,558.6449957049914,600
1832,195.1145597336972,1543.8673218947188,276.5049472851532,-15.066689850223272,9488.84091425169,137.93206279792648,68.79358375255399,-2.997654787804556,0.015781995075372028,4.248347012311862,558.6449957049914,600
222,263.62039256494023,178.0634186046065,276.70889395418135,-15.051240878865348,9463.14840426651,149.34554007937163,63.36411786543607,-2.994711001281456,0.017134303081527295,4.248347012311862,558.6449957049914,600
1501,1479.1492482927451,1259.7941621650398,276.54203432517744,-14.880080341061328,9426.211141016975,137.8333167286459,68.38848084584998,-2.990464782659234,0.015875480586375442,4.248347012311862,558.6449957049914,600
1642,3032.8853143150786,1372.926509823762,276.5185341963464,-14.656422691048078,9232.346162264235,149.250756114324,61.85795236569781,-2.967902073476545,0.017551502409608614,4.248347012311862,558.6449957049914,600
1079,2976.770790964508,882.3833522649891,276.5919666217568,-14.662504919860279,9206.2501681305,130.69083390289313,70.4429675226573,-2.964828804336074,0.015412468244623499,4.248347012311862,558.6449957049914,600
1010,382.93408468198317,828.9772943451565,276.6110551062937,-15.036643525122642,9186.960354108945,131.61872072573343,69.79979978116258,-2.962551479546107,0.015554485878238959,4.248347012311862,558.6449957049914,600
1649,2577.090541196074,1379.311726170705,276.51952845220376,-14.722161994138544,9073.04105323553,128.26936955985954,70.7342765023992,-2.9490040639292614,0.015348994203159409,4.248347012311862,558.6449957049914,600
2209,2325.517507742389,1889.9245131546143,276.444376243376,-14.76053085379536,9022.422857680067,130.31467605598283,69.23566194343344,-2.9429298177921437,0.015681225101697345,4.248347012311862,558.6449957049914,600
1402,256.71088320835423,1176.6735058142003,276.5595974934316,-15.056295969115132,9005.205757593038,142.44469620909243,63.218961444337886,-2.940855974915997,0.017173644982382722,4.248347012311862,558.6449957049914,600
647,272.43037869713805,527.0394433282773,276.65667168240225,-15.05138484422687,8982.906750931987,128.80470134269547,69.74051923021216,-2.938164102575028,0.01556770743871471,4.248347012311862,558.6449957049914,600
1834,2647.6855220450784,1544.9111592124978,276.49451323314133,-14.71265954144211,8968.593732867565,131.7479678114977,68.07386771763832,-2.936432752572397,0.015948851393362055,4.248347012311862,558.6449957049914,600
2106,2980.039673885675,1786.9921907910893,276.45698162932376,-14.665735218842192,8920.679536752927,149.4610904806609,59.68563127744068,-2.9306167195723836,0.018190307730067707,4.248347012311862,558.6449957049914,600
939,729.5714522585565,766.8089437035949,276.6188789542784,-14.986311398438954,8906.344218405255,135.81853171417166,65.57532397087418,-2.9288705641057873,0.016556532766536125,4.248347012311862,558.6449957049914,600
342,2710.8101778290993,281.78284329098005,276.68275482643475,-14.698396283435203,8888.391289366526,137.65989369840474,64.56776226225959,-2.9266797867667576,0.01681489278798502,4.248347012311862,558.6449957049914,600
1997,2439.146204610024,1692.6164628300448,276.47335042166924,-14.743335999712576,8860.63774456334,135.4824521179411,65.40063016315882,-2.9232843274540765,0.01660075747422372,4.248347012311862,558.6449957049914,600
1232,2304.0860695285423,1023.2399383509903,276.5738464236466,-14.760080624942338,8859.04756723094,129.73346430967658,68.28652587341847,-2.9230894579543056,0.015899183420350644,4.248347012311862,558.6449957049914,600
775,1225.8339306199148,626.2353639184346,276.6377674984968,-14.91406991894315,8823.150344198919,139.03950303419066,63.45786738053323,-2.9186810729293455,0.017108989709494347,4.248347012311862,558.6449957049914,600
1675,1239.1714250735126,1404.6338893824059,276.52140698313747,-14.915314645805683,8810.22518040298,131.4986717789328,66.9985868390684,-2.91708939573976,0.016204819403249023,4.248347012311862,558.6449957049914,600
295,2916.144457097115,238.01085569129964,276.6883828193221,-14.668612091966622,8795.229942827835,175.91514053209792,49.997003761157416,-2.9152398694244948,0.02171530128458375,4.248347012311862,558.6449957049914,600
1876,343.56361976301577,1579.8737747744137,276.49894929215856,-15.045385170461163,8772.143524868472,138.6932987012911,63.248503042395456,-2.912386195903803,0.017165623655507795,4.248347012311862,558.6449957049914,600
607,1354.2238892494427,490.56530758480966,276.65748599804306,-14.894980754732185,8770.55359082023,134.34067396922177,65.28591328066148,-2.9121893904807035,0.016629927429101285,4.248347012311862,558.6449957049914,600
1814,74.23636900422645,1522.306683524124,276.508671274759,-15.084071391961274,8765.33605056972,132.41998943380915,66.19345076259141,-2.9115433015017267,0.01640192477491403,4.248347012311862,558.6449957049914,600
1626,118.2877112269351,1363.5924300802799,276.53222352447136,-15.077059847308343,8733.615912979236,141.68874360354934,61.639447784336596,-2.9076070955398157,0.017613720418110088,4.248347012311862,558.6449957049914,600
2001,2049.040274517403,1693.685316877149,276.4748330236592,-14.799610694964663,8725.917864859395,129.20986006575646,67.53291010777869,-2.9066496759205256,0.01607660618011699,4.248347012311862,558.6449957049914,600
522,39.318275997893736,422.8642795686783,276.67324439403734,-15.084652667455616,8692.520834331866,137.33398236578233,63.294755490158025,-2.902486224737017,0.017153079928854773,4.248347012311862,558.6449957049914,600
1226,1663.2704824226303,1015.9468103063432,276.57767676967586,-14.85251062088907,8691.180105591891,129.86991032899672,66.92219994280974,-2.9023187485774047,0.016223316043522416,4.248347012311862,558.6449957049914,600
1943,2778.8369955810235,1643.6066549135853,276.4792283760769,-14.69415353125177,8682.077762197237,133.39273950042252,65.08658413278735,-2.901181052383496,0.01668085696101355,4.248347012311862,558.6449957049914,600
946,1688.6569963168815,771.0552208731418,276.61414592240953,-14.847848393831592,8681.120481417165,134.16249338838514,64.70601628046902,-2.9010613331488804,0.016778965271081133,4.248347012311862,558.6449957049914,600
270,676.7907365771849,218.0701446393256,276.7011321955171,-14.991705064074848,8652.633065374626,133.2870980773243,64.91725898597436,-2.8974925911864604,0.016724366015431584,4.248347012311862,558.6449957049914,600
1740,469.55969794698024,1459.4850352322117,276.51642545219516,-15.026691032178288,8640.5951566546,139.4260428277516,61.972605557838875,-2.8959810173761595,0.017519031033586593,4.248347012311862,558.6449957049914,600
196,197.9645782514007,155.59476830013438,276.7125364125245,-15.060638200971068,8639.712807790434,139.83215921867674,61.78630764243014,-2.895870139941584,0.017571854370763917,4.248347012311862,558.6449957049914,600
485,1811.2250468736875,394.2046547690098,276.66990211020175,-14.82862371390148,8632.654050890647,141.3094775670145,61.09041091597486,-2.8949827168783697,0.017772019924588437,4.248347012311862,558.6449957049914,600
491,869.3230515849377,399.8701919257881,276.67312774876314,-14.9646330919891,8482.212616495206,127.29355220802056,66.63505314576928,-2.8758947599282063,0.016293226293748853,4.248347012311862,558.6449957049914,600
1125,802.5250021069821,925.9091010242895,276.59478832178814,-14.976420835919244,8474.723968470527,134.56818296525338,62.97717470599102,-2.8749357781247498,0.017239579340746727,4.248347012311862,558.6449957049914,600
1826,291.8791197452056,1536.4346045979858,276.5056581495999,-15.052676673092208,8420.41107410955,133.20026639568323,63.21617292487967,-2.867955108389664,0.017174402526551977,4.248347012311862,558.6449957049914,600
2153,1505.9801723057838,1838.38397715516,276.45549378219533,-14.878567301291902,8388.334762905026,136.2047096372726,61.58623138101494,-2.8638112591099105,0.017628940359787734,4.248347012311862,558.6449957049914,600
936,1301.976833049826,765.2252018448676,276.61667419861163,-14.903642193537214,8376.777511910943,139.52772553417552,60.03665206926318,-2.8623143257624006,0.01808395309497685,4.248347012311862,558.6449957049914,600
1859,713.1441663549285,1565.3318912598647,276.49959020905806,-14.991933412869558,8299.180181957316,137.12012471073422,60.52488793650892,-2.85220985798198,0.017938075344127988,4.248347012311862,558.6449957049914,600
1445,1974.2420195565837,1218.0939930211348,276.54616293869,-14.80846040845755,8240.943039224483,129.90302448770163,63.43919298048893,-2.844564154890789,0.017114026030153204,4.248347012311862,558.6449957049914,600
1237,716.4578447928504,1026.62992353842,276.58009745421424,-14.989262497811362,8227.979253477824,152.88915214638945,53.81663210218889,-2.8428548439604358,0.020174060649845855,4.248347012311862,558.6449957049914,600
779,1280.7065303390068,628.8078388549459,276.63714760883283,-14.906157694957233,8207.846273330273,130.90711291699267,62.6997730714206,-2.8401949086437273,0.017315852144525173,4.248347012311862,558.6449957049914,600
1165,1243.91593296044,963.1154401214443,276.5873547830296,-14.912830870001887,8169.4270624221535,128.78265592271325,63.4357709420506,-2.835100873280874,0.01711494924514752,4.248347012311862,558.6449957049914,600
1078,1292.0303841191917,882.8457500192239,276.59914311882767,-14.905557236537344,8080.276780498098,130.61864740665405,61.86158669475296,-2.8231874672472417,0.01755047126995351,4.248347012311862,558.6449957049914,600
563,86.31740226667064,456.24037138231574,276.66805236570406,-15.077994973426362,8038.362951772753,130.22388946345515,61.72725284809256,-2.8175409034362824,0.017588665458219067,4.248347012311862,558.6449957049914,600
1121,1555.849294114146,922.8024010837827,276.5920481640452,-14.86763545913533,8008.9043889180175,125.80459901528572,63.661459530147276,-2.813554646651153,0.017054274407357253,4.248347012311862,558.6449957049914,600
1189,3014.9801998023486,982.5393576692669,276.5768571461211,-14.657406513318454,8002.3466526306,125.95819330577818,63.531767506413594,-2.812665275534786,0.017089088539688393,4.248347012311862,558.6449957049914,600
1188,1517.3426450527345,982.7878252122722,276.58325187014015,-14.873438119853619,7997.894420165045,125.3039414153255,63.82795568780767,-2.8120610408757423,0.017009788082675333,4.248347012311862,558.6449957049914,600
2048,1923.4185452922895,1739.8078756517264,276.46847319501103,-14.817923457659736,7985.27798331494,137.96295660438852,57.87986992923673,-2.810346972509033,0.018757816859771185,4.248347012311862,558.6449957049914,600
410,483.45341633046684,337.7969288424888,276.6840651743995,-15.020123669234499,7884.365732687584,124.19230318144946,63.48513982519705,-2.796538778357493,0.017101639895405717,4.248347012311862,558.6449957049914,600
1706,1798.1958729405912,1430.0317884958904,276.5152595810767,-14.834727819602803,7883.217754826357,132.73113580646165,59.392377733594174,-2.796380681699323,0.018280123501199622,4.248347012311862,558.6449957049914,600
367,866.8848385637634,301.1091044572369,276.68789957376936,-14.964583686807925,7883.151445921103,127.13254374846775,62.00734456724118,-2.7963715490983776,0.01750921616749222,4.248347012311862,558.6449957049914,600
360,1444.9881488503377,297.41954473277065,276.68594957991974,-14.881091134785423,7875.404038007022,128.18427725294038,61.43814363805972,-2.795303983996788,0.01767143236612101,4.248347012311862,558.6449957049914,600
2200,1152.818772254646,1883.4074058653134,276.4502329410716,-14.929733892643489,7862.3513105934835,129.41132089144617,60.75474121146359,-2.79350298739221,0.0178702102642673,4.248347012311862,558.6449957049914,600
185,2344.211253811884,147.81814446946814,276.7043636360549,-14.750720708485822,7857.498806334974,125.80740057575808,62.45657068165385,-2.792832683326286,0.017383279103393302,4.248347012311862,558.6449957049914,600
1318,43.870125369202015,1102.9237630416014,276.57151636036923,-15.086756210828124,7828.700092100247,139.33178533036724,56.187467012912734,-2.7888460142768423,0.019322814458791845,4.248347012311862,558.6449957049914,600
1316,1300.1714257012754,1101.91967047855,276.56637731544595,-14.905274272030814,7764.642872145865,124.5509629411427,62.34109065712397,-2.7799255878780773,0.017415479719008295,4.248347012311862,558.6449957049914,600
2234,814.4482531795143,1917.8651910091899,276.44648097385,-14.978737065650602,7744.318481404043,126.86097815747115,61.045709988071394,-2.777079886093472,0.017785033546372887,4.248347012311862,558.6449957049914,600
590,728.1283481453439,475.5794868346967,276.6624176876142,-14.985335648784668,7734.208078491094,163.00394537285433,47.447980849788074,-2.7756615040522647,0.022881900990415895,4.248347012311862,558.6449957049914,600
1655,2827.11157217114,1382.0807479621965,276.5180484351965,-14.686123697673418,7731.913766766491,127.24102352100928,60.76588786233587,-2.7753393783962537,0.017866932224534195,4.248347012311862,558.6449957049914,600
1747,1067.8106818897509,1463.3169635386353,276.5133569798231,-14.940296321496042,7704.138676261355,127.23104783256048,60.552347933188535,-2.7714321030084332,0.017929940573038154,4.248347012311862,558.6449957049914,600
986,1185.7549877968872,806.7022623604117,276.6109734823369,-14.920591568404317,7691.1324048026,131.39276446565094,58.53543333288521,-2.7695975938144186,0.018547740029970082,4.248347012311862,558.6449957049914,600
1973,36.47703369995159,1671.2200017094108,276.4865574258887,-15.090133932709895,7691.066096877097,134.17169825368478,57.322566509780884,-2.769588233264901,0.018940184749312444,4.248347012311862,558.6449957049914,600
1120,1237.0352083306532,922.7520608453657,276.5934149193833,-14.913659937035268,7668.769625313813,128.0821330441985,59.87384378325022,-2.766436102753093,0.018133126777869,4.248347012311862,558.6449957049914,600
253,2161.7096971503156,205.04425211289754,276.6966207256406,-14.777281103834719,7660.544022716116,125.0947535040866,61.2379321125235,-2.7652709057183804,0.017729207413552887,4.248347012311862,558.6449957049914,600
1751,2267.8574418945855,1464.6433304970612,276.5081052312415,-14.7671092430214,7577.320996431052,123.50536694504906,61.352159698472136,-2.753411087949681,0.01769619855822349,4.248347012311862,558.6449957049914,600
726,3071.949608421593,585.0414640707216,276.63591688985946,-14.647569436620572,7553.886194590654,196.07545146735285,38.525405082891766,-2.750047967898197,0.028181403872691118,4.248347012311862,558.6449957049914,600
2006,1909.883278352278,1697.8079825320658,276.4748015528052,-14.819704890680352,7537.023743273749,124.61511446754164,60.48242041487599,-2.7476215825323362,0.01795067050148949,4.248347012311862,558.6449957049914,600
2085,2087.446181178498,1777.2575775981293,276.4621939675309,-14.794411449728983,7521.1318741121795,125.34855532463962,60.00174357521103,-2.7453298829969643,0.018094474182055995,4.248347012311862,558.6449957049914,600
456,2633.7113938397965,369.06231214124404,276.6700667272948,-14.709870186663466,7481.218141627556,130.75975354074387,57.21346162752179,-2.73955266987665,0.018976303287996446,4.248347012311862,558.6449957049914,600
1209,204.25398283370026,1003.5161643461895,276.58571004986635,-15.063172880526903,7451.261258939572,301.4193236514607,24.72058250504094,-2.735196351695583,0.04391886800315517,4.248347012311862,558.6449957049914,600
202,289.72874688362447,160.76608502933644,276.711368188628,-15.047397642575953,7317.890107185289,130.20281424799566,56.203778308869694,-2.7155865825304475,0.01931720664816341,4.248347012311862,558.6449957049914,600
244,2657.090964710569,197.92330118758443,276.69550735357745,-14.705800304103905,7302.073582794983,119.03209583655425,61.345417229497755,-2.7132373865642103,0.017698143545724302,4.248347012311862,558.6449957049914,600
1985,2141.2261787119974,1684.412268109738,276.4758300277733,-14.786273762663226,7202.36294739641,129.12407321651887,55.778622591306316,-2.698309381319353,0.01946444622620025,4.248347012311862,558.6449957049914,600
502,2747.1830611577057,405.9984589267183,276.6640566294051,-14.693658684298361,7179.399843053659,122.48070860789251,58.61657664014386,-2.694842227075618,0.01852206427313691,4.248347012311862,558.6449957049914,600
984,1231.729437038856,804.9636513477758,276.61103699973444,-14.913946348106334,7176.479064179177,130.42920297686254,55.02202651236201,-2.694400429616282,0.01973209764922184,4.248347012311862,558.6449957049914,600
552,149.1982531755761,446.96735571817004,276.66917111393803,-15.068869073821226,7172.3571937243105,124.50482602842564,57.60706169001668,-2.69377664884036,0.018846647757216756,4.248347012311862,558.6449957049914,600
388,1557.8466971735197,322.0948968031866,276.681773434769,-14.86490001218526,7149.942027707235,127.83486756236638,55.93107861764722,-2.69037817534467,0.01941139035458263,4.248347012311862,558.6449957049914,600
1304,1598.297982538761,1092.500569147422,276.5665188518445,-14.862200236502135,7129.8488946453435,124.0185957781835,57.49015984181606,-2.687322688531317,0.018884970975681738,4.248347012311862,558.6449957049914,600
654,382.11442361555646,531.0469548267366,276.6556048660208,-15.035551360997781,7110.989593869483,132.35004734381494,53.728651682282894,-2.6844469817903542,0.020207095581332286,4.248347012311862,558.6449957049914,600
1646,621.3136356983546,1376.565386276759,276.52818884901694,-15.004430176327528,7088.996461307339,124.3649816789611,57.00154790845427,-2.6810837729421717,0.01904685117926373,4.248347012311862,558.6449957049914,600
586,1904.8565952471222,473.7180870194926,276.65762052600365,-14.815436128280318,7081.519107102766,124.14523506072479,57.04221433580507,-2.679937952256961,0.019033272334214285,4.248347012311862,558.6449957049914,600
765,2440.3829081206127,618.2110958892727,276.63372114894196,-14.738768297434863,7078.658635816537,119.13927693089514,59.41498738423938,-2.6794992971303433,0.018273167222585266,4.248347012311862,558.6449957049914,600
2138,2659.2771067077506,1825.3230620998156,276.4526161659321,-14.712135352529238,7064.252078918158,124.36024759075131,56.80474440807986,-2.6772873442818685,0.019112840156456562,4.248347012311862,558.6449957049914,600
2126,1486.490790773858,1811.1192882156856,276.45964748480634,-14.881269158223272,7003.064564993954,143.14221448333743,48.923824395696705,-2.6678421999391926,0.022191642076441948,4.248347012311862,558.6449957049914,600
315,708.4687133315773,256.16791021230813,276.69530042448935,-14.987283708697289,6995.615374732763,119.85653640914538,58.36657377493663,-2.6666866829388844,0.018601400249850093,4.248347012311862,558.6449957049914,600
757,2653.702724440975,613.4457397107045,276.6335044086332,-14.707985123785278,6930.267934642907,120.36520088387606,57.5770063419657,-2.656496937586108,0.018856485756687812,4.248347012311862,558.6449957049914,600
325,618.7542480606223,262.3010426748603,276.6947702403142,-15.000269052996725,6912.982014937035,127.84553709162505,54.07292403161951,-2.653785441560238,0.02007844072506842,4.248347012311862,558.6449957049914,600
1601,1023.747177922202,1342.1098217553674,276.5316538620795,-14.946165507788306,6855.735954041127,132.40286231784538,51.7793636332672,-2.644757080433476,0.020967812731141015,4.248347012311862,558.6449957049914,600
1207,67.16676706129086,998.1094452082968,276.5870941509906,-15.082963303195061,6834.02842465241,125.74906548646001,54.34655437171628,-2.6413138260903537,0.01997734746114896,4.248347012311862,558.6449957049914,600
2077,2201.269604911595,1769.3930363517109,276.46289055808035,-14.777959596298619,6814.437398454116,128.5479293791692,53.01086864148568,-2.638196889532634,0.02048070570853359,4.248347012311862,558.6449957049914,600
104,2163.6500821189293,83.83123131157461,276.71471095768817,-14.776507089876697,6804.401862666127,121.19010922495245,56.146511511395964,-2.6365967610191205,0.019336909289184197,4.248347012311862,558.6449957049914,600
1949,2192.016853874836,1648.583142882231,276.4809653692348,-14.778800594627198,6796.434636330232,119.6505441284814,56.80237132087075,-2.635324735276517,0.019113638651932198,4.248347012311862,558.6449957049914,600
1698,1047.6121938359736,1420.1874528584203,276.5198863909406,-14.943037310374423,6790.182223018492,131.0972455620235,51.79500296828117,-2.6343254472198723,0.02096148156734104,4.248347012311862,558.6449957049914,600
304,1553.6082973073949,249.06133131248257,276.692701904058,-14.865214439388481,6785.805697540985,119.19680585195925,56.929425659013546,-2.6336254241564476,0.019070981086353238,4.248347012311862,558.6449957049914,600
1338,812.136452680104,1121.3618579472718,276.56553441115625,-14.975827885286094,6745.6882112358,122.54098754027977,55.048423769381344,-2.6271875341144506,0.019722635557167047,4.248347012311862,558.6449957049914,600
1098,2348.276070016624,905.9430744752736,276.5911671337116,-14.753227734859196,6739.269289603049,118.65057410955757,56.799297771456686,-2.626153899987221,0.01911467293783333,4.248347012311862,558.6449957049914,600
1499,1072.718143659442,1257.7978204962124,276.54404700809533,-14.938750531422556,6724.42855324538,133.0538302835554,50.53915801532904,-2.6237603330069197,0.021482352350838455,4.248347012311862,558.6449957049914,600
1429,2331.0341900932935,1202.6543897904526,276.54694722705267,-14.756926348722184,6716.762008747552,120.54053327348768,55.722020023822736,-2.622521775188555,0.01948421825942119,4.248347012311862,558.6449957049914,600
666,2573.4151039684307,536.4315079673994,276.6453491303327,-14.71924860399028,6689.235469085572,117.09184172098911,57.12810876290541,-2.618063083807589,0.019004655037783605,4.248347012311862,558.6449957049914,600
1796,434.3259947085569,1507.3136998955786,276.509421396086,-15.031976115028158,6662.345116288925,124.74617784003986,53.40720839424795,-2.6136896886310543,0.0203287165280283,4.248347012311862,558.6449957049914,600
1733,216.98812406921206,1453.2561092056346,276.5184058166014,-15.063160520257057,6659.529414635326,127.21580395327597,52.348286987057435,-2.6132307278045523,0.020739933672871243,4.248347012311862,558.6449957049914,600
425,959.1694196624084,349.69742930161004,276.6802395451785,-14.95145257915577,6657.506465208484,118.60574502336189,56.131399570038944,-2.612900866194232,0.019342115256636327,4.248347012311862,558.6449957049914,600
894,2846.1650022987224,735.0846771906577,276.61451351986244,-14.680731511748453,6655.087013434095,123.01400451669083,54.100238745834154,-2.6125062193629804,0.020068303304550603,4.248347012311862,558.6449957049914,600
1114,469.2900243128783,920.3465068725825,276.5970293694104,-15.02453751970321,6646.762397301849,126.86816804290281,52.39109620511052,-2.61114725971363,0.020722986893603017,4.248347012311862,558.6449957049914,600
2040,473.9728461280154,1735.2521315720178,276.4751806361358,-15.027175430299954,6619.548029829573,123.87882196074592,53.435671449371235,-2.606692718164333,0.02031788822993774,4.248347012311862,558.6449957049914,600
513,1446.0648154319335,416.64056155779065,276.6681337282341,-14.881421078517596,6586.020674127212,119.4352740698707,55.143011354202876,-2.6011795982121932,0.019688805042331996,4.248347012311862,558.6449957049914,600
67,2188.676534836503,50.703481834250404,276.7195472597621,-14.772761559963415,6556.700422604918,131.0114588495401,50.04677056634374,-2.5963352267629958,0.021693707460319712,4.248347012311862,558.6449957049914,600
2084,837.9671031670089,1777.656813284639,276.4673383459577,-14.974769176794839,6542.198677284236,128.4858710435751,50.91765051011325,-2.5939311962808165,0.02132266491330661,4.248347012311862,558.6449957049914,600
2100,541.3238739319348,1786.1564935614736,276.467293081749,-15.017652474796524,6526.249564465776,125.3376422261199,52.0693500256839,-2.5912810671303927,0.020851038076420466,4.248347012311862,558.6449957049914,600
239,1636.7481166664375,192.62714817651624,276.7007699376082,-14.852984040720326,6516.971271489223,120.53973657390034,54.064920471215785,-2.589736390331791,0.020081413059287265,4.248347012311862,558.6449957049914,600
999,1420.2931156694183,819.5403820772477,276.608053343777,-14.886782337752097,6499.014911686711,127.80029283041412,50.85289530839059,-2.5867407076325284,0.021349816827850556,4.248347012311862,558.6449957049914,600
1259,558.6601305162364,1051.621717310918,276.5770268513713,-15.01215949021458,6494.35179399373,126.7522353730361,51.23658588647872,-2.5859613998459685,0.021189936472455616,4.248347012311862,558.6449957049914,600
725,2574.59691280056,585.1293624930231,276.6380753120207,-14.719276984377693,6489.159687824023,118.23847814116596,54.881962199112195,-2.585093027995134,0.019782455956313512,4.248347012311862,558.6449957049914,600
1728,850.8861369126989,1445.101900613832,276.51698603275884,-14.971549013153863,6465.439197637548,121.18919762312451,53.34996290464635,-2.581116953706741,0.020350529614059854,4.248347012311862,558.6449957049914,600
545,1091.454933740534,439.59181575183936,276.66623509029966,-14.932714215780324,6427.6819539842545,123.26847944584947,52.14375956351329,-2.5747578226423506,0.020821283487961237,4.248347012311862,558.6449957049914,600
884,2792.960777394864,725.6346556372552,276.61615512047564,-14.688363721607464,6421.496336466575,137.1569494193169,46.818599886140255,-2.573712471841744,0.023189501664730487,4.248347012311862,558.6449957049914,600
66,1133.971071312167,50.43125250936533,276.7242059236067,-14.924991699677784,6388.204496860679,123.7906246334527,51.60491366592842,-2.568068899452714,0.02103869424195591,4.248347012311862,558.6449957049914,600
1691,2348.7375690134013,1415.0571636518519,276.51516441732815,-14.75524066239324,6357.0514432998025,122.17363640966953,52.032923223988355,-2.5627611887782873,0.020865635307982616,4.248347012311862,558.6449957049914,600
448,1180.8154216136923,365.1927386273931,276.6769672649166,-14.919507790486827,6342.815190351335,120.84782495901153,52.48596896553707,-2.5603270180635214,0.020685528368789077,4.248347012311862,558.6449957049914,600
844,2222.437545157027,686.0566580037231,276.6245377571698,-14.770482091580183,6295.586387472635,113.7428603015645,55.34928848088798,-2.5522123431860106,0.019615428306271554,4.248347012311862,558.6449957049914,600
728,948.7193542445119,587.9965102654332,276.644669822525,-14.953931089843374,6264.365427445795,117.06699152393466,53.510945706373846,-2.546814584187254,0.020289306901011828,4.248347012311862,558.6449957049914,600
1295,642.0535450763815,1079.8142065459579,276.5724611951359,-15.000226829156674,6252.328501243901,129.76105099719956,48.183399049217286,-2.5447263441656305,0.022532656919678994,4.248347012311862,558.6449957049914,600
437,1445.8523344364155,357.62539690630615,276.6769512777575,-14.881211479421955,6247.426428063074,115.83138366461884,53.93552447022504,-2.5438747500929852,0.02012959011086205,4.248347012311862,558.6449957049914,600
1199,1195.5894456635435,991.8122393837936,276.5832723578622,-14.919925342945751,6204.021238773654,139.43594122077,44.493702157830164,-2.5363050637977795,0.02440120617854531,4.248347012311862,558.6449957049914,600
1519,1204.0568938057133,1277.8568637456854,276.54049665787915,-14.919867929940445,6196.521213316126,120.13746894794303,51.578589657163086,-2.5349917260627226,0.021049431696688922,4.248347012311862,558.6449957049914,600
200,1307.1277004014535,157.60586772027446,276.707437574177,-14.900425174980795,6143.167329649965,130.67086701740536,47.0125244430474,-2.525602736389091,0.02309384600938107,4.248347012311862,558.6449957049914,600
700,72.475761198308,567.1399414367241,276.65152544571094,-15.080445819631061,6105.060074126697,125.27834780857084,48.73196510745349,-2.5188467284996414,0.022279011273320142,4.248347012311862,558.6449957049914,600
1277,2424.492864324112,1062.9114065293907,276.5674075058057,-14.742875855390974,6101.703287636221,119.35556745369233,51.122066760761406,-2.5182495866352155,0.02123740429119986,4.248347012311862,558.6449957049914,600
308,1495.7968560312852,251.37055906076182,276.69260834411074,-14.873569009902058,6094.20575200551,116.63573671053965,52.24990147856471,-2.5169146559006954,0.020778986548814906,4.248347012311862,558.6449957049914,600
339,819.9165034738612,279.9658647082297,276.69126244719973,-14.971281812724124,6087.2427393972175,117.39293313463789,51.853570541727265,-2.5156734249072352,0.020937805992093113,4.248347012311862,558.6449957049914,600
1309,372.3971728645071,1095.0746748969455,276.5713135530187,-15.039247634925982,6052.715437239385,128.1270584466798,47.23994689816616,-2.509497515148994,0.022982667663458925,4.248347012311862,558.6449957049914,600
1843,2900.933461482506,1550.5508432769025,276.4925952990577,-14.676170559961374,6040.909891802818,120.36673963209209,50.1875344490281,-2.5073777682873044,0.021632861863390963,4.248347012311862,558.6449957049914,600
1055,1445.6660917991148,862.5341470039103,276.60152193146166,-14.883294694097613,5973.085436729831,124.10418621308676,48.12960480216235,-2.4951186909750995,0.022557841570958054,4.248347012311862,558.6449957049914,600
1205,1685.3401555490418,996.836709528833,276.5804369504112,-14.849247497685582,5968.304726515838,127.90929587203625,46.660445480731,-2.4942493465570474,0.023268101896891515,4.248347012311862,558.6449957049914,600
369,60.447182743796006,302.97443223827497,276.6910851338996,-15.081112055419949,5968.229486663593,121.51804700214511,49.11393520468806,-2.4942356590611348,0.02210574240233894,4.248347012311862,558.6449957049914,600
2018,1761.890918612347,1709.474348040329,276.4736794862015,-14.841107405687053,5916.269539735687,125.82834952520125,47.01857381154603,-2.4847417536111664,0.023090874775393386,4.248347012311862,558.6449957049914,600
1113,278.7595340177338,920.8088968310723,276.59776399247517,-15.052069952737426,5915.619939125201,125.97562176733693,46.95845002496355,-2.4846225342923236,0.023120439440033305,4.248347012311862,558.6449957049914,600
1925,704.5822880505725,1628.2506273001163,276.4902213348165,-14.993426271660255,5914.891946417687,118.46248923265206,49.93050529945603,-2.484488912341221,0.021744222164157195,4.248347012311862,558.6449957049914,600
348,1910.1184151397026,288.27676640019973,276.6852916955067,-14.81392109674481,5901.674528575793,113.69584468985843,51.90756570457335,-2.482060011340294,0.02091602611802587,4.248347012311862,558.6449957049914,600
875,1877.7297862958949,715.0868495012435,276.62169157448915,-14.820334507133547,5862.520967695746,120.96104529459497,48.466189701137665,-2.4748328965633566,0.022401183313457692,4.248347012311862,558.6449957049914,600
1732,625.0476532611218,1452.285743059699,276.51685444815246,-15.004198892875737,5825.2272318499745,126.95202160142314,45.88526561742183,-2.4679040517683317,0.023661190262082278,4.248347012311862,558.6449957049914,600
790,3045.1329978511553,640.957059041521,276.62769140892465,-14.651663491608293,5814.578861788032,140.9617659834726,41.24933325870631,-2.4659175368676296,0.026320425428230317,4.248347012311862,558.6449957049914,600
1451,1377.9676490609381,1221.9923993719938,276.54810917587264,-14.89453231780735,5810.420023841027,120.41547877038978,48.25309904651404,-2.4651406935894764,0.02250010924590417,4.248347012311862,558.6449957049914,600
2026,2354.628667750094,1713.7243522096305,276.4705559417281,-14.755611716493563,5790.925914896652,118.67217579227099,48.79767204263065,-2.461491896304655,0.022249012187538584,4.248347012311862,558.6449957049914,600
900,2750.996512263072,737.7936715583614,276.61452296887234,-14.69446394110245,5778.849856194167,120.86352979960449,47.813015768906304,-2.459225401401932,0.022707206030414234,4.248347012311862,558.6449957049914,600
1196,1411.1637128803711,988.696967265949,276.58282132863906,-14.88878941824058,5777.264636817272,123.26971008668484,46.86686317956475,-2.4589275279113547,0.023165621216002255,4.248347012311862,558.6449957049914,600
2042,2044.6491864717243,1735.5032002811658,276.4686076622901,-14.800415028301863,5774.20274080243,122.36556649448006,47.188133935235,-2.4583519453766516,0.023007902823411218,4.248347012311862,558.6449957049914,600
2291,140.02474946963014,1965.2958717157308,276.4421567412144,-15.07636464611304,5773.050422775792,117.69087610253548,49.052659084177044,-2.4581352508282,0.02213335668789901,4.248347012311862,558.6449957049914,600
828,1677.1226149865156,670.8968093773458,276.6291556114987,-14.84910491788584,5756.4835262895795,112.2128047465649,51.29970273259567,-2.455015039417307,0.021163865328017773,4.248347012311862,558.6449957049914,600
1486,3037.2565198381003,1247.624774356835,276.5372101331968,-14.655279852541332,5755.271001326793,130.1840716766704,44.20871867966137,-2.4547863197633255,0.024558504123746216,4.248347012311862,558.6449957049914,600
1105,912.2986623321582,915.6704088787793,276.595853172082,-14.960524343346007,5741.924352951522,126.1487648938799,45.517087367298444,-2.4522655404922062,0.02385258070752604,4.248347012311862,558.6449957049914,600
478,566.6820091005854,390.9493411593024,276.67576143537275,-15.00831477588979,5715.609537823475,124.21342691612898,46.01442597411592,-2.4472782547437477,0.023594774399896438,4.248347012311862,558.6449957049914,600
1823,3003.27687999683,1532.9367694901473,276.4947875402214,-14.661345496950105,5692.878488934541,132.1305632971707,43.085251034091684,-2.442951659431167,0.025198878361899945,4.248347012311862,558.6449957049914,600
2147,1919.296129997058,1833.51900218534,276.45449720114834,-14.818901010669657,5647.339343939559,128.46332270523317,43.96071364974514,-2.434231586331779,0.024697051295624144,4.248347012311862,558.6449957049914,600
1880,744.755143259893,1587.0109733352342,276.496218508141,-14.987455710421974,5644.951094820921,130.1514185185161,43.37218263985219,-2.4337723334305528,0.025032173478915797,4.248347012311862,558.6449957049914,600
1968,1041.6228705127055,1666.3188621874845,276.483131904442,-14.944904938499347,5644.617090120737,132.69294948293606,42.53893754051054,-2.433708089875845,0.025522499215361687,4.248347012311862,558.6449957049914,600
959,1462.9236827465031,787.773111463109,276.61261668086183,-14.880498888617039,5630.753212666779,119.98088220753739,46.93042015582918,-2.4310381072727774,0.023134248455373062,4.248347012311862,558.6449957049914,600
683,662.8657572273793,550.1694743368431,276.6515470972148,-14.995066500711957,5591.9167936024605,118.99600675674185,46.9924743359982,-2.4235236255075585,0.023103699376142626,4.248347012311862,558.6449957049914,600
1693,1771.0047411338116,1416.8200992408847,276.51734744635655,-14.83859776872181,5584.590650069877,127.16130098195478,43.917375859990415,-2.422100236232525,0.02472142241515605,4.248347012311862,558.6449957049914,600
1181,2488.150394289134,978.7949420349732,276.57968987764224,-14.733351435906924,5549.623822345748,116.98733136874466,47.43781875708665,-2.4152807384167883,0.022886802733479587,4.248347012311862,558.6449957049914,600
1065,1166.0498438729342,872.6022046490258,276.60121052186196,-14.923705136989334,5541.092113692313,128.87343642267652,42.99638674582053,-2.413610298590518,0.025250959026354367,4.248347012311862,558.6449957049914,600
686,2638.4947578987817,555.1156287173927,276.64227656394064,-14.709939950066936,5517.992351463181,114.16494065569566,48.333510443496124,-2.4090746094515274,0.022462676309622252,4.248347012311862,558.6449957049914,600
1775,886.9366525297023,1491.4240518464755,276.5099125668211,-14.966531029040043,5512.322379916091,118.1854607989647,46.641290245444296,-2.407958395802007,0.02327765793541799,4.248347012311862,558.6449957049914,600
1837,2350.3548180217963,1545.6182271695704,276.4956678803139,-14.755540965021757,5504.794055077655,119.76902306038464,45.961751331162404,-2.406474563592604,0.023621815282393026,4.248347012311862,558.6449957049914,600
1435,232.87397856647732,1207.7483507312998,276.5550505340991,-15.059866899570268,5501.526865235763,129.89026680879405,42.35518950264631,-2.4058299691947056,0.025633222581430467,4.248347012311862,558.6449957049914,600
1705,393.82804163034865,1429.715604527151,276.52119106318975,-15.03751178882446,5501.149029222783,120.58711456376092,45.61970861583248,-2.4057554000184704,0.02379892447676012,4.248347012311862,558.6449957049914,600
1287,1127.1743123579904,1075.8980558698704,276.57099810661657,-14.930146350023124,5495.467972784711,115.46889711305195,47.59262546176631,-2.404633576969853,0.02281235778581286,4.248347012311862,558.6449957049914,600
1085,1611.574830624073,893.6503782864422,276.59616457985004,-14.859473338090526,5494.895839878474,113.8558244416683,48.26187739471924,-2.404520535141323,0.022496016703212548,4.248347012311862,558.6449957049914,600
1094,214.0557587895842,905.7190435689281,276.60029306483216,-15.061359023242858,5477.720137062075,131.9084259388774,41.526688671126244,-2.4011214737579545,0.026144632156883094,4.248347012311862,558.6449957049914,600
2067,1143.6833612470232,1760.4240103113436,276.46864630585384,-14.93055155467528,5474.551595606958,120.65174463081965,45.37482331779329,-2.4004932570091286,0.0239273658961941,4.248347012311862,558.6449957049914,600
981,2409.433697608286,803.8283793982995,276.6061469731041,-14.743989810190957,5468.3452084653545,116.26573573104068,47.033162213116356,-2.39926168184881,0.02308371261707821,4.248347012311862,558.6449957049914,600
605,1709.5494390321073,488.28343832647147,276.65629159549394,-14.843680764924844,5460.240351336892,114.28991310732039,47.77534782277438,-2.3976512742834584,0.022725109276597457,4.248347012311862,558.6449957049914,600
1163,2819.782824659607,960.7272926604816,276.5809559958226,-14.685457320535393,5438.482773067313,114.48880740348282,47.502309582987856,-2.393316267041275,0.022855730795641672,4.248347012311862,558.6449957049914,600
1014,3041.2653619654543,831.8462437036604,276.5992270031594,-14.653001362039287,5434.047699389455,155.3254620568162,34.98491250199368,-2.3924304897436897,0.031033377600647977,4.248347012311862,558.6449957049914,600
1749,535.4739749220037,1464.4258917364564,276.5154126209315,-15.017188332649056,5425.814079286007,119.73262954410208,45.316085514412535,-2.390784144451713,0.02395838006914121,4.248347012311862,558.6449957049914,600
655,763.0268500705195,531.0200240651731,276.6539810302488,-14.98051995980604,5420.030230908655,121.11260116619611,44.751992597954754,-2.3896261462356576,0.02426037226439876,4.248347012311862,558.6449957049914,600
2122,2214.6310432913506,1806.2432815891634,276.45733313997164,-14.776182859702663,5419.070995033428,127.45246532048324,42.5183693497572,-2.389433975851851,0.025534845682086346,4.248347012311862,558.6449957049914,600
1719,1664.137807157039,1438.2081936176826,276.51460383028416,-14.854107581154743,5405.137670417491,136.47316023642244,39.60586580580222,-2.386638774131098,0.02741260613575442,4.248347012311862,558.6449957049914,600
530,938.7984085558998,425.99682423418085,276.66892396362874,-14.954704972336087,5370.793251042487,115.45224320047943,46.51960933938947,-2.379717960314029,0.02333854508706519,4.248347012311862,558.6449957049914,600
669,857.1552115987414,540.3119243782318,276.652188971845,-14.966961688205798,5356.200940974813,121.53378163437932,44.071704746984175,-2.3767640276762854,0.024634853728327688,4.248347012311862,558.6449957049914,600
1989,2548.123132063043,1685.8139134985267,276.4739057511264,-14.727592524018641,5338.251475371188,118.49216029838884,45.05151616721577,-2.373119445943103,0.024099077952676535,4.248347012311862,558.6449957049914,600
864,3053.2647036512753,704.671438074373,276.6181495241584,-14.65075177111646,5336.438086200389,144.0115907591788,37.05561516311674,-2.372750561717733,0.029299203244118593,4.248347012311862,558.6449957049914,600
583,2194.9232214186554,472.40112033868303,276.65655670087756,-14.773579701466153,5324.068310294242,110.17875086484219,48.32209721478283,-2.37023092164174,0.02246798178428108,4.248347012311862,558.6449957049914,600
438,268.343089026838,358.7463748400018,276.6818548410511,-15.051292026992504,5318.368970620737,121.54281304778395,43.75716537455692,-2.3690680338830514,0.024811936301323854,4.248347012311862,558.6449957049914,600
1241,1578.7256851010022,1029.9659127089594,276.575943043557,-14.864770287919198,5316.908015391207,121.51991785542668,43.7533871749056,-2.36876974132362,0.024814078865708813,4.248347012311862,558.6449957049914,600
1450,293.18300873046314,1221.645037208535,276.55272059124434,-15.051208391580133,5309.18196837639,132.14615088185852,40.17659184884554,-2.367190900855556,0.02702319808720155,4.248347012311862,558.6449957049914,600
460,43.31675635759486,374.0990389119682,276.68052079789913,-15.083876782581747,5309.112429564819,114.89625980349186,46.207878643265175,-2.3671766799642278,0.02349599314830787,4.248347012311862,558.6449957049914,600
2151,2444.5505292938674,1835.9662589384427,276.4519310199336,-14.743142836376615,5299.934915466001,117.65057165998438,45.04810168524348,-2.365298215011011,0.024100904574978918,4.248347012311862,558.6449957049914,600
1596,299.4345263493723,1338.9875284764628,276.53514917200596,-15.050782083722902,5297.929754207493,120.24111487059652,44.06088349986712,-2.364887363151966,0.024640903989210167,4.248347012311862,558.6449957049914,600
1635,1678.2654569675872,1369.7691504037252,276.5247661302358,-14.851789457259793,5295.526337737392,145.32288402893565,36.43972780421138,-2.3643947049866183,0.029794404772544008,4.248347012311862,558.6449957049914,600
1077,840.8568071989523,881.8510529651487,276.6012108949293,-14.970705060751367,5294.4155765934265,118.0026891283815,44.866906133243674,-2.3641669429076533,0.024198236374394486,4.248347012311862,558.6449957049914,600
805,2945.901914102755,652.2014083651803,276.6264469338692,-14.666014036146644,5290.026014649076,122.88390766570056,43.048972930127874,-2.3632663934439604,0.02522011388662357,4.248347012311862,558.6449957049914,600
1071,293.73799683710473,876.0375589034346,276.6043953978917,-15.049723551324062,5278.391764038475,122.14430473165976,43.214391171447865,-2.360875925453318,0.025123575053796705,4.248347012311862,558.6449957049914,600
1568,1654.2659606091925,1318.538584237315,276.5325192829581,-14.855044160895874,5273.795534302539,132.9499595839607,39.66752265894467,-2.359930094375042,0.027369997600674077,4.248347012311862,558.6449957049914,600
2020,1112.2600906737384,1710.966930265671,276.47616664692663,-14.934887145735408,5238.269929967413,115.51762988898102,45.34606479549214,-2.352591559089653,0.023942540656977356,4.248347012311862,558.6449957049914,600
1474,1343.4500068503785,1242.73063871407,276.5451567941002,-14.899599935376832,5237.123592999647,123.94875386268211,42.25232952968327,-2.3523539318251507,0.025695624645672373,4.248347012311862,558.6449957049914,600
1586,643.6425405937995,1330.3975948993573,276.53499678256327,-15.001016755381603,5231.867827833688,128.80502036995193,40.61850860165848,-2.351263783830104,0.026729194088521264,4.248347012311862,558.6449957049914,600
1008,2200.041574020451,826.9236187415012,276.60360286320156,-14.774287684887959,5218.6574224490905,111.69798942997566,46.721140184181266,-2.348518845618526,0.023237874669154453,4.248347012311862,558.6449957049914,600
1448,1772.2212097927884,1220.089116601262,276.5467234452285,-14.837619564748602,5208.243965241592,114.73548364438365,45.39348944032222,-2.346350172329015,0.023917526794835744,4.248347012311862,558.6449957049914,600
1067,2664.540227523073,873.6394835547577,276.5946238587181,-14.707485157632787,5203.245239150536,118.27393858178714,43.99316790784354,-2.3453076128631785,0.02467883200123969,4.248347012311862,558.6449957049914,600
1396,1215.2940165274897,1174.4533833639382,276.5558992358289,-14.917824211849151,5194.706103381526,125.84710971183725,41.277913456068106,-2.3435243287064074,0.026302201567322575,4.248347012311862,558.6449957049914,600
606,187.12035563247014,490.70704797863306,276.6624683120372,-15.063565995550075,5186.358764890407,115.95795873531327,44.72619923164427,-2.341778263214773,0.0242743630948157,4.248347012311862,558.6449957049914,600
57,2528.4795500490222,42.08704942550217,276.7193352439202,-14.72371190930947,5186.235725108767,117.99231820864074,43.95401161572374,-2.3417525051952746,0.024700817060611842,4.248347012311862,558.6449957049914,600
433,206.95980366700957,354.77255307670936,276.6827117776277,-15.060146808459011,5184.215411655139,117.17361029633295,44.2438822064475,-2.3413294710455768,0.02453898586326552,4.248347012311862,558.6449957049914,600
717,1523.8258713472665,578.7271677659318,276.6435838259002,-14.870855996017685,5153.007304512197,113.26042499642007,45.4969801205944,-2.334773769251938,0.023863122280253352,4.248347012311862,558.6449957049914,600
1721,3077.4721327530283,1438.6800088913087,276.5085333781405,-14.650265117654913,5151.883260881645,161.38333337539126,31.923267125099773,-2.3345369079553495,0.03400967688380382,4.248347012311862,558.6449957049914,600
759,773.6164671452052,613.0419305484096,276.6416755553317,-14.979323853462859,5147.555831141595,131.85503668386997,39.03950854363763,-2.3336245383832166,0.027810288615350395,4.248347012311862,558.6449957049914,600
1443,2561.972607432247,1217.1863952384037,276.54379063842777,-14.723679367693778,5138.795281841245,116.5533867204211,44.08962644876012,-2.331775165803144,0.024624840068939436,4.248347012311862,558.6449957049914,600
80,656.5742125048243,63.81110275011223,276.724279952629,-14.993998823905649,5124.326612978533,137.80836527831184,37.18443798843172,-2.328713881295952,0.029197698250482292,4.248347012311862,558.6449957049914,600
1712,735.0388375513753,1436.2849870089763,276.5187875138974,-14.98824556159415,5115.124951446895,117.96529517564316,43.3612694634535,-2.32676249167409,0.025038473583322292,4.248347012311862,558.6449957049914,600
1058,492.6292024279679,865.9917584024332,276.6050570344655,-15.020944489105545,5109.0994532976765,125.39473043355962,40.74413203515544,-2.3254827658013544,0.026646781898881065,4.248347012311862,558.6449957049914,600
199,2846.1852388149573,156.2090999123434,276.70089877718397,-14.678364389750074,5105.6733265875955,130.96592936162173,38.98474474601608,-2.324754434387455,0.027849355102189038,4.248347012311862,558.6449957049914,600
132,2041.3095278452795,105.56301950502916,276.7120033338077,-14.794246609409651,5102.384253444674,115.30190094470245,44.25238622814833,-2.324054778084197,0.024534270183816695,4.248347012311862,558.6449957049914,600
466,2335.4204981571806,377.8994361135201,276.6700530100971,-14.752927094716675,5090.637800728495,108.81352591060993,46.783134340398476,-2.3215523691677142,0.023207081254974175,4.248347012311862,558.6449957049914,600
355,1323.006131961224,295.59128426390237,276.6867517831331,-14.898694167631515,5084.4227860410465,111.99093621392528,45.400306113423085,-2.320226014942911,0.023913935674521835,4.248347012311862,558.6449957049914,600
1850,496.2590673213961,1557.1272211601918,276.5017172981317,-15.023230889580343,5080.327312186884,116.61956034297494,43.56325214437253,-2.3193511081450553,0.024922381745097748,4.248347012311862,558.6449957049914,600
653,2433.68523632932,530.3514216264713,276.6468656803315,-14.739375706323553,5063.900073453726,118.46984583858372,42.744210880069325,-2.3158346918130395,0.025399930836160035,4.248347012311862,558.6449957049914,600
406,327.3869398533472,331.88013964233386,276.6856193056787,-15.042650541879945,5063.462867954164,110.03192783248635,46.01812371826137,-2.315740947796392,0.02359287846342944,4.248347012311862,558.6449957049914,600
124,2601.2738790026597,99.74512362251677,276.71040737664026,-14.713448956486326,5061.967484823486,115.50646222316279,43.824106352106746,-2.3154202519720766,0.024774036263897656,4.248347012311862,558.6449957049914,600
1390,2714.305961333508,1168.6100438554995,276.5503875265969,-14.701514852017684,5054.739764093596,112.59948094684937,44.891323846151636,-2.3138688777519105,0.024185074241090197,4.248347012311862,558.6449957049914,600
756,991.685139121417,612.7746191074648,276.64078271279953,-14.947826759170473,5029.89981983928,110.83345704382232,45.38250411020305,-2.308520212364475,0.023923316293071394,4.248347012311862,558.6449957049914,600
137,696.7787904716109,111.50058722685704,276.71697671533815,-14.988384523567301,5019.823789273214,133.23617624800997,37.676132193475425,-2.3063430550063035,0.028816652262092245,4.248347012311862,558.6449957049914,600
1559,1777.1414669589603,1310.5954946816953,276.5331857197275,-14.837278761079153,5013.041049268562,111.71725312765066,44.87257705432972,-2.3048750261569246,0.024195178241835386,4.248347012311862,558.6449957049914,600
562,3081.796031010419,455.40226008171857,276.65521607843107,-14.645620327232383,5009.567149286973,244.66761020180613,20.474991132479673,-2.3041223799279114,0.053025663990532525,4.248347012311862,558.6449957049914,600
772,169.20888886683937,624.1265498916002,276.6425923058618,-15.066696416971304,4991.142765110009,111.05852423688266,44.94155490905079,-2.300121855214278,0.024158042644433532,4.248347012311862,558.6449957049914,600
345,631.9782179896783,288.02974809017013,276.69086699243076,-14.998463165674863,4977.715992691927,135.34202503533027,36.77879055963972,-2.2971971589984634,0.02951973089597527,4.248347012311862,558.6449957049914,600
2328,296.686130774074,2000.7691651434238,276.43621266834685,-15.053870810513146,4958.06772247568,121.37707201603604,40.84847030929064,-2.2929030103425743,0.026578718658971833,4.248347012311862,558.6449957049914,600
1419,193.57006918230505,1194.9913735600637,276.5571223395574,-15.065494944448886,4958.027503131656,120.12704134639908,41.27320083439545,-2.2928942029245443,0.026305204783032495,4.248347012311862,558.6449957049914,600
77,466.00282627341755,59.58454652552838,276.7257367954433,-15.021515002328503,4931.928295895981,117.30209968405505,42.044671912777204,-2.2871637587106908,0.025822534713847066,4.248347012311862,558.6449957049914,600
1787,2721.134911995316,1501.4207142696034,276.50069148613255,-14.701891183855212,4920.152160707163,127.61837549247703,38.553634159033784,-2.2845682089743513,0.028160769371870013,4.248347012311862,558.6449957049914,600
1531,361.18743611766325,1288.8455812677532,276.54238879604196,-15.041655162066085,4901.239079444669,127.60236951536368,38.41025129909164,-2.2803865931622487,0.028265891611744694,4.248347012311862,558.6449957049914,600
727,224.65114810592763,588.1040346442238,276.647743660275,-15.058537613234227,4894.571449089388,115.7648918835971,42.28027486961189,-2.2789085554289596,0.02567864100572169,4.248347012311862,558.6449957049914,600
1616,1538.7711719857564,1354.066708681534,276.52770029781743,-14.87185866562838,4887.546595594846,117.99535255440668,41.421517795298236,-2.2773491510037736,0.026211014414426845,4.248347012311862,558.6449957049914,600
676,1465.6133176411918,542.6528833035952,276.6492238403525,-14.87911220952844,4864.646253237966,111.38063347387791,43.67587166200551,-2.2722500359873568,0.024858118651916263,4.248347012311862,558.6449957049914,600
1526,2028.819933061871,1286.0883284252598,276.53577798356326,-14.800863447758985,4853.80918346328,127.62712606854221,38.03117200066496,-2.269828621604915,0.02854763455570123,4.248347012311862,558.6449957049914,600
1283,84.49114359235304,1066.817080205527,276.57674618981133,-15.080738487413967,4838.032689082145,116.48465871918728,41.53364693925336,-2.2662938701121744,0.02614025206088771,4.248347012311862,558.6449957049914,600
1891,2695.2315088081086,1596.4100581674927,276.48662595110295,-14.706014611473309,4822.9109967296245,111.61922616204495,43.2086044901251,-2.262894992568459,0.025126939710541363,4.248347012311862,558.6449957049914,600
778,1138.2041934561228,629.1128142224521,276.6377133773338,-14.926734727327485,4813.770153119811,116.53892140831682,41.30611554446972,-2.2608352486231342,0.02628424352396795,4.248347012311862,558.6449957049914,600
432,80.81337715406394,354.47274389249077,276.6832959736453,-15.078377387142732,4805.084705577057,119.02592763143176,40.37006727186519,-2.258874493927667,0.026893688154853507,4.248347012311862,558.6449957049914,600
1979,668.8261451997278,1676.2956775612736,276.48318819683266,-14.998786729362193,4802.616988680558,116.51654717791486,41.218325679932875,-2.2583167560374195,0.026340225666385393,4.248347012311862,558.6449957049914,600
2222,67.8079095036053,1907.484447704575,276.4510967490477,-15.086566246749145,4785.637649059587,116.98489194230305,40.908168307920164,-2.2544714048810053,0.02653993187443202,4.248347012311862,558.6449957049914,600
641,1575.155674195488,520.8940671648561,276.6520015934719,-14.863211194033477,4783.678970668814,113.1492453660825,42.27760384253314,-2.254026940943496,0.02568026333857024,4.248347012311862,558.6449957049914,600
2201,2631.6905008087806,1883.2627416729204,276.44408553970567,-14.716350142379868,4781.461822403886,112.8853469270187,42.35679787116339,-2.2535236052921475,0.02563224923900934,4.248347012311862,558.6449957049914,600
2130,1789.1916915498684,1812.8101270228901,276.45813310173867,-14.837589671447812,4766.81093551917,121.57519858536982,39.208744801448354,-2.250191691508448,0.02769025138391818,4.248347012311862,558.6449957049914,600
2178,2836.409070719722,1861.492011799946,276.44647242959456,-14.686745281663518,4763.818479119858,124.67907114031802,38.20864589020315,-2.2495098858858995,0.028415034731141254,4.248347012311862,558.6449957049914,600
615,2679.0546530978654,497.1190628696667,276.65075552017606,-14.703854407014267,4750.529955656035,115.1085165081641,41.270012851908334,-2.246477026512937,0.02630723677978688,4.248347012311862,558.6449957049914,600
2070,1361.2363426814002,1762.9871886615804,276.4673588825447,-14.899153307333359,4701.609808903071,117.64250195659143,39.9652313637286,-2.235238333465434,0.02716611321773438,4.248347012311862,558.6449957049914,600
1328,1901.9017487397616,1110.9756371631702,276.5624668825437,-14.818461213125557,4622.031873400731,106.23681779100296,43.506874259859124,-2.2167042141305124,0.024954677127924648,4.248347012311862,558.6449957049914,600
2313,2538.5929537524576,1989.8675751417413,276.4285661793075,-14.730210703186023,4618.447017032653,122.19683525848237,37.79514426264211,-2.2158617884101366,0.02872591231443293,4.248347012311862,558.6449957049914,600
1036,1350.446604562711,847.4570956371755,276.6041811232978,-14.896979405003606,4608.457886688877,121.01780112605135,38.08082648840014,-2.213510931905467,0.028510410621752573,4.248347012311862,558.6449957049914,600
505,1216.673999304488,409.94570103330506,276.6701251948664,-14.914512182256814,4599.522800158884,116.58947512942132,39.45058329710411,-2.211403814109922,0.027520505636723917,4.248347012311862,558.6449957049914,600
903,82.26207682848086,742.294989915229,276.62528854989466,-15.079742569070453,4595.162114146689,122.45407502912018,37.52559572275514,-2.2103739680455665,0.028932252215829384,4.248347012311862,558.6449957049914,600
148,775.5818350915758,121.95491463523274,276.7150727539774,-14.977043522848067,4573.91721256345,108.89229671888349,42.00404758080805,-2.2053426231806332,0.02584750905043885,4.248347012311862,558.6449957049914,600
1013,2529.6214184008563,832.3124011311907,276.6013755798119,-14.726772351080548,4566.1226038842,122.71171601440932,37.21016013946074,-2.2034907951653233,0.029177514848925196,4.248347012311862,558.6449957049914,600
123,2758.830731355861,97.8282420069658,276.7099974811504,-14.690721279488667,4565.271661835432,125.63758872578886,36.33682967124906,-2.2032884386431344,0.029878776156937074,4.248347012311862,558.6449957049914,600
358,1966.697518128692,296.0969257042257,276.6838770451073,-14.805788766160987,4562.146237700945,115.26843082685272,39.57845357115901,-2.2025448797729226,0.027431592243693785,4.248347012311862,558.6449957049914,600
391,775.8184834485677,323.64581322486856,276.68492353441724,-14.977829133425942,4555.0022435055,109.63061429798336,41.54863377053328,-2.2008433620784276,0.026130823121553272,4.248347012311862,558.6449957049914,600
2204,522.846668839661,1887.180003159651,276.4522674026862,-15.0207329861593,4548.585465266777,122.58211104486767,37.106437688953626,-2.199312772199282,0.02925907383244193,4.248347012311862,558.6449957049914,600
387,647.3000394543471,321.24342682817115,276.6858358581748,-14.996384663234224,4540.682730051456,121.14059967434243,37.482749319864666,-2.197424768078901,0.028965324574646758,4.248347012311862,558.6449957049914,600
1330,775.0195307657126,1112.227241024036,276.56705612114365,-14.981151821946842,4538.019308440387,126.3071691034032,35.92843811363765,-2.196787722531559,0.03021840238548784,4.248347012311862,558.6449957049914,600
866,591.7823107615727,705.2283416200945,276.62867039147926,-15.005965895176324,4511.7307217911,121.29065007748709,37.19767944939499,-2.190479802315732,0.029187304586487012,4.248347012311862,558.6449957049914,600
324,1343.0614765098908,261.20807928376917,276.69180201481146,-14.895658721533897,4510.6346416049055,129.6230717524932,34.79808479016504,-2.1902160014388237,0.031199992946360392,4.248347012311862,558.6449957049914,600
283,1140.8494091256293,227.01537645760257,276.6977881624632,-14.92471666507276,4504.691469719575,135.3281523852505,33.28717188789865,-2.188784501847556,0.032616168284176156,4.248347012311862,558.6449957049914,600
2108,472.4981474001737,1788.9404357000644,276.4671605627629,-15.027606964627656,4488.118250318104,114.93205681017189,39.05018647435265,-2.1847826013813454,0.027802684136042866,4.248347012311862,558.6449957049914,600
734,809.927570615141,590.4955217091884,276.6448903730093,-14.973987263329224,4483.270421933616,135.62940529727038,33.0552980904639,-2.1836092126238,0.032844961707158615,4.248347012311862,558.6449957049914,600
1908,1278.4203680261348,1612.7246869903915,276.4901527479004,-14.910496288379091,4452.741391051619,117.29659764337985,37.961385756383265,-2.176190555670507,0.028600115047629365,4.248347012311862,558.6449957049914,600
1661,542.8528784920338,1383.9026502359932,276.5274194462648,-15.015794711784997,4447.500456360343,115.38469737031774,38.54497656726918,-2.1749118773387623,0.028167094565623167,4.248347012311862,558.6449957049914,600
1267,883.0111216584347,1055.901278488551,276.5750190431904,-14.965324927873281,4435.105320780189,111.2453535258584,39.86778036306273,-2.1718817178258476,0.027232516837227664,4.248347012311862,558.6449957049914,600
1500,1114.4960390086233,1258.6375145970092,276.54374563971294,-14.932721296224752,4434.720117524674,119.95237913988647,36.9706724395435,-2.1717874140260998,0.029366520226955493,4.248347012311862,558.6449957049914,600
1339,905.1623409562806,1121.8218443535318,276.5650734595417,-14.962394032255576,4432.763476593362,128.6677880684271,34.4512293491512,-2.1713082711191483,0.03151411489548919,4.248347012311862,558.6449957049914,600
1829,2562.7178453874913,1540.0493911441588,276.4955993760022,-14.724891792357043,4423.642389797838,116.24115611019137,38.055732907580726,-2.169071901690888,0.02852921010972641,4.248347012311862,558.6449957049914,600
1375,1656.6506573511163,1157.6898969502056,276.5565337908427,-14.854043990944922,4389.009208024014,114.32527592908873,38.39054113235935,-2.160538104001253,0.0282804036613296,4.248347012311862,558.6449957049914,600
2237,2609.1035148048018,1919.7778194522537,276.4387309703163,-14.719756433927188,4382.884666003985,118.11640072874194,37.106486812694364,-2.1590219803032844,0.029259035097566156,4.248347012311862,558.6449957049914,600
1096,1719.441234185311,906.0584565892109,276.59384980367287,-14.843955852919331,4364.402382686909,126.15296758481053,34.59611348225157,-2.1544338345400043,0.031382137781372,4.248347012311862,558.6449957049914,600
949,2613.6834853875307,774.7409216619158,276.6096046610963,-14.71441470278825,4359.999369245488,111.6867819830589,39.0377383234735,-2.1533379401405535,0.027811549711299892,4.248347012311862,558.6449957049914,600
1073,37.1808411606273,878.3619295166453,276.60512905733043,-15.086810972761388,4331.692831625114,118.61231724461013,36.5197555553359,-2.1462660050852294,0.029729114652887335,4.248347012311862,558.6449957049914,600
2371,2052.181261686974,2035.1277973121512,276.4238401982503,-14.800552745814077,4318.527112192358,115.69263964699327,37.32758735014818,-2.142961000269054,0.029085726591855134,4.248347012311862,558.6449957049914,600
842,1115.5149795769323,683.6568119725844,276.62965999576534,-14.930233037366724,4276.541819515056,111.43354837575868,38.377507329250385,-2.1323536822200966,0.028290008277127122,4.248347012311862,558.6449957049914,600
558,2135.026216114244,453.3548243787063,276.6596611597989,-14.782143117010925,4273.3432511918945,104.24818916639664,40.992014205359105,-2.13154132005028,0.026485646559374503,4.248347012311862,558.6449957049914,600
1673,349.95198098762415,1401.7220626949763,276.5255589337816,-15.043737585781845,4254.17184693896,116.87456683995453,36.39946621376171,-2.126659447072571,0.029827360478971107,4.248347012311862,558.6449957049914,600
211,1526.7355177638347,170.36807579738885,276.7045746389461,-14.86877314856014,4242.2213613940985,108.00110595480534,39.279425186343175,-2.123605190270009,0.027640424849635543,4.248347012311862,558.6449957049914,600
582,1489.845935703183,471.99139814157945,276.6596754331675,-14.875326341897772,4219.582838524482,111.01412640210854,38.009422541781476,-2.117795667391667,0.028563969863171567,4.248347012311862,558.6449957049914,600
120,1788.5183654968955,96.17948730107535,276.7145128475863,-14.830686601461405,4218.969750492135,110.70172709803663,38.1111466016772,-2.1176379029249355,0.02848772857314717,4.248347012311862,558.6449957049914,600
527,107.96221437604781,425.93507504746185,276.67249241420717,-15.074743531159081,4214.014739212696,122.27081532780267,34.46459997764069,-2.116361999769473,0.031501888915129166,4.248347012311862,558.6449957049914,600
2123,312.0969652430292,1809.472284135629,276.4647509905817,-15.050865785161935,4213.493127756636,114.93778872562298,36.65890195447379,-2.116227598840438,0.02961627168616007,4.248347012311862,558.6449957049914,600
799,2982.5576358984513,649.5836795179877,276.6266775463155,-14.660719106484148,4209.852304115484,126.97888847084978,33.15395460468162,-2.1152890229929966,0.03274722466582282,4.248347012311862,558.6449957049914,600
1995,2592.970458471911,1687.5793311432337,276.4734527984545,-14.721132728207092,4209.7695950825,113.33271658465203,37.14522797958417,-2.1152676918233433,0.029228518952602055,4.248347012311862,558.6449957049914,600
767,492.6860376277,619.6314128438038,276.6418889770204,-15.01993490077778,4191.357371959428,119.19712680690925,35.16324163374445,-2.110508604300813,0.03087599292774267,4.248347012311862,558.6449957049914,600
1211,2154.2927924962746,1006.20626732261,276.5770319838253,-14.78161911289625,4186.52639379754,108.74820924697786,38.497428351114515,-2.1092564579061475,0.028201883775142312,4.248347012311862,558.6449957049914,600
479,1402.1553006061092,392.709920683928,276.67189888383973,-14.887662570828267,4183.139835160575,114.159558293975,36.64292239453548,-2.108377830390601,0.029629187003979502,4.248347012311862,558.6449957049914,600
158,1509.9738829095666,129.28733162342562,276.7107847734563,-14.871025520547288,4182.858290904376,127.20118414080339,32.88379993596778,-2.108304752967512,0.03301625730949904,4.248347012311862,558.6449957049914,600
972,558.2065468501737,794.2037314924974,276.61551159391064,-15.011178313079744,4175.475056274736,115.15608512364217,36.259265429104865,-2.1063866080700437,0.029942691534189828,4.248347012311862,558.6449957049914,600
1782,2656.5063357807408,1498.2773976966755,276.50143538766116,-14.711196923879585,4163.426338055462,112.69735942557612,36.94342404539598,-2.1032490871721494,0.029388180117411285,4.248347012311862,558.6449957049914,600
445,1339.1320136224122,361.05314141650064,276.6769012693988,-14.89663240822895,4144.646406392974,111.00214824097239,37.33843418413347,-2.0983405874311094,0.02907727717359277,4.248347012311862,558.6449957049914,600
1457,1688.129293811929,1227.4175694023238,276.5459856751783,-14.849785246653592,4123.068449375161,127.25759655606568,32.39938959210712,-2.092673236110478,0.0335098905772129,4.248347012311862,558.6449957049914,600
1532,518.7143189831337,1288.2290723726887,276.5418228664177,-15.018892818541389,4116.903586454573,117.83657866380092,34.937399177215546,-2.091048615034088,0.031075581627954728,4.248347012311862,558.6449957049914,600
798,2273.71216969751,649.9455109341538,276.62970700091853,-14.762938226443591,4100.820513536921,107.98634519001884,37.97536166559658,-2.086798777333767,0.028589589470153217,4.248347012311862,558.6449957049914,600
447,1152.6121511513293,364.4522805712478,276.67719973463676,-14.923577246930684,4086.2573242054787,115.10473631859394,35.500340428175654,-2.082936154086701,0.030582805316940274,4.248347012311862,558.6449957049914,600
1494,1435.5721352373605,1254.081075012718,276.5430719507891,-14.886347452646557,4081.273498900642,112.50012118756834,36.277947577461255,-2.0816111219906013,0.02992727186899965,4.248347012311862,558.6449957049914,600
1484,1040.270597314653,1247.1709382490899,276.54577158976707,-14.943392778956543,4073.489955303143,115.18540164639072,35.36463733319615,-2.0795384983764627,0.030700159308034894,4.248347012311862,558.6449957049914,600
242,435.170237778437,194.95773655715695,276.7056293064305,-15.026519844075965,4063.101866038691,111.18025548371062,36.545174755728,-2.0767661506936927,0.029708436401164842,4.248347012311862,558.6449957049914,600
776,1829.4992887024152,626.6787457663169,276.63510288794794,-14.826933982485947,4060.365455239895,110.27444333803466,36.820548191690015,-2.0760346846164097,0.02948625301143752,4.248347012311862,558.6449957049914,600
2293,694.5982511297163,1968.002747391131,276.43948048531246,-14.996251842982225,4048.6661552735604,117.95144654540229,34.324853775448474,-2.0729017920671335,0.031630142027773714,4.248347012311862,558.6449957049914,600
128,371.93958605817886,102.61634031863971,276.71970901714997,-15.035281507066475,4046.379007675976,116.86610919690484,34.62405855283786,-2.072288271334781,0.03135680926437822,4.248347012311862,558.6449957049914,600
259,1449.0770850254437,207.94136302954297,276.6992996089593,-14.88013661940152,4046.1220730085042,110.8716879656301,36.4937356619193,-2.072219327687312,0.029750311397495892,4.248347012311862,558.6449957049914,600
862,1338.7198231602601,700.0326409302164,276.62625707869375,-14.898071988748969,4037.005213861994,137.40243711867265,29.38088507393276,-2.0697701498146523,0.03695259680802646,4.248347012311862,558.6449957049914,600
891,3019.8758851214657,732.5462892158864,276.6141360499586,-14.655678657430652,4031.6336568142287,128.27588532207056,31.42939646599784,-2.0683245293282844,0.03454409317641762,4.248347012311862,558.6449957049914,600
1663,2269.9277665724544,1388.0066358444196,276.51953727906357,-14.766497511630156,4030.298155138211,112.17611114715505,35.92831052817635,-2.067964813426872,0.030218509694424762,4.248347012311862,558.6449957049914,600
1418,1281.5219240049391,1191.8374529620303,276.5530219950026,-14.908333123283496,4006.9231337098754,126.26018319059166,31.735445272254708,-2.061649402242781,0.034210958462561517,4.248347012311862,558.6449957049914,600
804,2865.984032300916,652.2380417126996,276.6267900603736,-14.677535641431236,3985.204562294006,110.07318202900373,36.205045487318834,-2.055748421116105,0.029987533101713048,4.248347012311862,558.6449957049914,600
2369,2551.4053342348234,2032.679828103145,276.42212298535867,-14.728538347146781,3975.9729828972486,124.42978642363646,31.953546631998236,-2.0532304357015985,0.033977448966894384,4.248347012311862,558.6449957049914,600
2190,1583.9094590549453,1873.6851727991948,276.44989682271955,-14.867463545491265,3967.2902509033447,122.62935005754318,32.3518819030005,-2.0508568116734858,0.03355909876449277,4.248347012311862,558.6449957049914,600
1797,1702.5185310656655,1508.1650818252465,276.5039937782486,-14.848853923200219,3962.5084350413526,110.6947914662203,35.796701746807614,-2.049547373328133,0.03032960990873479,4.248347012311862,558.6449957049914,600
1886,636.2816209208894,1590.1047128123955,276.4962065884506,-15.003136984954264,3958.72475647385,111.94282090327125,35.36381095751149,-2.048510141619126,0.03070087670427926,4.248347012311862,558.6449957049914,600
1521,51.57650972174825,1282.422748702454,276.5446395893119,-15.08637160707713,3949.9362995754345,123.51570829196066,31.979222353150092,-2.046097103634917,0.033950168894368186,4.248347012311862,558.6449957049914,600
835,1581.686718708157,677.1704048869002,276.6286291943162,-14.862905133830944,3943.4821734071593,110.58466516943967,35.6602985356504,-2.0443215788640936,0.030445622851827826,4.248347012311862,558.6449957049914,600
1874,1060.8399235309873,1579.719457701777,276.49599228340224,-14.94177713762693,3932.223659162468,110.80904701959399,35.48648566995749,-2.0412174037936386,0.030594745563073414,4.248347012311862,558.6449957049914,600
2268,2215.810513330555,1950.4808246497582,276.435795390466,-14.776602363263416,3927.1972142938757,109.39096788889043,35.90056190272283,-2.0398286516178805,0.03024186649060935,4.248347012311862,558.6449957049914,600
2012,884.3501886363746,1704.8900134859518,276.4780211661308,-14.967773970005796,3923.1891998556675,113.3214600501998,34.62000223186103,-2.0387200063784525,0.03136048324690236,4.248347012311862,558.6449957049914,600
976,109.52487793489283,799.0675684905583,276.61668292658715,-15.076032805615949,3918.7031877083355,109.29273225229898,35.85511229293937,-2.0374777994993143,0.03028020080176398,4.248347012311862,558.6449957049914,600
1029,748.7153290939763,843.1181368904087,276.6073912800457,-14.983856466927852,3912.350481242931,112.48034476719536,34.78252568784764,-2.0357162575121768,0.031213949491290777,4.248347012311862,558.6449957049914,600
203,622.4970708605061,162.4856186672623,276.709676077963,-14.99932276048691,3892.5080927399104,116.26837696211601,33.47864823130897,-2.0301956844493354,0.03242962477154803,4.248347012311862,558.6449957049914,600
444,730.9952505767053,360.4003846719986,276.67962242968946,-14.984453289119688,3887.7799630548107,142.22381760579404,27.335646226503954,-2.028876066930026,0.03971737090112517,4.248347012311862,558.6449957049914,600
1260,2734.3890512793687,1052.4787202466907,276.56763220886825,-14.698144432617811,3860.530187858967,107.49252921653412,35.9144046195273,-2.0212392560891397,0.030230210176161062,4.248347012311862,558.6449957049914,600
888,2410.4783231647525,730.202108452075,276.6171332119369,-14.743538567181284,3858.539487928094,108.78389201248403,35.46976869962777,-2.0206792468842854,0.030609164925605892,4.248347012311862,558.6449957049914,600
668,443.6283468568518,540.8657688411516,276.6538743697466,-15.026702937115349,3853.216699507204,112.34198719635303,34.298990036312006,-2.019180458573013,0.03165399327649532,4.248347012311862,558.6449957049914,600
773,810.9067716829228,624.4830845717275,276.6398060975681,-14.973984050816783,3837.6145607535727,109.93485838395945,34.90807753943054,-2.014775257215233,0.031101684095139408,4.248347012311862,558.6449957049914,600
488,1081.2595730842045,396.9645781167105,276.67264917167483,-14.934013073747241,3835.620347057644,116.61158140511125,32.89227622883025,-2.014210908518899,0.033007749066888185,4.248347012311862,558.6449957049914,600
575,1059.4952276769113,468.43481478233963,276.66206239702086,-14.93744680279493,3822.0829000190715,104.55268574229551,36.55652528563305,-2.01037213043962,0.02969921215205558,4.248347012311862,558.6449957049914,600
1352,69.22808864682388,1135.7465847314916,276.5665015950506,-15.08322448674435,3816.867041954538,115.66316432676743,32.99984972891855,-2.0088894536679107,0.03290014981639676,4.248347012311862,558.6449957049914,600
1409,1751.3072959791436,1182.8964685541503,276.55236695588314,-14.840485975708408,3811.313501257333,106.86732347486993,35.66397451839964,-2.0073085573504486,0.030442484738762623,4.248347012311862,558.6449957049914,600
1862,1779.67866025567,1566.3674506758805,276.4949768688705,-14.837956371627655,3809.906010775536,110.75014403258825,34.40091246883137,-2.006907528777816,0.031560209368972074,4.248347012311862,558.6449957049914,600
855,1252.7157171120643,695.9295952171055,276.6272386989146,-14.91047232421763,3775.298640474153,126.06749298642553,29.946646443430605,-1.997000153212229,0.03625447684270404,4.248347012311862,558.6449957049914,600
1503,326.8659305280225,1260.206731364412,276.5468140829047,-15.046497996730738,3775.111231681949,120.1832667517516,31.411288224339508,-1.996946255075764,0.03456400744362752,4.248347012311862,558.6449957049914,600
241,879.9380966438785,193.93958450447954,276.703861310316,-14.962262619136524,3769.4218798387446,105.31818775429792,35.790797014401896,-1.995308741830773,0.03033461365957076,4.248347012311862,558.6449957049914,600
1565,114.81030359404538,1316.2105372397316,276.5393236161133,-15.077369858649552,3750.8203476002673,115.64126564694874,32.434964513891366,-1.9899375323420252,0.0334731366681475,4.248347012311862,558.6449957049914,600
873,1614.6039393356077,713.8759395252732,276.6230047991548,-14.858303488119056,3749.424453785876,104.66722975638686,35.822333910171,-1.989533392874604,0.030307907986188987,4.248347012311862,558.6449957049914,600
1892,1451.8902452633474,1597.1820658686067,276.4917493884583,-14.885390870952813,3746.5957346315263,111.1451146782176,33.70904556154811,-1.9887139599308399,0.03220797213073447,4.248347012311862,558.6449957049914,600
1342,3023.6473831787685,1122.59078025106,276.5559237116457,-14.656729993112213,3744.971212869743,112.59203764816029,33.26142142104606,-1.9882430832418396,0.032641419206246754,4.248347012311862,558.6449957049914,600
2287,493.3906800657149,1961.4590465015065,276.4412844161984,-15.025290763440177,3736.1027540317154,114.1164459445474,32.739389341368025,-1.985668904348834,0.03316188914458946,4.248347012311862,558.6449957049914,600
1714,1896.8118059200194,1435.7745072038877,276.5139855446866,-14.820521138915465,3723.3488619705895,105.8241601070295,35.18429872918275,-1.9819561982228402,0.030857514266711617,4.248347012311862,558.6449957049914,600
1313,316.78990345006844,1100.1027153310176,276.57079510443486,-15.047303119220764,3716.2984031186206,115.60662636884612,32.146067399819,-1.9798983208921974,0.03377396017050947,4.248347012311862,558.6449957049914,600
2160,2603.2016428688667,1841.9807231369975,276.4503662813631,-14.720289102960027,3710.837544505368,112.06697341446737,33.112677459230056,-1.978301728877265,0.032788046250164064,4.248347012311862,558.6449957049914,600
215,2419.7240844172165,172.73658227958,276.7003115893215,-14.739930366600937,3704.8029327803524,108.19297581632586,34.24254582912871,-1.9765346534917037,0.031706170604769705,4.248347012311862,558.6449957049914,600
1369,1565.136510488858,1145.6421944292715,276.558721874916,-14.867203290685605,3704.4936466563377,114.84554081895661,32.25631243703341,-1.9764440097607994,0.0336585281445101,4.248347012311862,558.6449957049914,600
2188,2027.7068691927336,1872.5959970510216,276.4482093683567,-14.803419406886146,3693.933302545862,110.06457085672805,33.56151097299316,-1.9733444979859394,0.032349556635684826,4.248347012311862,558.6449957049914,600
792,2201.0806443560255,644.971520813259,276.6307643324731,-14.773395366095231,3687.3009362627636,103.16352098866783,35.74229437814362,-1.9713933332073164,0.03037577802123147,4.248347012311862,558.6449957049914,600
71,2066.259061921758,53.69907869827308,276.71963844200013,-14.790435464155046,3670.77322749194,116.98793662040141,31.377365338126644,-1.966515762915293,0.03460137549154791,4.248347012311862,558.6449957049914,600
1064,1338.523424419517,871.4053068965112,276.6006540871687,-14.898798293950325,3657.7894892749027,112.29921836296833,32.57181610518753,-1.9626686431049682,0.03333249814790299,4.248347012311862,558.6449957049914,600
94,2806.8284008311302,72.33705825762155,276.7135894857463,-14.683696586658685,3646.9229582810076,143.7426654325949,25.371193356583163,-1.9594383462499105,0.04279262645398149,4.248347012311862,558.6449957049914,600
685,1590.0747795984328,554.8091280005851,276.6468710132062,-14.861195901542255,3642.1855820030905,105.3185879851086,34.582552346012015,-1.9580270511275268,0.031394443913137046,4.248347012311862,558.6449957049914,600
918,1109.112387598955,752.7151334245119,276.6193678437943,-14.931438662182101,3639.5527422602754,109.15520877610643,33.342914031024755,-1.9572419172961881,0.03256164110280773,4.248347012311862,558.6449957049914,600
2285,2106.0574800343375,1960.576798245772,276.43474633182024,-14.792475725962143,3628.6891379640438,153.14708108515683,23.69414495041094,-1.9539962858281,0.045821446702222955,4.248347012311862,558.6449957049914,600
1522,1681.3173875788,1282.2421470827983,276.5378260515954,-14.850991965539233,3625.0961294082226,112.284065331269,32.28504524407081,-1.9529206929760061,0.033628572975266016,4.248347012311862,558.6449957049914,600
1718,992.0664231764933,1437.1909331318982,276.517578036705,-14.951127719454753,3622.6073918215698,116.409638592639,31.11947975801585,-1.9521750464135441,0.034888115368327845,4.248347012311862,558.6449957049914,600
496,233.48214739800298,403.63221426522966,276.67529181214013,-15.056512224515817,3616.745136787824,111.27238319203028,32.50352902522239,-1.9504166394571936,0.03340252681970344,4.248347012311862,558.6449957049914,600
716,880.4689984798455,579.0945832646739,276.64629255434465,-14.963752123984072,3612.305869530537,109.44901605943775,33.004461799536195,-1.9490831660080552,0.03289555232242137,4.248347012311862,558.6449957049914,600
2214,758.5190233102453,1895.8479822398212,276.4500019891652,-14.986725320734966,3607.2371905923355,112.52892478841096,32.05608866675881,-1.9475586237782,0.03386876082376943,4.248347012311862,558.6449957049914,600
1361,2345.047721761931,1143.1775765479126,276.55576610214626,-14.754662152482346,3604.044448859582,110.20173679134419,32.70406214816264,-1.9465972203296844,0.03319771088622996,4.248347012311862,558.6449957049914,600
290,794.1890117566646,236.09290566431065,276.69793132529446,-14.974819661527373,3585.6683957375353,104.4554529580705,34.327249503928336,-1.9410471823653679,0.03162793453276106,4.248347012311862,558.6449957049914,600
453,2567.6023315905327,366.10042375755205,276.67079851697594,-14.719391632255366,3567.6755898857955,114.03050761453255,31.2870271694828,-1.9355852663785655,0.034701283510214294,4.248347012311862,558.6449957049914,600
1496,643.7448054781593,1254.0576590527933,276.5464077250352,-15.00069136916538,3560.3543537576916,130.7929316507268,27.22130553098514,-1.9333549351409185,0.039884200218251196,4.248347012311862,558.6449957049914,600
928,141.8900074924542,762.3081050308137,276.62204353397385,-15.071205863129608,3556.202388079837,122.66816600142512,28.99042599233547,-1.9320880471971091,0.03745029480722494,4.248347012311862,558.6449957049914,600
812,519.8013965271065,656.0518663028088,276.6363284854125,-15.016165300969767,3545.4100722455187,116.82704231094361,30.34751203243812,-1.9287880594491067,0.03577558512340344,4.248347012311862,558.6449957049914,600
1670,1658.9122054668476,1398.4200153873635,276.5205685720584,-14.854699439183266,3534.26611316239,153.17650304037426,23.07316098103394,-1.9253699907360702,0.04705467104799563,4.248347012311862,558.6449957049914,600
597,1799.326881025792,482.2179530095269,276.6568086960242,-14.83069941864071,3534.2542910581687,101.97856200194589,34.656835923914386,-1.9253663589472843,0.031327152957169715,4.248347012311862,558.6449957049914,600
839,436.9320621250371,679.3464384331354,276.63319822307704,-15.028233198671472,3529.0849962491193,110.67565432047485,31.886732614475658,-1.92377716966981,0.034048643776914404,4.248347012311862,558.6449957049914,600
1584,1270.502953582912,1330.7934635109407,276.53230756879907,-14.910490201742425,3523.503900576965,112.62878050550387,31.28422313340044,-1.9220587655526702,0.034704393820822035,4.248347012311862,558.6449957049914,600
2127,103.3905870946839,1811.5313870658536,276.46529991134867,-15.081033639561518,3521.41518600937,111.24448748356781,31.65473872608318,-1.9214149560025473,0.034298182316235465,4.248347012311862,558.6449957049914,600
454,2788.410242696286,367.28732896581755,276.66965298507426,-14.687556207271527,3518.180385961139,112.34323938125686,31.316351614373207,-1.9204171316989176,0.034668789435283336,4.248347012311862,558.6449957049914,600
206,1097.2518579185362,163.12215837223994,276.7075252636592,-14.930752475753991,3505.2352998554707,107.73528430549514,32.53562955211585,-1.9164148156740857,0.033369570988657726,4.248347012311862,558.6449957049914,600
53,819.9565761286016,41.67801179999785,276.7268797800095,-14.970307463680834,3502.5010949117714,124.49900335779421,28.132764122183623,-1.91556757334589,0.03859201304516997,4.248347012311862,558.6449957049914,600
1249,688.1874947135726,1039.967832063584,276.57822303287907,-14.993400436789097,3490.031706680951,131.40649661007174,26.55904994588719,-1.911695305317083,0.04087872127248763,4.248347012311862,558.6449957049914,600
449,1832.6881838601832,365.6249309211475,276.6740772455215,-14.825409882935281,3469.7298772282084,109.46610865067407,31.696841332879902,-1.9053610383987802,0.03425262437345065,4.248347012311862,558.6449957049914,600
1129,136.83254927314573,931.7786499220288,276.59672119098593,-15.072625163916232,3463.2004219315713,109.79557245545415,31.542259350545745,-1.9033159383319838,0.03442048928499522,4.248347012311862,558.6449957049914,600
344,143.51428811873424,286.1943317677463,276.6932391016574,-15.06903786318826,3458.414681240334,151.55332545660744,22.819787496055593,-1.901814539399619,0.04757713016335773,4.248347012311862,558.6449957049914,600
620,2511.8361749556657,506.3287486682675,276.6501109797259,-14.72800636157501,3457.4340173053206,105.42340695543224,32.795696109185236,-1.901506625680713,0.03310495366176793,4.248347012311862,558.6449957049914,600
408,1974.4849780050263,331.71696832289797,276.6785237807879,-14.804810263688196,3456.6190234439564,107.78359634246054,32.06999154547831,-1.9012506634134807,0.03385407814842651,4.248347012311862,558.6449957049914,600
1066,1883.5447187398604,872.4499182752671,276.5981659605109,-14.8201370999709,3453.773464825703,103.55812705911563,33.35106150436782,-1.900356495334181,0.032553686480348204,4.248347012311862,558.6449957049914,600
231,82.65375112192392,187.52772477043897,276.7082562567127,-15.07743378863044,3425.956603280094,115.99512645824366,29.535349526200847,-1.8915765176407766,0.03675934151505044,4.248347012311862,558.6449957049914,600
1225,104.4122092911958,1014.2432581721228,276.58452506043756,-15.077645745848441,3415.0561432293034,113.62238283182603,30.056191906166696,-1.8881164936413264,0.036122340560955916,4.248347012311862,558.6449957049914,600
1246,1834.0330119968994,1035.417973581287,276.57404009247676,-14.82794638769787,3407.2385463469545,109.98043171836069,30.980407087983206,-1.88562822479027,0.03504472994549918,4.248347012311862,558.6449957049914,600
762,1079.538365389742,617.6285598438207,276.6396809659919,-14.935159466973804,3397.2163689963054,109.3601420927547,31.064483860261706,-1.8824298940483692,0.03494988054151606,4.248347012311862,558.6449957049914,600
2239,2176.080058636824,1921.0706318387595,276.44035201974623,-14.782213152143662,3392.0807467773557,106.28026154421903,31.91637560438299,-1.8807873287148802,0.03401702039911148,4.248347012311862,558.6449957049914,600
2312,2675.8513646263173,1987.2787180398939,276.42837733837746,-14.710408436087851,3390.6605227082036,108.86299626658067,31.146125304187372,-1.8803326486225642,0.03485826854533445,4.248347012311862,558.6449957049914,600
1628,1465.5660120078383,1364.1649456253024,276.5265004971135,-14.88246658221964,3359.245094806538,159.02294810744613,21.12427882129827,-1.8702261032333278,0.05139583742406192,4.248347012311862,558.6449957049914,600
742,643.6378578097602,596.8976550282548,276.64464393350534,-14.99803415726006,3354.4587148043793,111.24570644876229,30.15360162550975,-1.8686780018913902,0.03600564912555935,4.248347012311862,558.6449957049914,600
1966,3058.454150600281,1664.853322322473,276.474871543473,-14.653932319836473,3341.338327573263,157.30132529348882,21.24164129792981,-1.8644230050390882,0.051111869594832646,4.248347012311862,558.6449957049914,600
484,629.6969921398709,395.1768384182338,276.6748590350745,-14.999228166356005,3339.1101695054676,125.72379874376016,26.55909384595486,-1.8636987446919286,0.04087865370321586,4.248347012311862,558.6449957049914,600
1116,2815.48457270688,921.9535500552928,276.5867606876929,-14.685918536414805,3338.373626309738,109.98999522321216,30.351611703727137,-1.863459225842713,0.035770752821889774,4.248347012311862,558.6449957049914,600
525,1709.4581769480637,423.6770429493737,276.6659418625465,-14.843430722058324,3316.65094914363,104.1857603433789,31.834013959417305,-1.8563712938424568,0.03410502996524642,4.248347012311862,558.6449957049914,600
1087,1460.2767639823942,895.3506216224183,276.59655708146187,-14.881319271997475,3305.159735742898,125.58647224842987,26.317800608371023,-1.8526030076308335,0.04125344728292631,4.248347012311862,558.6449957049914,600
2251,2000.1784704945746,1938.3408202197136,276.4385078758961,-14.807659615328285,3300.063218650641,109.10125952519502,30.247709632431413,-1.8509275231660227,0.035893626763592014,4.248347012311862,558.6449957049914,600
580,697.2687840431877,469.8889679761807,276.6634006037178,-14.989770326738753,3294.072950428468,143.84552767228365,22.900072068512245,-1.8489549060688542,0.04741033114445282,4.248347012311862,558.6449957049914,600
2177,1646.7030197112624,1861.1160601156787,276.45151283821747,-14.858349602844267,3291.3343504288932,109.60044350021332,30.030301386713706,-1.8480518799672168,0.03615348331070516,4.248347012311862,558.6449957049914,600
1089,58.49188194219197,897.114530021568,276.60223480511763,-15.083806913303512,3290.4480970419827,116.735637034967,28.187177288940152,-1.8477594858012736,0.03851751414732819,4.248347012311862,558.6449957049914,600
1975,2799.3516569020503,1670.5084751414608,276.4751270905846,-14.691305979819923,3289.689649975451,112.64587401076507,29.203818416474537,-1.8475091951615235,0.03717664534537484,4.248347012311862,558.6449957049914,600
1743,179.28484801923207,1460.3698406068347,276.51749844123117,-15.068637998279304,3273.4192792557296,122.213006116404,26.784541050711915,-1.8421259638500151,0.04053457544575485,4.248347012311862,558.6449957049914,600
671,917.4603787387489,540.5777840764077,276.6518907479553,-14.958252794416609,3262.7036816390464,120.85087960540638,26.997765281412864,-1.8385659565548234,0.04021443955390898,4.248347012311862,558.6449957049914,600
2225,693.1950182943804,1910.8737540447796,276.4480251441994,-14.996221869030727,3261.988631345739,108.70534687088977,30.00761899246805,-1.8383279818097984,0.036180811289043366,4.248347012311862,558.6449957049914,600
1454,712.9937604845203,1223.2097502059635,276.5507283511776,-14.990562697218655,3247.098304799525,118.96011868259606,27.295688174818352,-1.8333604663987113,0.03977551300580921,4.248347012311862,558.6449957049914,600
639,129.87534604818475,520.365340272541,276.65827675438476,-15.0719597946001,3246.1871058457764,130.17051246794878,24.93796055880988,-1.8330557449402352,0.04353603805891227,4.248347012311862,558.6449957049914,600
1580,2532.6104849142484,1328.2504219493612,276.52733917568565,-14.728367559266168,3241.487641520507,100.67209943073486,32.198470677079094,-1.8314827994236904,0.03371899277107189,4.248347012311862,558.6449957049914,600
561,244.4338996312925,454.91499318104593,276.6675762684049,-15.055137775198874,3230.334355316998,104.2437802442512,30.98826949433411,-1.8277405646627702,0.03503583832580614,4.248347012311862,558.6449957049914,600
861,495.1477275548893,700.8784909725302,276.62973157007474,-15.019909444724323,3222.7268892587745,108.99852836754147,29.566700922711412,-1.82518063075257,0.0367203633181147,4.248347012311862,558.6449957049914,600
429,1605.7704432345513,353.0446064486795,276.67694211899897,-14.858108576179959,3222.4866254255758,106.49757870001461,30.258778319296507,-1.825099682885777,0.03588049684436968,4.248347012311862,558.6449957049914,600
2059,2926.396311782006,1750.2349395692797,276.4626928739283,-14.673317352910498,3219.1003912379383,123.39428799128343,26.087920629400084,-1.8239581761780483,0.041616961942779675,4.248347012311862,558.6449957049914,600
2339,1140.3852142943251,2007.008978883066,276.4318166249465,-14.932033065931558,3206.993342275673,109.99370957325785,29.15615224468592,-1.8198670198738889,0.03723742388530993,4.248347012311862,558.6449957049914,600
96,824.3278557952223,76.03248643500493,276.72172572694103,-14.969815679181442,3201.651699715294,114.52329418115221,27.95633606776052,-1.8180570846923525,0.03883556118972394,4.248347012311862,558.6449957049914,600
1998,2658.413622615061,1692.1966604050492,276.4724870882957,-14.71171514497414,3188.1234953120584,106.38374141691494,29.968146004734788,-1.813459713797896,0.03622846738094729,4.248347012311862,558.6449957049914,600
1175,325.8456609800317,972.3017247410041,276.58986615395366,-15.045475119047525,3181.0736589864246,114.33406282869588,27.82262416190488,-1.8110561877405922,0.039022199835720583,4.248347012311862,558.6449957049914,600
1513,968.5436346611261,1272.3944988322771,276.5423039080553,-14.953853568953422,3168.5839377980446,111.07225356590253,28.527231924019873,-1.806784914915647,0.0380583718354336,4.248347012311862,558.6449957049914,600
500,2181.6549880796374,404.8805610452066,276.66669581824243,-14.775218449745667,3155.134600108082,100.50141828230042,31.39393109105746,-1.80216660219674,0.034583117254444795,4.248347012311862,558.6449957049914,600
937,2028.0799506030494,765.4504306818608,276.61352273170473,-14.798845694705475,3139.724244449637,103.95488257307633,30.202758800122062,-1.7968506404239108,0.0359470473272002,4.248347012311862,558.6449957049914,600
1701,1621.801866593251,1425.6856957941582,276.51665259905616,-14.860166636812242,3122.6832983131753,108.3997958689369,28.807095744799394,-1.7909417251307267,0.03768863094072938,4.248347012311862,558.6449957049914,600
1753,1674.676943083958,1466.7841448931072,276.5102914058064,-14.852703141081383,3117.0150263796677,114.58440404837754,27.202786035904712,-1.788969113818684,0.039911353144747544,4.248347012311862,558.6449957049914,600
52,2699.0817527355857,41.57966797385917,276.7186566999624,-14.699107252117411,3110.472920216096,121.16644713592795,25.67107473842721,-1.7866879358570344,0.04229273651620079,4.248347012311862,558.6449957049914,600
1830,338.90529907875094,1543.6548702162609,276.5043838015038,-15.04591095455128,3100.23067483824,122.03886320839953,25.403634492597117,-1.783106896596135,0.04273797909965932,4.248347012311862,558.6449957049914,600
542,762.3288819731805,438.2834194460546,276.6678459248806,-14.980243727648793,3083.5412239664583,128.84903405779414,23.931426777971513,-1.7772462712876105,0.04536712374371967,4.248347012311862,558.6449957049914,600
571,608.9811375120692,465.2217286342401,276.6644765898874,-15.002505610261153,3076.9850086900988,114.89174100182444,26.78160311489437,-1.774935324881322,0.04053902207953328,4.248347012311862,558.6449957049914,600
476,2439.037614385303,385.8801804198523,276.6684086883892,-14.738014204448753,3069.541694599611,109.75374095101394,27.967535940024412,-1.7723057163456526,0.03882000911085814,4.248347012311862,558.6449957049914,600
550,2995.6498953910905,443.98758811252446,276.65729754916015,-14.657991682709778,3067.849608429824,125.92373014673014,24.362759940918785,-1.7717070387733918,0.044563916511630476,4.248347012311862,558.6449957049914,600
1364,1373.3228230269335,1144.158271144852,276.55975689319234,-14.894885656220648,3060.4711309172562,107.6925681409556,28.41859177238207,-1.7690925920487182,0.03820386346712337,4.248347012311862,558.6449957049914,600
1169,449.1739724872513,967.1136136202726,276.5901222384269,-15.027634072970756,3051.4095439332887,115.4933312970493,26.42065571807823,-1.7658731246561679,0.04109284839804767,4.248347012311862,558.6449957049914,600
332,1379.0694246357853,268.3974970169511,276.690571592378,-14.890489417525785,3048.054720412183,108.15190497151112,28.18308860315579,-1.764678772638717,0.03852310210877417,4.248347012311862,558.6449957049914,600
1441,2761.2394466660157,1212.1515480122578,276.5436882705908,-14.694925837124922,3043.252541837748,114.39186326750324,26.603750082478847,-1.7629668576110604,0.0408100360525879,4.248347012311862,558.6449957049914,600
528,275.4887913367101,426.21448668873103,276.6717354130716,-15.050533375910232,3042.2532925034757,134.34625731418387,22.644868218314585,-1.7626102985281888,0.04794463758998226,4.248347012311862,558.6449957049914,600
915,1568.4627980084192,749.434793630867,276.6178913557687,-14.865108323644996,3040.5060532319476,123.07146556178462,24.705207168476804,-1.7619865549671427,0.04394620100111222,4.248347012311862,558.6449957049914,600
623,904.8800506212758,507.84185206804915,276.6568373560271,-14.95993660563344,3033.904592547042,124.42431703302111,24.38353422299172,-1.7596266724667398,0.044525948948625826,4.248347012311862,558.6449957049914,600
1518,275.89872747493695,1277.6795381910538,276.5444142462363,-15.053933800867025,3027.608973763068,111.17294399634484,27.233325528040442,-1.7573713335556918,0.03986659649340743,4.248347012311862,558.6449957049914,600
694,114.54432586378519,561.3970784538484,276.6522055894394,-15.07434218982583,3023.5146395859774,108.43408559796632,27.883433727620087,-1.7559020634455815,0.03893709830021953,4.248347012311862,558.6449957049914,600
377,2938.132497716201,312.66312968803885,276.67714616326873,-14.665746998829807,3014.8884067740873,123.54282244305925,24.403590165374812,-1.752799978482435,0.044489355567872646,4.248347012311862,558.6449957049914,600
564,2638.907485464141,456.1862095588915,276.6570403211107,-14.709476532597273,3010.7443150287727,109.46891462480632,27.503189607276145,-1.7513065614884524,0.039475421414859144,4.248347012311862,558.6449957049914,600
1293,2187.4613261266763,1079.065293769973,276.5660118532588,-14.777131644365374,3006.1875177570037,103.2031802017279,29.12882637803318,-1.7496620420359912,0.03727235645919312,4.248347012311862,558.6449957049914,600
1672,1951.440805186253,1400.2748102092082,276.51905565599105,-14.812493890593629,3006.1067785136984,107.8847204456952,27.86406421683088,-1.749632881281282,0.03896416515377534,4.248347012311862,558.6449957049914,600
1035,1196.540197830045,848.3770141118293,276.6047003751129,-14.919203977220599,3004.3457649624906,122.81527451933349,24.46231363908688,-1.748996657565847,0.044382555796571285,4.248347012311862,558.6449957049914,600
1683,1710.9477650926442,1408.290218603555,276.5188748511787,-14.847229937871779,2995.0596695211134,107.13041563694122,27.95713665175348,-1.7456355718104906,0.03883444908983212,4.248347012311862,558.6449957049914,600
627,2368.0259534720885,512.1555449433384,276.64986794627646,-14.748771770190851,2986.2205118272686,105.67516714691573,28.2584886539678,-1.74242655961808,0.038420313743408784,4.248347012311862,558.6449957049914,600
2321,2797.489206358208,1994.263637979009,276.42682461581774,-14.69289982217584,2982.865819006576,119.57777282293547,24.944985582090144,-1.7412061678753985,0.043523777411180575,4.248347012311862,558.6449957049914,600
960,2730.7385313527693,788.5922418145738,276.607029813493,-14.697592415751702,2982.5128907783073,102.54828302008771,29.08398661530078,-1.7410776975890339,0.03732982050778502,4.248347012311862,558.6449957049914,600
771,1864.942100131639,624.1262287895914,276.6353310352582,-14.821808965155993,2979.423843384604,121.77948334370906,24.465729050397687,-1.7399525964538731,0.04437635999988123,4.248347012311862,558.6449957049914,600
1426,3042.31132631944,1200.9929605129569,276.54414576314457,-14.654360437854848,2974.198290372675,119.87156236865204,24.811541883685884,-1.7380466731606592,0.0437578609620336,4.248347012311862,558.6449957049914,600
1194,1721.3203077314863,987.9120891890909,276.5816163328572,-14.844018400211437,2969.871170103317,118.98611106746203,24.959813741786025,-1.7364659002575376,0.0434979207469964,4.248347012311862,558.6449957049914,600
987,1263.9198727835153,806.2261825637609,276.6107108811723,-14.909303751900966,2959.003151816083,115.92570182814602,25.524996658658626,-1.732485443427438,0.04253477540149677,4.248347012311862,558.6449957049914,600
1818,2732.5967218288447,1526.2249291476753,276.49694118439214,-14.700340065307406,2956.6234465062153,109.30980755468586,27.048107691773826,-1.73161191555748,0.04013959173677038,4.248347012311862,558.6449957049914,600
1001,935.7265412605748,819.9467286000042,276.61005978637223,-14.956751267647261,2956.2505304696388,105.5470024921911,28.008853502858663,-1.731474964070146,0.03876274335503203,4.248347012311862,558.6449957049914,600
1699,664.1054352937134,1422.7274781811386,276.5211099573515,-14.99843653254773,2955.892408338608,132.58356442898892,22.294561328691454,-1.7313434293058871,0.04869797543864585,4.248347012311862,558.6449957049914,600
1562,2305.4141942001206,1313.5682486532744,276.53049894705066,-14.761074803543437,2926.261241283559,105.56049012325519,27.721178992886255,-1.7204046116851575,0.039165000892588654,4.248347012311862,558.6449957049914,600
2009,1598.0411365101136,1699.5428264256484,276.4758482085607,-14.864713272623964,2924.6730003090343,105.2618446221178,27.784740147851227,-1.7198151636759769,0.039075405932272655,4.248347012311862,558.6449957049914,600
1307,2550.6816241898955,1093.8293857313047,276.5622507985877,-14.724803519113804,2922.6642908356152,98.99166297752448,29.524347838253714,-1.7190692074988894,0.036773039186094904,4.248347012311862,558.6449957049914,600
147,396.86258338952075,121.54735810119729,276.71677081509483,-15.031757003011455,2920.999726315087,131.37795943467682,22.23355986715149,-1.7184506647460314,0.04883158641653444,4.248347012311862,558.6449957049914,600
821,722.9931631033837,664.2987483707279,276.6342299737882,-14.986844760131895,2920.181189785828,107.59970937530802,27.13930369086992,-1.7181463719109638,0.040004710967041,4.248347012311862,558.6449957049914,600
1590,1693.4053794962963,1334.1516873075175,276.5300218625203,-14.849459163404562,2919.822382284561,119.10526119504563,24.514638169535502,-1.7180129575079257,0.044287824788260856,4.248347012311862,558.6449957049914,600
2058,962.6464911441543,1748.4828213914518,276.47118185440803,-14.956644352071537,2897.754177525756,110.68882026510337,26.17928504961512,-1.7097757255396915,0.04147172078772876,4.248347012311862,558.6449957049914,600
251,2052.257170145178,205.4116590212179,276.69704523459484,-14.793073940804323,2894.411290266202,107.3160346163435,26.970911668640827,-1.708522482983246,0.040254479097284177,4.248347012311862,558.6449957049914,600
696,2052.1433458180777,563.5124400166122,276.6435726265491,-14.79455023476158,2893.9819260604563,103.60113661150557,27.933882008578863,-1.708361410213433,0.038866778332727524,4.248347012311862,558.6449957049914,600
1158,515.974437525063,955.2210498156213,276.5916184271358,-15.01793439701852,2892.0535585240577,110.46370830326897,26.181029072319063,-1.707637702751408,0.04146895819110104,4.248347012311862,558.6449957049914,600
908,515.1766756324349,744.0543144534615,276.62319152843173,-15.017191174512087,2868.987149515364,114.36218620457572,25.086851211319125,-1.698943381544118,0.043277651342314934,4.248347012311862,558.6449957049914,600
84,1195.9470257289163,65.14728513761416,276.72173691028985,-14.916102226597845,2868.8883159054676,128.30805564406498,22.359377994659614,-1.6989059784219456,0.048556806913828826,4.248347012311862,558.6449957049914,600
144,2483.389065435666,118.82392712111688,276.7080793924572,-14.730528026958227,2867.348415566201,98.70124008033342,29.050784095847753,-1.6983230437668775,0.03737248524576588,4.248347012311862,558.6449957049914,600
1440,2436.600466669309,1213.9686927280234,276.5448071796931,-14.741746735483199,2861.127529169142,107.70729290468273,26.563916444368736,-1.6959649142024902,0.04087123230769523,4.248347012311862,558.6449957049914,600
898,1426.3947452628165,735.9485364952802,276.6205153755183,-14.885560999831947,2860.2948334991815,109.4337713712866,26.137222519680705,-1.6956488781591792,0.041538461065727006,4.248347012311862,558.6449957049914,600
966,1514.1811147824908,790.9990995981467,276.6119152110328,-14.87311294985844,2848.54905986425,104.25672487260016,27.32244911150936,-1.691181133052959,0.03973655493213666,4.248347012311862,558.6449957049914,600
1653,945.5867036046054,1383.6598044078403,276.525772373016,-14.957621979411195,2840.7691867686226,114.2478538312895,24.864967625244002,-1.688211745584303,0.04366384128719918,4.248347012311862,558.6449957049914,600
644,950.02525372257,523.9212765801377,276.6542404678925,-14.953481836188287,2816.3554359854315,102.64994115073081,27.436503171978494,-1.6788405333713017,0.039571369324821595,4.248347012311862,558.6449957049914,600
715,3002.7060929479453,575.0261309667543,276.63771425586424,-14.657509914116496,2815.484142424364,130.52027505219934,21.57123972730183,-1.6785045880878469,0.05033090419118908,4.248347012311862,558.6449957049914,600
256,2322.150657172156,205.67737710493216,276.6958225661975,-14.754138802307969,2813.4013443609583,98.00722948064387,28.706059331231238,-1.6777011006574651,0.037821283216634145,4.248347012311862,558.6449957049914,600
1299,3075.1647220858345,1085.9169544553447,276.5611730937073,-14.649154108050585,2810.0118885245174,152.54681837380386,18.42065221995523,-1.6763922673175355,0.05893928114140569,4.248347012311862,558.6449957049914,600
1405,1494.7843805052942,1178.1156527633827,276.5541694345299,-14.877490476667571,2795.557947385707,110.2388435846953,25.359100807674114,-1.670793121312832,0.04281303222200403,4.248347012311862,558.6449957049914,600
1904,2925.294867702603,1609.7993898507298,276.4836513207605,-14.672901210622406,2791.188322680653,107.78031650361505,25.89701360347215,-1.6690947228241342,0.04192375293243984,4.248347012311862,558.6449957049914,600
2278,1813.8867422437377,1954.769038911977,276.4368305984293,-14.834605901033493,2789.201522964693,111.33589228627207,25.05213247667668,-1.668321608208836,0.04333762808458631,4.248347012311862,558.6449957049914,600
167,2429.6139692697716,134.08258063519185,276.70603844100026,-14.738346259201112,2779.4601699864725,101.25141253296182,27.45107550061719,-1.6645230113525586,0.039550362971228215,4.248347012311862,558.6449957049914,600
718,1650.725725520114,578.3038318378653,276.64309978902196,-14.85253748968869,2767.6903584098327,98.93754212108418,27.974116792012175,-1.6599156261146142,0.03881087678557253,4.248347012311862,558.6449957049914,600
2362,261.10920856741114,2027.7516861399774,276.4323236780498,-15.059121297281214,2762.832276975736,114.22412558477765,24.187817265671686,-1.6580081766372154,0.04488623293598587,4.248347012311862,558.6449957049914,600
774,1748.9971348937966,624.8243231391845,276.6357272927904,-14.83854398268663,2758.272182050452,99.28121017709711,27.78241902098359,-1.656214672703324,0.039078670549889456,4.248347012311862,558.6449957049914,600
1643,384.233049890615,1374.6642486946953,276.52946172154367,-15.038674260870936,2739.7303174591507,108.11543367458204,25.340788306926637,-1.648891413022936,0.042843971026080334,4.248347012311862,558.6449957049914,600
111,2307.605082474422,88.03337792625311,276.713450227963,-14.755757300271222,2734.7910817305674,105.1712818999709,26.003211450171783,-1.6469322614849613,0.0417525351466858,4.248347012311862,558.6449957049914,600
1806,1281.6314414341148,1514.6488634373402,276.5047920516486,-14.909632891472627,2712.833804665541,104.10059835718356,26.05973306087476,-1.6381798454265186,0.04166197702270539,4.248347012311862,558.6449957049914,600
273,2711.9816680383956,220.00849680246571,276.6919693413387,-14.697975224320619,2708.616658148123,98.22194563523392,27.576491593916206,-1.6364907367241088,0.039370490488337614,4.248347012311862,558.6449957049914,600
766,2795.936443616662,619.3253948226092,276.632007037709,-14.687500382059097,2707.7103074612096,102.13082380201897,26.512175332200567,-1.63612736953065,0.04095099652880444,4.248347012311862,558.6449957049914,600
1439,2675.093828858058,1212.2140885520143,276.54404827833395,-14.70734707303955,2706.882997663575,104.73065147443482,25.846139210967635,-1.63579558460934,0.04200627378573008,4.248347012311862,558.6449957049914,600
93,1640.892320925858,71.5342185735615,276.7188401840111,-14.851892841479115,2704.208038028679,98.07768612416956,27.57210273705951,-1.634722122440879,0.039376757382407285,4.248347012311862,558.6449957049914,600
1438,999.2074125424795,1211.0945134555398,276.5513356394366,-14.94917572699014,2702.521960990154,100.09160227169154,27.00048655085319,-1.6340449534517072,0.04021038650378295,4.248347012311862,558.6449957049914,600
930,476.18847175742343,763.5058666317964,276.62044888235266,-15.022903262320016,2697.5822164986166,112.21409827442504,24.039601600696802,-1.632058598834695,0.045162978074001464,4.248347012311862,558.6449957049914,600
731,2926.704901360366,588.0763950333937,276.63609931221913,-14.668519496075833,2683.6589304872323,105.28697072145904,25.488993672227128,-1.6264401740019703,0.04259485540941468,4.248347012311862,558.6449957049914,600
1669,664.5179443016813,1393.539913549411,276.525471109561,-14.998258162968234,2683.1157288762624,120.11374532196821,22.338123931479256,-1.6262203869995486,0.048603007277169485,4.248347012311862,558.6449957049914,600
1768,1311.3556154672383,1488.153503665237,276.5086259282598,-14.905233621147756,2677.041631015367,105.71836396261298,25.32238989209193,-1.6237596865615154,0.04287510004492346,4.248347012311862,558.6449957049914,600
1334,2909.9804420451674,1114.8647680932893,276.5575663298813,-14.673083909130488,2668.774012303911,105.6500119298059,25.260517850930775,-1.62040137392305,0.042980116496701005,4.248347012311862,558.6449957049914,600
1686,2626.9361703003465,1410.0252825632153,276.51473215247177,-14.715099855965617,2660.9215119247674,102.60267530215292,25.934231286744364,-1.617202035390532,0.041863589014683025,4.248347012311862,558.6449957049914,600
1608,1129.4676502592517,1347.8916029385555,276.53034595759556,-14.93092306369717,2656.442751957511,110.46699718531133,24.04738808552257,-1.6153730265968844,0.045148354413327416,4.248347012311862,558.6449957049914,600
235,1361.2759434822121,190.14958892810247,276.7023396519405,-14.892739841517356,2645.217693337472,97.5202952407629,27.124791683688287,-1.6107754214195675,0.040026113846724755,4.248347012311862,558.6449957049914,600
1460,166.8975169174081,1230.3906183064973,276.55194020447624,-15.069493421720708,2636.0822391632246,112.67518288020489,23.395411232355226,-1.6070192616243248,0.04640653627402395,4.248347012311862,558.6449957049914,600
1193,2887.9370302420716,985.4876381285479,276.5769666485352,-14.675732739994896,2634.058314568305,102.26751723390782,25.756548959173877,-1.6061853376353799,0.042152386242462786,4.248347012311862,558.6449957049914,600
2171,130.19079547848764,1854.3099553122825,276.4587930949293,-15.077334464044323,2631.185242397012,104.28156023173176,25.231548478466003,-1.6050004356451453,0.04302946372580329,4.248347012311862,558.6449957049914,600
1366,190.96032941199485,1144.1762862118942,276.56473194264777,-15.06566558611053,2630.612979808124,110.26408025629416,23.857388314432175,-1.6047642706735534,0.045507915019483584,4.248347012311862,558.6449957049914,600
870,2817.252863884903,710.1103739848716,276.61836616869977,-14.684797885658154,2622.659701282799,133.66837526745496,19.620644718955848,-1.6014767318141687,0.055334573127002615,4.248347012311862,558.6449957049914,600
1059,1929.9024719901904,865.7265561800464,276.59897102137916,-14.813420439454529,2620.0598171552992,97.21899708680844,26.950080700954,-1.6003998904737657,0.04028559365173135,4.248347012311862,558.6449957049914,600
2202,365.7712177813719,1884.7021588651996,276.45328292357806,-15.043416482578573,2612.304044204124,107.1599874931437,24.377606841091353,-1.5971811809653194,0.04453677537246699,4.248347012311862,558.6449957049914,600
851,2846.6101494559143,692.3278091340004,276.6208920462428,-14.680492625623092,2608.6651586540393,113.9975474312714,22.88352001806698,-1.5956677185130688,0.047444623866556325,4.248347012311862,558.6449957049914,600
2161,1580.1572567351811,1842.9820802733366,276.4544983238858,-14.867879787372969,2604.6848269065376,130.1359635102276,20.015103870205955,-1.5940098244001137,0.054244035256601854,4.248347012311862,558.6449957049914,600
102,1454.5418241731973,82.56015412213368,276.71800746898396,-14.878837415938191,2599.783297079208,101.11580994047667,25.71094766099989,-1.591964747040093,0.0422271483072117,4.248347012311862,558.6449957049914,600
547,2827.4834109842345,440.16048392526267,276.65860638000015,-14.68222015987338,2592.0747595585417,98.95130927228045,26.195456923425144,-1.588740681847784,0.04144611804916137,4.248347012311862,558.6449957049914,600
979,687.3397800090154,799.8627443593143,276.6141175652644,-14.992546295312883,2584.491662357701,113.99838853643524,22.671299967820744,-1.5855597126904892,0.04788874045780454,4.248347012311862,558.6449957049914,600
584,2939.4086295484603,472.4233850834014,276.6533012589898,-14.66621557717842,2582.3461927566095,130.71601067742472,19.755393232809187,-1.584658033860491,0.05495714447216879,4.248347012311862,558.6449957049914,600
593,2779.461150327586,477.44801774314726,276.65325214385064,-14.689296358846565,2578.7463633893058,105.41538511442747,24.462713489023443,-1.5831434453634494,0.044381830351206124,4.248347012311862,558.6449957049914,600
834,811.2562686828118,676.9957271783818,276.631955618388,-14.974147145406114,2578.0386331895716,114.91171433841397,22.43495058821654,-1.582845427002635,0.048393242308732334,4.248347012311862,558.6449957049914,600
1864,3016.7134196170346,1568.4370756577705,276.48943374618267,-14.65955403162257,2566.4217842833605,126.3748997012421,20.30800254125255,-1.5779419565286044,0.05346168328443772,4.248347012311862,558.6449957049914,600
1134,1170.6736699569744,934.5100157464096,276.5919403765554,-14.923289569281007,2564.589488940197,98.50589834999793,26.034882498386462,-1.5771665189508979,0.04170174380726656,4.248347012311862,558.6449957049914,600
1872,421.44654022933264,1579.712356753024,276.49865094856835,-15.034131466092173,2556.6445814148174,162.5943410238977,15.724068656479552,-1.5737977681593924,0.06904701472112985,4.248347012311862,558.6449957049914,600
996,315.71186667054104,817.751625084774,276.6130178671926,-15.04631140261816,2549.068885321438,99.33604932065916,25.661065673076873,-1.5705758037406907,0.04230923274317079,4.248347012311862,558.6449957049914,600
2367,1989.7573329654,2031.74367904032,276.4246051174171,-14.809544786701501,2548.3812000780017,109.76576742264687,23.216538816383473,-1.570282855400522,0.04676407661739149,4.248347012311862,558.6449957049914,600
1820,735.705619736425,1530.2158925135593,276.5047450920248,-14.988531612972361,2539.3226097123115,105.99574425451947,23.956835508554292,-1.5664165729733863,0.04531900716237452,4.248347012311862,558.6449957049914,600
1680,1012.9238263582109,1408.8293298140554,276.52172898137536,-14.948000217144658,2522.5469985528616,120.59333466107672,20.917797867041244,-1.5592200402746283,0.05190316910513147,4.248347012311862,558.6449957049914,600
1320,462.47183180736687,1102.7719218037294,276.5697844901955,-15.026264315987206,2513.1684619392618,117.74447863167023,21.34425742204853,-1.5551758766987018,0.0508661406453277,4.248347012311862,558.6449957049914,600
400,1085.5542126019002,330.0660170830826,276.68262790749225,-14.933120747590115,2511.8133429115987,100.26602420092647,25.05149040195402,-1.5545902818118358,0.04333873883668476,4.248347012311862,558.6449957049914,600
1577,3019.368438605445,1326.3676803384878,276.5255385937175,-14.658180524954709,2507.7334546709317,113.86433521380728,22.023871214477015,-1.552825308387592,0.04929651056469735,4.248347012311862,558.6449957049914,600
721,165.51816305813026,582.9521612195836,276.64876542640155,-15.06706260252466,2501.5638530459255,173.8430730108276,14.389781598546172,-1.5501508561326094,0.0754493730543965,4.248347012311862,558.6449957049914,600
896,1831.8719831222809,735.2725849408382,276.61887446940636,-14.827034277657495,2500.609104452713,105.2698706592985,23.754271652387878,-1.5497363942035687,0.045705463669346434,4.248347012311862,558.6449957049914,600
1430,317.92671414185884,1204.3236396276513,276.5552070769655,-15.047562507033728,2499.0010697519174,110.84418867534032,22.545169932827285,-1.5490379791301807,0.048156656314182304,4.248347012311862,558.6449957049914,600
48,1389.5244719859154,36.912700691336184,276.72511122146375,-14.888037993629863,2486.815734256641,113.14129282336586,21.9797358877542,-1.5437308903316314,0.049395497996174174,4.248347012311862,558.6449957049914,600
1415,545.1224635309785,1189.1349519138175,276.5565263461461,-15.014674547652644,2480.179376808519,128.52876134420399,19.296687767545833,-1.5408296038694793,0.05626354186162386,4.248347012311862,558.6449957049914,600
974,1311.0773875212335,797.3781451735433,276.6118313670645,-14.90245923885599,2479.2664356059395,104.27773944021541,23.77560588592692,-1.5404298764139757,0.04566445142172547,4.248347012311862,558.6449957049914,600
2090,396.1318332699087,1779.8953167927032,276.4688273206388,-15.038603411076954,2474.4936657647486,111.28699663693921,22.23524527162409,-1.53833774013328,0.04882788504184101,4.248347012311862,558.6449957049914,600
710,1111.8111630349258,571.0254662067942,276.64650669351255,-14.930309491461632,2470.9408211438567,111.34984591659067,22.190787969251215,-1.5367777345529339,0.04892570743789748,4.248347012311862,558.6449957049914,600
2245,2796.972371149165,1929.1195851053537,276.43654739746717,-14.692707598247024,2470.5262001896044,118.33841120693793,20.87679034214347,-1.536595534011922,0.05200512062471231,4.248347012311862,558.6449957049914,600
2220,734.1869891488917,1907.9751530935573,276.44828965799326,-14.990289151436338,2469.87753218133,109.25134079959646,22.60729721122519,-1.5363104227604327,0.048024316655637986,4.248347012311862,558.6449957049914,600
126,2841.202641618063,101.26839704933141,276.709119780141,-14.67885851805468,2469.466706194333,151.0685789730157,16.346660059835713,-1.5361298122876896,0.06641723728430624,4.248347012311862,558.6449957049914,600
764,1894.2146957358054,619.1777425665964,276.63594358348206,-14.81756470210007,2467.0066107663442,115.50787455469894,21.357908456692183,-1.5350476571850709,0.050833629247989974,4.248347012311862,558.6449957049914,600
262,66.94838367280845,209.7486411663931,276.70500027365307,-15.079794008722045,2459.2144214265863,138.9822689283976,17.694447215375018,-1.531612866467744,0.061358232149609976,4.248347012311862,558.6449957049914,600
2120,1329.44987898456,1804.4765668799623,276.4612929213855,-14.90391122484555,2455.1698847937514,105.90682075015398,23.182358486482862,-1.5298257450008157,0.04683302609754088,4.248347012311862,558.6449957049914,600
988,2843.20694061406,807.5359271997738,276.6037147486668,-14.681454055165023,2445.3018957002205,100.796097042781,24.259886716271943,-1.525453085392336,0.04475288828417256,4.248347012311862,558.6449957049914,600
1195,1007.737509906179,988.137942440447,276.5846183568865,-14.947036160717452,2444.0778361471603,116.18243387719018,21.036552210041112,-1.5249094557811416,0.05161016829943153,4.248347012311862,558.6449957049914,600
1070,2598.5705928130137,875.4415368232872,276.5946401237944,-14.717005375285703,2433.9643058118527,102.41863451217837,23.76485800074239,-1.5204073865259908,0.04568510360828093,4.248347012311862,558.6449957049914,600
738,472.65147175403206,592.5682214993616,276.6460205024519,-15.022719575696536,2432.2627318109153,128.86793251545913,18.874072737367293,-1.519648087562377,0.05752335572229241,4.248347012311862,558.6449957049914,600
809,1174.452032548134,653.0037978082283,276.6339880368364,-14.921597928593654,2428.5754219660303,109.90663509862621,22.09671344943565,-1.5180008627678008,0.049134003682693765,4.248347012311862,558.6449957049914,600
1186,967.8904695770966,980.8349958151545,276.5858786106351,-14.952760927098502,2422.1448206050554,104.6088899208118,23.15429235926891,-1.515122139420734,0.04688979404569809,4.248347012311862,558.6449957049914,600
810,1781.1767527209113,655.5493493625946,276.63099954675187,-14.834025154982633,2419.7867440299015,96.98380935023502,24.950419665321565,-1.514064607202662,0.04351429813860037,4.248347012311862,558.6449957049914,600
1935,829.4373233772897,1639.6473888509893,276.48799965866453,-14.975439022388443,2418.1732940611546,104.86055880264817,23.06084691587668,-1.513340425482769,0.04707979737086452,4.248347012311862,558.6449957049914,600
389,616.0820645572129,323.1706205952359,276.6856820240431,-15.000902448333353,2414.540175011265,133.8659730320696,18.03699715709552,-1.5117079638617656,0.06019294622846352,4.248347012311862,558.6449957049914,600
224,2203.345327460566,178.55801279622898,276.70039284970113,-14.771166529617968,2406.687760550645,101.9836623463934,23.598757930227993,-1.5081712473541296,0.046006658622033285,4.248347012311862,558.6449957049914,600
748,1247.9854920723185,604.7974577076526,276.6408756223798,-14.91078428031932,2401.4242763451184,111.22795290588745,21.59011483720301,-1.5057941157049113,0.05028690251008651,4.248347012311862,558.6449957049914,600
687,48.04934945522685,556.3806282080569,276.6532383420267,-15.083932674452527,2388.9845551453764,129.82383269395697,18.401741079213867,-1.5001552291221374,0.05899985198826533,4.248347012311862,558.6449957049914,600
1372,669.9570400116746,1148.6503540875992,276.56205403538644,-14.99647602648208,2368.064553217322,113.34777605985425,20.89202484190643,-1.4906057166384843,0.05196719840301168,4.248347012311862,558.6449957049914,600
1852,2173.9637663741614,1560.3708558332978,276.49421111656517,-14.781044378847996,2363.861821398139,101.08328858622775,23.38528805759696,-1.4886770901411273,0.046426625035619305,4.248347012311862,558.6449957049914,600
1273,609.0203746423458,1061.3009782194104,276.57536778980847,-15.004923513923195,2347.107383657247,114.64600747350121,20.47264824463902,-1.4809542732215824,0.053031732242276086,4.248347012311862,558.6449957049914,600
1554,2916.906753047042,1304.9055852586923,276.5291800200109,-14.672862735511101,2344.2787910969346,110.42745168375252,21.2291305771557,-1.479645020216613,0.05114199076849162,4.248347012311862,558.6449957049914,600
2159,1685.5138658245914,1841.0252248931215,276.45435180012225,-14.852666490413263,2343.1616017273627,105.87988310005828,22.130375791150385,-1.4791274785019748,0.04905926633356835,4.248347012311862,558.6449957049914,600
1331,936.2495464622369,1113.2051481459985,276.56623006044913,-14.957869281255707,2333.205164841842,119.11935457852475,19.587120607707526,-1.4745041968515622,0.055429280379923604,4.248347012311862,558.6449957049914,600
1541,2571.5132231874786,1295.9432955246098,276.53199511186733,-14.722625460556605,2333.14661406941,98.26699759612697,23.742931718119035,-1.474476950430177,0.045727293195703615,4.248347012311862,558.6449957049914,600
1882,1548.7649607177254,1586.205856273142,276.4929831915841,-14.871362996848694,2331.7854282025946,104.70545224375645,22.269952311309922,-1.4738433339892265,0.048751788276107856,4.248347012311862,558.6449957049914,600
508,406.75547631840845,414.6503246385189,276.67290319977485,-15.031517974441803,2328.950646499172,100.53885547850618,23.164682305311,-1.4725225874555474,0.04686876278683434,4.248347012311862,558.6449957049914,600
1849,1138.717456936336,1554.8543398589998,276.4993826684802,-14.930430737810298,2322.1068767684046,102.75820562218044,22.59777564923901,-1.4693273855474716,0.0480445516785437,4.248347012311862,558.6449957049914,600
1940,2625.2505770527964,1642.5667047255356,276.48003411852824,-14.71629394370246,2311.7894387081615,106.05957921813105,21.797082882570567,-1.4644925624134997,0.04980941742751045,4.248347012311862,558.6449957049914,600
736,1906.6457107576266,590.5176041567258,276.6401699399475,-14.815654075370375,2310.5961433986668,99.75170818283699,23.16347444560575,-1.4639319843629433,0.046871206759138154,4.248347012311862,558.6449957049914,600
2271,1105.2377693030712,1952.3244984948599,276.44013233965643,-14.936884945696915,2309.4138829179574,105.8080805758752,21.826441518914727,-1.4633763046011816,0.049742419031482334,4.248347012311862,558.6449957049914,600
997,664.9251564763746,818.9398531336991,276.6113610178156,-14.995861812959374,2308.180364093103,123.47500819431589,18.6935024167859,-1.462796229346575,0.05807900391234827,4.248347012311862,558.6449957049914,600
140,2275.509308925748,113.55322220265597,276.7097813736885,-14.760491231807917,2303.1188298349152,115.5542571495654,19.931059976906937,-1.4604127391536248,0.054472767693135395,4.248347012311862,558.6449957049914,600
1093,1685.9116411169164,904.8322829462343,276.5941764168625,-14.848789924831332,2298.987127491797,121.25834058545937,18.95941439072834,-1.458463222967751,0.05726442692929041,4.248347012311862,558.6449957049914,600
2298,2297.6616454280856,1970.0699721121916,276.4325290880103,-14.76487631017332,2296.192998646933,108.37528576342768,21.187422782527104,-1.4571428450333779,0.051242664629100515,4.248347012311862,558.6449957049914,600
1139,958.8673407921189,939.7282567019321,276.5920601444554,-14.95389671738549,2295.87151839782,110.05528553893933,20.861074569521733,-1.4569908250672596,0.052044298886991185,4.248347012311862,558.6449957049914,600
711,1745.9857480502649,572.472194922745,276.6435595027639,-14.83876523163914,2287.6685913429246,98.19105746981305,23.29813580066825,-1.4531046479274616,0.04660029494586685,4.248347012311862,558.6449957049914,600
629,738.3271930691577,514.4053700637257,276.6565703145766,-14.984020257559566,2279.799485675001,155.68610998694743,14.643563808397147,-1.4493635024035014,0.07414178776463012,4.248347012311862,558.6449957049914,600
863,1223.9130616329355,703.6538028890559,276.6262079275523,-14.914662436236126,2275.4885396152386,111.9240767889979,20.330643815852483,-1.4473085054043406,0.053402145541177774,4.248347012311862,558.6449957049914,600
1324,2337.6660496993995,1104.79951186977,276.56152684660174,-14.75557011467985,2271.6933895042166,101.08698147805897,22.472660240599723,-1.4454961596926341,0.048312037310053076,4.248347012311862,558.6449957049914,600
1770,1443.008529952766,1488.01992257998,276.5080935349314,-14.886227767830928,2265.6387160054874,105.26274631888468,21.523651958898398,-1.4425985176534,0.050442183420975895,4.248347012311862,558.6449957049914,600
1112,2521.208827089349,919.2221287612871,276.58843952400866,-14.728340531368634,2258.9283053840045,108.11217113030332,20.89430155520055,-1.439377992432751,0.05196153588248426,4.248347012311862,558.6449957049914,600
945,1590.707256303219,771.415336028321,276.6145125426479,-14.861987128981657,2255.964129541826,105.97235496330978,21.288232485943112,-1.4379523489482553,0.05100000672751491,4.248347012311862,558.6449957049914,600
493,517.5228048250916,400.39900951592017,276.6745594903999,-15.015455569433994,2253.299706370628,112.01550146729028,20.11596320915115,-1.4366692743073817,0.053972061328194,4.248347012311862,558.6449957049914,600
1257,259.3617698447626,1050.9909306290822,276.578379572062,-15.055402093434052,2250.402836126217,106.50524914743707,21.12950163621462,-1.4352725402607054,0.051383133340881994,4.248347012311862,558.6449957049914,600
1068,1718.073650363535,875.2647728569494,276.5984549463731,-14.844027681844235,2250.095289187797,106.06344866843614,21.21461556678019,-1.435124150088361,0.0511769820472302,4.248347012311862,558.6449957049914,600
838,2429.9943971565694,680.9675739446883,276.6243982153572,-14.740522781946401,2238.554621884832,102.32169678057137,21.877614350799977,-1.4295411136849352,0.049626069030707654,4.248347012311862,558.6449957049914,600
73,2412.073095217935,53.54384853036609,276.7181388432938,-14.74054783838303,2236.655593538482,100.28255258093508,22.303536716751836,-1.4286196624663328,0.048678378401957566,4.248347012311862,558.6449957049914,600
933,1907.3901782259538,764.9037982450594,276.61412420333835,-14.816257670233652,2233.6495680594235,111.03950494673529,20.115809856418995,-1.4271594707930613,0.05397247278381641,4.248347012311862,558.6449957049914,600
1600,200.6906093284941,1341.1977387984743,276.5352297726488,-15.065060163810521,2226.5656392564997,109.8152368189458,20.275561968941297,-1.4237106307335852,0.05354722111589841,4.248347012311862,558.6449957049914,600
1609,93.79986351457073,1349.503772790383,276.5344321434401,-15.080541682555548,2218.017004938505,116.29361689706629,19.072560163828378,-1.4195340526524725,0.05692471229211584,4.248347012311862,558.6449957049914,600
1480,2415.088560591991,1246.3434283091387,276.5400664970405,-14.74498155087479,2215.1361321360455,105.16802928176237,21.06282819278978,-1.4181229268706552,0.05154578435823051,4.248347012311862,558.6449957049914,600
719,1078.3335004944875,579.8637944537978,276.64532959630816,-14.935179781257757,2213.6552211309317,111.28306045610744,19.892113067864877,-1.4173968241369979,0.05457942031075203,4.248347012311862,558.6449957049914,600
1185,1874.9231414092962,980.609105250318,276.58205054353925,-14.821822320933876,2213.24769357912,98.63590156478296,22.43856099521211,-1.417196924827158,0.04838545574431731,4.248347012311862,558.6449957049914,600
1126,1843.6292997149048,929.2510026641659,276.58985433909146,-14.826128599958368,2210.642743886099,108.12199784502515,20.44581850082614,-1.4159182817142018,0.05310132240272655,4.248347012311862,558.6449957049914,600
1792,2132.6152969866534,1504.8090049492469,276.5026811210454,-14.786782221908197,2209.5299173202366,101.33470940346844,21.804275458302246,-1.4153715898945338,0.049792986796385684,4.248347012311862,558.6449957049914,600
1703,1443.332072772135,1428.1524062514973,276.517035427975,-14.885936950080062,2204.628163989866,107.47713305738334,20.51253230594445,-1.4129602520370697,0.052928618651602005,4.248347012311862,558.6449957049914,600
266,1969.5734063145019,214.43240995106154,276.69605989407273,-14.805040999673896,2197.0792026674026,98.06721347378983,22.403809844710334,-1.4092361568307905,0.04846050772281215,4.248347012311862,558.6449957049914,600
2069,371.6383403971965,1762.3043342788985,276.47155813660055,-15.042070774038837,2196.7701292641577,109.84371820671144,19.99905106207462,-1.4090834104988004,0.05428757577697659,4.248347012311862,558.6449957049914,600
1555,658.3643878637868,1306.411726629793,276.5385205970429,-14.998792514548144,2193.5108010109398,114.50463364004182,19.156524336879567,-1.407471317152591,0.05667520792954299,4.248347012311862,558.6449957049914,600
1141,1676.361549162382,939.7489624517337,276.5890020196886,-14.850310586852617,2191.026843983156,107.09209167793594,20.459277708127637,-1.4062411202273872,0.05306638951230892,4.248347012311862,558.6449957049914,600
467,1695.8383490856716,379.4711319156452,276.6726037891976,-14.84521634755518,2190.260203423386,102.16026772631798,21.43945246199803,-1.4058611545181023,0.050640285796683976,4.248347012311862,558.6449957049914,600
1597,917.6606721554497,1338.8521284161388,276.5325857327776,-14.961472550343663,2185.5980222002836,110.25565926497546,19.823000803502293,-1.4035475965363753,0.054769709730737665,4.248347012311862,558.6449957049914,600
1321,1094.5102311325195,1102.38844748709,276.56717790532895,-14.934970842584924,2184.638368506683,111.79319502314121,19.541783093814097,-1.403070766139679,0.05555787794736478,4.248347012311862,558.6449957049914,600
2348,1883.050950405751,2010.8824638286367,276.42816366050243,-14.824855225792987,2184.509317578515,103.45711174853227,21.115119885506626,-1.403006627650858,0.051418130983249696,4.248347012311862,558.6449957049914,600
1983,1737.8554838600096,1681.4016439052907,276.47797264129713,-14.844461329617872,2175.1858099919627,123.55676036625027,17.6047494572067,-1.398362777620925,0.06167085777841369,4.248347012311862,558.6449957049914,600
175,920.226418373083,141.22855865175896,276.71156516433086,-14.956229353296566,2172.9640590102063,95.29861085754276,22.801634141954747,-1.397253231831816,0.04761500834724492,4.248347012311862,558.6449957049914,600
473,160.65179013212574,383.0352257116549,276.6786832063315,-15.066954159718415,2169.722391020099,109.35720313015896,19.840690223557157,-1.3956323011038516,0.05472087854639915,4.248347012311862,558.6449957049914,600
63,2595.047636618869,48.17492938074668,276.7181323852253,-14.71413648352237,2167.6423818978947,113.09320964968605,19.166865885337547,-1.3945909584907397,0.056644628626036836,4.248347012311862,558.6449957049914,600
194,2034.4932225670057,154.78239754516918,276.70468337168506,-14.795430668969331,2151.514218883298,117.81083557577979,18.262447663393182,-1.3864824255023276,0.0594498623629882,4.248347012311862,558.6449957049914,600
659,1174.6918271890097,533.804138031608,276.65179853500445,-14.921078145902676,2150.5930573008955,104.23948234834367,20.631271461173633,-1.3860174726633934,0.05262399857629709,4.248347012311862,558.6449957049914,600
181,2529.867916258327,146.53709766692182,276.7037377874814,-14.723937718232987,2148.0626967736753,100.56157703386796,21.360670348777774,-1.3847392570955614,0.050827056561084105,4.248347012311862,558.6449957049914,600
1695,632.8792003576697,1419.8014573920343,276.52167758546415,-15.002935383761024,2145.7993229281856,135.69313905832394,15.813616943490954,-1.3835946338425194,0.06865601992761594,4.248347012311862,558.6449957049914,600
1228,1173.3637624265552,1017.7463774611535,276.57949160680494,-14.923240101879605,2138.3964948832872,120.97404331159623,17.676490231671924,-1.3798424587472802,0.061420564024338535,4.248347012311862,558.6449957049914,600
906,1506.422132916515,743.4355389021454,276.61905371987905,-14.874039166619843,2134.1519852231722,115.19330044737399,18.526702307641223,-1.3776852360278964,0.058601902376992906,4.248347012311862,558.6449957049914,600
2128,1585.8292148406993,1812.0306149146388,276.45909770003993,-14.866934842288304,2128.9137553015607,107.58334916601252,19.788506044893815,-1.3750170441288303,0.054865182724602495,4.248347012311862,558.6449957049914,600
2078,1059.8054407955165,1771.223909939949,276.46738069888494,-14.94270688635504,2117.57700487104,104.14750666025992,20.332479122892476,-1.369219904643972,0.05339732520751014,4.248347012311862,558.6449957049914,600
1907,2551.5899831485726,1610.8207839504935,276.48508385603515,-14.726785882269755,2113.8956459813053,98.82152763767444,21.391044001382244,-1.3673307346232624,0.0507548860135038,4.248347012311862,558.6449957049914,600
1388,1115.8305692937975,1167.5172136112612,276.55735575200384,-14.932157463923152,2097.365443700517,105.47920099414218,19.8841612747616,-1.3588071447142578,0.05460124694211006,4.248347012311862,558.6449957049914,600
1197,1556.269317082897,988.1862712480876,276.58227954585374,-14.867841318942359,2096.800370306708,123.375859145851,16.995224064279363,-1.3585145856343726,0.06388265290846792,4.248347012311862,558.6449957049914,600
1473,2303.5304215347433,1240.8394874534304,276.54136422992826,-14.761049430016469,2090.328947057249,102.51912215463175,20.389649297858423,-1.3551584609100986,0.05324760539721662,4.248347012311862,558.6449957049914,600
825,2391.0730355555825,669.0772780058827,276.6263420008194,-14.746087936561993,2082.8354798132204,107.62328204571031,19.353019534644815,-1.3512592915517816,0.05609977285748272,4.248347012311862,558.6449957049914,600
1810,2473.466021389272,1518.041584823395,276.4992626931105,-14.73767274663204,2080.6153505388647,101.63369894323596,20.47170743732275,-1.3501013698857878,0.053034169393248516,4.248347012311862,558.6449957049914,600
405,2807.737971793978,330.8390936845102,276.67500747776194,-14.684620654879394,2077.9880338693038,104.19080538517993,19.944063453461663,-1.3487294798807292,0.05443725159285716,4.248347012311862,558.6449957049914,600
1202,248.41653698681577,992.0726869215474,276.58723563273395,-15.056744344163363,2072.5197696322575,102.96034486093937,20.12930096952813,-1.3458685789136156,0.05393629921096316,4.248347012311862,558.6449957049914,600
2248,104.07301519035319,1934.2204358963122,276.4469504582393,-15.081433883495487,2067.910399170534,107.78501954195403,19.185508412564,-1.3434511670723992,0.05658958713280741,4.248347012311862,558.6449957049914,600
381,1781.6396977570314,318.1244866027575,276.6813936898571,-14.832583354915508,2052.9972420911654,91.40064533149625,22.46151801932313,-1.3355927889366925,0.048336002894639504,4.248347012311862,558.6449957049914,600
704,691.3278524719265,567.5367639311804,276.6488292681916,-14.991025512104594,2049.666776471131,109.18722791943487,18.772037861273507,-1.3338300280182667,0.05783602228076614,4.248347012311862,558.6449957049914,600
701,319.11926338332853,565.6593024981479,276.6506979468329,-15.04479481341737,2049.3925332931103,101.54214286879366,20.182679579070985,-1.3336847479794929,0.05379364993367126,4.248347012311862,558.6449957049914,600
337,2755.0070080006712,277.52462846229326,276.6831959493505,-14.692006052661853,2047.9842708651558,98.92754156352633,20.70186156956142,-1.3329384160519606,0.052444558976103776,4.248347012311862,558.6449957049914,600
2191,2701.66343173594,1875.338030259945,276.444973853551,-14.706228589675048,2046.6862294598832,103.5921566087009,19.75715436826786,-1.3322500429112756,0.054952245640381925,4.248347012311862,558.6449957049914,600
2324,1991.6779463249688,1994.9978212413434,276.4300837225846,-14.80911753087602,2044.9637125791633,103.17489787317884,19.820360908840488,-1.3313358889256313,0.05477700456583233,4.248347012311862,558.6449957049914,600
1294,2903.1315854912064,1080.7625608665776,276.5626844078654,-14.673931795629994,2044.1198534010327,106.06190835222343,19.272893399321728,-1.3308877648119335,0.05633300498814616,4.248347012311862,558.6449957049914,600
1082,164.7209664883468,889.1118663540404,276.60298434976335,-15.068421324389092,2043.3039401487913,103.68864402286997,19.706149688852257,-1.3304543051980495,0.055094476452403035,4.248347012311862,558.6449957049914,600
973,2174.240801869557,795.4249590216922,276.6084169645089,-14.777881161264231,2042.2228592048632,97.59989325271619,20.924437426554547,-1.3298797067160724,0.051886699645371216,4.248347012311862,558.6449957049914,600
952,2573.5594165514976,776.3338893071158,276.60954078216434,-14.720207358576662,2041.2364187859348,100.56133722597995,20.298421591181693,-1.3293551445619824,0.053486917449367795,4.248347012311862,558.6449957049914,600
769,743.1926980042525,620.6335724165075,276.64067075130265,-14.983749365195601,2034.554774470569,106.25338098492429,19.148141504873532,-1.3257953401974882,0.0567000196715525,4.248347012311862,558.6449957049914,600
1397,1249.6862269876017,1173.965946702729,276.55582671177905,-14.912856642197847,2032.7446492958697,115.74742955274877,17.561898844323807,-1.3248289404504796,0.06182133319546536,4.248347012311862,558.6449957049914,600
1222,621.3448282882314,1013.0161423089704,276.5825338139021,-15.002946709195488,2014.964901625237,105.37232564818657,19.122334913179493,-1.31529058812051,0.05677653931538005,4.248347012311862,558.6449957049914,600
2346,1593.857088042796,2009.8424367379655,276.4295190062434,-14.866583610749876,2013.2431353863794,105.15232519433695,19.14596878067708,-1.3143624413920771,0.05670645410723402,4.248347012311862,558.6449957049914,600
553,1882.4262049504428,449.0064451222327,276.66140836374694,-14.818572146520784,2000.5338315182598,117.7628752362837,16.987814092550952,-1.3074866246349255,0.06391051809756222,4.248347012311862,558.6449957049914,600
2314,815.1322729522806,1990.8080672484123,276.4355766809204,-14.978935435969756,1995.180289782642,102.20752960186663,19.520873829497233,-1.3045772385338887,0.055617387289263714,4.248347012311862,558.6449957049914,600
661,2681.653473241057,534.6068191161334,276.64514917909383,-14.703632732665204,1989.2857288705418,100.57841593273585,19.778455550551946,-1.301364791579947,0.05489306266735787,4.248347012311862,558.6449957049914,600
785,2918.808545341514,632.0960013096272,276.6295652496921,-14.669837733573983,1985.8302370734164,102.36932961783562,19.398683614388236,-1.2994771719348703,0.05596771521108388,4.248347012311862,558.6449957049914,600
333,2096.0421088432377,270.9688188754943,276.6870645048505,-14.787023869771254,1980.6627599005587,94.69639772070934,20.91592507818704,-1.2966482143482814,0.0519078164576265,4.248347012311862,558.6449957049914,600
1386,1521.4453561507328,1164.5642071817442,276.5560807353505,-14.873586848567744,1978.0543461576453,108.37744985248113,18.25153063529443,-1.2952174227197588,0.059485421891164354,4.248347012311862,558.6449957049914,600
1877,2300.6880948602866,1581.8781152325032,276.4904650849745,-14.762852804164783,1974.6819096159888,103.79561245831142,19.02471465649959,-1.2933647429035227,0.05706787300639394,4.248347012311862,558.6449957049914,600
1168,906.5044789583418,963.8047108882689,276.5886838939588,-14.961557054322137,1955.2807260248228,107.45871586695368,18.195645744042636,-1.2826446722465934,0.05966812144358574,4.248347012311862,558.6449957049914,600
1264,2963.8611021972897,1053.674451325635,276.56646429752635,-14.665066333586552,1951.5384624078288,95.34228345284832,20.4687615162161,-1.2805646618117972,0.05304180221846196,4.248347012311862,558.6449957049914,600
168,342.28272251835847,136.30236736760827,276.7147999229962,-15.039703811691068,1944.240799248044,108.02179066150188,17.998598128599216,-1.2764970050796607,0.0603213645997716,4.248347012311862,558.6449957049914,600
475,1621.6774338021708,384.90945008363656,276.6721132517054,-14.855942356703437,1943.9652652709628,103.14196044180366,18.847472521795016,-1.2763431257789781,0.057604540807501284,4.248347012311862,558.6449957049914,600
1025,443.582260294539,841.4890868428218,276.60892785500107,-15.027931324070925,1937.3008531446103,99.54850765379759,19.460872883017107,-1.2726145483408724,0.055788864483435195,4.248347012311862,558.6449957049914,600
587,1302.1492542570422,475.3144432561901,276.6599891895164,-14.902436947902105,1926.1652477617026,99.75149007805805,19.309638846040592,-1.2663557314697573,0.056225805601880584,4.248347012311862,558.6449957049914,600
232,985.4599762283841,188.0480721844468,276.70428495844476,-14.946998259530345,1923.1489444996114,98.70836647170158,19.483140216396485,-1.2646541762508798,0.05572510324009804,4.248347012311862,558.6449957049914,600
1798,2058.747457161073,1509.2545942060744,276.50232946096025,-14.79745693058225,1920.9402986761415,97.42967100649807,19.716173510921784,-1.2634065428864054,0.0550664660867676,4.248347012311862,558.6449957049914,600
86,1254.933640458785,66.94012170267044,276.72121198007153,-14.90759232255259,1919.0253589483327,101.56047465968224,18.895395727311943,-1.2623236584285016,0.05745844202832431,4.248347012311862,558.6449957049914,600
1757,2852.150187918782,1470.3863807860096,276.5047647022992,-14.68287520950764,1914.978375988314,102.34078242790513,18.711781662772974,-1.2600315596954783,0.05802226744447305,4.248347012311862,558.6449957049914,600
75,1471.4517299931324,55.71430713226502,276.72194430878744,-14.876287029608939,1911.0682549853227,104.35029264475705,18.313971207452497,-1.2578123701113468,0.05928260930967264,4.248347012311862,558.6449957049914,600
1599,1897.3907104850039,1341.3948363182924,276.5280769155895,-14.820052384620515,1907.13135359413,97.6166019164969,19.5369569945236,-1.2555733892680423,0.055571602082367916,4.248347012311862,558.6449957049914,600
1510,2935.101853568655,1270.8619542744395,276.53418167476843,-14.670100502322528,1904.1646836921573,111.15289655802495,17.131039699879793,-1.2538831392642886,0.06337618842875126,4.248347012311862,558.6449957049914,600
1645,316.6992661509051,1377.4991239428114,276.52931903136715,-15.048443937714067,1903.994632778922,120.40007258667409,15.813899376250516,-1.2537861735556974,0.06865479374622277,4.248347012311862,558.6449957049914,600
1610,157.21098572349032,1350.359929385352,276.53404054537776,-15.071380866272145,1899.943368973094,110.09259074633496,17.25768606309543,-1.2514735147005593,0.06291109920707777,4.248347012311862,558.6449957049914,600
1032,973.2224796316184,845.8801112426843,276.60602452685856,-14.951441626532665,1893.3115697742323,99.46711739676452,19.034547489920705,-1.2476770960862522,0.05703839298385774,4.248347012311862,558.6449957049914,600
303,2810.308110722807,245.4755588146877,276.6877354482267,-14.683901575298313,1890.2595996708842,108.9177760941853,17.35492283680403,-1.2459255047946745,0.0625586186818181,4.248347012311862,558.6449957049914,600
1465,2708.9706107986362,1231.2057885096717,276.54106880966407,-14.70254004864834,1883.4882339612232,105.87966401433833,17.78895174531494,-1.2420291528809104,0.061032264044784984,4.248347012311862,558.6449957049914,600
1447,2245.6122849535177,1220.6404545030107,276.5446267677126,-14.769321291179448,1878.491842493706,100.81465437814019,18.633122873662526,-1.2391451576503099,0.05826720552219462,4.248347012311862,558.6449957049914,600
1081,1144.8829168126679,889.3478401828559,276.598798427412,-14.926829691300323,1875.0706423317897,107.72314900487315,17.40638534663488,-1.237165959529514,0.062373662215279804,4.248347012311862,558.6449957049914,600
932,910.0770298124006,764.2941397522318,276.618486486543,-14.960229247187204,1874.7642819000757,109.43031826476619,17.1320371870261,-1.2369885508595972,0.0633724984453214,4.248347012311862,558.6449957049914,600
569,1575.3079099368358,463.4278395706849,276.66058521538315,-14.862955151690487,1874.1996561470442,94.34761048508892,19.86483437694747,-1.2366615087023662,0.054654369595948986,4.248347012311862,558.6449957049914,600
830,2585.7373437641686,672.757798984453,276.6249475091731,-14.718028219348628,1861.390203185496,113.22537435768211,16.439691312526044,-1.2292154335829735,0.06604138601877292,4.248347012311862,558.6449957049914,600
1731,1538.9448468954638,1449.334507638012,276.5134690904587,-14.872222117457234,1858.9459050537553,107.06026111529779,17.363547274107397,-1.2277887542284744,0.06252754594788365,4.248347012311862,558.6449957049914,600
238,1559.3305621710392,192.3187897897372,276.70115345398466,-14.86415742463713,1849.7544198798714,100.48339460833687,18.4085582208864,-1.2224070583313766,0.058978002892598184,4.248347012311862,558.6449957049914,600
957,2785.5191307221176,783.844355250791,276.6075006472855,-14.689674499577428,1849.0047258692211,107.0531937024718,17.271831525251624,-1.221966926974386,0.06285957562825308,4.248347012311862,558.6449957049914,600
91,954.2328115935022,70.1519950354589,276.7220406205179,-14.951028889833877,1848.9059879113338,122.1897041692346,15.131438450416173,-1.2219089464637762,0.07175127490738589,4.248347012311862,558.6449957049914,600
1741,2713.6184294599316,1460.234561671363,276.5068697990881,-14.70280647072324,1844.7986462931149,105.37291649086681,17.507332127919348,-1.2194943022082596,0.06201401744521709,4.248347012311862,558.6449957049914,600
1301,1856.920087916222,1089.5050433780282,276.5658650166921,-14.824864358292361,1840.4508367538801,96.11203883849447,19.14901461872588,-1.2169324260367589,0.056697434391130015,4.248347012311862,558.6449957049914,600
1713,1406.803182690014,1435.818645770257,276.51604377235986,-14.891241281133015,1835.3150971916039,105.9726390606968,17.31876372485553,-1.2138984667969217,0.06268923216741078,4.248347012311862,558.6449957049914,600
1042,1250.4990723884182,850.5929319545984,276.60413917217056,-14.911422132259993,1826.3324083547923,100.62637132019681,18.149639944218354,-1.208571438438231,0.05981936850189992,4.248347012311862,558.6449957049914,600
1215,2413.7316144464285,1007.8710322490263,276.57566979707144,-14.744203114500245,1815.0847663811874,95.46439311213062,19.013212227193694,-1.201864153686055,0.05710239737645041,4.248347012311862,558.6449957049914,600
941,188.06095517308907,769.3679671055103,276.62079257725037,-15.064561801394328,1810.226965433918,97.306452624649,18.60335996849775,-1.1989544488601982,0.05836042531233524,4.248347012311862,558.6449957049914,600
1614,2935.786772664532,1350.964891627895,276.52222664979024,-14.670329487701268,1809.4787885891274,105.90282887745268,17.086217693797373,-1.1985056153059148,0.0635424421868469,4.248347012311862,558.6449957049914,600
1974,1811.0788908190675,1671.7599737098906,276.479105688568,-14.833855430231075,1808.1916765445494,97.5947172935477,18.52755688718097,-1.197733038467415,0.05859919937696615,4.248347012311862,558.6449957049914,600
1865,227.53986070460954,1570.4845185026613,276.5008331396222,-15.062112326898811,1807.2999509085203,109.64045853310034,16.483878078299885,-1.1971974660323812,0.06586435515009445,4.248347012311862,558.6449957049914,600
797,65.12280496312393,649.4699793316012,276.6392435885545,-15.081842862497824,1800.2300011184998,101.2146056244546,17.78626701168061,-1.1929418615704914,0.06104147651033229,4.248347012311862,558.6449957049914,600
1575,1455.9557272650952,1325.6825402983725,276.53228964706057,-14.8836969280641,1793.1623643045896,121.41203991193363,14.769230181827618,-1.1886709118463146,0.07351094042368363,4.248347012311862,558.6449957049914,600
794,383.76768714480846,645.6426664024559,276.6384634678568,-15.035778066144065,1783.8361033128458,101.57549504176616,17.561677672152737,-1.1830092476043346,0.06182211177475241,4.248347012311862,558.6449957049914,600
165,493.38829196137465,133.60133676441285,276.71455193829695,-15.017858743144776,1781.2557044221903,93.04822931348939,19.14335949823344,-1.1814375444681269,0.05671418332295275,4.248347012311862,558.6449957049914,600
2102,807.0207542914508,1787.7074671167327,276.46596423181046,-14.97927963552774,1777.1405561286956,106.01361703825098,16.76332348407169,-1.1789263190986792,0.06476639319354657,4.248347012311862,558.6449957049914,600
2053,3062.5768648963835,1744.1217657474808,276.46302803431445,-14.653662723778115,1770.846776416758,171.74977989103476,10.310620354449696,-1.1750743371014774,0.10529919274269958,4.248347012311862,558.6449957049914,600
1887,1707.1715070926498,1590.5387813606542,276.491671555949,-14.848518568257234,1767.938101286476,99.77059012955044,17.720032516504492,-1.1732895128088754,0.06126963926216139,4.248347012311862,558.6449957049914,600
2054,62.53655776866451,1746.7854100844133,276.47514977204366,-15.086674763019825,1766.694525349245,106.58712169200159,16.575121809315352,-1.1725255321541659,0.06550178107227109,4.248347012311862,558.6449957049914,600
1833,239.62073487638938,1543.8722457383276,276.5047624054285,-15.060258361657073,1761.1236097050714,107.62173578283902,16.36401417329578,-1.1690964722623585,0.06634680149395983,4.248347012311862,558.6449957049914,600
2004,350.2540546400365,1697.436218807692,276.48134465347925,-15.044896655199457,1749.9589905513567,102.13524725490335,17.13374214666469,-1.162191552348146,0.06336619231843325,4.248347012311862,558.6449957049914,600
1958,409.63538876156514,1657.6177446232691,276.48705264265175,-15.036154896172633,1746.8650430106209,102.57595107463439,17.029966816876986,-1.1602702593663181,0.06375232621851341,4.248347012311862,558.6449957049914,600
2363,490.536823850023,2028.0400738321844,276.4313429020483,-15.025974088346151,1746.4323838437558,101.23663947996683,17.250991269710685,-1.1600013136300766,0.06293551385109525,4.248347012311862,558.6449957049914,600
1717,1508.5847573942362,1437.3715281207567,276.5153837903289,-14.876555521287834,1738.9507882646867,104.07789936042933,16.708165700410362,-1.1553401035049689,0.06498020306162841,4.248347012311862,558.6449957049914,600
423,2272.2658740400116,347.8524877635283,276.6748148233495,-14.76191449466867,1735.588804295112,98.15591585630744,17.681958230983017,-1.1532389739840454,0.061401570223008115,4.248347012311862,558.6449957049914,600
865,940.233537460011,704.8804851816658,276.6272374815911,-14.955632161997938,1735.5255224612774,95.31143210015829,18.20899638395419,-1.1531993859027336,0.059624373419982744,4.248347012311862,558.6449957049914,600
1412,2233.12415200207,1186.2113851250815,276.54982007098585,-14.770982093730483,1721.0739364601905,99.84716165902505,17.237084238184,-1.144120693536351,0.06298629077851413,4.248347012311862,558.6449957049914,600
1049,683.5964122079783,857.6714951963426,276.6054921125866,-14.9933221456796,1703.2878052922897,104.67190637905365,16.27263574548922,-1.1328419667743332,0.06671936968176508,4.248347012311862,558.6449957049914,600
1572,396.2232487490414,1323.7759529284383,276.5370200744378,-15.036734877643092,1703.2159420448588,103.68915647632805,16.42617222403288,-1.1327961576190668,0.06609573948162611,4.248347012311862,558.6449957049914,600
1999,1364.514160219997,1694.5879746265928,276.4775633951703,-14.898401172383522,1696.8047276202124,103.56364552009832,16.384173414317655,-1.1287015378836278,0.06626516776557298,4.248347012311862,558.6449957049914,600
2154,877.4333516602619,1840.5728189098818,276.45777243875995,-14.96932562657035,1693.1021397068398,105.43485645358943,16.058277088394515,-1.126329770454729,0.0676099929041981,4.248347012311862,558.6449957049914,600
1024,2023.3160954317057,840.2101253722564,276.6023799171365,-14.79983798487285,1690.2257947093458,96.91532606703369,17.440232245003877,-1.1244836871225352,0.06225261136135511,4.248347012311862,558.6449957049914,600
390,1219.1330403388504,322.40617759938436,276.6831950099189,-14.913800900483375,1688.5985880484222,102.37893162552258,16.493614078968008,-1.1234379285267422,0.06582547613894041,4.248347012311862,558.6449957049914,600
1346,1945.615285382181,1128.2290292956145,276.55970404751366,-14.812224121704567,1681.814834182791,96.42445061815819,17.4417880879902,-1.1190673210080964,0.062247058301756045,4.248347012311862,558.6449957049914,600
141,210.40954193008906,115.72445093684482,276.71844529227707,-15.05867777379396,1681.0761728797224,103.45688718536924,16.249050388183903,-1.1185903556048118,0.06681621227474972,4.248347012311862,558.6449957049914,600
1854,1596.5547079035548,1560.2610741422575,276.49665806008204,-14.864359521856993,1677.114879773464,108.48931679747247,15.458802113246755,-1.1160289043529275,0.07023183245677596,4.248347012311862,558.6449957049914,600
1804,1998.782684447514,1512.103317993464,276.50215725608865,-14.806119912565743,1676.455257163907,103.4473715735908,16.205875815523292,-1.1156017916767853,0.06699421940281865,4.248347012311862,558.6449957049914,600
372,2155.3909796922007,307.68810107822407,276.6813223228044,-14.778611154211832,1671.8498031099443,93.57317687069444,17.86676330782502,-1.1126150200003304,0.06076646235776243,4.248347012311862,558.6449957049914,600
1638,692.2514782812326,1370.453231286668,276.52880616236547,-14.994158081590767,1670.4460563784232,103.24115340140166,16.180040626664912,-1.1117030129235115,0.06710119121770021,4.248347012311862,558.6449957049914,600
1170,705.2106081739106,968.6884224347281,276.58880585928074,-14.99065145828571,1668.7600249460666,99.24387913562805,16.814740006943058,-1.1106065933079188,0.06456834893383415,4.248347012311862,558.6449957049914,600
2052,1802.9600923505589,1745.2535190039632,276.468164333241,-14.835327033085301,1667.2159115235554,102.5172851656336,16.26277860196837,-1.1096014901544617,0.06675980941341672,4.248347012311862,558.6449957049914,600
60,2366.084345154517,44.82245042271552,276.71964367650065,-14.747145689897474,1633.8124120477005,98.89054526710598,16.521421816764484,-1.087627351702448,0.06571468315749479,4.248347012311862,558.6449957049914,600
1239,1802.135091836176,1027.332220213139,276.57538383363845,-14.832516473478666,1629.080593344639,98.94431459000914,16.464620530194008,-1.084478299328824,0.06594139221180137,4.248347012311862,558.6449957049914,600
1122,1815.754366896512,923.0090083827077,276.59090591082565,-14.830125652779273,1628.011215496168,106.18569583823047,15.331737506117358,-1.0837653551709598,0.0708138917436335,4.248347012311862,558.6449957049914,600
589,372.99313826167315,474.5905048436732,276.664085258713,-15.036640011457417,1621.8411848240066,97.82858441049109,16.578397761729047,-1.0796426856407901,0.06548883767925513,4.248347012311862,558.6449957049914,600
2273,431.46267935166463,1952.9482284305807,276.442810589403,-15.034203021841442,1621.7643533643568,100.42578193119776,16.14888450134684,-1.079591249856482,0.06723064988850785,4.248347012311862,558.6449957049914,600
1856,2118.8218537107055,1561.4674521945428,276.49428014296643,-14.789003515243696,1616.7311337651918,105.4447391202805,15.332496881812105,-1.0762163783045218,0.07081038452959948,4.248347012311862,558.6449957049914,600
1848,2410.7114957031586,1555.018853652606,276.4940091728584,-14.746874316246446,1615.769335548859,101.10095773628328,15.981741140014831,-1.0755702783667964,0.0679337745798949,4.248347012311862,558.6449957049914,600
1919,2034.9896027378538,1625.5662132082145,276.48506299946206,-14.801359542508617,1613.0829577100812,98.02616888936784,16.455636040725043,-1.07376363124435,0.06597739505863327,4.248347012311862,558.6449957049914,600
2071,1568.9126982487596,1765.9313268879903,276.46605379002824,-14.869188280232366,1612.475277498772,107.38066825240415,15.016439213328049,-1.07335453590889,0.07230076215647528,4.248347012311862,558.6449957049914,600
2010,697.8360465017366,1701.0718559731142,276.47936473967735,-14.9946972057334,1611.495109554904,111.60805081067555,14.43887871752672,-1.0726943537555658,0.0751928194176267,4.248347012311862,558.6449957049914,600
1881,1114.0933508080832,1588.524519935599,276.4944544552535,-14.934123442806284,1606.868888973957,100.52194462568046,15.985254711869633,-1.0695729798912552,0.0679188426815513,4.248347012311862,558.6449957049914,600
1045,241.3544143842712,855.2456139578,276.6077255095517,-15.057208936292666,1606.699762251228,101.787976428394,15.784769661685065,-1.069458697592566,0.06878149148006629,4.248347012311862,558.6449957049914,600
1363,926.01032234909,1144.5631796701693,276.56158683278153,-14.959475686455317,1606.369718233822,110.26214563929646,14.568641929831319,-1.0692356456216714,0.07452307533050685,4.248347012311862,558.6449957049914,600
1563,2492.704741620977,1312.1491086706717,276.52991266255634,-14.734056637363475,1591.470920605585,94.0831120781582,16.91558543772971,-1.0591186430169994,0.06418341262835506,4.248347012311862,558.6449957049914,600
428,408.2390773128874,352.419847241344,276.6822015029787,-15.031050810334978,1590.0280544944108,105.86205697914158,15.019810684461763,-1.058133841767535,0.07228453292844592,4.248347012311862,558.6449957049914,600
1756,1607.7260178954994,1470.0643927455158,276.51008329696134,-14.862379214981198,1587.4195332481759,114.12004597347206,13.91008494350924,-1.0563511740658895,0.07805128469086828,4.248347012311862,558.6449957049914,600
1095,690.2085994250136,906.1152052792488,276.5982226979123,-14.992564015319108,1587.0193119565374,96.25750376963808,16.487226967308093,-1.0560774030028837,0.06585097676842772,4.248347012311862,558.6449957049914,600
1016,483.4398382729566,834.7878205839609,276.6097610576105,-15.02214532160039,1586.7724619688815,102.28275803362213,15.513586966898973,-1.0559085110349327,0.06998381498208868,4.248347012311862,558.6449957049914,600
1738,2200.83491159058,1457.8008292699544,276.50941069613316,-14.776749109149634,1583.603267800354,96.16761062838341,16.467116708553856,-1.0537378471842822,0.06593139644392224,4.248347012311862,558.6449957049914,600
2033,2229.358520093204,1723.8909744951166,276.46956548159534,-14.773721884140857,1582.5303114465787,99.51241743271946,15.902842602698609,-1.0530019669222175,0.06827081340890363,4.248347012311862,558.6449957049914,600
134,1931.7229585890711,106.7538306063664,276.712306167928,-14.810063966132383,1580.6794161164435,94.63301395988712,16.70325555504825,-1.0517313687175005,0.0649993048613728,4.248347012311862,558.6449957049914,600
2326,2909.904714417418,1997.3857628855915,276.42588654094317,-14.676706783559663,1579.6735839415924,168.93899794538746,9.350556136554392,-1.0510402633599663,0.1161107408099121,4.248347012311862,558.6449957049914,600
319,1960.2220353437624,258.74195921255995,276.6894837438436,-14.806570908338827,1577.431463033834,99.05603754700198,15.924637226532957,-1.049498121291179,0.06817737726489949,4.248347012311862,558.6449957049914,600
754,1184.0466990159898,610.4283196339417,276.64030873315266,-14.920039227032095,1573.1944922805415,102.66017135313007,15.324292484074208,-1.0465779172531464,0.07084829535381913,4.248347012311862,558.6449957049914,600
770,919.7945373081789,619.9103812216265,276.6400239772784,-14.958238382932063,1571.2253625746234,94.08489243204865,16.70008140477406,-1.0452180761430254,0.06501165914614228,4.248347012311862,558.6449957049914,600
618,992.8865343380421,502.9231298375659,276.65719464683565,-14.947206348664915,1570.9869225176517,106.15281671085593,14.79929568705445,-1.045053298604446,0.0733615992921681,4.248347012311862,558.6449957049914,600
2035,1507.522724778928,1727.9202088120787,276.4719875912777,-14.877893947289119,1567.2710133400979,102.88964293491667,15.232544001843632,-1.0424821275308114,0.07127502798407116,4.248347012311862,558.6449957049914,600
1811,2585.833938455879,1519.615533587202,276.4985510192537,-14.721474850970546,1563.8367966087535,102.55717781186974,15.248438285591734,-1.0401004433719148,0.07120073411228475,4.248347012311862,558.6449957049914,600
880,1770.8979415877363,721.9947894995436,276.62111995940955,-14.835779380835183,1563.4443832344841,106.2865324304141,14.70971295688918,-1.039827965532277,0.07380837431579662,4.248347012311862,558.6449957049914,600
2221,2891.5301047180656,1906.213071289018,276.43956728586625,-14.678982160259213,1555.9012410544092,136.19448396528992,11.424113486497303,-1.0345769420724151,0.09503582061603642,4.248347012311862,558.6449957049914,600
1258,929.7609626031721,1051.0572321876168,276.575545421596,-14.958553392196691,1555.225042677368,97.05257868073843,16.0245617769044,-1.0341049759712948,0.06775224278299946,4.248347012311862,558.6449957049914,600
1725,43.36723319673311,1445.6069410537934,276.5202693062364,-15.088221176117921,1553.5947253060876,101.49947293625858,15.306431455873089,-1.0329662192149582,0.0709309680136722,4.248347012311862,558.6449957049914,600
59,2038.7642232177975,44.21435874241869,276.721175634644,-14.794363888713947,1550.623096408206,158.48930970095802,9.783770901229643,-1.0308874951998293,0.11096948313288359,4.248347012311862,558.6449957049914,600
962,1126.356272020903,790.1700039426356,276.61369731794355,-14.929101113234417,1549.1212119658594,98.5829463792562,15.713886314639762,-1.029835375876557,0.06909175605963963,4.248347012311862,558.6449957049914,600
2027,251.56017976894077,1716.6483369401813,276.4788789180564,-15.059235657577386,1546.487477563729,105.38719841544825,14.67433901665457,-1.0279878933483246,0.0739862966752908,4.248347012311862,558.6449957049914,600
645,1020.2629267569004,524.1503241431591,276.6539047349876,-14.94333910249605,1511.077971948136,116.2379928123885,12.999862913901653,-1.0028390605554631,0.08351626530145836,4.248347012311862,558.6449957049914,600
517,1880.2148441619777,418.7023324375531,276.66594370161556,-14.818767748483284,1511.0407541061286,99.62211902667583,15.167723482186892,-1.0028123185494764,0.07157962770583573,4.248347012311862,558.6449957049914,600
714,594.8289038486117,573.9181683990588,276.64828755766274,-15.004991969317786,1507.3814992728294,112.63400475769512,13.383005447738423,-1.0001798257649737,0.08112527520367042,4.248347012311862,558.6449957049914,600
250,2239.319295085746,203.92835228491973,276.696447106405,-14.766080329788897,1505.709050155303,92.5305280145595,16.272565200518283,-0.9989745259479197,0.06671965892417628,4.248347012311862,558.6449957049914,600
537,1001.069242496721,432.43758791556314,276.6676934156785,-14.945737892977519,1504.7637594981934,94.63694229936367,15.900384384125557,-0.9982926820057432,0.06828136815886846,4.248347012311862,558.6449957049914,600
54,2644.652565445733,41.60320827714897,276.71889397194656,-14.706956176897036,1502.8971510718693,105.9588362342483,14.183783103745517,-0.996945027021338,0.07654516373091597,4.248347012311862,558.6449957049914,600
507,1054.617220183988,412.6335524280059,276.6704224287878,-14.93792422620382,1501.1038718089112,109.5604848258694,13.701143018805544,-0.9956487368819602,0.07924156389797693,4.248347012311862,558.6449957049914,600
380,1642.2937894090917,317.9032987361151,276.6820327434623,-14.852693758459646,1499.7651334358961,98.47783340414765,15.229469227668138,-0.9946800062814793,0.07128941815172092,4.248347012311862,558.6449957049914,600
1314,2975.3870226671315,1102.245240816606,276.5591674256189,-14.663603476884107,1498.779464623367,94.63907126720846,15.836793879682542,-0.993966209091401,0.0685555427600074,4.248347012311862,558.6449957049914,600
2329,1630.4542970335515,1999.5501065108622,276.4309045555084,-14.861259761476402,1497.057292281941,105.15705693037086,14.236393980417395,-0.9927179267451913,0.07626228955825572,4.248347012311862,558.6449957049914,600
1842,625.9869418533818,1550.6638439092433,276.5021449230889,-15.0044635741663,1495.451877720945,103.36222467941538,14.468069764937681,-0.9915529800194043,0.07504110898270033,4.248347012311862,558.6449957049914,600
277,737.0272204820612,224.50493941408814,276.69991028906134,-14.983029588252286,1490.3554308800958,110.42125216574897,13.49699810180546,-0.9878465102759539,0.08044010911246767,4.248347012311862,558.6449957049914,600
1009,46.07677423548797,827.3492944662215,276.6127209222353,-15.085318015094515,1484.3304110797471,101.20134529143084,14.6671015766174,-0.98344833754477,0.0740228050053765,4.248347012311862,558.6449957049914,600
2296,1032.0583674159668,1968.304459916258,276.43804650284244,-14.947516786650745,1482.7977067198372,110.68914481803607,13.39605350784339,-0.9823266382472056,0.08104625734469653,4.248347012311862,558.6449957049914,600
375,281.54444815926945,311.88820861721695,276.6888052529394,-15.049193988201798,1471.4237009966746,104.72548712310086,14.050292258531789,-0.97396624197294,0.07727241398418087,4.248347012311862,558.6449957049914,600
2290,664.5922325518861,1964.3604664831134,276.4401481490013,-15.00057121674221,1469.2004184682155,102.29512355735804,14.362370046353364,-0.9723244824712594,0.07559337327307353,4.248347012311862,558.6449957049914,600
1930,2495.4083269449247,1633.6683007346053,276.4819114379382,-14.734981135623258,1467.0446480088867,101.17993771695564,14.4993630270148,-0.9707302024269115,0.07487915144804326,4.248347012311862,558.6449957049914,600
879,705.0034904610773,720.9919788832905,276.6258321402627,-14.989673956791146,1460.472729962028,105.97150039241565,13.781750041792876,-0.9658555045698953,0.0787780939799109,4.248347012311862,558.6449957049914,600
2218,935.0777475467688,1905.6110679713493,276.4478149525896,-14.961265827822372,1455.3593030856573,101.17729247377059,14.384248357534846,-0.962047439963648,0.07547839643850991,4.248347012311862,558.6449957049914,600
396,1835.7591905218487,324.7297624471169,276.68017159359044,-14.824800076178244,1451.3041905529099,97.61611862539198,14.867464625615584,-0.959017997197237,0.07302522839902482,4.248347012311862,558.6449957049914,600
1941,1349.1222890243807,1642.8459856063023,276.48535744876915,-14.900412144021653,1448.2672090430278,102.86565027592783,14.079211137616703,-0.956743618311666,0.07711369546119222,4.248347012311862,558.6449957049914,600
1022,1854.535223799193,838.1232976795243,276.6034168391433,-14.824183216541547,1447.604286713933,93.68086211257904,15.452508165160827,-0.9562465252691963,0.0702604385253014,4.248347012311862,558.6449957049914,600
883,1081.0759376589497,723.9132742426273,276.6237915879516,-14.935369979665927,1445.7319955609855,100.94692259330665,14.321704499953183,-0.9548413553366168,0.07580801572910188,4.248347012311862,558.6449957049914,600
108,1357.9414504663912,87.38167184500479,276.7177086030989,-14.892803073830631,1437.2592810405185,95.33279182150532,15.076231940543037,-0.9484596784538025,0.07201401545702764,4.248347012311862,558.6449957049914,600
515,708.5564245083867,418.2860282761982,276.6710659761218,-14.987929984706629,1436.7095300710062,139.15637768439342,10.324424607612757,-0.9480443054433697,0.1051584026483621,4.248347012311862,558.6449957049914,600
1890,1864.6222096226625,1598.9785464209187,276.48974970768137,-14.825832121261573,1433.9476366509916,97.40033525048682,14.722204322636811,-0.9459551053537107,0.07374575003898237,4.248347012311862,558.6449957049914,600
1574,240.62582663231615,1326.1053088827196,276.5373203201941,-15.05922778091283,1429.2449254613603,100.09770398488608,14.27849859250682,-0.942388521353672,0.07603740638177196,4.248347012311862,558.6449957049914,600
1011,1798.6923761219323,830.3403578029004,276.60481891616104,-14.83220998631473,1426.2557904247078,97.24957332912851,14.665933655027267,-0.9401154255722017,0.07402869981126896,4.248347012311862,558.6449957049914,600
1433,414.3524569197639,1207.1505789947885,276.55438093462004,-15.033641202989612,1423.823838297918,102.5467399889503,13.884632884978489,-0.9382625235784952,0.07819436127653023,4.248347012311862,558.6449957049914,600
1057,3026.553156846923,865.3059039823021,276.59429863738467,-14.655258896910166,1422.9883848557365,104.95005547070468,13.558719702181993,-0.9376252619648001,0.08007393204133274,4.248347012311862,558.6449957049914,600
1835,3062.879663267053,1548.2752659834018,276.49224506334235,-14.65281709581174,1415.8131645920803,128.69646657512368,11.001181324318885,-0.932136739522186,0.09868940143727872,4.248347012311862,558.6449957049914,600
305,1624.1179563773185,248.8291711839774,276.6924297415602,-14.8550359072444,1411.8963903081021,98.00047689364517,14.407035915145189,-0.9291289437899102,0.0753590125265582,4.248347012311862,558.6449957049914,600
1620,494.3517061873323,1356.8837550035942,276.53166095458533,-15.022691828697505,1410.078951919335,119.53226416798739,11.796638855076386,-0.927730448982465,0.09203468999415851,4.248347012311862,558.6449957049914,600
1536,331.28718161493396,1290.7880817768466,276.5422231462061,-15.045983474747297,1409.2253298408468,116.88029382077225,12.056996810786558,-0.9270729758390992,0.09004729926018556,4.248347012311862,558.6449957049914,600
2150,2396.9411558860775,1836.871502636089,276.451995878284,-14.750012714103386,1407.9693296730984,99.081934914837,14.210151738389824,-0.9261048603125035,0.07640312503257074,4.248347012311862,558.6449957049914,600
1086,1003.5097856832275,894.9472752878826,276.59856291350286,-14.947267367784592,1406.4613255563308,105.06763172483248,13.38624752901818,-0.9249413604620862,0.08110562707334243,4.248347012311862,558.6449957049914,600
1707,2133.945970837572,1430.932762089378,276.5137053710944,-14.786288513560633,1404.7586406881455,110.6309483517263,12.697700432089132,-0.9236261543558857,0.08550367098409895,4.248347012311862,558.6449957049914,600
189,1944.9016418206381,148.57906915665103,276.70600223144703,-14.808332701041302,1394.4942653921316,98.34822526416306,14.179150275935573,-0.9156637056595908,0.07657017373196315,4.248347012311862,558.6449957049914,600
1639,1973.4587148800313,1371.5295771366798,276.5232547789806,-14.809199717982878,1393.3216276052408,102.00684805618339,13.659098914984869,-0.9147503201102937,0.07948547753826724,4.248347012311862,558.6449957049914,600
1681,2156.6786204626583,1408.2667196639322,276.51699310955036,-14.782916539997936,1390.7939805066562,107.87446163022118,12.892708426894465,-0.9127788799058707,0.0842103896288546,4.248347012311862,558.6449957049914,600
955,266.03605685909633,779.0950555685705,276.6190082313542,-15.053332790955714,1383.2074426376494,107.16145061519867,12.907696141633505,-0.9068401667525595,0.08411260910443169,4.248347012311862,558.6449957049914,600
971,502.7765534317822,794.7804582409939,276.61566041989136,-15.019188923060728,1378.4905759499525,100.57637765569667,13.705907968458977,-0.903131377535791,0.07921401504362142,4.248347012311862,558.6449957049914,600
2034,1445.9262064721227,1727.9717055088126,276.47223684553563,-14.886785234796873,1377.6927761723637,100.12970219170128,13.759081930901282,-0.902502827097591,0.07890788102378005,4.248347012311862,558.6449957049914,600
297,2004.2480010456072,239.46346543798577,276.692170325014,-14.800139762911135,1376.3276517764316,88.96035196329062,15.471247824473217,-0.9014264624584539,0.0701753350678401,4.248347012311862,558.6449957049914,600
768,2509.151152384515,619.6919135635071,276.6332011774421,-14.728856338982872,1374.302790848189,97.90201527562523,14.037533210926156,-0.8998279451277014,0.07734264871800568,4.248347012311862,558.6449957049914,600
650,1343.799498276648,529.7532476770364,276.65167600882774,-14.896645288863555,1371.6111987337936,92.10939613346943,14.891110530637782,-0.8976994298471153,0.07290927011563186,4.248347012311862,558.6449957049914,600
995,1472.849337446127,818.4130864645177,276.607996919965,-14.879190908402581,1368.3931801521685,105.72933207724262,12.942417711978567,-0.8951491267052474,0.08388695405767614,4.248347012311862,558.6449957049914,600
847,1554.5817544591066,688.4727837669684,276.62705739975286,-14.866863566892393,1368.3592985016294,97.89073053349942,13.978435864602725,-0.8951222433572235,0.07766963417912111,4.248347012311862,558.6449957049914,600
1290,1523.7352159806003,1076.1791705024566,276.5692738585727,-14.872896030791276,1367.8748572717886,92.7903782071619,14.741559240311526,-0.8947377913272674,0.07364892561915022,4.248347012311862,558.6449957049914,600
2252,2265.55504251496,1939.6719484728694,276.43720106470164,-14.7693829394503,1365.531320945127,98.60946417315385,13.847872842583492,-0.8928760388509893,0.07840193308689057,4.248347012311862,558.6449957049914,600
2269,1184.2448306934928,1951.3900032505392,276.43994565414187,-14.925473728172483,1358.3787380734575,99.68496903544498,13.626715754814137,-0.8871740620148955,0.07967437051854823,4.248347012311862,558.6449957049914,600
1262,1708.1104866012822,1051.9709229151374,276.57210504119337,-14.846186044494663,1353.0625069093076,93.64210730044782,14.449295791347883,-0.8829165240322644,0.07513860991413215,4.248347012311862,558.6449957049914,600
1674,2191.730034945626,1403.1301551789672,276.5176113532044,-14.777839190678332,1349.858438115567,98.84115541537787,13.656846001473934,-0.8803424382990077,0.07949858992938959,4.248347012311862,558.6449957049914,600
753,1304.0228718976664,611.2103264900528,276.63967674601656,-14.902719671835733,1345.4124535457813,111.55359527519994,12.060682134239443,-0.8767604823580156,0.09001978394885086,4.248347012311862,558.6449957049914,600
876,1500.0499598314798,714.9879069325448,276.623330727515,-14.874843097349476,1345.379776712798,106.50567552496207,12.632000783821864,-0.8767341121163972,0.08594837972069197,4.248347012311862,558.6449957049914,600
1746,1372.6803982928186,1461.5150926006504,276.5123483074948,-14.896271940547244,1334.6773759177304,97.18968119257191,13.732706595396653,-0.8680626210793361,0.07905943321937266,4.248347012311862,558.6449957049914,600
1879,450.9571167390289,1586.7556778189326,276.4974757097,-15.029896437437978,1334.2549728180747,148.39573143972564,8.991195096201357,-0.8677189493168468,0.12075146722805423,4.248347012311862,558.6449957049914,600
468,494.94436954679014,379.7202390566709,276.67774792515604,-15.018633729295095,1333.9727023894666,105.32880304131804,12.664842510990846,-0.8674892303705488,0.08572550342081271,4.248347012311862,558.6449957049914,600
452,2245.8721430265796,367.31195779616627,276.67202482188327,-14.765801268042763,1329.4062844687724,96.46482288441901,13.78125460367686,-0.8637661927216824,0.07878092606389651,4.248347012311862,558.6449957049914,600
843,310.6799740550687,684.987943667312,276.63289087933225,-15.046499100987454,1327.9339927026303,99.06413801155111,13.404790263735906,-0.8625630945322895,0.08099343433497454,4.248347012311862,558.6449957049914,600
313,2889.408874528549,255.7779861546281,276.68584941486597,-14.672539112343637,1327.5110279981163,109.06547472928754,12.171688898738525,-0.8622172179704859,0.08919879640634934,4.248347012311862,558.6449957049914,600
394,226.47051041496488,324.03162196133655,276.6872253329449,-15.0572023107818,1320.2548626558273,107.3834105807073,12.29477491463683,-0.8562663133452785,0.08830580531470186,4.248347012311862,558.6449957049914,600
1783,2911.2471974637783,1498.533479484367,276.500312883929,-14.674470872212774,1319.078089334711,95.02013807833548,13.882089797083339,-0.8552981403201747,0.07820868585853034,4.248347012311862,558.6449957049914,600
95,63.68327571299643,76.72822733333264,276.7249091644973,-15.079726142099451,1314.0845812488114,113.72789951224344,11.554636873490686,-0.8511801729211443,0.09396227781860247,4.248347012311862,558.6449957049914,600
1774,148.3851930681783,1493.0281331663189,276.5127428778165,-15.073236239728889,1310.8392824829207,99.83631967096821,13.129883861935916,-0.8484954930267241,0.08268923102568256,4.248347012311862,558.6449957049914,600
2143,3053.983647211882,1829.2402879920621,276.45036570965897,-14.655249948881897,1302.2412419781322,177.86652967421804,7.321451901958897,-0.8413504873765238,0.14829025916423966,4.248347012311862,558.6449957049914,600
2011,2872.3181449147955,1704.2960763404005,276.4697763196638,-14.680925015837387,1299.655275017547,97.85711985022435,13.281151918294142,-0.8391923086330232,0.08174742723215905,4.248347012311862,558.6449957049914,600
1167,1095.0350162026161,962.8315688333638,276.5880297389702,-14.934326815121647,1294.3241479740245,97.87975662439845,13.223614285646772,-0.8347295085495201,0.0821031207162814,4.248347012311862,558.6449957049914,600
885,1955.420348956682,725.7768645914874,276.61976029294664,-14.809167651527828,1294.0452267037472,90.23496588384563,14.340840205663715,-0.8344955118676307,0.07570686127380584,4.248347012311862,558.6449957049914,600
1297,1171.2567608533172,1083.6123887611163,276.56965876452114,-14.923812580489209,1291.4273287206306,112.92943141252026,11.43570203593049,-0.8322968054175988,0.09493951456489308,4.248347012311862,558.6449957049914,600
1198,500.32660623599224,989.8508479819936,276.5865072483895,-15.020335943986616,1281.6689350664965,111.00240129923141,11.546317197332296,-0.824061519209528,0.09402998215317038,4.248347012311862,558.6449957049914,600
2365,993.3138314821849,2029.2854104763326,276.4290938090568,-14.953360116574775,1275.140610131668,142.79877894915808,8.929632448647672,-0.818517067019287,0.12158395166246977,4.248347012311862,558.6449957049914,600
1711,947.1170852288143,1432.719625466461,276.51843428866954,-14.95760075852285,1273.7308543275576,101.70435365903096,12.52385771604041,-0.8173160468079423,0.08669054093527813,4.248347012311862,558.6449957049914,600
1664,2404.970568997353,1389.1209709685381,276.5187970361351,-14.747024239242581,1270.55912598758,105.75349559910562,12.014346370204764,-0.814609073859997,0.09036696350727036,4.248347012311862,558.6449957049914,600
1556,190.7396479771883,1306.8879781496835,276.54040166668017,-15.066358753757585,1268.3773872011225,123.80677324142418,10.244814189024833,-0.8127431009532073,0.10597556773290234,4.248347012311862,558.6449957049914,600
837,1201.325185847745,680.3143764427448,276.6297920507592,-14.917828842835846,1265.859499313694,110.13065368752932,11.49416131593373,-0.8105856365480564,0.09445665239576491,4.248347012311862,558.6449957049914,600
1026,1600.9960933678547,840.9554792761982,276.6040809778091,-14.860785456777386,1257.6815706605557,97.70793702820797,12.87184653481597,-0.8035486166978788,0.08434687261562526,4.248347012311862,558.6449957049914,600
2049,2821.079153093886,1741.0680327803457,276.46450629126224,-14.688462342659044,1255.0533339680405,100.26107441038572,12.517852430255163,-0.801277328336239,0.08673212965635427,4.248347012311862,558.6449957049914,600
921,2779.571562815285,755.1051521628762,276.6118153289091,-14.690414603545129,1254.2337018952821,130.61154566595116,9.602778188561363,-0.8005680398133199,0.11306103074350549,4.248347012311862,558.6449957049914,600
2099,1381.8443114567897,1786.768371183669,276.4637204924508,-14.89627539751843,1253.5078711032984,107.12413360328671,11.701451661167406,-0.799939537419073,0.09278335982902179,4.248347012311862,558.6449957049914,600
1271,3005.144455493644,1057.7647957306488,276.5656757454214,-14.659131984415566,1250.2669786912738,97.23576203273345,12.858098219772103,-0.7971287765449874,0.08443705915471247,4.248347012311862,558.6449957049914,600
2068,2429.2328305402107,1760.741131745179,276.4632236898004,-14.745044264491431,1248.0611664302414,101.85468073090568,12.253351122149688,-0.795211549730973,0.08860433273942847,4.248347012311862,558.6449957049914,600
758,446.06221673843595,613.6036372117156,276.64298875126786,-15.026646837775381,1239.6875564122456,101.8510483080067,12.171573852272186,-0.7879024788331601,0.08919963951887142,4.248347012311862,558.6449957049914,600
1421,2535.8490746730795,1196.698719772193,276.54696037277296,-14.727362869855684,1236.5229729930288,97.65155606786715,12.662603882457889,-0.7851273475420145,0.08574065887854807,4.248347012311862,558.6449957049914,600
2016,83.09480330405287,1708.8592118420172,276.48073690870535,-15.083549409806313,1222.0708416751004,98.26719484574575,12.436203593614712,-0.7723628291853661,0.08730156207457442,4.248347012311862,558.6449957049914,600
2315,381.62842103453596,1992.592312880526,276.43708784267943,-15.041564396462965,1215.5362950177514,96.63360295293653,12.578815835002594,-0.7665417017560315,0.08631178119158593,4.248347012311862,558.6449957049914,600
316,1051.4327862607438,257.50162934973775,276.6936195838357,-14.937753078549703,1201.8853678971063,127.72583084058658,9.409884907283697,-0.754279493990167,0.11537866942024093,4.248347012311862,558.6449957049914,600
82,2232.635428272867,65.00810341163739,276.7172179605478,-14.766478208731845,1200.9074957268313,106.75743832161194,11.248935105664856,-0.7533957629839847,0.0965158025894604,4.248347012311862,558.6449957049914,600
602,655.390772741734,485.4081888900866,276.66126011778096,-14.995883086551279,1196.6597566807177,97.69097305784818,12.249440446991041,-0.749548589236073,0.08863261997136301,4.248347012311862,558.6449957049914,600
656,1240.068526513588,532.7692016092618,276.65167197430196,-14.911634173601142,1190.2611068718252,91.987483847428,12.939381066733084,-0.7437274809565976,0.08390664085095348,4.248347012311862,558.6449957049914,600
1018,2780.653317245088,834.1211055343814,276.6000188019302,-14.690581497444114,1185.7493754929164,92.68914129644911,12.792753918180296,-0.7396041355183808,0.08486835648867351,4.248347012311862,558.6449957049914,600
1524,2380.9406906808144,1283.1023118297949,276.5347250892157,-14.750056805034948,1185.6618174671894,95.7488818957576,12.383035644823787,-0.7395239596982832,0.08767640109748306,4.248347012311862,558.6449957049914,600
1201,300.7553845354507,994.7940636659843,276.58660860003204,-15.049192111673506,1183.6894583420944,113.45945272987191,10.432709041531005,-0.7377163238045095,0.10406692985283074,4.248347012311862,558.6449957049914,600
628,589.6136802359524,512.5613048133921,276.6574824283398,-15.005496019264536,1181.2421792371897,101.21257114111,11.670903781214177,-0.735469239420694,0.09302621462337597,4.248347012311862,558.6449957049914,600
1109,1409.5684314086086,915.865587765689,276.5937086969293,-14.888722973882885,1179.834544774145,96.44534110636097,12.233193757622885,-0.7341746437261762,0.08875033139432346,4.248347012311862,558.6449957049914,600
531,2648.9272327464378,426.6377351668968,276.6614066961701,-14.707911030725622,1178.7919583170442,102.63078436289946,11.485754158799665,-0.7332147851514443,0.09452579125317642,4.248347012311862,558.6449957049914,600
1915,664.1517314753529,1620.4795998247007,276.4915506174765,-14.999234728944932,1176.2909681887832,103.40784999699211,11.375257954043128,-0.7309087801100066,0.09544398943622266,4.248347012311862,558.6449957049914,600
1682,2290.2760132021494,1408.2682767066308,276.5164261075812,-14.763645219382422,1175.764804724662,97.85120256273676,12.015844199470385,-0.7304230137955123,0.09035569885700198,4.248347012311862,558.6449957049914,600
1726,2346.409676957461,1444.9518795147321,276.5107116996193,-14.755698580160283,1174.739902732079,102.97059435692516,11.408498805591998,-0.7294761760660079,0.0951658950490342,4.248347012311862,558.6449957049914,600
603,2988.166430784149,486.6415426934022,276.65096589678296,-14.659244737823403,1171.9092615882982,103.20271653886198,11.355410990048934,-0.726856840283045,0.0956108062448316,4.248347012311862,558.6449957049914,600
1659,1487.6397852373402,1384.1675456513212,276.5234194803158,-14.87936184970952,1171.7960092264693,122.47780669087945,9.56741503531292,-0.7267519105453866,0.11347892779739646,4.248347012311862,558.6449957049914,600
1132,230.12373843073055,935.7747318129376,276.5957309977112,-15.05915909688302,1169.0239870175137,130.9309320760715,8.928554685139682,-0.7241804302227922,0.12159862802957284,4.248347012311862,558.6449957049914,600
402,1274.3415130112348,328.985626009537,276.68197298429646,-14.905856287459518,1168.861410342739,93.07762612970002,12.557920296699193,-0.7240294259157926,0.08645539821473247,4.248347012311862,558.6449957049914,600
2353,333.37805584128614,2017.3239673574944,276.4335876029593,-15.048636519510955,1168.6457814332098,98.45916844036088,11.869344419063289,-0.7238291132790176,0.091470932316722,4.248347012311862,558.6449957049914,600
269,155.00494921794,217.45162094630072,276.7034703954172,-15.067098081755052,1167.3310331871035,109.4227253588817,10.668085896768908,-0.7226069522432286,0.10177083410331661,4.248347012311862,558.6449957049914,600
634,1068.2712391580885,517.7177498564852,276.65465981034686,-14.93637997720036,1166.6011223774403,103.4293663786345,11.279205927905851,-0.7219278488543466,0.09625677613650735,4.248347012311862,558.6449957049914,600
625,1195.5705616484267,511.3560902391796,276.6550630344504,-14.917972037572682,1160.0573799320846,98.70691832675857,11.752543789198647,-0.7158205522193127,0.09238000040449362,4.248347012311862,558.6449957049914,600
237,2550.538593850315,192.2999754324752,276.69681581313995,-14.72114330578085,1158.0954821856576,95.99515521443743,12.064103439373188,-0.7139827925472,0.08999425489478476,4.248347012311862,558.6449957049914,600
969,1049.87362616302,793.081124483311,276.6135885242564,-14.940157316082699,1157.704794810561,98.6794418816564,11.731975503053262,-0.7136164540195453,0.09254195934158278,4.248347012311862,558.6449957049914,600
2140,368.1611418437879,1829.478153092804,276.4615294714675,-15.042846478565906,1157.158783835359,100.08597165101425,11.561648098598766,-0.7131042649640564,0.09390529712901255,4.248347012311862,558.6449957049914,600
1651,1854.6413692481585,1380.4347381473287,276.5224278755572,-14.82638024747114,1149.0098462101887,97.52088028936468,11.782193134442984,-0.7054312498008353,0.09214753039705012,4.248347012311862,558.6449957049914,600
420,2015.1720517125382,345.9754454377988,276.676217188302,-14.798997672157528,1147.8798927934258,96.59180354739121,11.883822960508622,-0.7043629952717589,0.09135948958579342,4.248347012311862,558.6449957049914,600
300,649.8739429960646,242.04007138346543,276.6976650202095,-14.995690958340582,1144.4903514112812,106.36997650544383,10.759524341464042,-0.7011522133420834,0.10090594765569995,4.248347012311862,558.6449957049914,600
183,1479.5915880273765,146.30954961140628,276.7083742690783,-14.875480684933008,1135.5320079236408,94.6707250445935,11.994542213432528,-0.6926203251610036,0.09051616816056049,4.248347012311862,558.6449957049914,600
1529,1520.5687815565082,1286.7414937757076,276.53783388787866,-14.87421149019135,1135.1814320989652,112.69451613817016,10.073084929058709,-0.6922850711728266,0.10778227401498287,4.248347012311862,558.6449957049914,600
276,345.6779054572826,224.93102143449588,276.70153275656804,-15.03957308233403,1134.3066354960902,94.41693207519091,12.013805263157261,-0.6914480556325003,0.09037103367486042,4.248347012311862,558.6449957049914,600
2134,1401.2899135093655,1817.1225646610933,276.459105134819,-14.893592159587081,1128.9185098984162,104.0162290310936,10.85329203350516,-0.6862783586612337,0.10003416444046097,4.248347012311862,558.6449957049914,600
307,3008.9986824159823,251.4152243293108,276.6859729235914,-14.655280756395832,1121.1309666825691,161.63901234333164,6.936017180686646,-0.6787627449245561,0.15653075413699002,4.248347012311862,558.6449957049914,600
2094,1789.3852919710569,1783.9918959417478,276.4624359695305,-14.837444067342263,1120.9996614819393,103.40703438401306,10.840651877888572,-0.6786355776591267,0.10015080386581525,4.248347012311862,558.6449957049914,600
637,1624.1120314790833,520.4056915894656,276.65186305153253,-14.85614287552138,1117.9859471631353,99.69755354416988,11.213775137098265,-0.6757127355379611,0.09681842080176949,4.248347012311862,558.6449957049914,600
443,113.86699339890961,361.31095185732363,276.6821320300845,-15.073627749374445,1117.1625331763062,103.10692328057742,10.834990489787504,-0.6749127793602739,0.10020313363664916,4.248347012311862,558.6449957049914,600
89,1333.4460597050215,69.39535811641517,276.7205027894172,-14.896266446360515,1111.1469331129338,97.29453884130768,11.420445035720562,-0.6690506037982064,0.09506634781781068,4.248347012311862,558.6449957049914,600
526,1277.750793238971,425.2280086843556,276.6675780697217,-14.905755735366073,1109.4677086691372,94.72356257955,11.71268983614708,-0.6674085403012241,0.09269433539078023,4.248347012311862,558.6449957049914,600
70,1021.4267972443611,52.12764779991025,276.724442288955,-14.94125126320833,1105.0502882215078,101.9639724189017,10.837654340119233,-0.6630769795013098,0.10017850412343521,4.248347012311862,558.6449957049914,600
157,2183.6587297156025,127.7288618774957,276.708068559517,-14.773799410867971,1093.9769982277649,91.67850407615619,11.932753585497117,-0.6521423507716828,0.09098486717429102,4.248347012311862,558.6449957049914,600
2119,1163.3244033259198,1804.56366202629,276.46196968744005,-14.927895611969273,1093.9285628310172,101.86480693135685,10.739023572372522,-0.6520942791686068,0.10109857685694058,4.248347012311862,558.6449957049914,600
1899,548.7008499289353,1603.6329051677847,276.4945476184454,-15.01584392409978,1082.8857334222412,99.73997378818575,10.85708861044948,-0.6410784542876208,0.09999918384704538,4.248347012311862,558.6449957049914,600
427,157.9707750302671,353.0660117783401,276.6831765325296,-15.067219965688261,1081.2036552714999,100.22391956000423,10.787880378437817,-0.639390637208699,0.10064071549866585,4.248347012311862,558.6449957049914,600
1384,1979.559544985124,1163.683241560419,276.5542651341382,-14.807471116677002,1077.4638265733956,92.99343160356626,11.586450870709402,-0.6356286205815715,0.09370427684155244,4.248347012311862,558.6449957049914,600
1530,2427.1993904744822,1287.9071642705935,276.5338105701343,-14.743404698498704,1073.6266690000775,92.58476148280357,11.596148780914556,-0.6317551012403823,0.09362591154288157,4.248347012311862,558.6449957049914,600
384,188.78730651787177,319.0735738860566,276.6881281525046,-15.062628193839075,1073.0129400976002,96.50022518823992,11.119279131261175,-0.6311342725696936,0.09764122180795164,4.248347012311862,558.6449957049914,600
1031,839.5901097417656,844.4782305619574,276.60680211587794,-14.970735964262484,1066.6670877040015,105.16881959028198,10.142427117272367,-0.6246941116059258,0.10704538346162458,4.248347012311862,558.6449957049914,600
2095,2232.072875671467,1783.2427302999133,276.4606936336554,-14.773572940671677,1065.50545499078,114.18874538847753,9.331089954319589,-0.6235110677453499,0.11635296683614148,4.248347012311862,558.6449957049914,600
2267,268.5287633472624,1949.2622620364468,276.4440288740059,-15.057729869787092,1064.6135212277877,100.8030496256855,10.561322551064118,-0.6226018182187878,0.10279962521271631,4.248347012311862,558.6449957049914,600
1888,2113.6789263429955,1590.5138706967068,276.4899651232971,-14.789864097075684,1063.5452243419713,101.43638979687364,10.484848942985062,-0.6215117785718856,0.10354941744071505,4.248347012311862,558.6449957049914,600
1487,593.9194189170064,1249.392676293439,276.5473138357626,-15.007870146233136,1062.7226686220965,106.77444376001588,9.952968437003998,-0.6206717352518452,0.10908303456117592,4.248347012311862,558.6449957049914,600
430,2174.2089411201537,354.6032328951619,276.67423517404137,-14.776087632623309,1059.4160806484288,87.63665206509918,12.088732918065629,-0.6172882758208355,0.08981090138715114,4.248347012311862,558.6449957049914,600
1561,1855.7323616142519,1310.8908354982925,276.53280870626617,-14.825939013911258,1057.5031547332765,98.40430622988262,10.746512985548009,-0.6153260531212627,0.10102811967566201,4.248347012311862,558.6449957049914,600
2082,719.0004876666312,1774.4041858295955,276.468316380994,-14.991938732311159,1050.16467120999,103.66579898094763,10.13029062172179,-0.6077653840740976,0.10717362813580068,4.248347012311862,558.6449957049914,600
1527,2228.362409729786,1286.5403898375907,276.5348619094501,-14.772078708871469,1032.3517984473146,97.14475940657074,10.626942768232208,-0.5891911707791432,0.10216484869435373,4.248347012311862,558.6449957049914,600
723,2133.9764722642617,583.7211095005514,276.6402003369761,-14.782826236281833,1030.0773259882117,96.54576420991302,10.669316612881982,-0.5867964430598359,0.10175909473800236,4.248347012311862,558.6449957049914,600
321,1100.265341467333,261.88602248426866,276.69275302930566,-14.930719014459843,1026.1700828572502,97.95183397145495,10.476272278437339,-0.5826702465567911,0.10363419078316903,4.248347012311862,558.6449957049914,600
566,498.0034763798271,458.5910194946009,276.6659429792607,-15.018512203269522,1023.8666635235422,101.89293058086739,10.048456332414052,-0.5802303812010056,0.10804644654699617,4.248347012311862,558.6449957049914,600
1938,1256.8034725935745,1638.2169336749066,276.4864343716498,-14.913721090096942,1022.1925955092302,97.53000603405074,10.480801110094786,-0.5784537008336791,0.1035894096830334,4.248347012311862,558.6449957049914,600
68,2566.4004031739505,51.210679592146015,276.717805842531,-14.71828021474293,1021.1219045237522,107.37849893460758,9.509556518811136,-0.5773158553640572,0.11416936193105795,4.248347012311862,558.6449957049914,600
670,887.075465881252,540.5911412907574,276.6520190111265,-14.962641333248317,1020.1265511229285,130.01872160252552,7.845997395986651,-0.576257002085842,0.13837628859720913,4.248347012311862,558.6449957049914,600
970,1716.0448374085229,795.7791874811628,276.6103355310746,-14.843996459288283,1016.868763222592,109.47679324519929,9.288441258459889,-0.5727841406004612,0.11688721172792553,4.248347012311862,558.6449957049914,600
1385,839.0866816879546,1164.323305581583,276.55899982567746,-14.972110200825952,1012.3901087389095,95.5401769058938,10.596485599310796,-0.5679916074406095,0.1024584981336279,4.248347012311862,558.6449957049914,600
1103,551.5500786831781,914.156865348992,276.597607183861,-15.012627689740299,1009.1930380904814,101.74644815250845,9.918705334831886,-0.5645574887386706,0.10945985018703067,4.248347012311862,558.6449957049914,600
1667,2761.8170016073027,1389.4453198647707,276.5172282809269,-14.69556760539833,1008.4542141288985,93.74579822293843,10.757327082870177,-0.5637623369012967,0.10092655839468284,4.248347012311862,558.6449957049914,600
153,41.62526838302425,125.29339308924506,276.7177404346736,-15.083111532867054,1007.9432769836858,124.1216649992596,8.120607123580708,-0.5632121051426965,0.13369690017970856,4.248347012311862,558.6449957049914,600
1043,894.7744403048613,852.251823908197,276.60540580521615,-14.962797240376663,1005.5007883445942,96.4247396397059,10.427829954238712,-0.5605779126248388,0.10411562182778825,4.248347012311862,558.6449957049914,600
1003,1927.0766746269373,822.1554356628795,276.6054898035229,-14.813650477930263,993.9837992183166,91.82505469089523,10.824755863901201,-0.5480701389390384,0.1002978740260215,4.248347012311862,558.6449957049914,600
760,1987.444677741004,616.3134032195622,276.63596824490986,-14.804100509767744,992.9899551664712,92.1779802383718,10.772528890290328,-0.5469840123039217,0.10078413444577354,4.248347012311862,558.6449957049914,600
2212,291.4406884313821,1895.7311267314028,276.4519388193287,-15.054201406486108,989.5189777013729,103.11820184517687,9.59596812197182,-0.5431821936206536,0.11314126789501108,4.248347012311862,558.6449957049914,600
1588,815.6181844092769,1331.841504858699,276.5340611619037,-14.976181684258902,988.6753680002876,100.54286809438605,9.833371443831844,-0.5422561595809051,0.11040974158268217,4.248347012311862,558.6449957049914,600
1567,1038.8973335716,1317.271143778269,276.5353020025008,-14.943876577094413,982.1649975847104,107.76100582690094,9.114289441232437,-0.5350830057313312,0.11912064094523549,4.248347012311862,558.6449957049914,600
1525,899.6358286207466,1283.0827319338962,276.54099605891423,-14.963848663104626,979.0850748812663,101.40115307296969,9.655561551422428,-0.5316729496830781,0.1124429681503152,4.248347012311862,558.6449957049914,600
822,1477.5753993796168,666.4598065195895,276.63067675479476,-14.877889670041126,978.7876902947319,97.32403360902201,10.05699881107268,-0.531343121084853,0.10795467120913375,4.248347012311862,558.6449957049914,600
924,2118.7799488442465,757.5537109506546,276.61431072027625,-14.785727725607202,978.2061366804992,88.29810774791932,11.078449602489357,-0.530697831535276,0.09800107767390488,4.248347012311862,558.6449957049914,600
1367,1603.2036222369977,1143.9970570929045,276.5588060023844,-14.861702144318414,976.8069601717871,103.09087757920378,9.475202686302822,-0.5291437377502548,0.11458330084795632,4.248347012311862,558.6449957049914,600
1735,695.3093834533158,1455.1561123833342,276.51613255489667,-14.994061105670564,975.0660282268655,102.4732795380343,9.515319824081134,-0.5272069382196541,0.11410021103571712,4.248347012311862,558.6449957049914,600
317,1762.8989744219853,258.1891658071576,276.69042714992105,-14.83504383949108,974.572482475196,94.27037055875344,10.338057193355356,-0.5266572358006703,0.10501973240173394,4.248347012311862,558.6449957049914,600
1099,2567.434727717063,906.5578068244467,276.59013033013053,-14.721622485548629,969.6169652303215,101.22289719287718,9.579027987933852,-0.5211223882123811,0.11334135377489174,4.248347012311862,558.6449957049914,600
458,2102.677108371557,372.5146021702486,276.6718727985535,-14.786480573710266,960.5112165168393,91.67557947521533,10.477285467025768,-0.5108779759600207,0.1036241690098955,4.248347012311862,558.6449957049914,600
1108,367.4722991199362,917.9476588209628,276.59781776433636,-15.039239263385175,959.4989946879796,98.93512217477655,9.6982646162093,-0.5097331841435568,0.11194786314506243,4.248347012311862,558.6449957049914,600
1190,1153.132019820482,981.4847140426716,276.58499578888615,-14.926013730426586,957.064595330914,98.87473696660541,9.679566537346735,-0.5069750007427829,0.11216411352833174,4.248347012311862,558.6449957049914,600
2129,2143.2432891296667,1814.7199254172854,276.45636695380676,-14.786515266987768,957.0168647773098,97.19764196384412,9.84609138083107,-0.5069208517515179,0.11026710579933298,4.248347012311862,558.6449957049914,600
1485,2958.032958209778,1246.6270472347567,276.5376993083338,-14.666695722210289,954.4580878574634,106.23847484644699,8.9841094691636,-0.5040140300875509,0.12084670202722678,4.248347012311862,558.6449957049914,600
338,46.29272916782125,277.65601214346907,276.69493238867494,-15.083055195601572,951.9151576063014,119.15204263954983,7.98907963740048,-0.501117479704285,0.1358980069390408,4.248347012311862,558.6449957049914,600
699,2734.1675176258414,566.333533497186,276.64018489610356,-14.69619011664509,950.7620622395771,94.83404644929341,10.025535109354822,-0.49980148398267044,0.10829347143644572,4.248347012311862,558.6449957049914,600
897,1152.7020766476578,736.8057064964397,276.62155893078585,-14.925079625792817,948.5547474313644,92.52017309204247,10.25240999590119,-0.49727787900079196,0.10589705254023708,4.248347012311862,558.6449957049914,600
1047,711.6261958645761,857.8580307399736,276.60534537499166,-14.989273911860183,947.1436778594507,102.43590215784273,9.24620819368588,-0.495661535827036,0.11742110682100053,4.248347012311862,558.6449957049914,600
819,2476.2351202991204,664.06460302131,276.62672071714826,-14.733784667601157,946.7745133405551,88.01013860221192,10.757561894315211,-0.49523827014363353,0.10092435541307308,4.248347012311862,558.6449957049914,600
2088,1836.388214908261,1778.6227100343929,276.4630413100852,-14.830639649740219,946.0671702827094,96.25535871053053,9.828722088375613,-0.49442680449441306,0.11046196954577164,4.248347012311862,558.6449957049914,600
712,1960.7613285149414,570.8118575450895,276.6428785275383,-14.807765116993547,940.5868842321215,86.88953100297853,10.825088746305681,-0.48811917040697045,0.10029478976516669,4.248347012311862,558.6449957049914,600
673,1841.7613294892253,542.0542754711038,276.647688351077,-14.824819539801988,939.8117581040133,87.14037854006581,10.785031851472876,-0.48722405962645765,0.10066729657842685,4.248347012311862,558.6449957049914,600
2096,2555.486265720044,1784.1803261943426,276.45919358579886,-14.72693310182876,936.4865143297939,96.79590211067443,9.674857033297076,-0.48337569352371756,0.11221871251052548,4.248347012311862,558.6449957049914,600
2139,1150.360407277359,1828.028885414867,276.4585174259458,-14.92986307256302,926.2960998090566,102.40440556089868,9.045471185887596,-0.47149646266180295,0.12002691487137436,4.248347012311862,558.6449957049914,600
482,2698.1909373824838,393.31305015501425,276.6661646263773,-14.700671202440235,926.1925029627746,94.88278465601226,9.761438877669852,-0.47137502726224795,0.11122335688477589,4.248347012311862,558.6449957049914,600
1576,2006.8535366934886,1327.202471622844,276.5297321648464,-14.804200539907237,926.0232652571867,103.22160173435391,8.97121580849283,-0.4711766189473734,0.12102038599630993,4.248347012311862,558.6449957049914,600
850,1976.551642044755,693.7114111734656,276.62445750020913,-14.805987859782222,919.0733807333745,87.77905276726904,10.470304152975295,-0.46299734340745075,0.10369326278754587,4.248347012311862,558.6449957049914,600
1853,993.2786941785934,1561.677952535493,276.4989700052054,-14.951459733105938,917.9237780554104,100.58919228595857,9.125471208138382,-0.46163842414563083,0.1189746781548923,4.248347012311862,558.6449957049914,600
1254,1478.226253196158,1045.743248947971,276.57401392466835,-14.879341072247543,915.879266351345,95.67445987848095,9.572871041181013,-0.4592174429997331,0.1134142510987024,4.248347012311862,558.6449957049914,600
1002,2432.6893676123964,820.7220194270948,276.6035246579846,-14.740704644502747,915.3099725499051,96.50415212341701,9.484669337121739,-0.4585423594003429,0.11446893522694715,4.248347012311862,558.6449957049914,600
1231,2614.1376780329488,1021.4281318715693,276.5727841276484,-14.715356983741378,906.521589240001,101.1096579700759,8.965726988299103,-0.44806725274836945,0.12109447470538798,4.248347012311862,558.6449957049914,600
1431,2396.3604188225504,1205.2077276288228,276.54628694687085,-14.747514594597428,898.4043612550595,99.05480299525163,9.069770814628,-0.4383015028344822,0.11970534010065065,4.248347012311862,558.6449957049914,600
977,433.4475928215127,799.3950971549036,276.6152642680974,-15.029224557116104,895.3324989225366,96.12690502829506,9.314067676047559,-0.4345827462152107,0.11656561212154717,4.248347012311862,558.6449957049914,600
1362,882.1624976257447,1144.4582817285564,276.5617873439802,-14.96580793205605,895.2932341050473,101.21324771329026,8.84561314188011,-0.4345351301968078,0.12273880652316632,4.248347012311862,558.6449957049914,600
511,2089.446467663646,411.82590884562677,276.6660605242005,-14.788549708784046,893.2000281571527,90.09848706489394,9.913596301720586,-0.4319936942660371,0.10951626099718907,4.248347012311862,558.6449957049914,600
1425,2796.1969658201433,1200.5551406727513,276.54526879573785,-14.689838318234022,892.5383040973684,98.20913819770882,9.088139051791321,-0.4311890323632539,0.11946340101233406,4.248347012311862,558.6449957049914,600
1138,2766.461113787201,936.6427065533508,276.5847805947623,-14.693046720654271,890.2838792860857,92.9670664170263,9.576336154273188,-0.42844314781460946,0.11337321314848949,4.248347012311862,558.6449957049914,600
630,422.3842699301348,516.5742136274213,276.65759697917775,-15.029673800043723,887.4263279002625,123.88184539840017,7.163489735290324,-0.42495264676874467,0.15156020879759083,4.248347012311862,558.6449957049914,600
368,2678.871605167564,300.91471844556816,276.68003979086217,-14.703079832719093,887.0106274175923,104.4948132301897,8.48856129790493,-0.42444393207896675,0.1279015326505285,4.248347012311862,558.6449957049914,600
642,2487.039074426254,519.6773713839352,276.64822656030594,-14.731637114037959,886.0171856628731,100.01715241711045,8.858652383621527,-0.42322723848247046,0.12255814462336455,4.248347012311862,558.6449957049914,600
2014,1157.4448692787196,1707.8028860450383,276.4764515094868,-14.928350090172103,884.5262325689546,105.16389976193356,8.410930315168178,-0.4213986675255235,0.12908203484245503,4.248347012311862,558.6449957049914,600
1152,2506.3987445658377,950.4326200638066,276.58384478710116,-14.730603856503576,881.5670970010106,111.3317806646564,7.918377769025251,-0.41776030530119523,0.13711141747328498,4.248347012311862,558.6449957049914,600
664,324.57194580017045,536.9349846786423,276.65496979961046,-15.04389019308226,880.9979118080228,97.4908482423654,9.036724243262643,-0.4170590715995929,0.12014309287012348,4.248347012311862,558.6449957049914,600
155,2755.0458586172253,124.84964307708664,276.7059814367132,-14.691377295965783,879.1555648826179,132.97001226153543,6.611682964677995,-0.414786197653519,0.16420932549249603,4.248347012311862,558.6449957049914,600
2045,2344.263958031572,1739.2448288435692,276.4667900554564,-14.757210949515803,878.2550257099792,101.04952773945041,8.69133231354136,-0.41367348321518677,0.12491755703650252,4.248347012311862,558.6449957049914,600
1208,1467.9531923929226,999.2391020607847,276.5810046932085,-14.880634481390658,877.3933858433156,97.4265130062411,9.00569422809077,-0.41260776451245035,0.12055705784607472,4.248347012311862,558.6449957049914,600
1302,531.2402410067521,1089.3439901409477,276.5715029360577,-15.016274273016249,872.5401603676146,115.6728521768187,7.543171487064578,-0.4065854374016058,0.14393150173793806,4.248347012311862,558.6449957049914,600
2325,987.2251521822078,1995.3411141473728,276.43419118893905,-14.954100988462512,869.951239799615,123.23264671163311,7.059421857872764,-0.4033591524856811,0.1537944638893074,4.248347012311862,558.6449957049914,600
268,1032.9200326419484,215.60802503487497,276.69996053878896,-14.940256204176503,869.5760192771559,102.64858951957008,8.471387900672227,-0.40289076027142323,0.12816081765230547,4.248347012311862,558.6449957049914,600
1723,919.2062059207277,1442.8938532645857,276.51703052077926,-14.96167300474218,865.9481768812984,103.1655963186777,8.393768928610575,-0.3983516295809952,0.12934594807576108,4.248347012311862,558.6449957049914,600
1744,1477.2699323528905,1461.90192061473,276.51185116734086,-14.881175679746429,862.0401670290157,96.55060011701741,8.928377099513003,-0.3934406299966345,0.12160104662909224,4.248347012311862,558.6449957049914,600
1709,2742.0207984177796,1432.7321068804547,276.51085304867377,-14.69859886162029,861.9888171541388,97.51550504891918,8.839505232749577,-0.3933759531045501,0.1228236164143643,4.248347012311862,558.6449957049914,600
1789,2176.8571556097304,1503.1236096154444,276.5027456946106,-14.7803931229893,860.0140112005756,95.03823337625897,9.049137180357263,-0.3908856909216904,0.11997828946130931,4.248347012311862,558.6449957049914,600
806,1213.4750145792273,653.6714824211547,276.6337209993685,-14.915966081543695,859.1408465621062,111.27993323563818,7.720537041865875,-0.38978279255515913,0.1406249324512808,4.248347012311862,558.6449957049914,600
1004,1687.1663230274062,825.3086373973355,276.6060488740681,-14.848284672967226,857.3461151595111,103.61266092390653,8.274530424318982,-0.3875123347944298,0.13120986259342401,4.248347012311862,558.6449957049914,600
1944,2321.2530211702633,1644.3298163186805,276.4810555167899,-14.760141858728629,852.5856490823207,96.41895796507313,8.842510509096789,-0.38146691961103985,0.1227818727366034,4.248347012311862,558.6449957049914,600
739,840.9626609466987,592.7351792181754,276.64442286338175,-14.96951368889382,852.4020484332577,106.40424313366222,8.010977977283224,-0.38123308581509413,0.13552652411212787,4.248347012311862,558.6449957049914,600
2360,210.85336788055017,2026.7057961569146,276.43268514456025,-15.066379055914446,847.3760794945993,109.45699257206125,7.741634952529208,-0.3748123744833299,0.14024169399066017,4.248347012311862,558.6449957049914,600
1394,1046.390976230158,1171.6749531621308,276.55702750761475,-14.942201524079602,841.0434545166208,96.29037031326332,8.734450306717463,-0.3666679621362626,0.12430089609245512,4.248347012311862,558.6449957049914,600
1641,1011.7077086519377,1372.3015630767914,276.527192642333,-14.948027058203419,838.7189329240937,109.75081489325349,7.642029207162185,-0.3636629908597684,0.14206959572759437,4.248347012311862,558.6449957049914,600
162,2233.9946452248328,129.4096961728483,276.70759645879815,-14.766544654372515,837.7240311111673,89.88136579225196,9.32033045700983,-0.36237430872925647,0.1164872860471856,4.248347012311862,558.6449957049914,600
1492,1676.2470929008434,1252.3199979111116,276.54231665042244,-14.851601675815608,837.4569864845253,108.55050995386092,7.7149060547065496,-0.3620281490977396,0.14072757235166317,4.248347012311862,558.6449957049914,600
614,1238.4888805868045,494.10317700577025,276.6574562203847,-14.911704871983607,834.9459431553842,95.12131840020234,8.777695233812151,-0.3587677712849832,0.12368850490705414,4.248347012311862,558.6449957049914,600
2104,1501.3744714191696,1787.3571954699848,276.4631349442875,-14.87902388415272,831.8234062128467,107.96289177262595,7.704715875568609,-0.3546997154658588,0.14091369721273145,4.248347012311862,558.6449957049914,600
1244,2493.606873826813,1033.2979530960881,276.5715309933152,-14.732787149793706,825.185844277963,91.33719856018311,9.03449916667018,-0.34600129709766636,0.12017268251076207,4.248347012311862,558.6449957049914,600
1506,2518.9475544504103,1267.2216648327656,276.53650651539823,-14.730088462161694,823.8891682071844,89.72907197937876,9.181964663543248,-0.3442938569443983,0.11824266807633706,4.248347012311862,558.6449957049914,600
2050,712.3369287673705,1742.4297006567692,276.4731230467804,-14.992771034616924,822.6664490322582,108.05766498716123,7.613216971975127,-0.3426813384159104,0.14260725840292618,4.248347012311862,558.6449957049914,600
2162,170.1579256560425,1844.3166535215369,276.46012362799377,-15.071518028042675,814.1357509823865,99.61163080587035,8.173099309748553,-0.3313639396639696,0.13283822438141912,4.248347012311862,558.6449957049914,600
600,2244.6465271853203,482.35866522263785,276.65485358853596,-14.766447307880592,812.8487057282473,89.47617751928532,9.084526499280207,-0.3296461704310755,0.11951090682448043,4.248347012311862,558.6449957049914,600
2380,1471.4729858059038,2051.498952209169,276.42380336575843,-14.884417760527802,812.7322366127628,102.87080097984635,7.90051432351525,-0.329490589454035,0.13742143302854357,4.248347012311862,558.6449957049914,600
1544,1437.5089808407274,1300.0774517183472,276.5361925074351,-14.886255364481531,809.5219972208142,108.27049877555412,7.4768473995761475,-0.32519350998185104,0.14520825984245003,4.248347012311862,558.6449957049914,600
2187,2959.6954197992927,1869.8868591167131,276.44469983656126,-14.669007252054161,808.9992180860718,154.082894771664,5.250415494107446,-0.3244921286863168,0.20678363478442494,4.248347012311862,558.6449957049914,600
2193,647.9904129809491,1875.7458972466611,276.4534617769208,-15.00260847277799,807.7701334383455,100.67390108914618,8.023630004394779,-0.32284135276511183,0.1353128196845231,4.248347012311862,558.6449957049914,600
1374,2542.025756847149,1151.38216205596,276.5536977566232,-14.726286947112659,801.4557398728211,91.14493612468611,8.793200960461819,-0.31432073300037777,0.12347039546597365,4.248347012311862,558.6449957049914,600
2226,1418.430979807002,1911.5558197735954,276.44492725502784,-14.891503074454059,800.1937117794296,96.20395288481352,8.317680176172324,-0.3126097095619051,0.13052918325835697,4.248347012311862,558.6449957049914,600
1537,2802.2727642775494,1292.9124094415527,276.5314606415982,-14.68934003282376,798.9490611082292,117.15225780155869,6.819749581451083,-0.31091960084642356,0.1591993939122012,4.248347012311862,558.6449957049914,600
480,1932.5865361174401,393.2207926176457,276.6695214798086,-14.811106648031199,798.020282133657,88.1945810926935,9.048404927451594,-0.3096566973638049,0.11998799884675124,4.248347012311862,558.6449957049914,600
1926,1029.9591938146648,1629.0525390884673,276.48874914935374,-14.946437351804217,795.795921084471,105.26140025841833,7.560187486873441,-0.3066261460534752,0.14360754966527922,4.248347012311862,558.6449957049914,600
1469,1876.410187946497,1239.2950243312225,276.5434128270675,-14.822663100192376,791.6795177539461,90.94782192662655,8.704766106357608,-0.30099539670497916,0.12472477568432871,4.248347012311862,558.6449957049914,600
1200,2597.8722703978638,992.0019172479044,276.5772460925515,-14.717582265618102,788.6675915700616,102.93049933340117,7.662137040795811,-0.2968568612604144,0.1416967608670226,4.248347012311862,558.6449957049914,600
1964,2729.8303693171247,1659.6674599533844,276.4770393234054,-14.70128486641824,787.6981034577475,93.71088017611939,8.405620585116207,-0.2955213735881615,0.12916357442095877,4.248347012311862,558.6449957049914,600
2319,758.5676486828168,1993.6395694159107,276.43538594903015,-14.987116627898603,783.726137815509,93.89306304717213,8.347007887278775,-0.29003270162725237,0.13007056117134586,4.248347012311862,558.6449957049914,600
2213,2776.4207239200155,1895.5385822589312,276.4416447960698,-14.695533041787225,782.8750857103732,107.67629516025758,7.27063542207873,-0.28885305468238426,0.14932670075892626,4.248347012311862,558.6449957049914,600
594,331.18934239375153,479.132247410348,276.6635846699488,-15.042699155009242,781.3521095265169,98.03453104362396,7.970172358745986,-0.2867388465809928,0.1362203916215963,4.248347012311862,558.6449957049914,600
1019,2113.391351413363,839.2719815099916,276.6021324166978,-14.786838541389129,772.3490570932627,88.2216917061601,8.75463893467068,-0.27415592574988673,0.1240142521127104,4.248347012311862,558.6449957049914,600
146,2089.9656373365156,119.92231917726231,276.70964558177064,-14.787284927569555,769.4571579387994,89.32701155908522,8.613935969746878,-0.27008298420381815,0.12603994315874903,4.248347012311862,558.6449957049914,600
599,1956.9053253866123,483.0157522714093,276.6560061634851,-14.807963582585957,766.0550140065607,95.1954219582592,8.047183343989552,-0.2652717727358073,0.13491677194243504,4.248347012311862,558.6449957049914,600
1885,2765.0967635389134,1588.6719273432393,276.48748427784284,-14.695909742609226,765.6042635100312,96.25355529478897,7.954036203289001,-0.26463273224591916,0.13649673854276176,4.248347012311862,558.6449957049914,600
188,1205.7677625209765,147.97036135941664,276.7093180921867,-14.915021057283127,763.56379625923,107.41455277781175,7.108569337328719,-0.2617351952884445,0.15273115425613729,4.248347012311862,558.6449957049914,600
1455,1942.817248488453,1225.2966059520693,276.5452210448042,-14.813023954794557,760.5637107826769,95.12408606637275,7.995490335139664,-0.25746087360457665,0.1357890453857994,4.248347012311862,558.6449957049914,600
495,2482.7642165054476,402.91205218773274,276.66567503418645,-14.731777125524234,759.1091513643623,89.37824361781598,8.49322072841726,-0.2553824416682679,0.12783136512246562,4.248347012311862,558.6449957049914,600
1602,517.4778550992636,1340.9930103435697,276.5339400525856,-15.019286080902306,758.0582246343838,107.70926083381546,7.038004149002482,-0.25387828411804275,0.15426248365509698,4.248347012311862,558.6449957049914,600
953,1929.3774957125831,780.0853649401485,276.6117624131665,-14.813146911685024,752.4483124496765,92.24862069705662,8.15674323110703,-0.24581355534060206,0.13310459447338144,4.248347012311862,558.6449957049914,600
2224,584.9491976386958,1908.1241950340034,276.4488813171618,-15.01184682500514,751.7435271390714,104.02962006043981,7.226245051191367,-0.24479611731951542,0.15024400533178767,4.248347012311862,558.6449957049914,600
510,1126.7261357261073,414.22667812529426,276.66987353941664,-14.927517712832074,748.6466190053616,115.36064618251305,6.489618806580898,-0.2403140430173079,0.1672979619232842,4.248347012311862,558.6449957049914,600
2087,1210.975896309325,1778.782739351698,276.4656238162536,-14.92091054516997,745.0385864333948,98.03239110425606,7.599922617832068,-0.2350687889355729,0.14285671770559472,4.248347012311862,558.6449957049914,600
713,2390.4314326780727,574.0458338199602,276.6405312292474,-14.745792626797714,739.4251942153205,91.47977346230212,8.082936437528785,-0.22685748423153032,0.1343199972424791,4.248347012311862,558.6449957049914,600
288,2118.8691254753435,232.35411703676186,276.6927305637187,-14.783573090453526,739.0057663026964,87.17939493573725,8.476839818026283,-0.22624144182657455,0.12807839045055716,4.248347012311862,558.6449957049914,600
1573,2946.78997927577,1323.9769452261507,276.52620635011914,-14.668632898953437,737.485942617408,108.60033075031012,6.79082593507941,-0.22400624040580208,0.15987745973455056,4.248347012311862,558.6449957049914,600
1658,48.627449942343176,1383.913028748315,276.529473861499,-15.087210215188914,734.3195195787121,98.70452602726503,7.439572926735617,-0.21933455583188427,0.14593579640819387,4.248347012311862,558.6449957049914,600
284,1305.393941169851,228.5533179276195,276.69684452627513,-14.90096418372756,733.5019159892108,90.5719427034465,8.098555624348988,-0.21812500555749798,0.13406094251371836,4.248347012311862,558.6449957049914,600
832,1058.2877810917837,675.7615569878807,276.631084679142,-14.938464774508834,731.9775739198085,92.18487930786355,7.940321443338586,-0.21586631277951238,0.13673249977944305,4.248347012311862,558.6449957049914,600
1178,2174.691262323157,974.9031219008078,276.5816181805423,-14.778548639374906,731.7344246909488,103.19933338481982,7.090495652354512,-0.2155055916491112,0.1531204662172631,4.248347012311862,558.6449957049914,600
733,2171.9102890928116,589.820469283085,276.6391251392965,-14.777378544011603,727.7524572386174,88.75229509027118,8.199815638552337,-0.20958107528630668,0.13240541590904334,4.248347012311862,558.6449957049914,600
991,1777.6940936896376,813.4078662244776,276.6074379336645,-14.835171254946315,717.5562900236109,93.0699785922919,7.709857688556934,-0.19426181347144353,0.1408197198777624,4.248347012311862,558.6449957049914,600
2172,1604.8156166860106,1855.4272192183541,276.4525368682917,-14.8643717009713,717.4259212778416,111.13233968855508,6.455599902678243,-0.19406453427658596,0.16817956756421265,4.248347012311862,558.6449957049914,600
220,2505.135694820558,175.96989596276538,276.6994532060398,-14.727624711986486,716.2110680713085,93.14210538993188,7.689444693921711,-0.19222444444169137,0.14119355079804596,4.248347012311862,558.6449957049914,600
609,1752.9491327181488,492.182439961057,276.6555213399841,-14.837433101820924,715.7559493477456,92.62332499130692,7.727599386168897,-0.1915342904279983,0.14049641366544188,4.248347012311862,558.6449957049914,600
1875,2265.83068656644,1580.3753907352263,276.4908366726404,-14.767874484830077,715.421394432662,95.89065664205424,7.4608039978621195,-0.19102668262945272,0.14552050962752883,4.248347012311862,558.6449957049914,600
2061,1181.5597769198382,1755.5407270535627,276.4692185972909,-14.92506288713563,714.0923967603594,107.78183111631414,6.6253503894337955,-0.1890078965030559,0.16387057833673072,4.248347012311862,558.6449957049914,600
129,534.5767230682475,103.21041394024695,276.7189177308364,-15.011784253553992,710.5565443340456,87.42500410839007,8.127612364228124,-0.1836184833419226,0.1335816659734496,4.248347012311862,558.6449957049914,600
954,1978.016353131152,781.2035578823869,276.61138605036126,-14.806133337979613,710.5378573923372,87.72972151742971,8.09916918807466,-0.1835899291668508,0.1340507865422297,4.248347012311862,558.6449957049914,600
867,75.64266779548865,708.4091627006006,276.63038432645646,-15.080561693974127,707.6473848013557,137.89261684799757,5.131872909348097,-0.1791641390894055,0.2115601884883616,4.248347012311862,558.6449957049914,600
1851,537.8085117307874,1556.9265684382633,276.50157489700035,-15.01722743802952,707.5146697288728,97.73167865189298,7.2393586142006665,-0.1789604966032707,0.1499718494218949,4.248347012311862,558.6449957049914,600
1722,1268.804671896971,1439.526544337161,276.51606938123916,-14.911178525310337,702.4493803211371,99.54203581994646,7.056811472007072,-0.1711594583332104,0.1538513540154431,4.248347012311862,558.6449957049914,600
893,975.2769142208391,733.6264938080958,276.6227918079628,-14.950688127885233,696.6203478965908,102.82575708680996,6.774765074751395,-0.1621122635660185,0.1602564794528821,4.248347012311862,558.6449957049914,600
1323,1017.1629264121297,1105.3395724291522,276.5670638441055,-14.946152168367577,693.1327265165746,110.98050999184453,6.2455356041120185,-0.15666288580304985,0.17383617175846097,4.248347012311862,558.6449957049914,600
1918,2285.5614792956117,1622.066576876623,276.48452956292516,-14.765198887170925,692.9216790155042,91.48165140782524,7.574433433940311,-0.1563322466684068,0.14333745348333016,4.248347012311862,558.6449957049914,600
1539,2144.582263280162,1294.2492253129271,276.5340674546109,-14.784195920189495,686.5675308418577,110.78999548055904,6.197017409954977,-0.14633002633249095,0.1751971840930955,4.248347012311862,558.6449957049914,600
463,2060.6158058817264,378.2369763762332,276.67120165101187,-14.792572404644554,684.3580241861637,93.89898531192063,7.288236629105334,-0.14283028349224067,0.14896607440876614,4.248347012311862,558.6449957049914,600
1546,1920.117323023859,1300.9829040101488,276.5340153181674,-14.816608194579594,681.4550549417036,92.40478403193069,7.3746728817225,-0.13821491759128612,0.14722008927213778,4.248347012311862,558.6449957049914,600
745,2351.701819344144,599.699815903178,276.63686981691046,-14.751483582831838,679.825933211192,94.27939337887007,7.21075845788752,-0.13561619285391346,0.150566685368916,4.248347012311862,558.6449957049914,600
1233,436.3486783971562,1026.8309940102922,276.5812480159583,-15.029729909172179,678.8598043127568,96.12346113930093,7.062373704261039,-0.1340721105524374,0.15373018272099503,4.248347012311862,558.6449957049914,600
1939,1054.982784485141,1640.5964590278343,276.48691996881547,-14.94287095282738,674.6471843195613,106.71902132489116,6.321714497977752,-0.12731365440764314,0.17174138445311057,4.248347012311862,558.6449957049914,600
660,2017.0309080591687,534.4992356800547,276.6480572503101,-14.799498029350858,674.5958784235991,87.58485170162452,7.7021981006686655,-0.1272310826749009,0.1409597605527369,4.248347012311862,558.6449957049914,600
1383,2146.1442658528417,1164.380901969447,276.55345061167253,-14.783440327188538,673.2310192919686,89.94026743493706,7.485312624614831,-0.12503216902710246,0.14504404217263625,4.248347012311862,558.6449957049914,600
2370,1344.2210360283923,2034.8845541439189,276.42681091250483,-14.90271872435021,671.6875352792558,95.64553124175247,7.022675566321094,-0.12254009662004023,0.1545991965237198,4.248347012311862,558.6449957049914,600
846,1502.8231895820809,687.594106630706,276.62741106973135,-14.874331185644307,670.3716417544638,99.1280567342296,6.762683178101481,-0.12041095995636439,0.16054278625910634,4.248347012311862,558.6449957049914,600
743,369.0470459017721,597.3031319461661,276.6457538426321,-15.037708744566302,668.6270253568655,98.90276379222873,6.7604483405690505,-0.11758169013752894,0.1605958577458212,4.248347012311862,558.6449957049914,600
2272,2742.000151610149,1953.2605000912451,276.43317614474677,-14.700731876702323,667.8704114854918,96.70878477848353,6.905995282799628,-0.11635238263826105,0.15721122814898117,4.248347012311862,558.6449957049914,600
1558,445.263325928719,1306.9743859155972,276.53932735325026,-15.02958102171285,665.9759558236692,100.85039520558624,6.603602836320665,-0.11326824861228191,0.16441025102668358,4.248347012311862,558.6449957049914,600
781,1469.3546039361008,630.2654821573227,276.6361191667614,-14.878928955200045,661.8110136936302,95.43663268498136,6.934559561401812,-0.10645684980162673,0.15656365633414895,4.248347012311862,558.6449957049914,600
1149,423.28583301170414,945.3741249459858,276.5934816725548,-15.031286169083351,661.0540286030155,115.33406393734141,5.731646020573352,-0.10521426468103975,0.1894220257327396,4.248347012311862,558.6449957049914,600
1920,3041.9710253138405,1624.080085153276,276.48102462786886,-14.656141197469363,659.5909472709754,113.48220492260887,5.812285262881478,-0.10280859010292612,0.18679399769545332,4.248347012311862,558.6449957049914,600
2361,2659.5597787073766,2026.989885591323,276.42251944679504,-14.712919989857117,657.2206199297216,98.77900927456372,6.65344413510898,-0.09889982584959564,0.16317864521789013,4.248347012311862,558.6449957049914,600
2043,219.8047229796925,1739.7448678663636,276.4755561481464,-15.063918378369697,654.5751768073533,100.32414246192403,6.5246027600563234,-0.09452070331167026,0.16640093503418557,4.248347012311862,558.6449957049914,600
489,190.47426217994558,399.33619882729795,276.6761180250277,-15.062710267609628,649.3106876638485,104.89354471853007,6.190187293281013,-0.08575325260439672,0.17539049281730887,4.248347012311862,558.6449957049914,600
1868,2465.4323825493466,1574.359577295154,276.49089063168805,-14.739061567620714,642.8943658968783,92.93555899690334,6.9176359709451996,-0.0749709234709917,0.15694668013177546,4.248347012311862,558.6449957049914,600
490,1564.877732017601,399.94922313845376,276.6701128580949,-14.86420215356186,640.9191914963885,86.24451675752465,7.431419591558784,-0.07163006445445515,0.14609590894762922,4.248347012311862,558.6449957049914,600
2286,2486.9921610011393,1960.793284334994,276.4331216406957,-14.737532853268943,637.2525412096875,92.08982067271162,6.919902075545255,-0.06540081405733185,0.1568952837984275,4.248347012311862,558.6449957049914,600
690,225.7216929730313,558.5070743183503,276.65216500621005,-15.058262695560716,637.0939562482527,93.81250456443523,6.791141108599908,-0.06513058702662686,0.159870039900236,4.248347012311862,558.6449957049914,600
1223,856.992474195765,1013.6133453706702,276.5814492562581,-14.968910684957095,634.468300038483,101.3545485663437,6.259889753474446,-0.06064669479744312,0.1734375592473335,4.248347012311862,558.6449957049914,600
2091,2377.270353116386,1779.567350301629,276.46063219995733,-14.752615378841544,631.2169350775075,92.94662710566887,6.791176342094604,-0.05506847942409003,0.15986921047394528,4.248347012311862,558.6449957049914,600
1404,1835.437469561956,1177.2869044896622,276.5528471333931,-14.82832244182733,631.0686654904275,93.54037745065753,6.746484060568557,-0.05481341565813205,0.16092826874751456,4.248347012311862,558.6449957049914,600
236,2817.1500244673693,190.58229953710142,276.69589732019466,-14.682691007211814,630.2003686955431,110.41151874634019,5.707741147401184,-0.05331850634051241,0.19021535349309504,4.248347012311862,558.6449957049914,600
1444,1477.5851212596294,1217.5841185419006,276.5483463854557,-14.8801340451579,626.818765685719,95.61347490681231,6.555757609444012,-0.047476848764247626,0.16561014983775113,4.248347012311862,558.6449957049914,600
2019,277.9794262364453,1710.9333046206712,276.47962460338465,-15.055394821294978,625.6666941438452,110.75279867779811,5.649217912443314,-0.045479466476986974,0.19218589490211924,4.248347012311862,558.6449957049914,600
2166,389.8165900014612,1847.2138549226386,276.45878888883385,-15.03978976424815,622.6013884735294,98.33962920355334,6.331134187874614,-0.040147086227882565,0.1714858614242188,4.248347012311862,558.6449957049914,600
2135,562.7462356432885,1818.6235561858232,276.462351432666,-15.01468989707483,618.7457078294246,104.02218839160331,5.948208910007607,-0.03340237228904805,0.18252553271512645,4.248347012311862,558.6449957049914,600
125,1291.7150513500617,100.63883175528689,276.7160164578527,-14.90241870530117,617.3345504177851,89.33540786920763,6.910300911387786,-0.03092333365406838,0.15711327392571686,4.248347012311862,558.6449957049914,600
464,1101.2329027941034,379.12005452037897,276.6752296697723,-14.931056196484443,616.320230377547,99.29408639986691,6.207018491469529,-0.02913793265500842,0.17491489698187732,4.248347012311862,558.6449957049914,600
1060,2267.451537445503,866.6951402714204,276.5973745788275,-14.7647258982515,614.3362191834021,88.73634183263401,6.923163683512041,-0.025637175557257426,0.1568213680380928,4.248347012311862,558.6449957049914,600
702,1414.626913626765,567.8814189835177,276.6456745220812,-14.886575336676929,613.6824244397576,94.05452117469542,6.524751992516269,-0.024481087749617325,0.166397129154529,4.248347012311862,558.6449957049914,600
1038,1497.490127733818,849.6407391935147,276.6032265211905,-14.875761207465757,612.1581075828872,107.74788728301135,5.681393139291803,-0.021780888484186526,0.1910974955229616,4.248347012311862,558.6449957049914,600
675,1396.3639934105856,543.2426719696584,276.6494341914942,-14.889111522219281,610.8739170171903,91.6714883283082,6.663728582974823,-0.019500829294648844,0.16292680388782008,4.248347012311862,558.6449957049914,600
499,1155.1597453829866,404.57835566256733,276.67119267121546,-14.92337264234454,604.4534871414071,106.35504306835173,5.683355200683243,-0.008029092553905992,0.19103152304636514,4.248347012311862,558.6449957049914,600
1824,1957.088224286575,1535.1088482954208,276.49889793527376,-14.812229543463522,603.7673036025371,98.49242958945425,6.1300884354180205,-0.006795850422885866,0.177110006068936,4.248347012311862,558.6449957049914,600
65,1539.7265451627136,49.69645843190947,276.72254487338836,-14.866406678631183,600.626637409674,89.2544283465639,6.729376329402,-0.0011333464767782457,0.16133738802158504,4.248347012311862,558.6449957049914,600
546,2084.9482764972845,439.9075869124024,276.6618869584795,-14.789313188379777,599.2212535327417,92.88660073372463,6.45110542101236,0.0014101040157307476,0.16829673817818702,4.248347012311862,558.6449957049914,600
354,2344.365281221408,294.4399262247028,276.6824736044862,-14.751296440248241,595.7050436001737,90.8102318320883,6.559889029924026,0.007799933171911475,0.16550584850557667,4.248347012311862,558.6449957049914,600
2318,1217.9391484949283,1992.7537505932503,276.433626489518,-14.92077772088421,591.1649437109008,99.70257898812213,5.929284374693338,0.01610644512208875,0.1831081006392365,4.248347012311862,558.6449957049914,600
1142,2007.7088979798336,939.539980864587,276.5876147129044,-14.802495043258517,587.0168843581923,88.1619801644852,6.6583904225266455,0.023751643376120467,0.16305742545929167,4.248347012311862,558.6449957049914,600
114,266.52684944844844,90.9879096090965,276.7219026019929,-15.05046734575164,586.769876821374,93.5857208068797,6.269865442744329,0.024208600360813324,0.1731616108694013,4.248347012311862,558.6449957049914,600
411,2741.223654783337,339.5763733679968,276.6739957704738,-14.69424678975573,586.7136844420456,114.18126918395583,5.138440732313104,0.024312581537420958,0.21128977768928453,4.248347012311862,558.6449957049914,600
1689,1290.5699669501232,1412.2719708889306,276.52004993665435,-14.90792513225065,586.6907773900894,94.00201288590415,6.241257600538734,0.024354972744315712,0.17395532591160545,4.248347012311862,558.6449957049914,600
744,694.6727558259189,599.0667471026619,276.64410177129116,-14.990670511703994,585.0907617654884,111.4090224367703,5.251735891476421,0.02732002367473004,0.20673164500943272,4.248347012311862,558.6449957049914,600
2023,1840.900209780267,1714.3310818597377,276.47262331998047,-14.829726065451602,572.6066897180281,94.63954612153009,6.05039556067527,0.05073708210206755,0.17944281313713442,4.248347012311862,558.6449957049914,600
1131,2037.116169721142,931.0975843647265,276.58874920245046,-14.798217710434574,568.6287165197427,90.88290035250101,6.25671841803291,0.05830615504075001,0.1735254693372217,4.248347012311862,558.6449957049914,600
255,380.73759781071345,207.68086753650707,276.7039612898585,-15.034436834985382,568.397435244231,90.0052683076117,6.315157389472078,0.0587478519311503,0.17191970572419263,4.248347012311862,558.6449957049914,600
1505,98.47503394526302,1261.0980283551112,276.54763341326617,-15.079506759034862,566.0804954511113,97.31455888125136,5.817017535288572,0.06318264761480269,0.18664203664741755,4.248347012311862,558.6449957049914,600
1648,165.3311117621252,1382.1481764228895,276.5292532634937,-15.07033657014531,563.2779287408339,109.48312716483876,5.144883447590583,0.06857129009449309,0.21102518862860686,4.248347012311862,558.6449957049914,600
679,503.50030212382023,543.6834702525799,276.6531975691354,-15.018063791956918,560.9169968632632,98.97429517451218,5.667299735494457,0.07313162554271277,0.19157271552097915,4.248347012311862,558.6449957049914,600
948,57.48632376581727,773.6992613476476,276.6206965339257,-15.08345105194121,555.128307431587,110.42122304847149,5.027369667766702,0.08439469171392709,0.21595786101846345,4.248347012311862,558.6449957049914,600
1056,400.16262317574547,864.377315385951,276.605689386417,-15.034298002125013,554.9926191183622,95.3975549647036,5.817681798277801,0.08466010733026393,0.18662072585705844,4.248347012311862,558.6449957049914,600
97,240.15447435250067,79.34723889076312,276.7237570870568,-15.054231352398139,552.4883765608538,93.14981826707428,5.931180402057126,0.08957026191502697,0.18304956625892616,4.248347012311862,558.6449957049914,600
1828,1405.9428874267928,1538.8202071399924,276.50066017959097,-14.891785445349027,549.9510450857924,98.45331492784166,5.585906838066978,0.09456804674786908,0.19436414381298744,4.248347012311862,558.6449957049914,600
860,383.42604019106926,701.5307093630743,276.6301085918425,-15.036054525189256,549.7926451723906,104.76513614790038,5.247858833459924,0.09488081148300445,0.20688437598162218,4.248347012311862,558.6449957049914,600
477,1370.6966964431074,387.58462090776226,276.67280071356186,-14.892183331422986,547.1114505745936,98.1100239777879,5.576509192357955,0.10018861524774825,0.19469169018637014,4.248347012311862,558.6449957049914,600
1858,1303.7998202023741,1566.1727704818688,276.4970015477922,-14.906642489834972,541.2088986552553,91.68483533086156,5.902927094782945,0.11196580412601202,0.18392570034611314,4.248347012311862,558.6449957049914,600
1371,739.2750255620133,1149.1006600688136,276.5616951732626,-14.986464906032515,538.6873729568324,99.40345073350554,5.419201938985194,0.1170361368781543,0.20034315240950581,4.248347012311862,558.6449957049914,600
2055,567.2404710386436,1746.5849139252675,276.4731015353402,-15.013747424496588,538.3976447739988,100.78679467643173,5.3419462986444115,0.11762024747304699,0.20324053056757807,4.248347012311862,558.6449957049914,600
570,1730.173020966629,463.41740282576836,276.6599163376289,-14.840602973355807,535.4887687739101,95.91929630197728,5.582701181293712,0.12350220979790563,0.19447575013291407,4.248347012311862,558.6449957049914,600
1427,121.16671705336235,1200.9613679257911,276.55653194045084,-15.075982886767298,529.6603681318229,99.5104906966609,5.322658590302739,0.1353844308561991,0.20397701291193437,4.248347012311862,558.6449957049914,600
2375,126.03070875924773,2042.7825888132345,276.4306270286383,-15.078702123667009,529.6582811386907,98.73633967473083,5.364370229679922,0.13538870893438515,0.20239095243520897,4.248347012311862,558.6449957049914,600
1656,1108.9768864913917,1382.4578727313965,276.5252669734311,-14.93402262285081,525.6087362706312,101.62291508795876,5.172147795757438,0.14372168814431535,0.2099127950076307,4.248347012311862,558.6449957049914,600
2345,1245.8571978126672,2008.7838447335341,276.4311163077812,-14.91681249137657,525.3657040137914,101.45718601166038,5.1782010192300385,0.14422382961372543,0.20966741074131492,4.248347012311862,558.6449957049914,600
1817,1470.1611985270144,1524.1461399282593,276.5025829767448,-14.882455637880238,518.9713525061379,97.14826432479316,5.342054807804646,0.15751966289810707,0.20323640229482706,4.248347012311862,558.6449957049914,600
370,1718.2204805537988,307.0277104326487,276.6833270696532,-14.841690911860459,508.29044646245893,92.4285797026557,5.499277908387621,0.18009825838948415,0.19742591992742653,4.248347012311862,558.6449957049914,600
1054,1109.3925878274529,861.3928497001983,276.60312678723415,-14.931840596374423,507.6726571776089,94.66070670181496,5.36307698163292,0.18141869271184077,0.20243975682583473,4.248347012311862,558.6449957049914,600
1534,2986.8867821964955,1290.2746708894083,276.5310630133237,-14.662714973371983,494.585746123048,95.43389314680908,5.182495755069015,0.2097741361774938,0.20949365929302954,4.248347012311862,558.6449957049914,600
982,2665.2262755299894,803.4396728422266,276.6050979788043,-14.707099444893693,486.90095738641685,90.53405041315136,5.37809757946815,0.2267765547246407,0.20187435872209797,4.248347012311862,558.6449957049914,600
622,1123.7079371219859,507.03519227609615,276.65601785643395,-14.928331178693146,479.9031065606978,90.79484303637163,5.285576696998669,0.24249422280026872,0.2054080495353511,4.248347012311862,558.6449957049914,600
1411,1415.7908310099097,1186.327892843454,276.55327719701614,-14.888926829216242,458.30369284871267,87.60401621087723,5.231537464509624,0.2924947343343942,0.20752981458420422,4.248347012311862,558.6449957049914,600
