ID,X_pix,Y_pix,RA_deg,Dec_deg,Fluxo,Erro_Fluxo,SNR,Mag_Inst,Erro_Mag,Std_Fundo_Local,Area_Ap,Exptime
848,2204.844014859281,1270.3620057698313,276.5308418632585,-14.793600429865807,4442835.957734531,2119.5149033567736,2096.156979457048,-10.624300673662733,0.0005179478496315773,6.2786552804884215,352.1809355185953,250
340,289.1672453270022,504.8703878943148,276.65310214473146,-15.066602528247996,631078.6697513051,803.5118926457624,785.4005342389171,-8.505358731855175,0.0013823520008833259,6.2786552804884215,352.1809355185953,250
883,1749.7749027951834,1318.2261027456432,276.5256101250376,-14.859401273797305,495457.4641649537,712.2851904679947,695.5886080397403,-8.242665917142096,0.0015608363728952445,6.2786552804884215,352.1809355185953,250
87,1920.2134818221273,136.2320665434027,276.70115888882606,-14.829945350148117,436561.1919155735,677.217302173845,644.639749330424,-8.105262794578971,0.0016841964851340577,6.2786552804884215,352.1809355185953,250
1285,2517.7694248696557,2058.10469467402,276.41207886305176,-14.751642218229318,375066.4547549338,622.1597599872609,602.845890840985,-7.940420536815233,0.0018009577845598675,6.2786552804884215,352.1809355185953,250
1033,294.8752661630573,1556.710563059171,276.4960812997516,-15.07001128076072,370665.72076076956,620.2717750612043,597.5859867623265,-7.927606038937315,0.0018168096709935196,6.2786552804884215,352.1809355185953,250
372,39.42846444001863,555.5950626363939,276.6465851293698,-15.102794449660673,272990.5735182645,637.21322062472,428.41322917096136,-7.595519105631666,0.0025342354672403073,6.2786552804884215,352.1809355185953,250
661,1121.1244062649712,1007.8023386714024,276.57455097583744,-14.948759364361488,225864.55462681782,489.43449858845,461.4806583479931,-7.389770182249817,0.0023526446457942255,6.2786552804884215,352.1809355185953,250
345,513.7250972977309,515.3462384612,276.6505897653912,-15.034286000943693,208862.14223467515,470.8670451005125,443.5692504029262,-7.304799298608753,0.0024476448694623894,6.2786552804884215,352.1809355185953,250
1238,2231.6936665735802,1960.2423565019928,276.42785557414595,-14.79249674315881,178759.47547410388,435.63705021426694,410.34038630594324,-7.135822657468427,0.002645852166231865,6.2786552804884215,352.1809355185953,250
155,1291.1739157993725,243.49033266822107,276.6878495264031,-14.921097585125157,177039.65277636284,441.5550582245202,400.945815201923,-7.125326351191545,0.002707847192402354,6.2786552804884215,352.1809355185953,250
709,1818.3247732004997,1066.943827363843,276.56279995955805,-14.84849940725943,173927.410718447,430.6424634971779,403.87891455480394,-7.1060700573299185,0.002688181929964747,6.2786552804884215,352.1809355185953,250
433,1431.0145959401577,666.2844449253987,276.6241915352094,-14.902693064762062,162183.17703087116,425.77390332748575,380.91385066906577,-7.030164487385457,0.0028502507800464458,6.2786552804884215,352.1809355185953,250
14,1100.9471987593208,35.212828109604885,276.719729402943,-14.947648597998887,158451.2505711135,416.3477509968751,380.5742920232629,-7.004889156305641,0.002852793850651467,6.2786552804884215,352.1809355185953,250
543,2663.974177481219,819.0878012130122,276.5961861783611,-14.725537987488824,155646.7408996354,408.07377816665587,381.4181386486191,-6.9855000567813885,0.002846482350961813,6.2786552804884215,352.1809355185953,250
1158,1347.5136783276546,1807.2254530271314,276.45433914034794,-14.91933234694952,155603.180460093,409.323707527278,380.147002479018,-6.985196152148041,0.0028560004233097293,6.2786552804884215,352.1809355185953,250
1209,1446.288642701757,1914.8317128510146,276.4378769862292,-14.905521819294334,153067.70102166673,406.6602162547526,376.4019564819622,-6.96735887688281,0.002884416463047871,6.2786552804884215,352.1809355185953,250
183,2755.5965559994333,289.5085150426884,276.674732747619,-14.710102969267293,144645.40330232776,399.0780164714033,362.4489381331096,-6.905911570131719,0.0029954564237163694,6.2786552804884215,352.1809355185953,250
1135,2020.3432432043555,1763.9170407245808,276.45801025170806,-14.82218457590873,142782.0897132652,392.43108530889043,363.8399073327194,-6.891834312982495,0.0029840047177869464,6.2786552804884215,352.1809355185953,250
200,2517.0271101081853,311.54022120394825,276.67246956113155,-14.744609214376455,133365.79000047763,387.0021123056882,344.61256349715643,-6.817761083017361,0.0031504945408322546,6.2786552804884215,352.1809355185953,250
647,1468.7848280681949,992.0682309623892,276.5754375019166,-14.89858374114804,132972.48746959277,380.4480484815221,349.51549364052283,-6.814554460885106,0.003106300063243102,6.2786552804884215,352.1809355185953,250
702,684.7244951387097,1058.0133238186108,276.56888854494224,-15.011853908440143,129239.59637966804,377.51985977365763,342.33853672533616,-6.783638960892437,0.0031714220969258715,6.2786552804884215,352.1809355185953,250
126,283.7280169031367,201.69945939546128,276.6983715504881,-15.066135529975073,128126.4357431891,377.81528710598513,339.12454078981443,-6.774246840794619,0.0032014787177342754,6.2786552804884215,352.1809355185953,250
708,820.5588716893594,1066.275724901492,276.5670867659952,-14.992313042320172,127151.63308836607,373.8464679313134,340.1172513196716,-6.765954834481475,0.003192134464768932,6.2786552804884215,352.1809355185953,250
850,2765.8829131642983,1275.2208608752137,276.52776168873993,-14.71271813905259,125452.80159991371,373.88483940070864,335.53861611773056,-6.7513508892738425,0.0032356931448363014,6.2786552804884215,352.1809355185953,250
1043,431.883185471063,1591.0768062475718,276.4903842880332,-15.050409606383278,122382.89871087816,365.9786298776617,334.399029669541,-6.724451817076115,0.0032467199473422753,6.2786552804884215,352.1809355185953,250
981,785.1790079061436,1464.585198094543,276.5077970113876,-14.999007363664868,111125.54802023945,351.0182553668192,316.58053768204064,-6.619684767631815,0.003429459081563721,6.2786552804884215,352.1809355185953,250
735,666.9209362309133,1110.468085638821,276.5611352182609,-15.014630743682456,108614.44706159996,354.1059299406351,306.7286873162753,-6.594868967369006,0.0035396102317632547,6.2786552804884215,352.1809355185953,250
521,284.3206248578461,782.731449065245,276.61165159321286,-15.068434955172167,103955.86998387711,342.3982742808142,303.61096358394275,-6.5472725215225545,0.003575957821759702,6.2786552804884215,352.1809355185953,250
644,312.2889776000241,988.3824276908787,276.58083973083603,-15.06523708049314,103564.20730573343,339.07814557574045,305.4287297988072,-6.543174191759146,0.003554675425311742,6.2786552804884215,352.1809355185953,250
18,1006.0524140151398,37.240710900225785,276.71983249701987,-14.961337404732399,101930.78536448121,339.94260091294325,299.84704797438707,-6.5259134043494305,0.0036208460524605217,6.2786552804884215,352.1809355185953,250
114,393.54027463453775,176.90647181212887,276.70160478495023,-15.050207307126444,101409.40530090002,335.7163729321797,302.0686909464091,-6.520345568003966,0.0035942155957918104,6.2786552804884215,352.1809355185953,250
413,1018.7342425405462,624.5773207700588,276.6321565743187,-14.961951239314011,101327.87545221212,338.34282134404737,299.4828589821796,-6.519472320489431,0.0036252492168996004,6.2786552804884215,352.1809355185953,250
608,320.34358526497584,925.0207694037117,276.59026308378463,-15.063820913030272,100350.98166756806,337.26799790645487,297.54077555677713,-6.508954041472902,0.0036489116423400105,6.2786552804884215,352.1809355185953,250
1044,592.6052251147081,1590.782155694098,276.48976260354016,-15.027253657673942,99985.75176843937,340.6761407985071,293.492087629277,-6.504995269089387,0.003699247938061609,6.2786552804884215,352.1809355185953,250
111,1360.6488735057942,169.5685862322614,276.6985791835301,-14.91077155119674,91632.05659032689,334.41808084729524,274.00449269418743,-6.410268563274599,0.003962343789784989,6.2786552804884215,352.1809355185953,250
218,105.06142233379319,345.32204453115537,276.6776938209907,-15.092475088096002,90799.11119500102,525.6785883475172,172.72742928417557,-6.400353971731766,0.0062856258817687765,6.2786552804884215,352.1809355185953,250
1230,1056.9748356680252,1947.8928865404046,276.43455069681926,-14.961751458241594,90765.25893166117,325.58434615172513,278.77648297428823,-6.39994910564134,0.0038945178890865593,6.2786552804884215,352.1809355185953,250
189,1837.2743783230533,296.1193124927228,276.67767193855923,-14.842578608126043,89282.81031688314,317.3864478266183,281.30630947940324,-6.38206960809628,0.0038594939516615897,6.2786552804884215,352.1809355185953,250
470,1985.9391504352634,715.7760850843196,276.6144615961957,-14.822890096448129,81697.28982467376,304.8844080817054,267.9615213473949,-6.285669102707502,0.004051701134329879,6.2786552804884215,352.1809355185953,250
856,1450.507809016773,1283.7644081988465,276.53200213552094,-14.902400481539194,81004.01108246803,303.67389533795716,266.74670535088,-6.276416289339137,0.004070153363550881,6.2786552804884215,352.1809355185953,250
952,2689.212264469245,1410.304704718308,276.5079461831956,-14.72432512663619,79322.92853914041,304.07042369392497,260.87025359291863,-6.253646827406176,0.004161839017852174,6.2786552804884215,352.1809355185953,250
1199,1600.2806648222063,1898.9427834423202,276.439610870662,-14.883266352622163,78696.36279299477,297.6418952124421,264.3994815878497,-6.2450366295658855,0.004106286417355414,6.2786552804884215,352.1809355185953,250
1088,2550.25369615723,1671.1664418582561,276.4696362572739,-14.745416153816093,77777.87029354196,300.98203305966285,258.4136651044691,-6.232290096227086,0.004201403201959476,6.2786552804884215,352.1809355185953,250
860,2914.071028695214,1290.14492095468,276.52491410922363,-14.69140728335838,76824.04067597649,296.6958003287562,258.9320124883837,-6.218892842823469,0.004192992552625015,6.2786552804884215,352.1809355185953,250
20,29.435164157120745,40.119455070295054,276.7235686127751,-15.102108380763768,76022.82626655564,3290.2740290766405,23.105317549459595,-6.207510006166432,0.04698918323351039,6.2786552804884215,352.1809355185953,250
232,1905.3249228000361,360.8519293215521,276.66772902836516,-14.833036971251952,74263.39091550783,293.4689315354845,253.05367258792214,-6.182086917109757,0.0042903941638024615,6.2786552804884215,352.1809355185953,250
913,577.1353008959138,1359.463367235427,276.5243502763781,-15.028564961711872,74202.12810631999,297.6826325940782,249.2658958962596,-6.1811908807215925,0.004355589825460322,6.2786552804884215,352.1809355185953,250
131,1306.3762889310522,211.858434191581,276.6925029349191,-14.918773492742973,72988.42703277609,337.91762462824613,215.99473277865565,-6.163284989091999,0.005026511461798422,6.2786552804884215,352.1809355185953,250
821,1968.1985044848943,1235.2988458181987,276.53706305184016,-14.827577019271265,71155.86760538927,286.8908968659716,248.02413873254244,-6.135676774281869,0.004377396512888481,6.2786552804884215,352.1809355185953,250
1254,96.38150912531049,1991.9580297152565,276.4319241356882,-15.100302029350685,68694.66361612693,351.5043124294144,195.4305002443505,-6.097457481373285,0.005555427625895285,6.2786552804884215,352.1809355185953,250
439,746.1589155256687,679.5575231750372,276.62510427249833,-15.001462567946932,67894.26103174919,282.9702629868309,239.93426134289209,-6.084732642755362,0.004524989444706344,6.2786552804884215,352.1809355185953,250
590,962.595433244095,885.6191290826818,276.5934465101956,-14.971110822428901,67640.7851244146,281.5507240647971,240.2436908982962,-6.0806715781335,0.0045191613396399904,6.2786552804884215,352.1809355185953,250
1266,1849.6806552863522,2016.2385793654908,276.42108378497073,-14.84778309663066,65189.51919435107,276.9747000328499,235.36272152878738,-6.040594423096694,0.0046128800387244305,6.2786552804884215,352.1809355185953,250
1219,2969.045505885409,1923.5574366000396,276.4302669166218,-14.686039245739016,63705.38546646564,381.1540887185695,167.13814006466927,-6.015590347992848,0.0064958243497260405,6.2786552804884215,352.1809355185953,250
1279,56.048124125191904,2049.760920351251,276.4234596351058,-15.106334209392354,62874.515434130124,1515.364028726835,41.49136065144391,-6.001336605881681,0.02616689313037068,6.2786552804884215,352.1809355185953,250
1018,899.991961620117,1529.6530624809968,276.4976101927877,-14.982722323436278,62351.60787579074,272.705562408882,228.64076304502967,-5.992269121355905,0.004748497098857988,6.2786552804884215,352.1809355185953,250
285,1746.996717568304,418.6017727688357,276.6597915003423,-14.856108702342048,60813.95237846783,269.08829710329144,225.9999897175906,-5.9651580525636,0.004803982519453607,6.2786552804884215,352.1809355185953,250
556,2278.639091238302,834.3459223516929,276.5955430569781,-14.78117319681407,59566.20275220164,272.8768976372202,218.28965100370172,-5.942649766869494,0.004973666845899117,6.2786552804884215,352.1809355185953,250
409,2485.403641860264,614.4156966178816,276.627454693021,-14.75044125231985,57719.350719087524,271.013618577002,212.97583133331716,-5.9084535710721156,0.005097761530982493,6.2786552804884215,352.1809355185953,250
157,524.5072385157331,247.53778656262276,276.6905080256497,-15.0316259224612,57411.17091842703,265.65368160609086,216.11283747821668,-5.90264098963744,0.005023764495755299,6.2786552804884215,352.1809355185953,250
1001,929.5077658245788,1502.0530949279262,276.5016060670799,-14.978359556753482,54196.342141297384,260.3818804030288,208.14175724290132,-5.840074917845856,0.005216156596261406,6.2786552804884215,352.1809355185953,250
838,1681.5260972179035,1254.9884110965183,276.535327797961,-14.868984079641999,54178.71671694255,253.3976384745624,213.80908300130565,-5.839721763499891,0.005077894656109489,6.2786552804884215,352.1809355185953,250
1193,1674.4930844782343,1877.8223216285494,276.4424544764708,-14.872487153740053,53896.93889328369,256.17259464223525,210.3930710018178,-5.834060228044297,0.005160341045597551,6.2786552804884215,352.1809355185953,250
1177,2655.124164846529,1841.6164970278821,276.44378705752365,-14.730977830893325,50860.96790985737,251.34160234745406,202.3579361109797,-5.771111530223014,0.005365245469812298,6.2786552804884215,352.1809355185953,250
454,1844.7097813880468,695.5373150935359,276.6180777398267,-14.843170103997283,50525.09158936469,252.7579398776606,199.89517090469937,-5.763917751958455,0.005431346815864856,6.2786552804884215,352.1809355185953,250
806,2465.0918009051147,1207.8348886552574,276.53907192612047,-14.755819892026913,50403.4409414767,246.11103165479247,204.79960041846098,-5.761300442989548,0.0053012798744803274,6.2786552804884215,352.1809355185953,250
70,2707.6700830674727,120.0565649679826,276.7001943008871,-14.716297583138942,50311.75864258857,251.3380239497942,200.17567518012532,-5.7593237241001365,0.005423735921075565,6.2786552804884215,352.1809355185953,250
494,1098.5341142467255,748.1682245874507,276.6133810484179,-14.950956483820274,49315.40257254301,257.4203134691103,191.57541185443674,-5.737606435110037,0.005667219970926849,6.2786552804884215,352.1809355185953,250
185,1792.7284388108976,293.5207098524874,276.67824947324107,-14.848991193061531,48647.36242244564,245.30425799936035,198.3143823886355,-5.722798224649433,0.005474640754357192,6.2786552804884215,352.1809355185953,250
704,541.6920684533296,1058.88894900226,276.569356568921,-15.032467691551998,48301.589320743165,247.39766019863518,195.2386666954,-5.715053530968502,0.005560886162441613,6.2786552804884215,352.1809355185953,250
1050,1732.128789233492,1600.650750949746,276.4835590449078,-14.86307901067021,47206.23833497983,243.22879704002693,194.0816174295815,-5.69014846512938,0.005594038293677782,6.2786552804884215,352.1809355185953,250
120,1306.6740110202093,187.53439052335244,276.6961298086832,-14.91862867647585,46968.37042972582,254.82988365747403,184.31264714956936,-5.684663709752327,0.005890534462992964,6.2786552804884215,352.1809355185953,250
697,1327.1166497639313,1054.2925251460151,276.5667506113896,-14.91925761537268,46945.86999600826,242.0076884649204,193.98503532590527,-5.684143457746527,0.0055968234775222005,6.2786552804884215,352.1809355185953,250
1070,1422.6850406004353,1645.2720485460438,276.47818904307877,-14.90785749858903,46811.95572288547,243.01660385066396,192.62863105292948,-5.681041942274735,0.005636233793831391,6.2786552804884215,352.1809355185953,250
460,1142.591510413709,704.2627536067613,276.619745204618,-14.944425969895383,46555.803930583934,243.2346404234098,191.40285219877438,-5.675084554551107,0.005672329265357479,6.2786552804884215,352.1809355185953,250
225,1439.5761361402992,352.1119336199741,276.67101594802267,-14.900155846499922,44971.49141814408,243.24949954017399,184.8780429277586,-5.637493204796453,0.005872519974825995,6.2786552804884215,352.1809355185953,250
67,97.91973369054902,116.39826526679971,276.71189224769074,-15.092557073913285,44583.68379433133,441.3472000541801,101.01725758962151,-5.628089852983598,0.01074766852620977,6.2786552804884215,352.1809355185953,250
959,2109.5825654867317,1421.3064265598357,276.50873225281003,-14.807946271927676,43980.19317767379,237.12250881610734,185.47456079667748,-5.613292809857136,0.005853632947486397,6.2786552804884215,352.1809355185953,250
1104,1430.3745112624188,1707.392122406609,276.4688898404441,-14.906995903721576,43386.77639024367,235.32126835912652,184.3725248158641,-5.5985434371335385,0.00588862142601945,6.2786552804884215,352.1809355185953,250
255,2660.9411878663154,379.7279207511926,276.66169034466316,-14.724138119505323,43358.639937783824,232.8282998914505,186.22581515218957,-5.597839105597106,0.005830018781836085,6.2786552804884215,352.1809355185953,250
1240,2347.6243689711746,1961.690110493721,276.4271596099673,-14.775789781777592,43278.74830320568,236.37977473108262,183.08989570889358,-5.595836707637831,0.005929873933219256,6.2786552804884215,352.1809355185953,250
388,772.6622730520038,579.3264442691868,276.6399481253242,-14.997231698230364,43199.51234944907,242.93440240603064,177.82377432590698,-5.59384708927277,0.006105482824867841,6.2786552804884215,352.1809355185953,250
330,3060.3679345465544,487.7781062297762,276.64388022479415,-14.666973849359891,42509.58331932928,304.01555114542873,139.82700279366438,-5.576367098359278,0.0077645946656105655,6.2786552804884215,352.1809355185953,250
711,736.2362134739936,1070.6803939441763,276.56678260567526,-15.004482128648398,41968.57003745911,235.61185556146634,178.12588393503128,-5.562460408531109,0.006095127648017695,6.2786552804884215,352.1809355185953,250
1200,3018.3763080225726,1898.9438765501711,276.43373087311744,-14.6788271083057,41078.75681221331,338.07139980122264,121.50911563760368,-5.539193207930632,0.008935132103488097,6.2786552804884215,352.1809355185953,250
793,1412.606977915314,1198.113916595432,276.54493751387037,-14.907517744953523,40017.393036398484,229.85685550964942,174.0970176750658,-5.510771960260757,0.006236178048875872,6.2786552804884215,352.1809355185953,250
884,1029.9418915746091,1319.6746912283797,276.5284011790196,-14.963158525612304,39362.56271849177,225.68678950360228,174.41234732910004,-5.492858392394772,0.006224903320356008,6.2786552804884215,352.1809355185953,250
763,1786.0681978078042,1154.9382764806621,276.5498118778267,-14.853507906252014,38240.777388763,222.26399913607014,172.0511533014934,-5.461466759258565,0.006310332591014234,6.2786552804884215,352.1809355185953,250
875,2229.257933313361,1310.9744669559027,276.5246836805875,-14.790245228398035,37005.40876072415,242.64654937062977,152.50745933419537,-5.425812992761848,0.007118996046094142,6.2786552804884215,352.1809355185953,250
525,2093.364255431383,791.7953599055875,276.6026713361141,-14.80771424339051,36848.64816417769,219.43258313530956,167.92696707879327,-5.421203878033697,0.006465310598330387,6.2786552804884215,352.1809355185953,250
486,753.6318123760425,740.3363702305892,276.616003625799,-15.000634158685235,36244.25298245973,222.1686803326523,163.13844475374006,-5.4032478610444095,0.006655083672269161,6.2786552804884215,352.1809355185953,250
699,274.8972517798207,1054.486823311389,276.57112947755843,-15.0708903539132,34882.34327566816,221.21489604780174,157.68532724907695,-5.361664107439525,0.006885231612482547,6.2786552804884215,352.1809355185953,250
44,1292.1651046226386,84.70508627319323,276.7115295496362,-14.920288769280685,32600.98055883957,212.0941919737931,153.7099165962443,-5.288226635306383,0.007063304853985769,6.2786552804884215,352.1809355185953,250
790,2493.980403384236,1184.6769061032207,276.5424030548775,-14.751559465707064,32019.019671008224,213.31447922052453,150.10242055771076,-5.268670055711185,0.007233061238893044,6.2786552804884215,352.1809355185953,250
732,646.8520393120413,1105.5356712210712,276.56195523138877,-15.017502731131579,30207.03704719449,216.88435627198928,139.27715934160136,-5.205420298854882,0.007795248015772154,6.2786552804884215,352.1809355185953,250
430,1408.9930671883621,656.7187090596826,276.6257115289905,-14.905828259010407,30067.51751250864,277.5124401342923,108.34655735778378,-5.200393909801252,0.010020622957264658,6.2786552804884215,352.1809355185953,250
296,544.7099222940343,431.5049052090289,276.66297008849256,-15.029475517880352,29954.016894875298,205.1560582190626,146.006007109431,-5.196287654340407,0.007435995418916371,6.2786552804884215,352.1809355185953,250
1051,133.82368803706873,1602.1266994209668,276.48996806733015,-15.093389335957026,29837.672728860896,211.28725221944362,141.21851846448072,-5.1920623436501065,0.007688085187447107,6.2786552804884215,352.1809355185953,250
673,835.305684921699,1025.4862244852925,276.5731114647196,-14.99002303793173,29524.15754624954,209.57910619655115,140.8735731440742,-5.180593763658257,0.007706910357769042,6.2786552804884215,352.1809355185953,250
929,2159.8382251952753,1379.9924097638798,276.51468282140996,-14.8005337697886,29389.129662341846,205.42150957628678,143.06744080968645,-5.175616790691033,0.007588728741183244,6.2786552804884215,352.1809355185953,250
53,202.2455630469906,99.3288003804296,276.7139960406834,-15.077452412873969,29242.972842570744,264.5765121774558,110.5274712479277,-5.1702037806602945,0.009822897309978545,6.2786552804884215,352.1809355185953,250
419,356.15368572953986,633.4610342779511,276.6336278075105,-15.057476525592394,29192.354565405665,204.5463765582483,142.7175345591742,-5.168322791459947,0.007607334328984237,6.2786552804884215,352.1809355185953,250
151,1183.0480159325482,239.84273876110728,276.68885432864096,-14.93667041096053,28586.219619032083,207.65812240891034,137.6600119822979,-5.145541793162167,0.007886821919931356,6.2786552804884215,352.1809355185953,250
1136,61.18738042384917,1764.8856312762307,276.46596967203806,-15.1044888966076,28571.23259913677,652.7047331128816,43.773594934534565,-5.1449724203212455,0.024802623627867774,6.2786552804884215,352.1809355185953,250
1019,2066.882428182775,1531.6358066600644,276.49245754571297,-14.814546579785684,28373.46752718996,202.37616435752554,140.20162709015622,-5.137431013958711,0.007743847361356542,6.2786552804884215,352.1809355185953,250
1167,338.6638680368966,1826.4179089406214,276.45564060691817,-15.064761494303955,27887.994031311973,210.8321781667441,132.2757952500769,-5.118693170361588,0.008207850861508005,6.2786552804884215,352.1809355185953,250
1273,638.6875220041554,2037.4414048545448,276.4229081132866,-15.022364029633772,27798.343495312176,203.95357491346644,136.29740742277488,-5.115197270967649,0.007965668757237,6.2786552804884215,352.1809355185953,250
832,603.6644950744025,1249.3190135327545,276.54067791489746,-15.024302749573849,27432.45494394144,198.63647422976342,138.10381527518575,-5.100811664748268,0.007861477236067907,6.2786552804884215,352.1809355185953,250
1094,801.1476174465861,1686.4619551344638,276.4746197184733,-14.997585085749169,27193.87563789109,200.27317450183097,135.78391467321788,-5.091327746112003,0.007995792451652923,6.2786552804884215,352.1809355185953,250
585,102.04043238322946,880.2723158629194,276.59785741811413,-15.095092384708286,27121.806905957434,200.48818674071393,135.27882787943685,-5.0884465275119295,0.008025646119343947,6.2786552804884215,352.1809355185953,250
599,1161.3183924789353,907.1449301996954,276.58939915796634,-14.942556701136876,27079.594593670772,204.14712197737188,132.6474472496964,-5.086755374009094,0.008184854081332387,6.2786552804884215,352.1809355185953,250
869,1615.8301106308304,1298.076850913933,276.5291758004622,-14.878628221010127,27026.309090810595,201.06180316913708,134.41791859429182,-5.084616826663662,0.008077048144726333,6.2786552804884215,352.1809355185953,250
57,1756.2836687492024,103.82584605283733,276.7066927764457,-14.853448419662456,26810.012015860964,196.40001339769444,136.50718017810323,-5.075892499888531,0.007953427787340336,6.2786552804884215,352.1809355185953,250
747,1445.018834946172,1126.7715037731705,276.5554439731294,-14.902557066646674,26741.450120794732,194.44830903335472,137.52472445624423,-5.073112363942904,0.00789458044211849,6.2786552804884215,352.1809355185953,250
584,2777.2939822197523,878.8672971334922,276.58679526014555,-14.709441611556555,26426.19919119915,193.57410604982164,136.5172219077568,-5.060236738874399,0.007952842760993157,6.2786552804884215,352.1809355185953,250
753,723.9020777340791,1138.9995976257485,276.5566391922631,-15.006534727049662,26382.23061774898,210.3118902008162,125.44336220152803,-5.0584287592290895,0.008654901948943259,6.2786552804884215,352.1809355185953,250
714,2929.911576407155,1080.7922695370291,276.55605216015715,-14.688263393692461,25922.874877999566,191.58050559657846,135.3106089644986,-5.039357887444411,0.008023761095368766,6.2786552804884215,352.1809355185953,250
629,1255.9691169862679,962.5889001175951,276.58072976595264,-14.929139902550753,25420.542123401683,192.78476386614668,131.85970516348243,-5.0181119987322385,0.008233751157367799,6.2786552804884215,352.1809355185953,250
932,647.6747982273039,1385.0105367253996,276.52024407722564,-15.0185032280595,25134.241635837592,194.68045982277985,129.10510720345337,-5.005814443294426,0.008409427198639585,6.2786552804884215,352.1809355185953,250
1105,445.42587576246734,1709.8300412422961,276.47260297409923,-15.04892581524066,25070.748161137308,198.55688218390847,126.26481583205027,-5.003068214233127,0.00859859488841398,6.2786552804884215,352.1809355185953,250
406,2666.82295333088,609.0341807968791,276.6274853344986,-14.724252279711935,24859.70372985408,190.227374102263,130.6841554596129,-4.993889849697784,0.00830781662996268,6.2786552804884215,352.1809355185953,250
533,707.4022982572536,807.8726763747069,276.60612059795113,-15.007571950302909,24478.623113499227,196.99069252290684,124.26284105099411,-4.9771174426586615,0.008737125200239532,6.2786552804884215,352.1809355185953,250
924,3032.0877705971266,1369.7056211333527,276.5125594199318,-14.674711060942045,24101.818250429,186.5385242743053,129.20558015666097,-4.9602744962032705,0.00840288785270416,6.2786552804884215,352.1809355185953,250
145,2596.387994975492,232.73681710323737,276.68387644600864,-14.732828763165355,23347.771302595764,186.9257275169024,124.90400124554596,-4.925763554902884,0.008692275581033205,6.2786552804884215,352.1809355185953,250
21,782.7787051051866,40.8482612850487,276.7202479988043,-14.993538044812144,23263.89632771624,203.96431189377938,114.05866110455452,-4.921856112847273,0.009518786118353327,6.2786552804884215,352.1809355185953,250
517,1498.2648120217448,777.5466845571291,276.6073115693766,-14.893456171891794,23079.573060026247,185.49767466794248,124.41974327355186,-4.913219405106515,0.008726107058531355,6.2786552804884215,352.1809355185953,250
246,787.7875728494397,373.1954960349272,276.67064033956103,-14.994201134777745,22972.415812321124,187.704576793621,122.38601852302743,-4.908166649893902,0.008871111366334065,6.2786552804884215,352.1809355185953,250
991,1082.2768262619388,1485.8926254427927,276.5033822944677,-14.956280902421245,22590.2406910134,185.57287451550204,121.73245012231732,-4.8899521238171495,0.008918739406863855,6.2786552804884215,352.1809355185953,250
1093,1818.6072503271407,1682.2799776972208,276.4710240452868,-14.850939380720593,22517.831433542044,181.89006852218327,123.79912557345469,-4.886466387618705,0.008769851927232017,6.2786552804884215,352.1809355185953,250
74,1981.7528202588937,124.11298592366472,276.7027024508208,-14.82101933336538,22395.226041948743,182.49340609627657,122.71800127470839,-4.880538603998575,0.008847112801076543,6.2786552804884215,352.1809355185953,250
247,1454.1882375371251,373.0264130486066,276.66783435151893,-14.898136369690555,22046.81335356625,190.3781024991036,115.8054054755066,-4.863514541857362,0.009375210039134406,6.2786552804884215,352.1809355185953,250
568,1627.5599468995401,852.4281869770942,276.5955970654979,-14.87512401113001,22007.91307567217,186.9949392704143,117.69255981760244,-4.861597133466259,0.009224882198862834,6.2786552804884215,352.1809355185953,250
29,1989.020787566398,53.40331176244115,276.71321425821213,-14.819671906713676,21364.398097093304,192.28769168784592,111.1064255312588,-4.829376632998724,0.009771712075235002,6.2786552804884215,352.1809355185953,250
1216,2202.5233580189847,1921.0342972255496,276.4338233355142,-14.796546519040026,21245.438910155324,194.50543514511241,109.22799609329675,-4.823314247372033,0.009939759391654982,6.2786552804884215,352.1809355185953,250
767,2132.8298082849624,1158.2639023318711,276.54785963689187,-14.803527522217502,21238.294384981215,180.02221207587684,117.97596607706149,-4.822949069026402,0.009202721843284798,6.2786552804884215,352.1809355185953,250
25,2649.628440381231,44.183588997725735,276.7117523035389,-14.724347374262685,21225.387898523128,187.50506637155598,113.19901008148419,-4.822289067853554,0.009591073271917125,6.2786552804884215,352.1809355185953,250
1035,535.1203399670894,1560.9491790621505,276.4944533791587,-15.0354177174903,20612.53913923964,183.19313840466597,112.51807419613831,-4.790478711557125,0.009649116444238449,6.2786552804884215,352.1809355185953,250
1224,1624.5678784801175,1940.56925702648,276.4333008963513,-14.879930066199371,20494.313460091536,181.91390049730026,112.65941417377111,-4.784233414435491,0.009637010878872192,6.2786552804884215,352.1809355185953,250
655,860.1824067005209,1003.7515343003897,276.5762502934132,-14.986350054796109,20075.001906585327,188.45321798100483,106.5251213094636,-4.761788966312449,0.01019196210859933,6.2786552804884215,352.1809355185953,250
641,414.1092073875808,977.4512390108737,276.5820448456017,-15.05052250907675,20031.461109242606,181.33205459109178,110.4683954219459,-4.759431548825268,0.009828150357874326,6.2786552804884215,352.1809355185953,250
1181,2707.633406823652,1853.0555639243705,276.4418633867466,-14.723452278849804,19804.7786367909,183.3234439593964,108.03189275222968,-4.747074959679965,0.01004981003609781,6.2786552804884215,352.1809355185953,250
137,670.1414790890498,217.28172351836648,276.6944035839429,-15.010510403580268,19792.929039103765,180.08680854499707,109.90771172536071,-4.746425147437798,0.009878287728462276,6.2786552804884215,352.1809355185953,250
600,1828.432501027327,906.9165359049176,276.58662330753083,-14.846387603120586,19786.878317801107,181.49232794233495,109.02322176443698,-4.746093185880981,0.009958428878077349,6.2786552804884215,352.1809355185953,250
1194,440.62733142280587,1886.399259908829,276.4462672479103,-15.050307740774421,19463.888394136564,181.46133432629827,107.26190494740433,-4.728223992537313,0.010121953367622652,6.2786552804884215,352.1809355185953,250
1054,1591.63549166094,1607.9666175878422,276.48305213448185,-14.883358595577494,19436.915619584062,173.72812961921113,111.88122304768483,-4.7267183515455615,0.009704041218223585,6.2786552804884215,352.1809355185953,250
1101,1721.8183357532357,1700.8801396042845,276.4686517772774,-14.864964672348831,19210.01760437162,174.35048587554306,110.18046498639725,-4.713969385460859,0.009853833890917409,6.2786552804884215,352.1809355185953,250
756,844.2215650129053,1143.5655175513687,276.55545468711205,-14.989214786584947,19067.01400871211,180.86611607935686,105.42059741221105,-4.705856692440329,0.01029874641816668,6.2786552804884215,352.1809355185953,250
829,283.1617116759364,1242.793736732751,276.54298770058483,-15.070453692340697,18850.672860629973,179.86177699710126,104.80644178742757,-4.693467119905648,0.010359096077339008,6.2786552804884215,352.1809355185953,250
443,451.5080809507011,684.8872387114462,276.6255510294433,-15.043946191060188,18746.952783273475,177.2122069293237,105.78815708079404,-4.687476692218104,0.010262963548658985,6.2786552804884215,352.1809355185953,250
312,823.3070970073035,468.6766875429852,276.6562435688414,-14.989476518412324,18382.424341324484,176.3136961135116,104.2597639691575,-4.666156946248146,0.010413413177505137,6.2786552804884215,352.1809355185953,250
1165,613.1028977143371,1818.9783371337958,276.45561964006794,-15.025197931993276,18123.82883507904,174.7192851725613,103.731129721479,-4.650774858234917,0.010466481980049144,6.2786552804884215,352.1809355185953,250
944,1964.6001309108572,1396.9235275238525,276.5129746033024,-14.828749758140125,18054.944858922303,169.02966915655242,106.81524106989832,-4.646640394316975,0.010164279826785524,6.2786552804884215,352.1809355185953,250
837,1754.0921067462536,1253.9029913923227,276.53518578264857,-14.858518918031235,17916.610228322097,179.02181808558183,100.08059587327516,-4.638289592864245,0.010848256752735003,6.2786552804884215,352.1809355185953,250
80,784.2745846588042,129.71677178925705,276.7069826572021,-14.99369442278949,17909.27128159409,196.44306658613937,91.16774438939518,-4.637844765831775,0.011908817172911113,6.2786552804884215,352.1809355185953,250
731,574.4045688689508,1104.0619189555193,276.5624781442303,-15.027935971257294,17890.760326414136,180.1079002771931,99.33356781617884,-4.6367219726323325,0.010929839971208282,6.2786552804884215,352.1809355185953,250
275,1331.323581523386,404.3232239454024,276.66368860570384,-14.91598004685767,17691.000176674133,180.22676872820452,98.15967018391973,-4.624530945406465,0.011060550610711574,6.2786552804884215,352.1809355185953,250
834,978.4057878056936,1251.5375020119814,276.5387829402202,-14.970312021400177,17685.8833050651,169.8562264837221,104.12266698247885,-4.624216866140402,0.010427124385727609,6.2786552804884215,352.1809355185953,250
615,1561.6439216959004,934.6914320110624,276.58360511182326,-14.884963496303167,17662.181344584125,176.77658794565252,99.9124462681343,-4.622760827133471,0.010866514038564474,6.2786552804884215,352.1809355185953,250
12,232.0816805585506,35.04092069607653,276.723463451142,-15.07288489172312,17619.320172278298,227.0245062534974,77.60977201555687,-4.620122847033813,0.013989217746733899,6.2786552804884215,352.1809355185953,250
729,1191.5573520708701,1099.4836257261343,276.5605774803714,-14.938979576734743,17394.869703748205,169.96385350572288,102.34452411472596,-4.606202928353573,0.01060828617252599,6.2786552804884215,352.1809355185953,250
986,59.76418002408446,1469.517325101231,276.5100713992917,-15.103534934684674,17283.08688472741,194.5063149789972,88.85617357253227,-4.599203261361452,0.01221862203095833,6.2786552804884215,352.1809355185953,250
197,824.4333708340082,309.5908633693754,276.6799746857597,-14.98865535292283,17221.8937083731,173.51091744133709,99.25538958778031,-4.595352239534195,0.010938448828915428,6.2786552804884215,352.1809355185953,250
103,1286.962669183294,158.00760738721348,276.7006181034144,-14.92134670944837,17120.1330980497,194.20088687721233,88.15682241901537,-4.588917820107882,0.01231555278659653,6.2786552804884215,352.1809355185953,250
715,348.42613922689765,1081.436141005366,276.56679969797403,-15.06040490907308,16945.918003167113,170.3525604006154,99.47556974380466,-4.577812729918315,0.010914237564018754,6.2786552804884215,352.1809355185953,250
1250,1084.428706943839,1982.5243947901308,276.42926991413066,-14.957931182910638,16837.820355875592,174.25333072772793,96.6283989267603,-4.570864657529171,0.01123582727292117,6.2786552804884215,352.1809355185953,250
1237,1152.576003214367,1959.8650932130752,276.4323701557615,-14.948023204750815,16773.41177243233,170.7525353013345,98.23228535278585,-4.566703499957016,0.01105237444187396,6.2786552804884215,352.1809355185953,250
624,682.9678701447356,945.6408668570856,276.5856649751244,-15.011652760682136,16609.86392775731,173.63979267549138,95.65701312946643,-4.55606516485685,0.011349925786733123,6.2786552804884215,352.1809355185953,250
463,1664.2141564857059,709.1164827462794,276.6168165587953,-14.869249947315343,16456.20348575557,171.66850146665573,95.8603549583146,-4.5459741005644085,0.01132584998743352,6.2786552804884215,352.1809355185953,250
535,2764.5858676313424,807.047836695812,276.5975543640016,-14.71097654111619,16452.59500837457,174.00045864987476,94.55489448726469,-4.545735996790853,0.011482218936283935,6.2786552804884215,352.1809355185953,250
60,519.695528810171,107.91544928576832,276.7113630301576,-15.03173833827937,16398.3130360496,171.19622704109932,95.7866497379807,-4.542147909899763,0.011334564920788805,6.2786552804884215,352.1809355185953,250
658,472.88022129871774,1007.3925384891309,276.5773300636995,-15.042175171432207,16021.415866338968,165.58638554960734,96.75563491020932,-4.5169022120860225,0.01122105189023405,6.2786552804884215,352.1809355185953,250
982,118.67678363414606,1466.4475456696975,276.5102855017976,-15.095036721489668,16010.342162395536,169.9977275309252,94.17974225263104,-4.516151511998918,0.011527956798689046,6.2786552804884215,352.1809355185953,250
242,2488.6619201307662,368.1532782705576,276.66415163605814,-14.748939168427988,15961.898378411075,165.2608865412884,96.58606287594368,-4.512861332172401,0.011240752212816526,6.2786552804884215,352.1809355185953,250
649,2996.6884228570407,995.0234821696203,276.5685535908107,-14.678277587726367,15893.113901112607,169.86556053069037,93.56289674881523,-4.508172467968363,0.011603958809812588,6.2786552804884215,352.1809355185953,250
733,761.7497921726526,1109.1786803804303,276.5609309363714,-15.000960783792987,15872.568232484191,167.28027923183205,94.88606968718983,-4.506767985023678,0.011442143231132018,6.2786552804884215,352.1809355185953,250
648,1328.9196506050027,993.1494533539048,276.575864165289,-14.918749185885732,15737.416288958746,166.44592726471174,94.54972282938665,-4.497483560837267,0.011482846987919014,6.2786552804884215,352.1809355185953,250
659,963.1971381031666,1007.5710178212021,276.57524826621284,-14.971519488440043,15709.281965268252,168.10813402662112,93.44748281353581,-4.495540815577954,0.011618290480508664,6.2786552804884215,352.1809355185953,250
947,2234.7390228816216,1401.2877216142967,276.51119389755405,-14.789820797620614,15642.770943241863,167.65289804619374,93.30450666550232,-4.49093419328299,0.01163609389085831,6.2786552804884215,352.1809355185953,250
1142,781.3738262909598,1784.481183292853,276.46007353729703,-15.000819805760944,15541.236378964415,170.70175185919,91.04321548957628,-4.4838638933757515,0.01192510605168931,6.2786552804884215,352.1809355185953,250
1159,1932.0179237340817,1808.065258350005,276.45179243044913,-14.83509213816725,15535.811788299645,169.75339665515986,91.51988763947608,-4.483484856440914,0.011862995333614195,6.2786552804884215,352.1809355185953,250
407,2452.249405019489,612.5233934299152,276.6278777325924,-14.75521505142144,15522.067819724558,166.54837732122948,93.19855329353605,-4.482523919928735,0.01164932245869208,6.2786552804884215,352.1809355185953,250
1128,2819.7246579928815,1756.3664854811977,276.45581136285824,-14.70690200960804,15476.122453194024,159.05332686267704,97.30146962946428,-4.479305371750637,0.011158104848102259,6.2786552804884215,352.1809355185953,250
701,2564.1552679074457,1055.0130776798126,276.5614382216603,-14.74090820102411,15389.589843839727,162.93844432335712,94.45033004794462,-4.473217591749999,0.01149493071595282,6.2786552804884215,352.1809355185953,250
438,175.81855522843153,679.9651679382921,276.6274465334995,-15.083650516264578,15379.513864563574,168.01525748366387,91.53641219791557,-4.472506498180733,0.011860853773169004,6.2786552804884215,352.1809355185953,250
515,732.45005986624,776.5873830712382,276.6106835649457,-15.003834744080804,15196.52625280252,170.74553440938595,89.00101724690938,-4.459510790015109,0.012198736976095649,6.2786552804884215,352.1809355185953,250
1059,392.2196001665905,1623.2297047678242,276.48574921426143,-15.056250221371277,15072.466435095295,164.4980008395045,91.62704931472707,-4.450610791838016,0.01184912106326551,6.2786552804884215,352.1809355185953,250
383,1717.7219753418829,571.162614665416,276.6371641613224,-14.860964523649795,15017.91961911248,161.74672016423943,92.84837184867251,-4.4466744170947985,0.011693258356425587,6.2786552804884215,352.1809355185953,250
630,1389.4034305414289,963.7638139042602,276.57999343238924,-14.909911099197512,14857.64634689549,161.7064566114422,91.88035319205785,-4.435025020132506,0.011816454359187729,6.2786552804884215,352.1809355185953,250
1234,2886.22836991904,1951.3876076114736,276.42646223859555,-14.698092535837684,14836.803274797334,167.72531293203664,88.45893929444806,-4.433500824062183,0.01227349105313251,6.2786552804884215,352.1809355185953,250
587,2045.574781960959,881.5478168837112,276.5894900415533,-14.814975177627316,14707.535446846625,159.8341326379161,92.01748840571291,-4.423999737720501,0.01179884409812466,6.2786552804884215,352.1809355185953,250
466,799.4213844071592,711.5121201130227,276.62011160218424,-14.993917197910518,14673.897957635927,170.0257215968539,86.30398871312566,-4.42151371497773,0.012579951589594143,6.2786552804884215,352.1809355185953,250
736,440.8911027831616,1111.9801542158293,276.561854493086,-15.047205268677889,14598.183925552701,162.4683292405737,89.85248998244178,-4.415897056108291,0.012083137598214123,6.2786552804884215,352.1809355185953,250
186,706.0689036329313,294.6134555020322,276.68271224338963,-15.005653548462265,14510.942258412717,163.90604316896986,88.53207592506803,-4.409389013263788,0.012263351882982132,6.2786552804884215,352.1809355185953,250
663,2929.0462478307063,1008.041450200668,276.5668993160615,-14.688088063739766,14486.1571892816,157.06523007568936,92.23019749374674,-4.407532961868372,0.011771632605184556,6.2786552804884215,352.1809355185953,250
201,2836.8164517716,310.65582959624317,276.67123316940535,-14.698475900124654,14339.010989625938,163.89989621570098,87.48639456583327,-4.396447972311764,0.012409929628349399,6.2786552804884215,352.1809355185953,250
133,146.79798001198552,212.33556522100528,276.6973657157209,-15.085911716149974,14271.02197025271,312.51305025339656,45.665363282209384,-4.391287665162085,0.023775131127074037,6.2786552804884215,352.1809355185953,250
879,896.8376982572895,1315.4054675494651,276.529593349201,-14.982322595519726,13915.597603578906,165.23829067859674,84.2153325747359,-4.363904632800259,0.012891951700558905,6.2786552804884215,352.1809355185953,250
1169,2922.7382819922304,1827.1459946155228,276.44483124419975,-14.692331106357683,13631.787139612774,163.25545395683676,83.4997349810861,-4.341531968235524,0.013002436477743634,6.2786552804884215,352.1809355185953,250
973,1703.5206709164545,1455.379041152604,276.50534654430703,-14.866621009207675,13552.87126629334,167.50083883841762,80.9122590685491,-4.335228261181381,0.013418238626611474,6.2786552804884215,352.1809355185953,250
399,989.0401181312292,602.4279347304907,276.6355866376518,-14.966140129655313,13441.591084145097,176.39657998784674,76.2009733129247,-4.326276676558988,0.014247849506350739,6.2786552804884215,352.1809355185953,250
532,1671.8082304400582,801.6203899042786,276.60298810740545,-14.868536124935243,13410.723825951049,159.9709096266512,83.83226586164774,-4.323780525695517,0.012950860731735212,6.2786552804884215,352.1809355185953,250
451,507.14228430999043,692.2094929293401,276.6242238927625,-15.0359591239974,13279.183022818877,158.5753070536913,83.74054743796107,-4.31307837004225,0.01296504540771408,6.2786552804884215,352.1809355185953,250
1053,2524.124391225751,1606.6556602159383,276.47936342843394,-14.748924341101048,13253.055644565029,161.93695850728088,81.84083341277004,-4.310940031846918,0.013265993938798194,6.2786552804884215,352.1809355185953,250
1188,1363.7088005526475,1870.9808854359544,276.4447603182125,-14.917249826062724,13126.447124850034,155.62557345372963,84.34633738877608,-4.3005179620753555,0.01287192821421163,6.2786552804884215,352.1809355185953,250
1281,658.5201313213101,2051.236109435188,276.42076773919746,-15.019560552368857,13110.934249651153,166.53750795922574,78.72661486480975,-4.299234076921914,0.01379076188991965,6.2786552804884215,352.1809355185953,250
316,1563.3047814714232,471.4083821986965,276.65269702715864,-14.882814020561208,13065.756389545917,160.7387852161976,81.28564846357494,-4.295486369639251,0.013356601325343612,6.2786552804884215,352.1809355185953,250
370,2351.1312692804013,547.5296421727074,276.63799708303367,-14.769527302445367,13023.436757499032,159.2655407228708,81.77184278776535,-4.291963991869524,0.013277186412661374,6.2786552804884215,352.1809355185953,250
593,1509.4571456203853,893.3707155007648,276.58998823416397,-14.892317629121392,13000.976676751365,155.72752852620792,83.48541070285711,-4.290089926277568,0.013004667412660214,6.2786552804884215,352.1809355185953,250
817,1375.2641922381845,1229.669185571308,276.5403865454401,-14.913027670920703,12984.007529458439,155.9521255523252,83.25636783387111,-4.288671874986668,0.013040443971401618,6.2786552804884215,352.1809355185953,250
987,2567.939436389294,1473.4457212105033,276.49904081126425,-14.742068898775823,12957.464403481776,156.5817461898901,82.75207499453975,-4.2864500393875264,0.013119912703961055,6.2786552804884215,352.1809355185953,250
1032,2922.5950116472854,1554.6753144607446,276.4854476427651,-14.691254176852336,12930.078453302762,155.84314151830236,82.96854341699883,-4.284152878249644,0.0130856822994142,6.2786552804884215,352.1809355185953,250
1089,761.0243365168348,1672.102590592785,276.47692870955666,-15.0033094443607,12888.662633767119,164.94797391059217,78.13774445482576,-4.280669618307852,0.013894693372262392,6.2786552804884215,352.1809355185953,250
1157,1052.1377406687639,1806.5535156055123,276.4556609682103,-14.961893758251053,12834.322085498134,160.8028984487111,79.81399719353757,-4.276082313292247,0.01360287716661192,6.2786552804884215,352.1809355185953,250
1004,540.41049115958,1504.0143307618482,276.5029290353923,-15.034430326903939,12776.456533026649,166.55400838591368,76.71059169841762,-4.27117603276305,0.014153195483986808,6.2786552804884215,352.1809355185953,250
1144,2439.1511927720207,1788.526256776313,276.45260043179513,-14.761905248417234,12731.528355768358,159.15708626872473,79.99347471260019,-4.267351332433361,0.013572357044130073,6.2786552804884215,352.1809355185953,250
1103,1374.6912192469417,1707.3113777127292,276.4691327972322,-14.915020537000524,12716.654480497731,157.9140971022536,80.52893765566324,-4.266082156804657,0.013482110053933485,6.2786552804884215,352.1809355185953,250
1213,2257.4911017354816,1919.3987566782698,276.4338394864822,-14.78861592715343,12666.338709773321,156.11647172353858,81.13390323222085,-4.261777721540479,0.013381582257820357,6.2786552804884215,352.1809355185953,250
481,1528.9169549878357,726.3228410200477,276.61482239947975,-14.888826563789154,12573.636197587795,156.2877972117315,80.45181019829471,-4.253802204392819,0.01349503506911785,6.2786552804884215,352.1809355185953,250
1205,52.54216579991749,1910.1199111889473,276.44432233115236,-15.106299006689245,12532.237286173971,245.3529457412948,51.07840563442112,-4.250221501436714,0.021255557735505356,6.2786552804884215,352.1809355185953,250
172,2827.2706285210093,272.80713498088136,276.6769150071548,-14.699692699825613,12514.656592386978,155.93795560703902,80.25407633227987,-4.2486973205161895,0.013528284787738674,6.2786552804884215,352.1809355185953,250
81,1158.0603405972897,130.30149241763837,276.7053010624222,-14.93981420722033,12359.449555530737,154.77232178832404,79.85568357909798,-4.23514780157754,0.013595776171956522,6.2786552804884215,352.1809355185953,250
876,2152.8804003719165,1311.8125403112801,276.5248788187161,-14.801260851242883,12332.831581692968,161.22646782900765,76.49383967632926,-4.232806980255532,0.014193299808114693,6.2786552804884215,352.1809355185953,250
1185,2179.7343632515494,1867.9943555991474,276.4418274981424,-14.799621271282321,12254.061741424957,153.5248540423195,79.81809732284191,-4.225850138746461,0.013602178408345753,6.2786552804884215,352.1809355185953,250
635,2098.8391212232473,969.3334875258769,276.5761750859148,-14.807655754319496,12248.348620418663,152.87491272885362,80.12006942004231,-4.2253438259111515,0.013550911873378988,6.2786552804884215,352.1809355185953,250
1031,406.3395674179716,1554.35871528414,276.4959706784043,-15.053944620579085,12159.06098028412,158.13098015665625,76.89233930149838,-4.217400069685583,0.014119742094760841,6.2786552804884215,352.1809355185953,250
1220,1039.6108785462388,1924.7811095468708,276.43807100821823,-14.964162886807795,12033.98137448277,159.69219057294015,75.35735674554601,-4.206173315769075,0.014407352472115076,6.2786552804884215,352.1809355185953,250
970,326.5231935890932,1446.5084863560876,276.5123998099998,-15.0650166727801,12031.364839804213,155.29541203422255,77.47405208051384,-4.205937219731444,0.014013724219196659,6.2786552804884215,352.1809355185953,250
784,2597.676498990655,1175.6959427280208,276.54330569024705,-14.73656894911907,12001.746728986822,151.43072353160136,79.25569163963107,-4.203261122512906,0.013698700718386084,6.2786552804884215,352.1809355185953,250
721,2588.1469968960378,1093.6676389052238,276.55557449827654,-14.737607017960707,11996.645465630718,153.90688808099,77.94742402508818,-4.202799539390651,0.01392861936849326,6.2786552804884215,352.1809355185953,250
178,2662.2691909137816,281.1786384531571,276.6763738484116,-14.72353045925251,11796.832930110162,189.6921204854041,62.18936716993404,-4.184563550485378,0.017457968289551765,6.2786552804884215,352.1809355185953,250
176,544.2692679256472,278.7046121457768,276.6857733112511,-15.028907107352088,11794.857132970239,159.77809132532133,73.82024052944118,-4.184381690306022,0.014707348448248397,6.2786552804884215,352.1809355185953,250
135,1382.372719217551,212.70124354936974,276.69205310673783,-14.90782033788229,11619.743829592335,163.47696466504433,71.07878381153319,-4.1681413624357155,0.015274600123698731,6.2786552804884215,352.1809355185953,250
34,2772.9169725737725,61.1959971438047,276.7086866293972,-14.706634097611934,11599.569332195562,160.34947007164246,72.3393056865919,-4.166254641015844,0.015008438216199727,6.2786552804884215,352.1809355185953,250
207,2664.065822427798,328.4199129170066,276.6693246868856,-14.723470945047312,11501.702325256367,156.14870958249898,73.65864473685967,-4.157055286975938,0.014739614119681227,6.2786552804884215,352.1809355185953,250
221,412.4916787394488,346.349898853666,276.6762379058137,-15.04817837902784,11494.597808356019,159.66491587627993,71.99200741923087,-4.15638442849726,0.01508084076163686,6.2786552804884215,352.1809355185953,250
305,666.57901124351,443.97353851164144,276.66059339194396,-15.011963297630874,11470.629254252417,163.28093987885353,70.25087718605161,-4.154118085878999,0.015454611294384905,6.2786552804884215,352.1809355185953,250
541,93.84117929338393,818.7004023461404,276.6070826873798,-15.096024748291208,11439.877709529013,153.4821244156229,74.5355705303526,-4.151203433177322,0.014566199631595736,6.2786552804884215,352.1809355185953,250
858,1349.1325859642895,1288.0806002636773,276.53178204366475,-14.917029544925649,11434.318940866971,151.83568438835317,75.30719136893528,-4.150675733201553,0.014416949832600697,6.2786552804884215,352.1809355185953,250
671,2794.784551097004,1018.240733684249,276.5659464093314,-14.707495136914458,11327.353865127981,150.14906561350375,75.44072165114592,-4.14047114839038,0.014391431792242256,6.2786552804884215,352.1809355185953,250
1215,1658.143116544748,1920.9127242367017,276.4360943341417,-14.87501364216455,11317.151501709654,154.39709644671646,73.29899176967542,-4.139492802791088,0.014811936341656009,6.2786552804884215,352.1809355185953,250
117,2609.035020304424,178.98934747433148,276.6918336170448,-14.730776617508285,11308.547826052672,160.13550788070464,70.61861529472368,-4.1386670760394235,0.01537413322916173,6.2786552804884215,352.1809355185953,250
1124,381.26931267003795,1741.4340936054066,276.46815051144256,-15.058291862455105,11169.245080419758,155.86523352551012,71.65963074499042,-4.12520952962112,0.015150789764234156,6.2786552804884215,352.1809355185953,250
1078,1052.2197855998563,1652.8111809223626,276.47860121586916,-14.961275155347149,11157.915237384295,153.3722608532663,72.75054286419662,-4.124107623094845,0.014923599979544833,6.2786552804884215,352.1809355185953,250
404,809.0068063451595,606.5293911944078,276.6357356094013,-14.992105338481153,11121.384171588114,157.4437561054422,70.63718782305965,-4.120547085974625,0.015370090931700019,6.2786552804884215,352.1809355185953,250
495,1123.0038539015177,748.621089799732,276.61321026151796,-14.947431314651674,10957.552424319118,182.42657839078132,60.06554812888407,-4.104433871145062,0.01807525334939736,6.2786552804884215,352.1809355185953,250
251,2993.7072566439115,373.55093183709624,276.6611881730576,-14.676108487494643,10903.983947333705,170.35196059299727,64.00856150628853,-4.099112986984595,0.016961793460915933,6.2786552804884215,352.1809355185953,250
211,501.39286911506053,333.56633937731976,276.67776861406924,-15.035313659344997,10822.11171234469,149.8052881387369,72.24118618778111,-4.090930009991144,0.015028822992715971,6.2786552804884215,352.1809355185953,250
557,1181.2150750448322,838.7591478265823,276.5995175864668,-14.939409729883085,10817.954045494494,162.67224108038943,66.50153691648272,-4.090512808903806,0.0163259384721213,6.2786552804884215,352.1809355185953,250
195,2589.081984136967,307.60994909302207,276.6727472657949,-14.734199238301402,10779.459718812053,148.8281697203453,72.42889393229208,-4.08664246323456,0.014989874082778805,6.2786552804884215,352.1809355185953,250
859,126.80178662813468,1289.0545106759398,276.53673313925833,-15.093163319590891,10763.966820924601,166.74238973683723,64.55447134896492,-4.085080854358477,0.016818354752391733,6.2786552804884215,352.1809355185953,250
58,2854.2909579523953,104.03792097862865,276.70195182885755,-14.695077266850884,10677.182358729682,256.2280034922556,41.67063011538626,-4.076291628894179,0.026054321640774075,6.2786552804884215,352.1809355185953,250
408,594.8252540063685,615.1062714869815,276.63536024552593,-15.023008002459699,10622.491673308308,146.94595619980413,72.28842458832132,-4.07071597664408,0.015019002090348533,6.2786552804884215,352.1809355185953,250
769,733.1362764450206,1160.652219412181,276.5533694256382,-15.00529117694409,10550.140254883561,203.10409392186025,51.94449826768382,-4.0632955614129775,0.02090115481345299,6.2786552804884215,352.1809355185953,250
286,2126.9064169150624,419.03863104967354,276.65810869619816,-14.80132694352827,10515.836048713623,159.00176292131746,66.13660034648433,-4.0597594944394695,0.01641602371927352,6.2786552804884215,352.1809355185953,250
77,1808.937520481898,127.01852120108478,276.7030089724771,-14.845953395770763,10406.233717152034,147.66489637780847,70.47195354085464,-4.048383917413496,0.015406128898790753,6.2786552804884215,352.1809355185953,250
188,139.23019931175187,295.5362250405188,276.6849798952879,-15.087346269117083,10373.240011908289,400.1694474107484,25.922118939932012,-4.044936044682589,0.04188315015897569,6.2786552804884215,352.1809355185953,250
961,2899.377857076431,1427.3634221073173,276.50452217724467,-14.694085870568822,10301.353623168194,145.3328473975609,70.88111055161973,-4.03738571786123,0.015317197932576557,6.2786552804884215,352.1809355185953,250
274,1295.782151795038,403.2091012436837,276.66400581363865,-14.92109921909314,10266.74480764565,156.67211502789252,65.53013473915156,-4.0337318964244995,0.016567950063306355,6.2786552804884215,352.1809355185953,250
153,75.22849415456194,242.52344632745678,276.6931637631992,-15.096349518252536,10156.71950714942,205.37452334228482,49.454622422771756,-4.022033625650716,0.02195345847995154,6.2786552804884215,352.1809355185953,250
774,893.2693267783967,1165.7031632903613,276.5519462598087,-14.98223579960102,10108.47396531637,155.8612724875896,64.85558473880197,-4.016863970545189,0.016740270007163233,6.2786552804884215,352.1809355185953,250
1175,724.2291391557125,1840.181676314968,276.4519966798891,-15.00927129304969,10098.100411468913,149.0160094170535,67.76520489961047,-4.015749190398525,0.01602149660151387,6.2786552804884215,352.1809355185953,250
344,689.2851720389917,509.89634949569876,276.6506605637174,-15.008962590973018,10070.8371013914,151.5276077869106,66.46206093053195,-4.012813906294155,0.016335635470811006,6.2786552804884215,352.1809355185953,250
1085,1313.5485470372498,1665.6383781734714,276.4756035998727,-14.923666878891042,10057.037767335016,145.37019518468992,69.18225400026292,-4.011325180928794,0.01569333083590879,6.2786552804884215,352.1809355185953,250
919,422.01691510117695,1364.3571353896887,276.52426513097936,-15.050933230637524,10045.644039850216,158.71044342166851,63.295419149958086,-4.0100944412811526,0.01715290007682521,6.2786552804884215,352.1809355185953,250
441,2755.465103230127,682.5349397121499,276.61615252279177,-14.71177364439101,10022.733096508833,146.1829098982188,68.56296063258867,-4.007615391649092,0.015835080486357466,6.2786552804884215,352.1809355185953,250
889,1191.779084402773,1326.408834635192,276.5267211357687,-14.93986231241446,9895.58074940255,147.01704832820573,67.30906967545239,-3.9937531959644095,0.01613006991828851,6.2786552804884215,352.1809355185953,250
19,598.975829515572,38.34877321632427,276.72140542640625,-15.020020911319353,9851.138164901087,155.5246314819602,63.34133745267066,-3.988866003848248,0.017140465352681367,6.2786552804884215,352.1809355185953,250
897,410.51990675673244,1337.3876938654787,276.52833832326064,-15.05248231009261,9776.985538264242,155.99250217469077,62.675996614986815,-3.980662410304454,0.017322421000648153,6.2786552804884215,352.1809355185953,250
917,2133.4182438610032,1361.6420546522095,276.5175298031138,-14.804268677103899,9758.033814487368,145.85315149048515,66.90314000602135,-3.9785557751656864,0.01622793788007986,6.2786552804884215,352.1809355185953,250
342,1110.9959691068311,507.57110436086055,276.6492218983778,-14.948169867031307,9753.00231174071,149.1714058558671,65.38117848915554,-3.9779957962099672,0.016605696395944895,6.2786552804884215,352.1809355185953,250
300,2566.74642091322,436.2733680486412,276.65366387638164,-14.73796298047506,9714.1490335298,146.74449297378493,66.19770757097629,-3.9736618835494966,0.016400870057863063,6.2786552804884215,352.1809355185953,250
1114,1038.694190330083,1724.6432451833932,276.46793888516305,-14.963508076996904,9647.259359929041,145.0130395127826,66.52684056786946,-3.9661598642936493,0.01631972886029946,6.2786552804884215,352.1809355185953,250
280,3039.091769989833,406.3368783645938,276.6561080274921,-14.669699606850624,9646.292836632841,335.2598213959159,28.772588365849295,-3.966051082942697,0.037733831457743894,6.2786552804884215,352.1809355185953,250
314,647.082461991682,470.3868275379965,276.65673464075337,-15.014882109755101,9592.259573199175,150.50740860668404,63.7328066571547,-3.9599522847194124,0.017035182615453174,6.2786552804884215,352.1809355185953,250
509,347.57343345834704,768.3757785864126,276.6135283183057,-15.059262695804081,9587.061212304805,149.62023807266323,64.07596549638451,-3.9593637290734907,0.01694395069335726,6.2786552804884215,352.1809355185953,250
723,2176.696511004284,1094.7505789946724,276.5571458520948,-14.79694324317316,9568.17733679124,150.95544461883102,63.384115498127926,-3.957223018173888,0.017128897223975093,6.2786552804884215,352.1809355185953,250
292,982.4198248876949,427.94046466259755,276.6616468099272,-14.966373994566553,9564.596299407043,152.76133996475164,62.61136686555637,-3.956816588655832,0.01734030183898226,6.2786552804884215,352.1809355185953,250
586,1587.4773226218501,881.4444074364102,276.59143830114795,-14.881021442846288,9544.700397323671,146.96778178193927,64.94416858985764,-3.9545557300416574,0.016717436277559096,6.2786552804884215,352.1809355185953,250
264,1280.1484102099507,389.28488003119054,276.666149254345,-14.923295122907026,9444.128318634088,165.4829460625915,57.070100232938714,-3.9430546764798198,0.019023972195047503,6.2786552804884215,352.1809355185953,250
8,1294.4472920681326,32.697286739471465,276.71927707935566,-14.919740787168353,9425.138549136202,155.88157026241666,60.46345654120358,-3.9408693359078684,0.01795630058397565,6.2786552804884215,352.1809355185953,250
49,2403.262482230697,92.46259333774636,276.7056141426801,-14.760091275355347,9388.922254646837,154.73560134674017,60.67719498893869,-3.9366893355233197,0.017893048618973253,6.2786552804884215,352.1809355185953,250
506,931.8989485703737,760.1744314706291,276.6122923905718,-14.975023105920995,9309.23671105114,141.76645165117523,65.66600632677941,-3.9274351620385213,0.016533668799609002,6.2786552804884215,352.1809355185953,250
686,855.97255842192,1041.4520199247527,276.5706424969195,-14.987109294676626,9147.236284117971,159.57178374954265,57.323645002772544,-3.9083747222671334,0.01893982840671574,6.2786552804884215,352.1809355185953,250
1190,1956.2116828592639,1871.5431618871214,276.4422246772153,-14.83185648807935,9100.504828949022,140.47845648921512,64.78220971660299,-3.9028136894373984,0.016759230732472943,6.2786552804884215,352.1809355185953,250
268,678.294303227931,392.5036476789671,276.6682238050689,-15.010062221508973,9097.731212232,150.3645314374422,60.504502792382446,-3.9024827325134086,0.017944119030702792,6.2786552804884215,352.1809355185953,250
1258,2529.5207672261477,1995.7523697850233,276.4213271821161,-14.749700987308918,9093.677535195573,158.2984031135039,57.446426219948535,-3.901998853111346,0.01889934799152024,6.2786552804884215,352.1809355185953,250
755,747.1840552900118,1143.1975127989754,276.55591540614836,-15.00319670008879,9029.451029116666,245.8960400621423,36.72060366175382,-3.8943033457225056,0.029566507402785595,6.2786552804884215,352.1809355185953,250
1277,2322.0046987047895,2044.1771740221727,276.4149653084083,-14.779809607944106,9026.20161748561,147.61334568362892,61.14759865162153,-3.8939125535468766,0.017755398804548298,6.2786552804884215,352.1809355185953,250
492,3090.8882807587597,745.3480634496293,276.60536500008277,-14.663651598014111,9001.805049626419,165.82906992038014,54.28363708455022,-3.89097398649894,0.020000502145958887,6.2786552804884215,352.1809355185953,250
118,2725.800413246924,183.48455058134724,276.690662840821,-14.713951776313362,8982.688539087569,164.39516190109134,54.64083270584337,-3.888665831941776,0.019869755752896748,6.2786552804884215,352.1809355185953,250
440,889.773298995653,681.9951262054348,276.6241346314539,-14.980774454655615,8977.726861911302,146.60603172856037,61.237090698515566,-3.8880659490812337,0.01772945101760555,6.2786552804884215,352.1809355185953,250
772,765.8079952982147,1163.354043015102,276.5528296851194,-15.000594066866022,8923.711699121981,164.37748577247382,54.28791940201533,-3.881513805729341,0.01999892447452491,6.2786552804884215,352.1809355185953,250
1000,2000.4815123851995,1500.6592255403732,276.4973541807588,-14.823994701472913,8920.719077913614,149.0418366376454,59.85379192288077,-3.8811496363967226,0.0181392016298463,6.2786552804884215,352.1809355185953,250
799,959.2748948088076,1203.1438797500937,276.5460836840578,-14.972874453565618,8915.092086576013,142.59222381852857,62.52158671655121,-3.8804645620409284,0.017365202276809537,6.2786552804884215,352.1809355185953,250
412,979.9329140143067,625.0417192467464,276.6322512834599,-14.967545826112728,8882.710978175775,160.35188688275545,55.39511352722997,-3.8765138069500003,0.019599201641969998,6.2786552804884215,352.1809355185953,250
397,2735.462046393413,597.0910421442171,276.6289734461058,-14.71430183057164,8835.827675551205,141.95082614659046,62.24569391675523,-3.8707680714974964,0.017442170400605857,6.2786552804884215,352.1809355185953,250
1057,3020.1109604146773,1611.2981391110832,276.47659969917197,-14.677419878142475,8818.269065181026,149.13289882732673,59.13027329664693,-3.8686083432995333,0.018361153085716692,6.2786552804884215,352.1809355185953,250
22,1338.8584029962808,42.4549104926039,276.7176316848963,-14.91337876510021,8800.257413058629,146.59082527717345,60.03279807190614,-3.8663884176259833,0.018085114052148115,6.2786552804884215,352.1809355185953,250
1065,251.43848348779625,1633.4192321018334,276.4848104373608,-15.076570342742171,8799.143328441045,148.2981547906594,59.334138990886906,-3.866250958172237,0.018298066146485284,6.2786552804884215,352.1809355185953,250
904,561.108364188527,1345.1675329487985,276.52655055174466,-15.030817165765795,8768.532352161157,153.30659153275684,57.19605572398102,-3.8624672500197748,0.018982078156567543,6.2786552804884215,352.1809355185953,250
972,1654.5922292740238,1453.100348508372,276.5058905348794,-14.873664646824178,8763.751750543714,140.6479052184839,62.30986332096458,-3.861875145493654,0.01742420769577758,6.2786552804884215,352.1809355185953,250
346,2471.2342781099164,515.8455427055832,276.6422092776063,-14.752072874770057,8754.583185681113,144.7459053692243,60.48242375733899,-3.860738662630169,0.017950669509474812,6.2786552804884215,352.1809355185953,250
445,276.4535759314736,686.5954640665539,276.6260333087882,-15.069177477034122,8744.466816208209,153.52132725517183,56.9592966172954,-3.8594833133603643,0.019060979760595093,6.2786552804884215,352.1809355185953,250
479,1813.1419077994515,722.9035076722749,276.6141302641337,-14.847834763934797,8694.203772070527,147.43989533608928,58.96778312445276,-3.853224515405969,0.018411748627358216,6.2786552804884215,352.1809355185953,250
387,1349.6017631400705,577.645196165705,276.63775780044364,-14.914063642870303,8687.15880311295,145.5954949630063,59.66639836844011,-3.8523443797728256,0.018196171206711704,6.2786552804884215,352.1809355185953,250
846,2888.0901584351714,1263.0232686092784,276.5290660510576,-14.695043452555057,8652.622629401681,143.99384664823535,60.09022490064661,-3.848019385954208,0.018067830529759212,6.2786552804884215,352.1809355185953,250
1123,42.73075373296503,1741.5164433768311,276.4695346330456,-15.107056032601918,8621.691701574018,616.3239696869092,13.988895654916378,-3.8441312010530373,0.07761155896666026,6.2786552804884215,352.1809355185953,250
537,300.1263335709503,810.8764687330221,276.6073844316099,-15.066271808450722,8490.719648138329,152.47257030914787,55.68686637158967,-3.827511231600597,0.01949651813329368,6.2786552804884215,352.1809355185953,250
146,2835.5302900490374,233.95014315000947,276.682670809157,-14.69833637988173,8456.323211076611,140.42104150071444,60.22119705637981,-3.823103913034891,0.018028535682934943,6.2786552804884215,352.1809355185953,250
666,621.8718404043593,1013.4835028204866,276.57579700441147,-15.020731141066209,8421.651098554896,143.08585158498556,58.85732939537262,-3.818643090885934,0.018446300760723237,6.2786552804884215,352.1809355185953,250
26,753.6574410244062,47.64000430724943,276.71935900528035,-14.997764186112763,8392.643976747757,157.7485901633865,53.20265599873293,-3.8148969792060394,0.02040687592788332,6.2786552804884215,352.1809355185953,250
1247,1148.8718616143171,1980.30799486776,276.4293351016676,-14.948636958705036,8360.163242204871,144.1878139686808,57.98106658320509,-3.8106868724248115,0.018725078098416458,6.2786552804884215,352.1809355185953,250
969,2456.993538416071,1444.8452236723467,276.5037691870273,-14.757950967966591,8337.034815574152,147.61930896142565,56.4765874751026,-3.807679016121556,0.019223895219919674,6.2786552804884215,352.1809355185953,250
1075,707.7595127704279,1650.591929673466,276.48035942492885,-15.010898908188159,8315.729920887243,141.6526689163237,58.70507053982488,-3.8049009178914446,0.01849414352144374,6.2786552804884215,352.1809355185953,250
1015,2031.3347232110289,1520.9741454997557,276.494195822428,-14.819628453670468,8180.637960837805,144.05947652017971,56.7865312192209,-3.7871179111131212,0.01911897023272512,6.2786552804884215,352.1809355185953,250
911,1362.921618066117,1357.211449871432,276.52141141650264,-14.91532008392716,8164.610423531529,135.5120205129183,60.25008255819785,-3.784988646057666,0.018019892320500656,6.2786552804884215,352.1809355185953,250
1171,3019.8930471818767,1830.8621427105438,276.44387288860975,-14.67833564158743,8098.66742838698,302.9992315670723,26.728343126488255,-3.776183890915215,0.040619801791007853,6.2786552804884215,352.1809355185953,250
582,925.4432363967296,877.5158700910815,276.5948117809189,-14.976432304452103,8061.5250351361465,148.08100387448098,54.43996747867402,-3.7711929958890487,0.01994306848962218,6.2786552804884215,352.1809355185953,250
79,385.36853354735047,128.89867180889075,276.7088037813272,-15.051185263446007,7996.070070457878,144.91159331173853,55.17895351034111,-3.7623414564047963,0.019675980259330737,6.2786552804884215,352.1809355185953,250
24,2011.017360545312,43.53242201302632,276.71459167367595,-14.8164577224085,7986.585583792825,150.19949721388863,53.173184544151205,-3.7610528530603538,0.02041818652216537,6.2786552804884215,352.1809355185953,250
160,485.21718256220066,250.363693066166,276.6902532555053,-15.037300138561246,7952.637428534537,145.5322722296723,54.64518148925795,-3.7564279354023293,0.01986817447414691,6.2786552804884215,352.1809355185953,250
995,316.0187317604049,1496.892311585635,276.50492273692856,-15.066729290002089,7942.075033287372,147.7030393377439,53.770559285017114,-3.754984942753748,0.02019134661116543,6.2786552804884215,352.1809355185953,250
168,254.24294387073147,271.21986477172743,276.6881213519441,-15.07067251239209,7937.895560745237,142.48594017183925,55.71002690631839,-3.754413429760862,0.019488412773982427,6.2786552804884215,352.1809355185953,250
1071,2564.121756232369,1646.0938275257793,276.4733165923176,-14.743315777806455,7881.000579599146,141.9649946464579,55.51368912615093,-3.7466033769334643,0.019557338326639105,6.2786552804884215,352.1809355185953,250
1174,1276.275733959905,1837.1249119832141,276.45017292395937,-14.929716175464588,7837.345793025801,139.65104658657225,56.120924150520324,-3.740572500270324,0.019345725617206076,6.2786552804884215,352.1809355185953,250
227,880.3284831661089,357.2546716002271,276.67262592621654,-14.98079656163502,7817.621126247512,157.18964792338426,49.73368939701357,-3.7378365256379946,0.021830272661516936,6.2786552804884215,352.1809355185953,250
59,319.45902404037366,106.36109453891896,276.7124476648264,-15.060590003763824,7809.31551390735,206.884185714124,37.74728110295676,-3.736682402462458,0.028762336472360036,6.2786552804884215,352.1809355185953,250
248,160.61612629725636,374.0600046211219,276.67316930573674,-15.084588447654177,7797.842839557823,168.7632334747753,46.20581556185549,-3.735086173364477,0.023497042240204137,6.2786552804884215,352.1809355185953,250
1097,2047.8241048920356,1693.057678545472,276.4684637633911,-14.817940572270532,7728.990362622426,140.1423643968103,55.150991606920115,-3.7254568927470713,0.019685956106431476,6.2786552804884215,352.1809355185953,250
220,1935.431439881456,345.88125180293866,276.66983301853077,-14.828632792416926,7703.948020768119,149.91368240128074,51.389225435384965,-3.7219333380757513,0.021126996774160797,6.2786552804884215,352.1809355185953,250
278,207.6148515895327,407.19151955885616,276.66802543545856,-15.077952567934318,7701.9257317306765,143.32643876340558,53.73695040622993,-3.721648294530371,0.020203974951919317,6.2786552804884215,352.1809355185953,250
603,1367.6273186731376,915.0344687226236,276.58735405321994,-14.912851259985123,7678.484872837347,135.3576582728966,56.727376720396855,-3.7183388108590965,0.01913890722201555,6.2786552804884215,352.1809355185953,250
504,1309.2373053771576,758.0549366966557,276.6110170614354,-14.920625474284876,7665.379586080875,143.35551940095993,53.47111585317549,-3.7164841427859634,0.020304420109376185,6.2786552804884215,352.1809355185953,250
420,224.34253126517547,634.2966501373648,276.6340585884716,-15.076472802019763,7647.605225069274,140.69005358866443,54.35782438059609,-3.713963631445859,0.019973205557276837,6.2786552804884215,352.1809355185953,250
472,1425.9482218393987,716.5057245411969,276.6167219005953,-14.903630309480032,7647.237352944008,141.0977909794978,54.19813662465622,-3.713911403110306,0.020032054008035496,6.2786552804884215,352.1809355185953,250
880,2517.2514643677096,1315.4509706755753,276.5228084133287,-14.748736985525358,7626.2033600194845,140.7167745759054,54.19541048324527,-3.7109209332462365,0.020033061661847706,6.2786552804884215,352.1809355185953,250
164,2654.437163190403,262.10463952584075,276.6792504165767,-14.724579530967045,7614.508902184578,180.57367296430525,42.168433399977246,-3.7092547251924604,0.02574674732878708,6.2786552804884215,352.1809355185953,250
290,850.6844724992148,426.20893001490833,276.6624638260792,-14.985355012239227,7552.976045878982,150.29861342212143,50.2531319079176,-3.7004452466763977,0.02160462360812468,6.2786552804884215,352.1809355185953,250
906,82.58762007695866,1349.2724486886602,276.5279275360394,-15.09977160967723,7538.965530847752,149.38007008923674,50.468349133482945,-3.69842937248164,0.021512492852271612,6.2786552804884215,352.1809355185953,250
261,2128.380668211286,383.07163451554175,276.66346503286024,-14.800963609806864,7439.502690738213,164.55174876360894,45.21071788441229,-3.6840097412817774,0.02401421722114098,6.2786552804884215,352.1809355185953,250
833,927.4333357533426,1252.4936283096758,276.5388531271412,-14.977661419981569,7352.123291470809,139.72164983731852,52.61978583870913,-3.6711819316767933,0.02063292319979983,6.2786552804884215,352.1809355185953,250
937,2946.3219053334396,1389.1254423557793,276.51002493776497,-14.687159904713326,7351.512219223543,133.66856710535555,54.99806258437103,-3.6710916868849557,0.019740695380577405,6.2786552804884215,352.1809355185953,250
896,2951.195173836732,1335.3960151984297,276.51801314292516,-14.686237916621039,7259.194924605923,134.63393167563166,53.9180192857713,-3.6573711240134212,0.020136125443437996,6.2786552804884215,352.1809355185953,250
639,2429.14429310388,975.9487536641657,276.5737951067123,-14.760053160082842,7252.1073105374235,145.57201622949978,49.81800416299931,-3.656310532801586,0.0217933258917339,6.2786552804884215,352.1809355185953,250
530,1786.3862167930786,798.9668540701368,276.60289984043226,-14.852006038888875,7242.851949080592,133.86944723294775,54.103845939374224,-3.6549239980473307,0.020066965317337614,6.2786552804884215,352.1809355185953,250
54,2468.4153721714206,99.60227769834673,276.70427023907416,-14.750723693210695,7228.893159165775,152.54872471083303,47.38743750803985,-3.6528294934562338,0.022911135463186797,6.2786552804884215,352.1809355185953,250
52,1390.4845053218232,97.30540650394511,276.70922990328086,-14.906166260093205,7227.597805289872,149.11703723234987,48.46929592644761,-3.6526349216741516,0.022399747701050892,6.2786552804884215,352.1809355185953,250
1150,1630.1076481005725,1791.820365621316,276.45546709147874,-14.8785441835348,7213.284835963306,135.635429679058,53.181420614300094,-3.650482682857428,0.02041502441001103,6.2786552804884215,352.1809355185953,250
30,3046.894399278569,58.47094686138037,276.7079140343427,-14.667094811051145,7159.318407863306,609.577439034194,11.744723392661038,-3.6423291731279175,0.09244151298432664,6.2786552804884215,352.1809355185953,250
642,839.0675473271048,978.2709056384563,276.5801409383033,-14.989289749448025,7152.666713302227,149.74194581830972,47.76662059661598,-3.641319950987618,0.02272926127993481,6.2786552804884215,352.1809355185953,250
1030,1455.578407158057,1553.382699906108,276.49176047001947,-14.902750843419533,7113.268183582666,136.5379377181545,52.097375297011425,-3.635322935132183,0.02083982146529139,6.2786552804884215,352.1809355185953,250
1117,2212.2486266950173,1730.5678946662179,276.4621862041083,-14.794386639596727,7095.406932994549,132.8505336753805,53.408945652654545,-3.63259324830614,0.02032805528610989,6.2786552804884215,352.1809355185953,250
110,799.086431759296,168.52578906741473,276.70112929791327,-14.991721502559113,7093.970626395603,138.5705367147932,51.193931946705675,-3.6323734430223062,0.021207591578045703,6.2786552804884215,352.1809355185953,250
1076,2034.3642731102766,1651.097985882687,276.4747773965265,-14.819713264962392,7085.272646121215,135.88068734443289,52.14333828148319,-3.6310413954517524,0.020821451709499523,6.2786552804884215,352.1809355185953,250
1013,835.7957554359696,1518.2539137982853,276.49957782132213,-14.991927235703956,7066.787462114822,145.34001033654653,48.62245052653502,-3.628205052928078,0.022329191314771242,6.2786552804884215,352.1809355185953,250
955,1191.3780382691355,1416.2755072298999,276.51331510141796,-14.940280185766133,7049.278362638346,142.48604941711733,49.47346348274495,-3.6255116292504757,0.02194509790847095,6.2786552804884215,352.1809355185953,250
51,1808.8195697491017,96.26645297738045,276.707595120371,-14.845840572907177,7019.080382882385,147.1079516477415,47.713806794686256,-3.62085051833048,0.022754420008275492,6.2786552804884215,352.1809355185953,250
475,852.3485996810812,717.8465529552137,276.6189432737761,-14.98631514708187,6986.744172910112,136.01767296970453,51.36644393604853,-3.6158370817944157,0.021136366795250647,6.2786552804884215,352.1809355185953,250
953,591.1560478393235,1412.142193105271,276.5164299502838,-15.026754522772535,6977.180587487208,150.43803732169502,46.37909874194438,-3.6143498877937885,0.02340925178475091,6.2786552804884215,352.1809355185953,250
13,529.3583793783132,34.81651687292185,276.7222294985268,-15.030040241284752,6889.974939020525,144.58118307947575,47.6547140663051,-3.6006940839362525,0.02278263591067602,6.2786552804884215,352.1809355185953,250
266,1646.2051664473988,390.4869460608006,276.6644132384142,-14.870524267675442,6818.238446004078,132.72938407573773,51.36947250590322,-3.5893304413547478,0.021135120666758548,6.2786552804884215,352.1809355185953,250
1049,2903.4785170774544,1597.3797988241552,276.479161918984,-14.69418377935862,6792.6818518892105,130.08533269336078,52.217123262474395,-3.585253163477491,0.02079203012664303,6.2786552804884215,352.1809355185953,250
477,1075.1040116939039,722.1464134935733,276.6173620772529,-14.954226967653934,6765.462754428474,154.60808776319763,43.758789415924085,-3.580893747032954,0.02481101544378893,6.2786552804884215,352.1809355185953,250
536,1164.8450524162306,810.159847556872,276.6038531319044,-14.941652346648961,6721.307250989397,144.09064654242505,46.64638137361971,-3.5737843501946025,0.02327511734091349,6.2786552804884215,352.1809355185953,250
993,413.4335095595153,1489.389815905589,276.50563860166665,-15.052665857090352,6705.370720063482,147.10555092404886,45.58203737346043,-3.5712069625835685,0.023818593080969553,6.2786552804884215,352.1809355185953,250
140,1042.6383125122752,217.9913748552038,276.69271212866244,-14.956820430117588,6666.264608637022,135.0683237291083,49.35475931430686,-3.5648563493622563,0.02199787852445832,6.2786552804884215,352.1809355185953,250
304,1478.1119168897562,441.671094834756,276.6574942104163,-14.894973030975384,6652.51437374152,133.5108478040352,49.82751950991997,-3.562614532274708,0.021789164114096673,6.2786552804884215,352.1809355185953,250
1067,2266.080809691409,1637.4938063740644,276.47584126150235,-14.786253237288397,6595.2311579542,135.12280290751343,48.809164819267345,-3.553225032940434,0.022243773357322878,6.2786552804884215,352.1809355185953,250
893,2701.8904533943805,1332.5232637774602,276.5194883420546,-14.722180470093887,6593.880901836936,131.40455075725706,50.18000414626262,-3.5530027250321092,0.021636108216241796,6.2786552804884215,352.1809355185953,250
66,677.3406903242773,113.85328500484442,276.7098053079086,-15.009041510579861,6558.565048958146,144.57376288027447,45.36483604144325,-3.547172054088156,0.0239326336153437,6.2786552804884215,352.1809355185953,250
580,1680.1231236342662,874.5590543993042,276.5920745945593,-14.867636923433539,6552.656476906734,138.35039426514354,47.36275969224059,-3.5461934799688395,0.022923073044197415,6.2786552804884215,352.1809355185953,250
134,741.2532493279546,212.85551918766683,276.6947614665331,-15.000242349677881,6529.004204546916,140.38114843286758,46.50912374939849,-3.542267349023489,0.023343806816271004,6.2786552804884215,352.1809355185953,250
71,262.4591592003097,121.9069118953938,276.71037022365425,-15.068869070785079,6484.305954421085,349.71693095653643,18.541584294147224,-3.5348087241674775,0.05855486687524909,6.2786552804884215,352.1809355185953,250
616,1641.4692558728507,934.7004046658633,276.5832675834719,-14.873455838523366,6473.077342272358,135.70544933583352,47.699465083773305,-3.532926968644523,0.022761261538116077,6.2786552804884215,352.1809355185953,250
321,394.08228048766404,478.1027672319587,276.6566535927504,-15.051374306123519,6468.404458221863,129.80160439061558,49.83300852550569,-3.5321428977486296,0.021786764077154075,6.2786552804884215,352.1809355185953,250
712,934.838945409279,1073.135742195333,276.56558442350655,-14.975871737828596,6467.537190322444,137.5020195888208,47.03594325132566,-3.531997315125483,0.02308234777388887,6.2786552804884215,352.1809355185953,250
1118,960.5926869120836,1731.1226067530922,276.46729528195294,-14.974787450988595,6458.547488599317,136.63918214066885,47.26717027587518,-3.5304871213666056,0.0229694308684718,6.2786552804884215,352.1809355185953,250
401,1736.7894994305955,604.4910263084242,276.6321128680662,-14.858353528997933,6425.6420552778,137.45353567239377,46.74773932765652,-3.5249413013759994,0.02322465247763729,6.2786552804884215,352.1809355185953,250
998,2772.135533815355,1497.9818993487154,276.4945283893492,-14.712722580538953,6423.859736504382,127.10700346487336,50.53899125455859,-3.524640102455685,0.021482423234992262,6.2786552804884215,352.1809355185953,250
1073,2173.4903565807913,1646.802126067919,276.47483887205897,-14.799639290200629,6420.494193904917,133.42225209080812,48.1216145979539,-3.524071122255931,0.02256158711778061,6.2786552804884215,352.1809355185953,250
98,2781.847028887983,149.80315670485155,276.69544230324885,-14.705723327436823,6400.347145938402,132.22160295566226,48.40621352990724,-3.5206588037002433,0.022428938783431437,6.2786552804884215,352.1809355185953,250
16,2288.288814086987,35.31607710933373,276.71462668771744,-14.776432198357215,6388.052512525552,144.7530798692133,44.13068459957645,-3.5185711722389703,0.024601929697016762,6.2786552804884215,352.1809355185953,250
931,1923.0636126200754,1382.6570767683775,276.5152759054347,-14.834680253283436,6380.110095148761,133.24009314463623,47.88431128026122,-3.5172204107431297,0.02267339700566071,6.2786552804884215,352.1809355185953,250
318,209.83269265782909,473.9884879415268,276.6580464717881,-15.077907483929284,6371.755960425857,145.70848697570983,43.729477209437036,-3.5157978130172425,0.024827646459164635,6.2786552804884215,352.1809355185953,250
1060,157.26358301100643,1624.2451979420357,276.486569225083,-15.09009985568273,6308.760295364365,144.95921828207292,43.520932094765364,-3.5050100445055614,0.024946616438175657,6.2786552804884215,352.1809355185953,250
125,1677.4855583825392,200.1932006523917,276.69265892168556,-14.865216927995924,6288.802233658353,129.3308047086649,48.62571023063475,-3.5015698221211773,0.022327694440872077,6.2786552804884215,352.1809355185953,250
1179,2450.3915745540876,1843.7527899769482,276.4443191446104,-14.760505012235571,6275.095823257434,135.23161358528827,46.40258040920171,-3.49920088346124,0.023397405713771555,6.2786552804884215,352.1809355185953,250
1011,813.2528251624447,1515.3189167070254,276.5001094183552,-14.995163790389329,6270.356730586209,140.2089690305097,44.721509429412954,-3.498380601416647,0.02427690866994629,6.2786552804884215,352.1809355185953,250
380,2564.903297856421,570.4688809429477,276.63366774045454,-14.738791437916731,6215.792927570408,134.87628411370397,46.085143644158705,-3.488891323275234,0.02355856820981424,6.2786552804884215,352.1809355185953,250
962,2087.0975375145727,1429.5835969746242,276.5075919228997,-14.811221366676026,6203.060775718797,160.62082555381483,38.61928087052763,-3.486665069000339,0.028112900487190423,6.2786552804884215,352.1809355185953,250
988,194.54191270123394,1474.720650794319,276.5087359909771,-15.084141054444927,6152.793855762022,135.3529777696385,45.45739559741091,-3.477830889961324,0.023883902404251197,6.2786552804884215,352.1809355185953,250
121,205.28083389349536,189.22330610555468,276.7005668157663,-15.077388470766083,6150.123282137065,375.3537275633044,16.384873335512115,-3.477359532073576,0.06626233708178167,6.2786552804884215,352.1809355185953,250
1145,3068.709941015735,1787.416094259219,276.4501455204229,-14.671121216829134,6126.969722366193,288.91164744684806,21.207070661605606,-3.4732643137826544,0.051195189440548634,6.2786552804884215,352.1809355185953,250
1133,1610.7375764501246,1764.5092930305566,276.4596213771204,-14.88122773998842,6114.672251303098,140.07276314680564,43.65354201583438,-3.4710829374476533,0.024870834069001452,6.2786552804884215,352.1809355185953,250
41,1668.1083774790943,74.88185705098037,276.7113864554436,-14.866041189060448,6112.406257258495,131.3536434343997,46.533968129411946,-3.4706805074149294,0.023331343610771504,6.2786552804884215,352.1809355185953,250
926,1171.152967988681,1372.657284043593,276.5199071059803,-14.943020361525406,6079.764214781899,140.0789244441423,43.402419306883374,-3.4648668203320265,0.025014734600930743,6.2786552804884215,352.1809355185953,250
229,2871.81139312408,358.4362579197368,276.663962263902,-14.693629622340517,6069.504534730775,135.03676415102703,44.947052551870655,-3.4630330789014403,0.024155087783499483,6.2786552804884215,352.1809355185953,250
710,1174.0506914962107,1067.5697608952548,276.565412105612,-14.941373546385188,6064.727613756724,135.52419410384246,44.75014704097601,-3.46217822854861,0.024261372795174634,6.2786552804884215,352.1809355185953,250
1267,2753.007998211199,2020.3872832878717,276.41672836113645,-14.717576374332825,6060.72599114888,129.42929938510554,46.82653788548852,-3.4614616027064087,0.023185570597916382,6.2786552804884215,352.1809355185953,250
720,719.1882240146471,1088.9375088526017,276.56412953304573,-15.007012387809052,6053.006166707521,141.10207606821044,42.898065963121795,-3.4600777692328255,0.025308833291769948,6.2786552804884215,352.1809355185953,250
324,503.81610823683695,481.772626078074,276.6556418430742,-15.03557592554106,6044.412089589285,146.1217667621743,41.36558312648302,-3.4585351421952604,0.026246457028788136,6.2786552804884215,352.1809355185953,250
577,591.076144752468,871.452485323427,276.5971218098735,-15.024593749893906,6026.70278314114,143.25747767760444,42.06902760569335,-3.4553494134254867,0.025807584862100986,6.2786552804884215,352.1809355185953,250
777,2098.7093853379606,1170.7538216365363,276.5461405333389,-14.808497998628185,5957.723617798736,129.64575414581148,45.953866033268895,-3.4428508587630953,0.023625868587726515,6.2786552804884215,352.1809355185953,250
807,1196.5306196355225,1209.8003743725887,276.54409844956007,-14.93870844602853,5922.104402773461,136.7185905424194,43.316014151974606,-3.436340126931128,0.02506463305212738,6.2786552804884215,352.1809355185953,250
1140,2783.2954301691657,1779.4194560308547,276.4525264304995,-14.712247559810708,5921.9748078672565,130.75827650330635,45.28948351286592,-3.4363163672315986,0.023972452670862815,6.2786552804884215,352.1809355185953,250
205,2757.5349911193393,321.561022109678,276.66994715187155,-14.709958912966341,5907.46502534335,137.5422156983986,42.95019529347404,-3.4336528760888134,0.02527811556109418,6.2786552804884215,352.1809355185953,250
239,1569.7095700583486,367.46438362605295,276.66817236133153,-14.881457563821122,5895.666474201571,130.54817827166383,45.16084829566141,-3.431482245624256,0.02404073530444075,6.2786552804884215,352.1809355185953,250
579,1360.78324103255,874.5447337140946,276.593422763497,-14.913672381865634,5895.594800072868,133.9901880694687,44.0001979623779,-3.431469046154807,0.024674888984097785,6.2786552804884215,352.1809355185953,250
158,1568.3812664433062,248.30324321316033,276.68594977590755,-14.881150647867505,5889.067675921309,131.66614780732667,44.72727252975504,-3.4302663412418073,0.024273780594999007,6.2786552804884215,352.1809355185953,250
622,1319.3017191536492,943.6366266648477,276.5832907190938,-14.919933865003946,5875.185427929391,137.8488780491106,42.62048056594464,-3.427703923362615,0.02547366865843167,6.2786552804884215,352.1809355185953,250
435,2002.3702667003715,666.8371737478357,276.62168954715776,-14.820318134847975,5862.686547123711,125.1972081174095,46.827614092046716,-3.4253916656437395,0.023185037740037183,6.2786552804884215,352.1809355185953,250
63,411.5661673856716,111.54445758142093,276.71128201087845,-15.047337409336405,5849.570930399495,137.6265690262698,42.5032097492959,-3.422960007032257,0.025543953183864793,6.2786552804884215,352.1809355185953,250
518,86.57326159234076,780.2761688624744,276.6128487872205,-15.096916239071309,5780.150638766587,142.0566371732958,40.6890572224045,-3.4099978705358454,0.02668284974177736,6.2786552804884215,352.1809355185953,250
95,1761.067117375601,143.83512381194925,276.70070609155573,-14.85292739814379,5750.283628487843,128.2232672677417,44.84586729864506,-3.4043731445001955,0.024209588651055092,6.2786552804884215,352.1809355185953,250
1021,464.98091173286656,1533.556586786729,276.49883257366605,-15.045414322959866,5738.988581454207,135.5120506982064,42.35039283875413,-3.4022383799606235,0.025636125835567087,6.2786552804884215,352.1809355185953,250
1055,1794.1941078678083,1608.737364737872,276.4820946388142,-14.854164974620165,5738.482943985669,129.4231873811705,44.33890912518624,-3.4021427162240228,0.024486394036773447,6.2786552804884215,352.1809355185953,250
265,1214.7389984783374,390.42343364362097,276.6662573573286,-14.932729328584328,5734.158864846191,146.1142447863458,39.244352070059364,-3.4013242805795545,0.02766512740640485,6.2786552804884215,352.1809355185953,250
485,1587.2171227306658,739.3829564255442,276.61262803073834,-14.880475428622006,5669.148347183276,130.80664551260702,43.339910789447536,-3.3889445321221494,0.0250508129856222,6.2786552804884215,352.1809355185953,250
447,2970.491282031603,687.7768009426148,276.6144570057309,-14.680778848309332,5665.588846864848,127.89374120282227,44.2991876973869,-3.3882626145042205,0.024508350072162677,6.2786552804884215,352.1809355185953,250
270,270.61224241806224,397.53410180562304,276.66920019063934,-15.06883505662413,5660.2386674315785,131.05328104299196,43.19036213656292,-3.3872368379881284,0.025137552599516128,6.2786552804884215,352.1809355185953,250
538,1569.681354711314,814.0581062182671,276.60156421837627,-14.883310573542596,5629.912363536219,131.9370208471235,42.671210304647126,-3.3814040647693826,0.025443384245460728,6.2786552804884215,352.1809355185953,250
625,1810.1915209179656,948.7499188828856,276.58046136387196,-14.849188961009112,5620.146256118518,138.82064411587427,40.48494582280827,-3.379519022313166,0.02681737564258619,6.2786552804884215,352.1809355185953,250
289,656.8091826748416,422.6220610269673,276.6638207581416,-15.013283207425783,5614.646014449332,138.81891262223664,40.445829090509335,-3.3784559297613064,0.02684331176820309,6.2786552804884215,352.1809355185953,250
40,1143.3033891580692,73.17205123143572,276.71388600748645,-14.941701843428119,5603.200122781011,139.92283366378973,40.044930309548526,-3.3762403131196534,0.027112046184311126,6.2786552804884215,352.1809355185953,250
424,2347.1484795405077,638.0771530929053,276.6245147014143,-14.770479326938474,5595.42610115229,128.8844507507173,43.414283635926886,-3.3747328892757027,0.02500789853184504,6.2786552804884215,352.1809355185953,250
576,1035.2258007736243,867.0460219412039,276.5959120909348,-14.960567209057542,5562.25310582621,127.62432555353288,43.58301665220621,-3.368276846311714,0.024911079668117488,6.2786552804884215,352.1809355185953,250
825,1186.063253001488,1240.506218936324,276.539561147517,-14.940340759336427,5540.2141503271705,137.3715744581432,40.33013505290544,-3.3639663587817203,0.026920316497223946,6.2786552804884215,352.1809355185953,250
922,2473.3442053245362,1368.1780226221513,276.5151314063494,-14.755282598544428,5524.80285586603,129.48130165741438,42.66873120015216,-3.3609419420692976,0.02544486253662327,6.2786552804884215,352.1809355185953,250
1090,37.478111424166286,1679.5532417277918,276.47880707618754,-15.107570390145277,5460.6353187185305,547.9314675062799,9.965909319956962,-3.348257912628621,0.1089413886022283,6.2786552804884215,352.1809355185953,250
722,32.817146968774445,1094.859009821978,276.5661142350601,-15.105927617308755,5444.629003837821,152.64015633339514,35.66970274811378,-3.3450707091759666,0.030437595952700004,6.2786552804884215,352.1809355185953,250
693,1424.5542373752112,1053.490497671481,276.56646116688256,-14.905209469062754,5443.272687277611,127.96993633071156,42.535558298713305,-3.3448002067331775,0.02552452685293289,6.2786552804884215,352.1809355185953,250
812,1597.7410631600112,1214.1315444500876,276.5417727964038,-14.880896515404304,5388.350664793688,141.41090521067056,38.10420884277809,-3.3337896061316408,0.028492915427786748,6.2786552804884215,352.1809355185953,250
652,680.8479369072716,1003.1540323630055,276.5770913435116,-15.012190988756533,5383.541258183919,131.23715371980742,41.02147224007792,-3.3328200926489693,0.026466626883743894,6.2786552804884215,352.1809355185953,250
1121,663.3248270983764,1739.496585678299,276.4672748224554,-15.017650820166244,5365.547290558345,136.2683127454235,39.3748714022919,-3.329185045774281,0.0275734233874045,6.2786552804884215,352.1809355185953,250
291,2029.4604473384989,425.35562238204324,276.65758193699014,-14.815406063284971,5324.690082773537,130.81491805777972,40.703997386763426,-3.320885816456842,0.026673055957719276,6.2786552804884215,352.1809355185953,250
161,181.6883353479033,253.99255439075307,276.69100030631523,-15.081056472406594,5304.066196312575,336.27361628918396,15.77306675094979,-3.316672317204739,0.068832524273355,6.2786552804884215,352.1809355185953,250
390,1262.0750404448022,580.1027860268799,276.63776189239957,-14.926691380543147,5291.351976614882,127.45365937073586,41.51588901204832,-3.3140666068794826,0.02615143324246096,6.2786552804884215,352.1809355185953,250
688,493.7247701323891,1046.7716852889967,276.57136569950546,-15.03933045007097,5270.8044885385025,140.44727674161047,37.52870551015045,-3.3098422460800063,0.028929854766942306,6.2786552804884215,352.1809355185953,250
143,942.7605083790578,231.0012573012007,276.69119656518745,-14.971272258022752,5262.950530047383,137.6250184330475,38.24123397017185,-3.3082231978584375,0.028390820255613243,6.2786552804884215,352.1809355185953,250
191,1082.0623754385272,300.6673407383926,276.6802107437019,-14.951482067272655,5242.311258323287,128.8839184350304,40.67467316309058,-3.303956986538048,0.026692285778099303,6.2786552804884215,352.1809355185953,250
224,992.0709535995508,350.9204780926073,276.6730963617348,-14.964663378172895,5220.139217824792,133.6444068249929,39.05991535179287,-3.2993551921123654,0.02779575916183254,6.2786552804884215,352.1809355185953,250
437,2917.7807855641468,678.0170547886788,276.6161357901093,-14.688341587648356,5209.193069915811,137.22735778252954,37.96031020411438,-3.2970761136203928,0.028600925391866927,6.2786552804884215,352.1809355185953,250
1006,3025.4820695271787,1504.640088695565,276.4924750303096,-14.676213044587563,5199.760649210977,125.51091048174588,41.42875411589993,-3.295108360907234,0.026206436161770062,6.2786552804884215,352.1809355185953,250
519,2324.854085399957,779.4472267467945,276.603532507861,-14.77428153519562,5169.450169523392,130.1183957122207,39.72881882863453,-3.2887608616638215,0.02732776941300561,6.2786552804884215,352.1809355185953,250
572,2473.0676893892946,858.7066290205839,276.59108849577314,-14.753235146471454,5143.818640369631,126.36006227318612,40.70762983045127,-3.283364098135978,0.026670675854182112,6.2786552804884215,352.1809355185953,250
945,973.830958804213,1398.055724649818,276.5169397933442,-14.971558119715642,5129.381771393295,127.8725586526676,40.11323324909702,-3.2803125385399285,0.027065881058701245,6.2786552804884215,352.1809355185953,250
216,864.9029769320138,343.728283708459,276.6747095241541,-14.98296385809972,5097.585509228578,155.40448957578113,32.80204788898845,-3.2735612772333105,0.03309854322737168,6.2786552804884215,352.1809355185953,250
611,498.21857263447964,930.4509686482387,276.58870683456354,-15.038213330380758,5093.241376034799,148.94462979988515,34.19553550119822,-3.2726356245800825,0.03174975867718044,6.2786552804884215,352.1809355185953,250
1149,2569.4446059497723,1789.654435429925,276.45189043637043,-14.743123944734768,5091.349842685682,125.21364796020136,40.661301109156625,-3.272232327831268,0.026701063920345346,6.2786552804884215,352.1809355185953,250
957,2393.191431886373,1417.7481758454473,276.5080763570314,-14.76704096171911,5088.009478923894,125.61955159691003,40.50332463572532,-3.2715197576411743,0.026805206974105416,6.2786552804884215,352.1809355185953,250
627,53.70252782478988,953.4699972577076,276.5871333746408,-15.10235136741254,5081.864632611192,146.1789456728137,34.76468248707799,-3.270207709359532,0.031229970255116066,6.2786552804884215,352.1809355185953,250
1096,2169.2186616232325,1689.1486121657788,276.46854177081065,-14.800424566697782,5070.501534702111,127.60343084946791,39.73640442852759,-3.267777274572886,0.027322552596644942,6.2786552804884215,352.1809355185953,250
853,766.1958026210899,1282.629387478851,276.53502907334985,-15.001016747620604,5036.162751810276,136.72240993619047,36.83494720551442,-3.260399369812072,0.02947472664865023,6.2786552804884215,352.1809355185953,250
634,1788.5643004349868,968.4284224944281,276.57761766835307,-14.852387555550928,5031.033069582452,133.90278377686334,37.57228137964783,-3.25929290833174,0.028896302277457722,6.2786552804884215,352.1809355185953,250
766,2456.0069006406393,1155.5329930649898,276.5469078404601,-14.756916239422036,5023.563757733937,134.42000781323108,37.37214302735268,-3.257679774771109,0.0290510501151988,6.2786552804884215,352.1809355185953,250
1002,2027.489652930174,1501.8177754554974,276.4970686936205,-14.820105778783844,4992.601375634258,144.8975366241884,34.45608180754137,-3.2509672084619683,0.03150967675501554,6.2786552804884215,352.1809355185953,250
520,504.767676130296,780.3231913186812,276.61108419701395,-15.036660459594371,4953.215124724084,129.19436551486777,38.33925036114725,-3.242367954268233,0.02831823757045186,6.2786552804884215,352.1809355185953,250
886,1553.4132007377884,1322.7808362195317,276.5257518724802,-14.887724901339622,4947.878140596033,129.08304119239784,38.33096969896484,-3.241197465858928,0.028324355176157213,6.2786552804884215,352.1809355185953,250
1025,867.5015631465676,1539.8232896395239,276.4962274606803,-14.987444326088413,4913.0122048038465,134.8998478415449,36.419701603924224,-3.233519585823854,0.029810787902859036,6.2786552804884215,352.1809355185953,250
768,353.85680656594263,1159.8048888304286,276.55507994845476,-15.059936838136773,4895.755834903481,127.45756668544263,38.410868512701974,-3.2296993537993437,0.028265437414959082,6.2786552804884215,352.1809355185953,250
792,1467.4807421999099,1195.2011516431553,276.54514219870214,-14.899596428690085,4893.403431569022,140.8031272976149,34.75351382804061,-3.2291775338047857,0.031240006560833318,6.2786552804884215,352.1809355185953,250
1007,30.38476900242689,1506.7768634326676,276.504630641752,-15.107913709407024,4880.789362126787,248.59148790598854,19.633775087152568,-3.226375141878366,0.05529756733896946,6.2786552804884215,352.1809355185953,250
302,1833.853054362065,439.6454319813461,276.65628378629594,-14.843672502210847,4873.278054615686,130.36207332032805,37.38263691649779,-3.224702957388863,0.02904289503239555,6.2786552804884215,352.1809355185953,250
215,689.1325543287785,341.69066313749147,276.67575975953565,-15.008289814496381,4861.663368841633,136.10206420047643,35.720717370461564,-3.222112188675053,0.030394126432012676,6.2786552804884215,352.1809355185953,250
1095,595.7705347572161,1688.4137659934988,276.4751780785882,-15.027182485585682,4846.307708005159,139.0605301406153,34.85034684611562,-3.2186774419724573,0.031153205010957044,6.2786552804884215,352.1809355185953,250
978,556.1585523796126,1459.5433369817347,276.50950092678306,-15.031985153764714,4843.985091912211,131.73441449106932,36.77084010754532,-3.2181569729872104,0.029526113540637222,6.2786552804884215,352.1809355185953,250
778,2686.321328119162,1170.1816873002547,276.54375458994997,-14.72376256477977,4829.666972431034,123.08883646203701,39.23724613255725,-3.2149429413157007,0.02767013761190382,6.2786552804884215,352.1809355185953,250
331,2697.955921368704,488.84897703184123,276.6452672663467,-14.719258029964818,4815.825912369095,126.95068987500558,37.93461789857708,-3.211826926298986,0.028620296187054108,6.2786552804884215,352.1809355185953,250
1189,936.8121038476055,1871.603482169257,276.44643038448396,-14.978766221862884,4814.121855687146,128.19944074962976,37.551816353778044,-3.2114426758132253,0.028912050212739418,6.2786552804884215,352.1809355185953,250
287,3018.9869130338,420.2203962819631,276.6541249769733,-14.672658711224443,4810.924830173841,181.53532635209703,26.50131479557211,-3.210721406277965,0.040967778707394584,6.2786552804884215,352.1809355185953,250
338,785.3469619269346,500.8638000583571,276.65160181065994,-14.995080503985037,4797.414156451385,126.67808260288496,37.8709091413271,-3.2076680091612326,0.028668442997984874,6.2786552804884215,352.1809355185953,250
555,1416.1168849763608,834.4253268744377,276.5991740920431,-14.905531767048325,4792.210293951415,129.34164191344811,37.05079217378601,-3.2064896475883433,0.02930301719076736,6.2786552804884215,352.1809355185953,250
1138,1913.5547625266925,1766.202248301109,276.4581127523466,-14.83758719748166,4791.119482358772,134.6455300244501,35.583204889822625,-3.2062424822144155,0.03051158554609363,6.2786552804884215,352.1809355185953,250
1102,2071.3528482796287,1700.6757095073583,276.4672298185917,-14.81457912926355,4774.298964104877,128.45562224783353,37.16691321531781,-3.20242400535899,0.029211465415765126,6.2786552804884215,352.1809355185953,250
411,1801.501343241061,622.3356867333365,276.62917729008774,-14.849097086013161,4771.610912106553,130.38801986175417,36.59547032898976,-3.2018125360512255,0.02966760613375539,6.2786552804884215,352.1809355185953,250
669,2549.3222619003077,1015.8313742666353,276.56734198253025,-14.742886211661252,4760.3974979363265,127.6811661075445,37.28347447834784,-3.1992580239618307,0.02912014009398491,6.2786552804884215,352.1809355185953,250
789,1043.919415820985,1185.3167821187826,276.5483896887424,-14.960604241615405,4757.418505735259,133.7789535436832,35.561785914118445,-3.198578372287379,0.03052996277020397,6.2786552804884215,352.1809355185953,250
569,335.3477497084657,857.1007895965549,276.60033743296,-15.061384297534605,4748.794206627179,131.83822124410563,36.01985950519257,-3.196608351915522,0.03014170557337924,6.2786552804884215,352.1809355185953,250
150,754.3438485345462,238.423798672515,276.6908908901712,-14.998461966310428,4720.741910584678,132.5670962494456,35.61020829559296,-3.190175622337661,0.03048844845241649,6.2786552804884215,352.1809355185953,250
76,694.1621012298785,127.33422271874929,276.7077221826162,-15.006673238552168,4703.3711091283185,137.12226609395626,34.300564329250264,-3.1861730961866135,0.031652540453223826,6.2786552804884215,352.1809355185953,250
303,308.6045212245073,441.9239136595327,276.662414467963,-15.063543070534102,4666.156205978652,133.13399971521807,35.04856923069878,-3.177548161581176,0.030977013436800826,6.2786552804884215,352.1809355185953,250
156,1160.3671238959892,245.6433232816527,276.68808566629286,-14.939964361099353,4663.852407888102,133.4716466869748,34.9426453007359,-3.1770119740705915,0.031070916087086717,6.2786552804884215,352.1809355185953,250
384,291.17487057618854,574.9734737150463,276.64263092423676,-15.066600480882514,4659.033509056346,131.42033651690318,35.45138927914025,-3.1758895633833273,0.030625033942995025,6.2786552804884215,352.1809355185953,250
1143,2043.9537920151508,1787.0584703575462,276.4544609744489,-14.818873130543734,4633.754682810686,135.12201208109957,34.29311487775603,-3.169982573145039,0.03165941629595832,6.2786552804884215,352.1809355185953,250
375,1114.882956925417,563.9327928243018,276.64079726466366,-14.947842369188244,4623.432726328232,130.43260039097555,35.44691060723589,-3.167561335245007,0.030628903376938375,6.2786552804884215,352.1809355185953,250
564,1735.7181540030872,845.630218078259,276.59615455269477,-14.859503020395831,4576.7035041981435,127.62664371941848,35.86009449766479,-3.156531923654296,0.030275993836845604,6.2786552804884215,352.1809355185953,250
507,1137.5686723972092,765.2052786909426,276.61067469198287,-14.945399909681312,4574.361125536292,142.16347427178482,32.17676797059092,-3.1559760964414263,0.03374173568309637,6.2786552804884215,352.1809355185953,250
1147,1916.9018670318976,1789.936130987831,276.4545590293439,-14.837199052761044,4560.926031531155,151.17098995741105,30.17064340728397,-3.152782550745128,0.035985311461335434,6.2786552804884215,352.1809355185953,250
206,164.72270036817784,325.2466582694391,276.6804374781761,-15.083795531341423,4559.066247083712,238.50731558862515,19.11499542826242,-3.152339735603637,0.05679833950651861,6.2786552804884215,352.1809355185953,250
253,1061.5438172072086,376.8183908731631,276.66893767828316,-14.954756548767852,4553.9675208820845,132.1514090663633,34.46022674336518,-3.1511248005218944,0.03150588671646033,6.2786552804884215,352.1809355185953,250
1069,2672.654231120139,1639.7357188548838,276.47381175060247,-14.727640521527483,4526.48101569782,124.38967697070188,36.389523037060094,-3.1445517364603375,0.029835510591724252,6.2786552804884215,352.1809355185953,250
1126,594.4169331970504,1742.2262191756854,276.46715213209495,-15.027589000750552,4509.415116420307,132.21699675941414,34.106168094452855,-3.140450519165853,0.0318329516524192,6.2786552804884215,352.1809355185953,250
748,378.0077438357029,1128.4349790506888,276.5596612723183,-15.056331528428572,4508.968941256491,147.70257658692154,30.527354670776557,-3.1403430878286382,0.035564824129334954,6.2786552804884215,352.1809355185953,250
1212,260.9648487194711,1919.2834744830436,276.4420976598377,-15.076315109160584,4506.876716595463,141.8689570029566,31.767885038455162,-3.1398391741216054,0.03417602395267282,6.2786552804884215,352.1809355185953,250
325,885.4026502372545,483.63205035423766,276.6537491686064,-14.98058825075407,4497.386626594438,129.46464226641868,34.73833896161004,-3.137550538677924,0.03125365323885597,6.2786552804884215,352.1809355185953,250
840,114.82580025941162,1257.6850338970626,276.5414657592869,-15.094763713120633,4494.249124144553,141.76823964258,31.701382026575637,-3.1367928344659113,0.034247718256883726,6.2786552804884215,352.1809355185953,250
680,764.4706093186464,1031.5841809806655,276.5724984144815,-15.000255582030334,4491.751074661559,132.23652622832446,33.96755195237007,-3.1361891792745404,0.03196285683237899,6.2786552804884215,352.1809355185953,250
941,1788.545381613029,1390.9656866845692,276.5145989803623,-14.854105663146369,4484.416207061615,128.98725060457744,34.766352380120225,-3.134414762013149,0.031228470221132978,6.2786552804884215,352.1809355185953,250
1068,2236.6284489614923,1639.0777146296573,276.47572777484055,-14.790505790075454,4483.353821596131,139.4898249175629,32.14108143189475,-3.134157514031768,0.033779199442947834,6.2786552804884215,352.1809355185953,250
349,193.91602942817318,518.5401058444916,276.65146419600825,-15.080383625355955,4464.448828229943,134.70987822221227,33.141213451812035,-3.1295696018718964,0.03275981434954483,6.2786552804884215,352.1809355185953,250
877,2436.8192677002044,1311.6655210170452,276.52371025151825,-14.760319782742705,4449.805108034809,122.85198836221994,36.22086355586602,-3.1260024538854037,0.02997443720041207,6.2786552804884215,352.1809355185953,250
337,1589.5733379959722,493.9337356657955,276.6492259351294,-14.879120323445205,4393.017178120936,133.8673298689269,32.81620080435052,-3.1120572320719537,0.03308426854384881,6.2786552804884215,352.1809355185953,250
1161,2960.866966156975,1814.7814132866347,276.44651566563164,-14.68678317294019,4378.67837861969,136.68470551685843,32.034881752586664,-3.1085075950565493,0.03389118175572273,6.2786552804884215,352.1809355185953,250
231,1340.056193393177,360.89450512529595,276.67012934940163,-14.914540328526947,4376.399826428329,128.033640328447,34.18164019394803,-3.107942458662218,0.031762665391119146,6.2786552804884215,352.1809355185953,250
540,614.6659026024688,817.5147180209345,276.60507182241435,-15.020975230145849,4356.936036963161,133.3385208460225,32.67574898325512,-3.1031029388674325,0.03322647632519069,6.2786552804884215,352.1809355185953,250
27,1912.406293743393,47.32528966783134,276.7144490023133,-14.830695255532243,4356.463817321928,139.39306941525066,31.253087657780622,-3.1029852566836325,0.03473896761460333,6.2786552804884215,352.1809355185953,250
503,2534.2938368367863,756.2267917830862,276.6061066383567,-14.743980396404451,4353.093356845813,120.60953827006222,36.092446909950084,-3.1021449312629206,0.030081086015276252,6.2786552804884215,352.1809355185953,250
72,1398.0396140118528,122.30672141760574,276.70546867979016,-14.90518211512278,4352.759230109048,135.70545106286343,32.07505075159214,-3.1020615911209557,0.03384873833585776,6.2786552804884215,352.1809355185953,250
82,1285.044345445364,131.20920917460003,276.70462351565055,-14.921510819046002,4351.467911994463,152.9840795779432,28.443926479143556,-3.101739441706364,0.03816983568692906,6.2786552804884215,352.1809355185953,250
855,871.4082488436239,1284.7047303124284,276.5342805282058,-14.985864071085047,4351.45427224951,126.764219483889,34.32714917479183,-3.1017360384437342,0.03162802697281034,6.2786552804884215,352.1809355185953,250
597,714.3602423667171,901.806553318092,276.5920743507893,-15.006951188700462,4344.207616585714,139.78431095718645,31.077934189025484,-3.0999264100705046,0.034934754459432255,6.2786552804884215,352.1809355185953,250
783,1502.0947985650512,1174.3721625591181,276.5481041918745,-14.894522734683678,4338.53134261581,128.29053839486593,33.8180149284449,-3.0985068264427627,0.03210419068940677,6.2786552804884215,352.1809355185953,250
874,1663.08977852976,1306.6175310267834,276.52770420301226,-14.871850271091933,4336.769051576557,125.86771099160491,34.45497671651318,-3.0980657159050256,0.031510687380022474,6.2786552804884215,352.1809355185953,250
405,3070.7275251760298,605.8540355403485,276.62623948912847,-14.665975922244147,4329.617425292032,137.5520747014719,31.476205900118657,-3.096273785355128,0.03449272137325507,6.2786552804884215,352.1809355185953,250
124,2298.8775067051242,197.4611033009917,276.69040900638765,-14.775592445032311,4318.611758871266,135.24570832690551,31.93159925217479,-3.093510385661011,0.03400080250994805,6.2786552804884215,352.1809355185953,250
602,2943.48343110591,913.6211055898243,276.58091133952695,-14.685614900888668,4312.320939277735,122.70344958156821,35.144251885201335,-3.0919276663794037,0.030892676376963097,6.2786552804884215,352.1809355185953,250
209,2460.350365147266,329.9281281049839,276.6699707937757,-14.752861718099021,4297.180771757616,122.64678926361621,35.03704253130739,-3.0881090377248417,0.03098720444312249,6.2786552804884215,352.1809355185953,250
1058,1164.9904638254482,1619.6285939248648,276.4830845772721,-14.944893097739461,4289.228333409759,131.75117263813834,32.55552301754729,-3.0860978936963206,0.033349180088884225,6.2786552804884215,352.1809355185953,250
1218,1878.9747781820968,1922.3033383188626,276.43497360657835,-14.843190356577432,4289.057134407834,128.6334155603074,33.34325778201068,-3.086054557074957,0.03256130540986777,6.2786552804884215,352.1809355185953,250
391,1404.7468736339388,580.2262582359315,276.6371391939307,-14.906124522502843,4279.798411061143,126.56723761831537,33.81442537260384,-3.0837082612350724,0.03210759869601761,6.2786552804884215,352.1809355185953,250
476,984.2502665355158,718.5001748291846,276.6182894205023,-14.967307164909993,4270.146734610869,129.93957195660374,32.86255811306644,-3.0812569755644836,0.03303759848106031,6.2786552804884215,352.1809355185953,250
171,1681.925357470908,272.8738799658532,276.6818011043053,-14.864881851791424,4266.134384151286,135.09346755560006,31.579131554939803,-3.0802363075662393,0.034380299474390336,6.2786552804884215,352.1809355185953,250
1110,1485.254108133088,1716.6623160431222,276.4672792892092,-14.899123366013402,4231.023111310205,124.4533907629979,33.99684882324765,-3.071263472330652,0.031935312759269,6.2786552804884215,352.1809355185953,250
1042,827.0674063360979,1581.5838954835237,276.490163427647,-14.993436006486373,4228.967458400206,128.01293056252334,33.03547102481743,-3.070735836557459,0.032864674433864836,6.2786552804884215,352.1809355185953,250
999,2504.0475066827244,1499.4330081630665,276.49543358207086,-14.751386868913238,4218.564067590778,129.93377522069474,32.46703222795978,-3.0680616011953967,0.03344007522390738,6.2786552804884215,352.1809355185953,250
162,1699.0242604944704,260.2982249485536,276.68360356309347,-14.862363574715202,4202.336162200692,136.94353992895873,30.68663307798754,-3.063876954485532,0.03538022556077701,6.2786552804884215,352.1809355185953,250
994,2687.2227243921498,1492.7862270221704,276.4956583141575,-14.724946474823435,4183.111479551182,128.288668975805,32.607022217528105,-3.058898574930931,0.03329650873229311,6.2786552804884215,352.1809355185953,250
936,857.4267517439603,1388.9291950709833,276.5187863385324,-14.988295579670888,4174.305152140383,130.28252807051504,32.04040644560607,-3.0566104630750974,0.03388533793549582,6.2786552804884215,352.1809355185953,250
698,164.5745792761217,1054.823266724545,276.57154037138605,-15.086785928772366,4172.272575029987,133.24606208716887,31.312539445259617,-3.056081661289867,0.03467301021362429,6.2786552804884215,352.1809355185953,250
129,830.6190667349051,206.71877485181543,276.6952967203768,-14.987335654848673,4170.704550082359,125.29192325118018,33.28789631332499,-3.055673542832842,0.03261545847718227,6.2786552804884215,352.1809355185953,250
839,2752.337774216881,1256.092733789542,276.53067003184253,-14.71459342810336,4161.805672140967,143.40530085987925,29.021281969258936,-3.053354472737918,0.03741047694412804,6.2786552804884215,352.1809355185953,250
1086,2479.232230164021,1666.9650739517904,276.47055867795007,-14.75563960799998,4156.337628973968,122.02443458658209,34.061519260921884,-3.0519270259926925,0.03187467921448831,6.2786552804884215,352.1809355185953,250
614,2612.563310503661,931.8102056857413,276.57960037236256,-14.733419343938902,4144.461377651809,122.85093529315061,33.73569251029445,-3.0488202202923387,0.03218253188870211,6.2786552804884215,352.1809355185953,250
241,2149.615456469767,368.1644671332339,276.6655970844203,-14.797838690541608,4132.388489445846,133.8218403290034,30.879776270347907,-3.0456528362445616,0.03515893348756338,6.2786552804884215,352.1809355185953,250
845,1901.9306433377515,1262.8177905958528,276.533236842936,-14.837242355045383,4117.294307956618,124.15049823554818,33.16373567945704,-3.0416797580028465,0.032737566433823875,6.2786552804884215,352.1809355185953,250
464,83.56243127729162,709.6655660487498,276.6234014299288,-15.097063481919482,4116.817967534822,134.73235618860076,30.555525665802403,-3.041554139107936,0.03553203475779539,6.2786552804884215,352.1809355185953,250
548,414.9188547809796,827.7015485125747,276.6043910963174,-15.049799805230252,4098.061641680339,131.77455810133395,31.099035358016156,-3.0365961948885856,0.034911050696630294,6.2786552804884215,352.1809355185953,250
217,1525.7866878071595,343.855616287902,276.6718804229213,-14.88769182499126,4090.855399340653,126.86798438766316,32.244978266860954,-3.0346852999096976,0.03367035918010848,6.2786552804884215,352.1809355185953,250
152,2034.3250302611445,239.66667796030168,276.68524820407987,-14.813925151741296,4082.855212876748,125.86583001354421,32.43815428251972,-3.0325599261903413,0.033469845125715506,6.2786552804884215,352.1809355185953,250
823,2153.6087838682324,1238.6804682529516,276.5357809891213,-14.800858925229747,4075.4611457574065,125.68334172435937,32.426422546079706,-3.0305918709649493,0.03348195436783572,6.2786552804884215,352.1809355185953,250
199,1462.6418864027744,312.06880535645786,276.67689020762396,-14.896663166119408,4068.7610066302004,127.73847504413118,31.852274776448695,-3.028805430189542,0.034085477650178934,6.2786552804884215,352.1809355185953,250
357,1647.8564986597694,530.2904722508945,276.6435561953535,-14.870868157450303,4053.1753722787544,127.75187423678784,31.72693470442713,-3.024638466187097,0.03422013535548088,6.2786552804884215,352.1809355185953,250
184,661.025396843266,291.6025757457126,276.6833528357582,-15.01213315478324,4038.05994922854,138.82655658585895,29.08708570273551,-3.0205818838495353,0.037325843197068546,6.2786552804884215,352.1809355185953,250
514,1544.4489353971046,770.8898323204882,276.60810943822446,-14.886770794896126,4027.944568286068,127.69884408314287,31.542529591446662,-3.017858691456621,0.0344201943871492,6.2786552804884215,352.1809355185953,250
762,599.3270505606245,1154.4318971676917,276.55485685049126,-15.024547333776713,4026.74964816586,127.41221573893982,31.604109737926812,-3.017536551841893,0.03435312714083813,6.2786552804884215,352.1809355185953,250
1111,2325.961175913003,1722.8643486871454,276.46286196911444,-14.777961984846526,4019.198774770077,117.99930703049637,34.06120659447037,-3.0154986916421485,0.031874971809608674,6.2786552804884215,352.1809355185953,250
31,2164.8227894013676,57.31936647170685,276.7118763527234,-14.794333608043978,4009.0506037279847,134.68175700017866,29.76684216944591,-3.0127538235989455,0.03647346916477468,6.2786552804884215,352.1809355185953,250
93,557.02816010305,145.15075559317654,276.7056478595906,-15.02651297375532,4005.9715689303994,131.3865401472941,30.489969249813615,-3.0119196350844573,0.03560843210777056,6.2786552804884215,352.1809355185953,250
667,54.19397984098208,1015.8691714891505,276.5778165365516,-15.102531423127143,4005.064127476595,136.70125830634618,29.297931687660736,-3.0116736638813206,0.03705722340998081,6.2786552804884215,352.1809355185953,250
950,337.98675857841874,1405.9463227398303,276.51840673382384,-15.063204418276342,4001.4584216895746,127.60914523875354,31.357144616892036,-3.010695749797574,0.03462368826194511,6.2786552804884215,352.1809355185953,250
975,2845.554664682525,1454.7805067771196,276.5006609101269,-14.701959483011432,3994.9288062550186,131.81947277517347,30.306059659854846,-3.008922588680166,0.03582451866674641,6.2786552804884215,352.1809355185953,250
136,1466.4847433767434,212.11711892320878,276.6917813908203,-14.895690737455775,3982.0354975861264,135.005707300972,29.495312288604683,-3.005412796313489,0.03680923901997312,6.2786552804884215,352.1809355185953,250
758,314.6329698973291,1146.9107982567127,276.5571682134564,-15.065536310310835,3970.223874206451,127.83112479161358,31.05835046573039,-3.002187469781351,0.034956782434339376,6.2786552804884215,352.1809355185953,250
343,2763.220295005224,507.3681193500965,276.6422286180936,-14.7099216992946,3969.3436230731604,121.72639468810517,32.60873398282809,-3.0019467210179114,0.03329476086289442,6.2786552804884215,352.1809355185953,250
885,1801.7901753166582,1322.2624625140832,276.52479049386494,-14.851919252801839,3965.992581966333,128.60736623536718,30.837989285217787,-3.0010297222227544,0.035206575563615984,6.2786552804884215,352.1809355185953,250
1274,1296.8860509040558,2039.2666096354628,276.41992827098557,-14.927539525692156,3949.044654103811,128.23232142471306,30.79601624791881,-2.996380089770177,0.035254559916442815,6.2786552804884215,352.1809355185953,250
374,896.2943967200341,563.7374039134179,276.641751365991,-14.97934870280474,3945.435908331303,126.11660093250818,31.284033023080912,-2.9953874605070085,0.034704604716373565,6.2786552804884215,352.1809355185953,250
179,448.94493368619806,282.42207514357244,276.6856233011431,-15.042660504705546,3936.6441742640745,126.04685053737711,31.231594898888233,-2.992965382111965,0.03476287405478125,6.2786552804884215,352.1809355185953,250
259,726.5550031488692,384.32230601446327,276.6692399035119,-15.00307270542049,3930.9726661526365,140.94004442888792,27.891098531163234,-2.991400038276927,0.03892639792537851,6.2786552804884215,352.1809355185953,250
713,1027.9259052390871,1073.7457946054599,276.56510331861324,-14.962458761627234,3926.6538097184384,127.90470865753957,30.699837800591986,-2.9902065126543076,0.0353650076932675,6.2786552804884215,352.1809355185953,250
1036,1402.2924944050721,1565.8121884453367,276.4901278474358,-14.910480261944457,3917.3483842920978,123.64587102943655,31.681999177792918,-2.9876304700230816,0.03426867079653885,6.2786552804884215,352.1809355185953,250
550,2788.9017791394945,826.4242269965607,276.594563086027,-14.707549798869533,3887.739868806122,133.87806956496405,29.039407883899944,-2.979392974072812,0.03738712594763115,6.2786552804884215,352.1809355185953,250
99,138.0517067352228,154.82711872533136,276.70598606251326,-15.08693362268553,3878.6961583934317,184.03827008603048,21.0754869439943,-2.9768643784018645,0.051514823969909876,6.2786552804884215,352.1809355185953,250
429,713.1604760880236,656.4383953662287,276.62869322901463,-15.00612355029761,3876.261544643552,128.3322671313406,30.204886357040856,-2.9761826600789765,0.0359445153067732,6.2786552804884215,352.1809355185953,250
895,664.7226196315795,1336.086885471696,276.52747438207604,-15.015851828392877,3875.4866298721754,125.97526124854791,30.763870552535547,-2.975965585683177,0.03529139801007637,6.2786552804884215,352.1809355185953,250
187,1158.5810223466235,294.7534363161828,276.68076740733517,-14.94042676022413,3868.474909887329,133.07864134999804,29.069089304219787,-2.9739994394706715,0.037348951273901636,6.2786552804884215,352.1809355185953,250
1172,2756.566578386502,1836.857026028603,276.44407488271725,-14.716331754239228,3868.3345618270105,120.46016076304585,32.11297857584894,-2.973960048305378,0.03380876044978641,6.2786552804884215,352.1809355185953,250
317,1699.0848618854684,472.3836413296603,276.6519746650633,-14.863241167648383,3867.407822959911,125.26009084915499,30.875020102111,-2.97369990677141,0.03516434957481269,6.2786552804884215,352.1809355185953,250
333,565.4858752988354,491.3436222633976,276.6539527254449,-15.026727915999128,3852.9692563387216,131.55083013145864,29.288825106526904,-2.969638837566842,0.03706874536794089,6.2786552804884215,352.1809355185953,250
971,936.9415915113094,1450.0463518463305,276.5093355247122,-14.977081344027173,3843.2144292080775,126.64135846472088,30.347229971310686,-2.966886518991478,0.03577591763816291,6.2786552804884215,352.1809355185953,250
522,2654.46956571495,785.0880710369255,276.60129466416043,-14.726767691135889,3836.5532894200296,132.08135910005993,29.046894395700452,-2.9650030655560453,0.03737748983453138,6.2786552804884215,352.1809355185953,250
198,853.3911287433298,311.31810023506654,276.67959394412253,-14.98448859650599,3829.2073084573785,147.21788901989152,26.010475587922542,-2.962922176170003,0.04174087460761862,6.2786552804884215,352.1809355185953,250
159,2091.443862923801,247.65849505663692,276.6838125023989,-14.805721360702128,3808.437764660979,126.6445106254234,30.071873986904965,-2.957017135800526,0.03610350324269039,6.2786552804884215,352.1809355185953,250
628,2279.7030531568707,959.1825703782482,276.5769256470726,-14.78153434110656,3805.1231772387982,126.49281012486436,30.081734870801444,-2.956071778477475,0.036091668404864,6.2786552804884215,352.1809355185953,250
657,2859.558787083589,1005.6201925995338,276.56755390949274,-14.698100602172438,3798.7275252190884,118.62147663519309,32.02394400216113,-2.9542453374122597,0.03390275725959088,6.2786552804884215,352.1809355185953,250
28,493.96515231866573,53.45283579085113,276.71959956998455,-15.035219346017799,3792.2113689751714,134.63051452780977,28.167547173652363,-2.9523813180633383,0.03854435721032724,6.2786552804884215,352.1809355185953,250
646,810.4369708523265,991.2404529372025,276.578325781384,-14.993468271407066,3789.182749476109,134.88317871845499,28.09232986260922,-2.951513857022766,0.038647559860994746,6.2786552804884215,352.1809355185953,250
949,747.2118900375528,1404.6908903618098,276.516892965471,-15.004239642845592,3783.741405178822,123.21494557545398,30.708461441162964,-2.9499535969694044,0.03535507638766559,6.2786552804884215,352.1809355185953,250
828,482.6749394124509,1240.9378468332636,276.5424332520913,-15.041701777860563,3772.7542312847218,128.95493513210852,29.25637725628496,-2.9467962654587927,0.03710985780943764,6.2786552804884215,352.1809355185953,250
891,743.581546343342,1329.1501124665103,276.52818110316144,-15.004461370333427,3771.7242424636206,128.06250359042483,29.452213854310674,-2.9464998112600287,0.03686310324142561,6.2786552804884215,352.1809355185953,250
908,1783.0819884546816,1350.7958316875154,276.520613079488,-14.854731324233748,3752.899311279878,125.2475408215123,29.963856269466064,-2.9410672598947496,0.036233653980858135,6.2786552804884215,352.1809355185953,250
808,1238.482298564422,1210.854007135796,276.5437657563617,-14.932666348519003,3750.303495365515,129.7522054560247,28.903581886602755,-2.940316014991957,0.0375628184859413,6.2786552804884215,352.1809355185953,250
490,680.3672790629367,745.0640529975627,276.61560679834554,-15.011211908849484,3731.557662072126,123.25759143397853,30.27446519649778,-2.934875370730876,0.035861905171675715,6.2786552804884215,352.1809355185953,250
334,980.4204470900604,491.0306294386702,276.65224280140524,-14.96692318265131,3727.4760997179255,127.33766392232053,29.272376961397597,-2.933687147000094,0.03708957429154956,6.2786552804884215,352.1809355185953,250
660,1006.0557288646056,1007.4275284903767,276.5750898488085,-14.965342120369655,3708.6283306656114,127.49791568868677,29.08775653808345,-2.9281832573619795,0.03732498237114079,6.2786552804884215,352.1809355185953,250
373,622.6913295799445,557.2618014012719,276.64387432686544,-15.018754795883815,3706.8809117049677,125.37875583493668,29.565462561976137,-2.927671563288502,0.036721901364611446,6.2786552804884215,352.1809355185953,250
115,1264.4169069074642,177.55960524327344,276.6977979302417,-14.924679133183577,3703.1935648568615,148.608772110075,24.919077873235466,-2.92659101104423,0.043569027936066,6.2786552804884215,352.1809355185953,250
1253,2176.552879645261,1988.9641241147085,276.42380055689256,-14.800559223232112,3702.8916757043335,127.51041116748827,29.039916362911637,-2.926502496809716,0.03738647131183212,6.2786552804884215,352.1809355185953,250
1082,1886.4937782170286,1662.6804318297955,276.47366511025933,-14.841075611360685,3694.2122583765013,122.14794187092568,30.243753613795583,-2.9239545910245153,0.03589832181097924,6.2786552804884215,352.1809355185953,250
741,400.0250188463508,1118.7515200319774,276.5610146012327,-15.053120464114327,3667.4060408947116,143.7250676281189,25.516815552203692,-2.916047468354852,0.04254841274291519,6.2786552804884215,352.1809355185953,250
1084,1235.7955246146362,1664.1125942135866,276.476153772564,-14.934865946350103,3652.7372582756216,126.51936341285167,28.87097405285064,-2.911696064554024,0.0376052431765045,6.2786552804884215,352.1809355185953,250
174,898.3739259799246,274.855515246157,276.6848427725846,-14.977853093380695,3648.3577708470402,127.47843105255016,28.619412246633985,-2.910393528808134,0.03793578954884696,6.2786552804884215,352.1809355185953,250
881,239.09621756016958,1316.3127930996861,276.53219710874436,-15.077094798940305,3610.219687561359,128.57076153087948,28.079632138557994,-2.8989840538546083,0.038665036445016454,6.2786552804884215,352.1809355185953,250
360,78.57376782277665,538.6949915262041,276.6489426495133,-15.097085311146246,3592.539930776198,211.15756029478686,17.013551045772772,-2.89365398826833,0.06381383857367952,6.2786552804884215,352.1809355185953,250
192,328.403728317544,304.98270610578726,276.6827679439641,-15.060125200876495,3590.044220108306,130.08774296862438,27.597098221422613,-2.8928994733247224,0.03934109272246642,6.2786552804884215,352.1809355185953,250
219,751.8180572796604,345.9080557192937,276.6748644252513,-14.99927243519678,3589.87502973582,124.98832816065918,28.721682116760682,-2.892848303915556,0.037800710821405355,6.2786552804884215,352.1809355185953,250
61,1430.8607947831556,108.60347713239936,276.7073722225838,-14.900392264642402,3584.517683345708,126.91709777805136,28.24298495711114,-2.8912267963536102,0.03844140418049679,6.2786552804884215,352.1809355185953,250
426,1462.1740281444804,651.147899230963,276.62631744722654,-14.898138608316867,3583.3682849594043,135.75143917899717,26.39653993085479,-2.8908785923063043,0.04113039068165637,6.2786552804884215,352.1809355185953,250
149,1373.4506182710077,236.12739470360273,276.68859705849184,-14.909204793574533,3581.8073014154797,130.52222456052715,27.442125764217923,-2.8904055218685865,0.03956326158287839,6.2786552804884215,352.1809355185953,250
824,641.014609900489,1240.4103901993121,276.5418516311067,-15.018885379860576,3570.459253228095,129.00697634356342,27.6764819579948,-2.886960181285911,0.039228251684870596,6.2786552804884215,352.1809355185953,250
128,1114.947267682439,203.37435307458472,276.69458456288265,-14.946335483329664,3548.340489640832,128.6294894915102,27.58574650080555,-2.8802131956759953,0.03935728184728646,6.2786552804884215,352.1809355185953,250
1009,618.269921018446,1508.7142728772967,276.50190450221294,-15.023231356871621,3538.9714438576484,123.49259466337384,28.65735758086924,-2.877342624087836,0.03788555860170373,6.2786552804884215,352.1809355185953,250
194,1569.5721286544672,308.3567697508188,276.676988327955,-14.881230408070476,3534.1778117888025,121.95383943160262,28.979635477331026,-2.8758709682530266,0.03746423935695382,6.2786552804884215,352.1809355185953,250
798,805.2188991318947,1201.9365139530832,276.54690758516244,-14.9950699944019,3528.681838739838,131.0994832134415,26.916062155598535,-2.8741812339472905,0.040336509617331776,6.2786552804884215,352.1809355185953,250
526,871.5477131837241,794.3615653070988,276.60744574843517,-14.983860845224552,3506.6687867158325,119.90497172293944,29.245399388597324,-2.8673868474757267,0.03712378776483082,6.2786552804884215,352.1809355185953,250
595,1442.4455392391783,893.5218066720778,276.59024800535417,-14.901978299363133,3470.855611288105,129.36888458489403,26.829137643298388,-2.8562413464619,0.04046719706144545,6.2786552804884215,352.1809355185953,250
138,1136.9391719402984,217.78831715125605,276.6923406640098,-14.943225378081273,3454.470870800549,129.37151661427546,26.7019430644857,-2.8511038156345436,0.04065996236221514,6.2786552804884215,352.1809355185953,250
341,1714.1030957665187,506.2573625586658,276.64685913314537,-14.861216707639619,3449.966411284404,118.18245018073412,29.191867371241987,-2.8496871453763895,0.037191865329915974,6.2786552804884215,352.1809355185953,250
719,2199.999090930923,1088.7530272621243,276.5579420764818,-14.793558718785517,3440.706419100461,129.5231711463791,26.564408427060414,-2.8467690225545557,0.04087047535732165,6.2786552804884215,352.1809355185953,250
434,1739.2923096337354,665.6330019712132,276.6229838525211,-14.85824580115932,3432.1622668714263,121.33589707388064,28.286453964910358,-2.844069509260512,0.03838232962487353,6.2786552804884215,352.1809355185953,250
361,1071.4898919405891,539.0248205714773,276.64469686424155,-14.953994456867994,3428.676861504675,125.43993858032634,27.333215404192003,-2.842966369819498,0.039720903082390006,6.2786552804884215,352.1809355185953,250
222,1204.8501123227281,347.8994238136928,276.67264272041956,-14.933978023841222,3419.1112359501712,126.66804979202196,26.992688697458103,-2.839933053778419,0.040222002786341186,6.2786552804884215,352.1809355185953,250
743,2839.6146014520236,1121.239660966163,276.550404250814,-14.701453461175753,3417.9442377390806,122.46611710688835,27.909305189744043,-2.8395624111162814,0.038901004257138126,6.2786552804884215,352.1809355185953,250
788,1310.946384275079,1182.8122807920834,276.547645867775,-14.922108871375615,3414.9332613568986,125.8757343784831,27.1294008985789,-2.838605529836955,0.040019313513733785,6.2786552804884215,352.1809355185953,250
1180,881.0117286671793,1849.4856430215168,276.4499612707358,-14.986719278836848,3412.6191762083618,136.0966970120177,25.07495957750553,-2.8378695454133003,0.043298175482363276,6.2786552804884215,352.1809355185953,250
39,898.6682892019065,72.02907549955327,276.71510130734595,-14.976963446214206,3410.5287243150815,130.89677809026716,26.05510062259257,-2.83720425736475,0.04166938426860581,6.2786552804884215,352.1809355185953,250
276,2259.17750124879,405.19428279425523,276.6596089694946,-14.782193143871337,3405.662248779292,120.19212422513652,28.335153161949396,-2.835653916537329,0.038316362498366896,6.2786552804884215,352.1809355185953,250
819,1805.7730630102926,1234.5665365756888,276.53785320084296,-14.850990316618654,3375.710714658664,122.89959426649543,27.46722423947775,-2.8260630338004384,0.03952711022177329,6.2786552804884215,352.1809355185953,250
690,438.05730492564055,1051.965504256203,276.57082346014045,-15.047372271124697,3375.390267507668,126.56245074148212,26.66976064174261,-2.825959962886604,0.04070902677321742,6.2786552804884215,352.1809355185953,250
402,2990.2430223035603,604.7702624655873,276.62674393184125,-14.677581992960995,3368.18005101406,123.67258699077065,27.234653474705905,-2.823638226564568,0.039864652620175266,6.2786552804884215,352.1809355185953,250
989,1703.6084006604003,1478.1345962754579,276.5019520300233,-14.866699678972335,3366.109088365076,132.35017671491798,25.43335545078771,-2.8229704443677988,0.04268803627192551,6.2786552804884215,352.1809355185953,250
182,604.9662000273665,288.7478212110959,276.68401690400157,-15.020200929652386,3363.1999141161505,121.36833350276216,27.710687104718374,-2.822031686464537,0.03917982964107501,6.2786552804884215,352.1809355185953,250
678,30.578405332175826,1030.3389190103558,276.57575520199,-15.105991569598835,3360.31853363727,137.05600792965478,24.517849194629857,-2.8211010965296888,0.04428202455204761,6.2786552804884215,352.1809355185953,250
570,359.02424861520745,857.2085970039093,276.6002219610935,-15.057973276456133,3346.37508911232,137.1594635581989,24.39769741219789,-2.816586524908131,0.04450010104056758,6.2786552804884215,352.1809355185953,250
119,916.8146103752348,186.3886387478118,276.69796276581764,-14.974826149106827,3341.0133213716326,123.88747894829032,26.96812744705335,-2.814845496498336,0.04025863501763554,6.2786552804884215,352.1809355185953,250
1081,2224.4302590908883,1660.3059226607018,276.4726130492085,-14.792349456571872,3339.327879427816,127.43901887510191,26.203339518021266,-2.8142976366441035,0.04143365006026477,6.2786552804884215,352.1809355185953,250
1236,418.2648217751019,1954.0469748897224,276.4362615983697,-15.053792347217065,3302.448175110738,137.27714367908044,24.05679552038928,-2.8022400058530987,0.045130699102456005,6.2786552804884215,352.1809355185953,250
670,205.67421347453885,1018.7939291872365,276.5767465832311,-15.080720006389456,3299.152861088689,125.95960903096929,26.192149106127637,-2.8011560742379253,0.041451352296478845,6.2786552804884215,352.1809355185953,250
1056,1429.9392639519292,1610.1462960691922,276.48339906017435,-14.906672294778813,3291.2935360879346,135.74411641705055,24.246307117842214,-2.798566520441679,0.04477795297746857,6.2786552804884215,352.1809355185953,250
332,2476.293408090204,489.8082021963177,276.6460691986935,-14.751234125397714,3280.723718757683,131.6497922795598,24.920082758589015,-2.795074124483798,0.043567271044707916,6.2786552804884215,352.1809355185953,250
432,527.4922762248337,666.4239263424796,276.62798619370847,-15.032921271298427,3276.72746221305,135.1455048254498,24.245922692324697,-2.793750780754226,0.04477866294375713,6.2786552804884215,352.1809355185953,250
565,1584.495813240432,847.1191282177875,276.5965705766037,-14.881310554027943,3238.1747528755513,130.51047487698804,24.81160807918043,-2.7809006842997053,0.04375774421936873,6.2786552804884215,352.1809355185953,250
362,150.17912792437104,540.0360422088655,276.6484403768919,-15.086773605944847,3228.3753099227615,126.00489077491486,25.621031771613335,-2.7776100214141026,0.04237534263561137,6.2786552804884215,352.1809355185953,250
68,2480.095981884772,118.81609548503506,276.7013560335237,-14.749120437905656,3221.2481660326885,131.03921264484654,24.582322352341855,-2.775210439070541,0.04416588410315798,6.2786552804884215,352.1809355185953,250
902,2394.5878674885803,1340.2986668594804,276.5196182326461,-14.76652563711145,3211.692349287594,120.98145906172225,26.54697979505318,-2.771984821232916,0.04089730765540085,6.2786552804884215,352.1809355185953,250
389,1953.622738580826,578.1787605680938,276.63511671237814,-14.826979280264403,3211.1844906980987,124.01877193683836,25.892729306604696,-2.7718131223283917,0.04193068977564527,6.2786552804884215,352.1809355185953,250
728,1689.4329143413604,1097.9116204812217,276.5587229304574,-14.867207144448571,3205.719718198874,123.08711380044205,26.044316250653374,-2.7699638496590753,0.04168663863359297,6.2786552804884215,352.1809355185953,250
1176,645.1336020350288,1840.490973473877,276.45227675845246,-15.020667638740566,3201.3203460175428,129.89192860668211,24.64602982153931,-2.7684728153098925,0.044051719804832676,6.2786552804884215,352.1809355185953,250
450,203.37026571595908,693.389429125169,276.6253268831643,-15.07973543350718,3200.7340002006677,127.13390934192114,25.17608415228098,-2.7682739363722138,0.04312426004906067,6.2786552804884215,352.1809355185953,250
127,1619.3965990565293,202.3379434768948,276.69258715231473,-14.873601942479516,3197.103961217159,122.09626054492762,26.18510957623247,-2.7670418747927306,0.04146249595936238,6.2786552804884215,352.1809355185953,250
979,1827.3119867712464,1461.4652461326034,276.50392225122965,-14.848800944957198,3194.90058865436,115.17530176741091,27.739459238459435,-2.7662933517151607,0.03913919123898165,6.2786552804884215,352.1809355185953,250
180,2099.593428440371,282.8088622638362,276.6785368459145,-14.804694033303612,3192.323358248599,121.4169363580536,26.292241049754107,-2.7654171674652717,0.04129355112580462,6.2786552804884215,352.1809355185953,250
820,172.38164611742263,1234.318391408396,276.5447142259839,-15.086379252740242,3190.8528282426414,130.64105422549184,24.424579602175424,-2.764916912529719,0.044451123322642574,6.2786552804884215,352.1809355185953,250
1168,2152.1728612141533,1826.1622253858131,276.44818018416277,-14.803428245691942,3181.8356079348014,119.48185993401778,26.630281866150447,-2.7618443226215477,0.040769376961797214,6.2786552804884215,352.1809355185953,250
283,731.3756400472029,416.01433380811915,276.66449070740856,-15.00250899216719,3175.2157564111403,128.46757698057436,24.71608658806779,-2.759583080842801,0.043926856953323046,6.2786552804884215,352.1809355185953,250
676,1251.0109230867079,1027.557585377623,276.57105843435727,-14.93011874704149,3170.2295720051334,123.13996988510182,25.744927296662315,-2.7578767602404595,0.042171414488350684,6.2786552804884215,352.1809355185953,250
1201,2340.660366076956,1903.9639153198855,276.4357963712551,-14.77656466820682,3169.6156974583573,117.94458433796298,26.873770552923546,-2.757666500906243,0.04039998770778702,6.2786552804884215,352.1809355185953,250
356,1423.6995636557735,530.1382946451185,276.64452992207873,-14.903184885051758,3165.744094005757,119.61132707449282,26.466925595049712,-2.7563394916437547,0.04102100926308819,6.2786552804884215,352.1809355185953,250
307,1027.840805184218,458.8253780147133,276.6568464965484,-14.959954715834812,3152.6470749577275,120.86039984371772,26.085029331645067,-2.7518383685759606,0.04162157481965652,6.2786552804884215,352.1809355185953,250
393,148.21012469858732,586.9381439043581,276.64144808370685,-15.087249058920642,3149.4972428465553,125.59491152422933,25.076630928944642,-2.750753059552772,0.043295289669348425,6.2786552804884215,352.1809355185953,250
1182,188.89786385780104,1860.5137622128577,276.45116745507545,-15.08646688213398,3134.476522024983,186.86242011323898,16.774247706550543,-2.745562531365276,0.06472421410445854,6.2786552804884215,352.1809355185953,250
154,1002.8160393603304,241.82465417688053,276.6893262069072,-14.962660401238129,3125.6239793279965,122.06619405820007,25.605975540105124,-2.74249180350234,0.04240025920119827,6.2786552804884215,352.1809355185953,250
847,235.83812444511088,1268.3519210985319,276.53936977321615,-15.077373257136466,3122.967958608875,121.8347426813323,25.632819423087113,-2.7415687993895244,0.04235585567392269,6.2786552804884215,352.1809355185953,250
1228,2661.997204057129,1944.27653860873,276.42845291335027,-14.730396164821004,3110.9815449021116,119.39511244849017,26.056188407580432,-2.7373935652599792,0.0416676446691697,6.2786552804884215,352.1809355185953,250
561,864.9913104335089,840.759018384054,276.60055044692194,-14.98499496508569,3107.695231444668,127.97778608694604,24.28308323237714,-2.736246031801848,0.04471013790178068,6.2786552804884215,352.1809355185953,250
501,1763.0888006255927,755.9573666855587,276.6094125563278,-14.855187808701665,3105.8448448139534,127.48797504381277,24.361865060187775,-2.7355993692576304,0.04456555347128385,6.2786552804884215,352.1809355185953,250
1154,1703.8639322482113,1796.7481096824663,276.45442637235686,-14.86793318366359,3105.8270217895333,120.29703714489548,25.817984345272144,-2.735593138695776,0.04205208220287794,6.2786552804884215,352.1809355185953,250
854,1394.5604199921993,1282.9373994837722,276.53235941692685,-14.910461187425932,3102.791158717824,120.47196009260233,25.755297384825678,-2.7345313414917887,0.04215443463058847,6.2786552804884215,352.1809355185953,250
442,2535.0131242401176,682.8418362148074,276.61704335061387,-14.743571466929081,3096.1150248578924,122.5484844317131,25.264408933454582,-2.732192695663832,0.04297349694028819,6.2786552804884215,352.1809355185953,250
571,1843.6107989115194,857.3385287997405,276.5939529823419,-14.843995642211805,3088.702389667131,124.0759654663567,24.893639779934936,-2.7295901385587573,0.04361354987048173,6.2786552804884215,352.1809355185953,250
392,795.301459573973,583.4223971935022,276.63924128511565,-14.99398567222117,3074.7697645711014,168.9960750296184,18.194326489725956,-2.7246814828913513,0.05967244792562547,6.2786552804884215,352.1809355185953,250
422,1239.1832077152178,634.7509986732947,276.62970672401116,-14.930216717358714,3068.84049653128,128.91468253366827,23.80520539799491,-2.722585769555477,0.04560767201325839,6.2786552804884215,352.1809355185953,250
306,2803.715638146068,450.38974391601107,276.6505483501161,-14.703840684824801,3065.571663160954,120.51692843256926,25.4368552454121,-2.721428660779277,0.04268216292954773,6.2786552804884215,352.1809355185953,250
909,2076.3395919148797,1353.1644104131815,276.51903294600777,-14.812463663594063,3060.0365240775864,121.35714255817891,25.215133279943515,-2.7194665037646137,0.04305747615712909,6.2786552804884215,352.1809355185953,250
395,2325.8680241090346,596.9749852512399,276.6307329132421,-14.773377102229889,3050.148031192657,124.78838937901261,24.442562696507103,-2.7159522714164117,0.04441841935645926,6.2786552804884215,352.1809355185953,250
907,979.3327218210738,1349.3599507489523,276.52418289854916,-14.97057061319632,3046.9001734874328,121.59528083553626,25.05771731066207,-2.714795542155422,0.0433279690460086,6.2786552804884215,352.1809355185953,250
1132,433.47840770172076,1762.7776168164364,276.46474916639806,-15.05085453227037,3029.470952759788,127.32003208746325,23.794142234261102,-2.708566960171358,0.04562887744853036,6.2786552804884215,352.1809355185953,250
927,1474.9696730737394,1377.6995765824017,276.51788734319786,-14.89925260776778,3024.4935592283146,120.8721558515503,25.022252130117216,-2.7067816383151038,0.043389379755039426,6.2786552804884215,352.1809355185953,250
1027,758.1935838412522,1543.4921068700817,276.4961336475574,-15.003208851226582,3011.436296405969,118.63034634881258,25.385041762850015,-2.702084179784407,0.04276928161642335,6.2786552804884215,352.1809355185953,250
794,117.61203674505653,1200.81067700229,276.5499442465645,-15.094135675860356,3007.6561280527385,126.98300482458421,23.685501317342027,-2.7007204306038464,0.045838168483479526,6.2786552804884215,352.1809355185953,250
449,2875.6550774036145,690.186481869203,276.6145011432501,-14.69446899087942,3007.124816739408,127.11928863014586,23.65592860961212,-2.7005286151626273,0.0458954716137775,6.2786552804884215,352.1809355185953,250
551,158.61259725578165,830.4698409844567,276.60505407588767,-15.086740537472176,2998.3410954921565,127.81049459459796,23.45927151759011,-2.6973525715015354,0.04628020947649317,6.2786552804884215,352.1809355185953,250
263,884.4412553041752,388.8437648018878,276.6678954780667,-14.980334722588346,2998.1600499763153,127.25848433329405,23.55960834897293,-2.6972870107131532,0.04608310901939636,6.2786552804884215,352.1809355185953,250
617,1130.9970872077802,939.8683365452038,276.58464469229466,-14.947060296014524,2992.201652212505,126.50596616517167,23.652652463092192,-2.6951271243391393,0.04590182862975457,6.2786552804884215,352.1809355185953,250
279,2763.204165433449,408.0936800096684,276.65702546444544,-14.709506368369157,2992.0107277748757,120.14936284721942,24.902426919895387,-2.6950578441862256,0.04359816027138294,6.2786552804884215,352.1809355185953,250
282,55.04122414468004,411.55304007211146,276.6680197795153,-15.09995486986708,2984.029139227903,397.6141600553319,7.504836192988313,-2.6921576276540042,0.14466671517952087,6.2786552804884215,352.1809355185953,250
298,1923.6082807013531,433.2933483535202,276.65684903356845,-14.83070350795622,2981.009928476473,118.1937100069214,25.221392308456224,-2.6910585345331213,0.04304679086395983,6.2786552804884215,352.1809355185953,250
461,1232.409711835646,703.8801933061479,276.61942295107866,-14.931477579073132,2974.829335173621,123.66103192266496,24.05631983593682,-2.6888051169952814,0.04513159150711466,6.2786552804884215,352.1809355185953,250
250,1834.1757168761458,374.9676461328843,276.6659272856675,-14.843355737255546,2974.5106101911515,118.11889258635334,25.1823442047306,-2.6886887843411253,0.043113539834629344,6.2786552804884215,352.1809355185953,250
645,1958.591344647808,987.7501053876848,276.5740199409027,-14.827952883942384,2973.8253569459775,118.26866189515422,25.14466054906657,-2.688438628914427,0.04317815298724738,6.2786552804884215,352.1809355185953,250
293,1186.3757144541285,428.2621419774331,276.66073332524957,-14.936975244727893,2972.820783721836,122.22482686898113,24.322560807621766,-2.6880717997793626,0.04463756956297887,6.2786552804884215,352.1809355185953,250
687,1722.6109123660965,1044.5508740782388,276.5665421410654,-14.862206814343333,2970.4640290005773,118.19483439654847,25.131927669821422,-2.6872107223982993,0.04320002883438645,6.2786552804884215,352.1809355185953,250
202,1275.6039247385652,315.89454206417696,276.67711583503916,-14.923644625968988,2970.080588811281,130.64553038901008,22.733885958192143,-2.687070561883316,0.047756903593015904,6.2786552804884215,352.1809355185953,250
810,448.52812302940265,1212.7230956917551,276.54678669681965,-15.046508767211595,2955.791514804325,128.95150271407607,22.921729895294014,-2.681834473496971,0.047365535016748526,6.2786552804884215,352.1809355185953,250
64,744.8934562568375,112.84148079838054,276.7096683237097,-14.999300338326615,2944.1703424782027,135.37526259807106,21.748215190683986,-2.677557312335937,0.04992133793420749,6.2786552804884215,352.1809355185953,250
385,1989.2845984111607,575.7296435812325,276.6353304924988,-14.821826746935512,2934.9159940862446,123.86898142359534,23.693712181661514,-2.6741391657654323,0.04582228363693518,6.2786552804884215,352.1809355185953,250
1225,2802.2713734125923,1941.2287072237086,276.42832521250796,-14.710158169518413,2911.6790418285527,115.83316922028371,25.136833097360203,-2.6655087294029256,0.04319159839248076,6.2786552804884215,352.1809355185953,250
781,414.4175719272679,1174.0048137411266,276.5527077912186,-15.051268348793347,2908.411458167917,126.45446286622666,22.999674287847476,-2.664289595695233,0.04720501631510757,6.2786552804884215,352.1809355185953,250
910,472.5558512662079,1353.5963710081933,276.525661026212,-15.043609143787625,2905.2892463459284,125.86274691254242,23.082995704556737,-2.663123419824733,0.047034622970781724,6.2786552804884215,352.1809355185953,250
734,1781.9039927452786,1109.8592436244599,276.5565525842677,-14.85392491315586,2901.267580668471,120.05981193896048,24.165185117427157,-2.661619441182057,0.044928271590894124,6.2786552804884215,352.1809355185953,250
496,230.092142401012,750.529131104582,276.61668591829687,-15.076117628868117,2893.0196170216077,123.67722971465683,23.39169161288838,-2.658528424637712,0.04641391558880675,6.2786552804884215,352.1809355185953,250
861,420.8338021301929,1291.3483036680088,276.5351670527032,-15.050812928415924,2891.395053169923,127.55057423211797,22.66861651213055,-2.6579185624692263,0.04789440941042937,6.2786552804884215,352.1809355185953,250
262,1237.797494352796,387.13132916671196,276.66665046515,-14.929391541011654,2886.8100290909642,147.46561072359322,19.57615755243402,-2.656195491856064,0.05546032192946918,6.2786552804884215,352.1809355185953,250
866,1147.1720381061994,1294.5224624759724,276.5316646730861,-14.94616302845514,2886.565006775578,125.62182375353298,22.978212865616005,-2.656103334462063,0.04724910533075499,6.2786552804884215,352.1809355185953,250
553,888.8833639045185,833.0734276039404,276.60159667170564,-14.981520314873274,2884.152855550172,137.13016612006638,21.032227533545818,-2.655195662268832,0.05162078045553372,6.2786552804884215,352.1809355185953,250
33,819.2076064327202,62.01860497744488,276.7169339701357,-14.98837569260292,2875.845162120968,120.72925774590281,23.82061495129639,-2.652063727236543,0.04557816841503973,6.2786552804884215,352.1809355185953,250
502,1355.906556738328,756.6068263253245,276.6110360693312,-14.913892085053597,2868.2645504795364,126.75610408114593,22.628216378781637,-2.6491979918298787,0.04797991948751451,6.2786552804884215,352.1809355185953,250
1074,2782.003309685837,1645.9281916112218,276.4724322217121,-14.711897335159895,2853.4455193542235,113.31668314773918,25.18115991476718,-2.6435739408409997,0.04311556749867208,6.2786552804884215,352.1809355185953,250
882,1590.0720793982773,1316.812945826072,276.52648881726594,-14.882416703695403,2849.507631345943,129.51563058144575,22.001264392208117,-2.6420745393388656,0.04934716390138502,6.2786552804884215,352.1809355185953,250
257,751.9757876100799,382.6124580367523,276.6693872041494,-14.999401742424848,2841.3728545662307,131.834382633499,21.552593472260405,-2.6389705459568713,0.050374448040202996,6.2786552804884215,352.1809355185953,250
637,2984.03769625595,972.6928528927061,276.57193534215406,-14.680009965955044,2836.784485916636,124.88820442922436,22.714591012670663,-2.6372158361983167,0.04779747077085273,6.2786552804884215,352.1809355185953,250
545,1289.3088450878945,823.2716931367202,276.6013725025559,-14.923765457980963,2835.283272599103,146.38216864620853,19.36904814856041,-2.6366411175040554,0.056053348191025795,6.2786552804884215,352.1809355185953,250
249,3054.442390217588,373.2618522143239,276.660971361715,-14.66734514145532,2834.6460865628906,336.19839754356053,8.431468166636968,-2.6363970876730747,0.12876760945336638,6.2786552804884215,352.1809355185953,250
752,1876.1897050416235,1135.0460738424465,276.5524002124774,-14.84043451134184,2834.4739956544654,124.05865512353026,22.847853644971924,-2.6363311708016255,0.047518686738389875,6.2786552804884215,352.1809355185953,250
92,1947.9754645795897,142.6801033696639,276.7000786127599,-14.825968956414812,2830.857694783859,198.30499544416003,14.275271726984759,-2.634945073912573,0.07605459431974841,6.2786552804884215,352.1809355185953,250
415,1705.8137691121717,629.0036716412293,276.62858845230653,-14.862921169198906,2830.6646460788033,119.95896738482824,23.59694075223267,-2.6348710302346277,0.04601020155111737,6.2786552804884215,352.1809355185953,250
785,1812.3793586454055,1179.60183786134,276.54602308239504,-14.849814976940031,2830.6040296145075,140.91515536654833,20.087293110890336,-2.6348477797960204,0.05404909432079663,6.2786552804884215,352.1809355185953,250
308,2636.710101547562,458.6471100130788,276.6500303106781,-14.727965432079543,2828.2838678625703,123.09708967558008,22.9760417189103,-2.633957469260888,0.047253570187697776,6.2786552804884215,352.1809355185953,250
626,188.2900372216769,949.8473598014311,276.5871107085181,-15.082947000619866,2822.7425973869103,123.00645786086625,22.94792197479372,-2.63182817117988,0.04731147339582845,6.2786552804884215,352.1809355185953,250
796,317.4688172874653,1202.2494484597587,276.5488964907536,-15.065349190115308,2814.6471086084784,130.28015071475713,21.604573629723756,-2.62870985871177,0.05025324815974543,6.2786552804884215,352.1809355185953,250
725,2469.2679503906943,1096.0303096586806,276.5557231951346,-14.754760279516345,2810.8405209148186,119.11968060061739,23.59677684444908,-2.6272404925061803,0.04601052114689133,6.2786552804884215,352.1809355185953,250
1271,543.0635142676762,2035.937534147659,276.42352535029295,-15.036133225106816,2793.9638079545402,126.910959470157,22.01514998877255,-2.620701918603329,0.04931603920725925,6.2786552804884215,352.1809355185953,250
813,1674.70436860118,1222.17030304267,276.5402513181733,-14.86983466051143,2781.5596829192946,131.258609885087,21.19144553911143,-2.615870935510705,0.05123293727160833,6.2786552804884215,352.1809355185953,250
467,263.47859993361027,713.6395579388493,276.6220514929587,-15.071157138572113,2781.2065244070545,133.1145367738932,20.893334355594682,-2.6157330771255127,0.05196394129926315,6.2786552804884215,352.1809355185953,250
718,190.28436435825355,1087.6666448974358,276.5665304497245,-15.083213760915497,2765.6351800937264,123.75328800793805,22.34797333155566,-2.6096372057848343,0.048581586522075185,6.2786552804884215,352.1809355185953,250
1170,1708.2234147129227,1827.4180997779652,276.4498334434879,-14.867426318549526,2760.1365571460337,120.64199916788832,22.878736892489332,-2.607476401370529,0.04745454284044918,6.2786552804884215,352.1809355185953,250
567,1203.2895721171335,853.3684544978163,276.5972451415195,-14.936287626251048,2745.206726765813,124.47138312096257,22.054922649152157,-2.601587614322645,0.04922710531663266,6.2786552804884215,352.1809355185953,250
511,786.7796821938894,770.0673961083668,276.6114276802818,-14.995978401798023,2743.6576981376274,126.94999921687429,21.612112761422832,-2.600974796669199,0.05023571790435741,6.2786552804884215,352.1809355185953,250
203,1956.6098498884405,316.92930039172506,276.6740597478206,-14.825457320875504,2742.1155702730757,127.68914235633167,21.47493138156475,-2.600364365279824,0.05055662254325171,6.2786552804884215,352.1809355185953,250
1280,425.99812411695854,2049.8322632918753,276.4219319166984,-15.053050021351396,2741.840332018939,125.44952986905743,21.856122815931123,-2.6002553796705206,0.04967486727374279,6.2786552804884215,352.1809355185953,250
141,1347.5550526658806,217.34058642717577,276.6915096262484,-14.912859603187991,2732.434503624303,146.8976534675744,18.600940444752915,-2.596524380120866,0.058368016564789446,6.2786552804884215,352.1809355185953,250
818,1327.5263995969872,1230.5286625478138,276.5404580648702,-14.919911771421699,2731.281160682498,120.31336363844247,22.7013947419038,-2.596066001140715,0.047825255335344666,6.2786552804884215,352.1809355185953,250
91,2165.140721651716,141.36386501830157,276.6993449683788,-14.794643901976444,2727.1736362069787,121.58087656819559,22.43094237503122,-2.5944319530290283,0.048401889757807785,6.2786552804884215,352.1809355185953,250
1192,2300.5539539579936,1874.2468523259915,276.4403940215807,-14.782228546261615,2723.9728548134153,116.52483295308687,23.37675829074213,-2.5931569167966977,0.04644356529236855,6.2786552804884215,352.1809355185953,250
795,1163.1063832840525,1199.509512148445,276.5457735939556,-14.943484203525724,2713.5136075975606,122.23601406817745,22.19896998673477,-2.5889799878200077,0.048907674574485735,6.2786552804884215,352.1809355185953,250
583,1423.430517974146,877.9364565610376,276.59265290304796,-14.90465561928957,2711.0131671709532,121.51230607073515,22.310605854133073,-2.5879790456165646,0.04866295460994272,6.2786552804884215,352.1809355185953,250
474,724.972887992851,717.6417607585219,276.6195108109501,-15.004671628484283,2702.232307166705,144.7071640438335,18.67379770049372,-2.584456683284202,0.05814028926592126,6.2786552804884215,352.1809355185953,250
588,257.7495437195772,883.2700683848062,276.5967571007199,-15.072670758061607,2691.380540732731,116.56380248887945,23.089333766282177,-2.580087748422421,0.047021711886094775,6.2786552804884215,352.1809355185953,250
1072,67.44163942163534,1646.8698456672423,276.4835627650275,-15.103126583811825,2685.2494880288723,286.9948286051163,9.356438584904181,-2.577611584452227,0.11603774129952446,6.2786552804884215,352.1809355185953,250
1248,382.353776621874,1981.3154330774569,276.4323387841388,-15.0590710634181,2680.676013522054,127.09087425536133,21.092592440082058,-2.575760799138653,0.05147304690422285,6.2786552804884215,352.1809355185953,250
643,1702.8878316981345,982.1087284750317,276.5759381096868,-14.86479530440487,2680.663428360742,120.86852121786923,22.178342229642766,-2.575755701843312,0.04895316289911394,6.2786552804884215,352.1809355185953,250
589,699.4947527688963,883.2481332835531,276.5949061393543,-15.009018065749911,2663.689045392617,128.27379572505225,20.765652332469262,-2.568858789933135,0.05228345262731742,6.2786552804884215,352.1809355185953,250
228,2306.6504108928157,357.86565999918776,276.66646243763915,-14.77514765373837,2662.4117600544414,115.02585532539263,23.146202673501865,-2.568338035627985,0.04690618220685186,6.2786552804884215,352.1809355185953,250
377,692.8374732184407,568.643813494834,276.6418794789433,-15.008692277977453,2654.617723742209,127.18079931061668,20.872786915411446,-2.5651549524826702,0.05201509527213025,6.2786552804884215,352.1809355185953,250
299,114.50996552850775,436.00389897381376,276.6641187876435,-15.091486635238088,2650.983513758896,205.41276155629492,12.905641760881414,-2.563667545572479,0.0841259985451394,6.2786552804884215,352.1809355185953,250
1131,2339.3502612649636,1759.4450322395467,276.4573516306788,-14.77617785348785,2645.6914392197214,117.1031113537146,22.592836421128943,-2.5614979584679616,0.048055055140604104,6.2786552804884215,352.1809355185953,250
166,1309.2827662037146,264.30636549193474,276.684667435024,-14.918573866044714,2643.1541144109506,151.12870397654714,17.489424873392203,-2.560456194025596,0.062077513003400475,6.2786552804884215,352.1809355185953,250
355,1003.4259583106859,529.7001011589061,276.6463762089475,-14.963766848971485,2642.7339933938056,119.76766448148648,22.065504949395716,-2.5602836059607896,0.04920349670174817,6.2786552804884215,352.1809355185953,250
905,786.5121280343452,1345.6682737432575,276.5255372703992,-14.998341347688413,2634.935002686718,124.40794643786269,21.1797966137378,-2.5570747451015174,0.05126111547718004,6.2786552804884215,352.1809355185953,250
921,520.8475132446243,1368.7696181138608,276.52319552811514,-15.036711891949858,2631.6129923778935,124.95833919505888,21.059922925751827,-2.555705032968785,0.051552895223202305,6.2786552804884215,352.1809355185953,250
573,68.77144990141998,861.4296538945508,276.60080957173653,-15.099809315468665,2631.052351278806,128.380538881364,20.494168151998114,-2.5554737021500045,0.05297604625607348,6.2786552804884215,352.1809355185953,250
744,485.627015835225,1122.365754249399,276.5601175299137,-15.040801285912927,2624.507994750573,123.82320553135301,21.195606942077,-2.5527697284443454,0.051222878541151616,6.2786552804884215,352.1809355185953,250
1191,2732.82683341809,1873.7701968685947,276.4386704550141,-14.719902362252387,2605.506270046142,124.68433681600565,20.896821016829396,-2.5448802848605476,0.051955271049391884,6.2786552804884215,352.1809355185953,250
65,1220.7232985136598,113.31260826168696,276.7075676815086,-14.930708944459823,2599.022859092074,125.4388956171858,20.719433524221763,-2.54217522645094,0.052400081244054174,6.2786552804884215,352.1809355185953,250
427,617.9121003989078,652.1977467426593,276.62972785371244,-15.019832836794757,2597.5693883996573,123.51228428077562,21.030858618845595,-2.541567872354522,0.05162414049168266,6.2786552804884215,352.1809355185953,250
923,1895.2183280261113,1369.8689027834935,276.5172995474452,-14.838642884885944,2595.777372451237,124.05243668327714,20.924839864924316,-2.5408185841742714,0.051885701730980824,6.2786552804884215,352.1809355185953,250
267,2951.494298119964,392.67849917601905,276.6585181432996,-14.682279157727647,2595.4311830013758,120.43885707529076,21.549782570411445,-2.5406737738026743,0.05038101876214295,6.2786552804884215,352.1809355185953,250
920,1496.8577503855283,1367.2738951642448,276.51935118467287,-14.896055844486055,2590.2047829391668,132.59582289801654,19.534588091295845,-2.538485230786267,0.05557834109047647,6.2786552804884215,352.1809355185953,250
868,1506.1987410038953,1295.768701612194,276.5299785826376,-14.894421617353148,2588.058208300092,122.48700203886663,21.129247717883317,-2.5375850779978517,0.05138375083184283,6.2786552804884215,352.1809355185953,250
724,311.68513377936665,1096.0600367333004,276.5647704997522,-15.065757123462388,2586.330847120844,119.75251873991382,21.597298113937818,-2.5368601774847344,0.05027017705049613,6.2786552804884215,352.1809355185953,250
578,2645.601192324684,871.3620804005955,276.58847162575626,-14.728404534745435,2583.47378848269,118.30092843723887,21.838153111818368,-2.5356601273718162,0.0497157426473231,6.2786552804884215,352.1809355185953,250
809,337.9238292022017,1213.1898076810921,276.54717824390934,-15.06244594420515,2580.2647365276644,126.26873529790183,20.434708009390665,-2.5343106460523463,0.05313019395731382,6.2786552804884215,352.1809355185953,250
1014,1904.6713013520302,1519.581886045981,276.49493175991654,-14.837882621150149,2578.0967407896824,121.19846197733251,21.27169519091635,-2.533398002914235,0.05103965576112742,6.2786552804884215,352.1809355185953,250
1153,2727.7457964437795,1795.7701781674239,276.4503200786996,-14.720323095957877,2572.8992319337267,116.88165118669428,22.012858355534796,-2.531206921622573,0.04932117321906165,6.2786552804884215,352.1809355185953,250
547,2008.4292036245404,824.8889624257108,276.59809578797064,-14.820097843935402,2572.373046699533,120.15739647533465,21.408362049751783,-2.5309848543226416,0.050713828431941534,6.2786552804884215,352.1809355185953,250
717,1349.4487824008145,1086.821242778483,276.5618043565118,-14.91617068436174,2567.1292163537582,119.89156927898112,21.412091207015475,-2.5287693018655166,0.05070499604654591,6.2786552804884215,352.1809355185953,250
1198,2212.3690147724037,1899.422304110108,276.43700545700716,-14.795041467107385,2556.947742551565,142.26880642986666,17.972651958755606,-2.52445460895144,0.06040844737279228,6.2786552804884215,352.1809355185953,250
786,287.87308093721066,1182.8219412403105,276.5519197004551,-15.069535371882623,2550.031232767331,120.35005229494821,21.18845138943384,-2.521513727576793,0.051240177021215055,6.2786552804884215,352.1809355185953,250
471,2152.918231976844,716.0281374600767,276.61371660209164,-14.798813112369086,2540.188853341737,117.91789042031229,21.54201405984591,-2.5173149932115506,0.05039918723401697,6.2786552804884215,352.1809355185953,250
706,897.9001479303997,1064.0261308712318,276.5670984417515,-14.981158297745727,2536.0392140093318,127.4528718271183,19.897858539031645,-2.5155398898853476,0.05456366060047571,6.2786552804884215,352.1809355185953,250
235,861.2121288438644,364.4068302965866,276.6716400003845,-14.983581630201588,2535.8357343695243,149.81447154932954,16.926507220195663,-2.5154527721175644,0.0641419984569888,6.2786552804884215,352.1809355185953,250
804,1560.0161276112199,1206.7328628769644,276.5430344314659,-14.886304570356735,2534.8283498369565,122.8059582744144,20.64092317225187,-2.5150213675301774,0.05259939155529317,6.2786552804884215,352.1809355185953,250
609,446.43171314838406,924.7549267241715,276.5897741154241,-15.04565232463259,2533.186519131792,124.22950739702168,20.39118219342246,-2.5143178987570467,0.05324360253866066,6.2786552804884215,352.1809355185953,250
691,467.55233417207705,1051.768742106113,276.5707294287202,-15.043121682963802,2525.6029040193243,128.9956210984917,19.578981693424748,-2.511062648945381,0.055452322138112686,6.2786552804884215,352.1809355185953,250
446,1550.5269373575609,687.6458939533615,276.62049978130085,-14.885551734606258,2519.548393420584,116.725087755571,21.585320190091974,-2.5084567391808292,0.05029807250662674,6.2786552804884215,352.1809355185953,250
1207,615.0857722335255,1914.8139596374072,276.44130777669443,-15.025286808413195,2514.0730304422323,123.06541253735006,20.428753933435335,-2.506094701330199,0.05314567905304574,6.2786552804884215,352.1809355185953,250
1204,1937.5340420705866,1909.2250313987954,276.43668189531485,-14.834697917925153,2511.108956121898,116.03991283039623,21.64004517818047,-2.5048138708309224,0.05017087492473006,6.2786552804884215,352.1809355185953,250
453,1630.2596323419243,694.875822846109,276.61908412108363,-14.874086508843206,2508.230723288667,122.80738585931286,20.42410320631754,-2.5035686863505404,0.053157780737426635,6.2786552804884215,352.1809355185953,250
771,1825.0190237067234,1161.6126145662047,276.54865297509133,-14.847919705903111,2481.808447787771,126.6163877064969,19.601004994240768,-2.4920706246119635,0.05539001700775058,6.2786552804884215,352.1809355185953,250
78,190.64633711062476,128.08484154721282,276.70975369226284,-15.079243519788537,2471.931141195644,252.13581077986984,9.803966892088141,-2.4877409002120947,0.11074088804565083,6.2786552804884215,352.1809355185953,250
757,1405.421373281536,1143.689807864502,276.5530862653533,-14.908333283058091,2463.1022239407175,120.26140203329851,20.481236558831426,-2.4838560691967038,0.05300949466021624,6.2786552804884215,352.1809355185953,250
750,1619.2105821875978,1130.460699853401,276.554162944285,-14.877462472555539,2453.449061590829,120.13884304124146,20.42178032918633,-2.4795925923355258,0.05316382717369372,6.2786552804884215,352.1809355185953,250
726,1497.3034354034585,1096.5476882441567,276.55973302753915,-14.894897825962085,2450.695345160464,124.51589975996423,19.681786421531683,-2.478373293027704,0.055162675620351966,6.2786552804884215,352.1809355185953,250
480,1715.036082675746,723.3507749522066,276.61447864923616,-14.861981427726326,2449.605811231566,121.32835019356433,20.189888079113608,-2.4778904874144745,0.053774443708935374,6.2786552804884215,352.1809355185953,250
469,701.0457799711537,715.8317725701108,276.6198817372921,-15.008112480713566,2448.5103213175025,129.73996786780887,18.87244433274619,-2.477404825968608,0.057528319112123,6.2786552804884215,352.1809355185953,250
542,2054.6807157614576,817.9994515326359,276.5989275958742,-14.813400363808695,2441.8386939696793,115.67765565211617,21.108991880965814,-2.4744424067926354,0.05143305782304964,6.2786552804884215,352.1809355185953,250
252,461.8340673660283,376.02374607934246,276.6716004859028,-15.041190140476806,2426.042594900442,126.83035007580257,19.128249614153642,-2.46739603247381,0.056758983278671446,6.2786552804884215,352.1809355185953,250
1061,2924.252706566945,1624.4878619834185,276.4750342730619,-14.691297404119076,2423.009433220461,115.13125545794001,21.045626781214416,-2.466037740642229,0.05158791473813976,6.2786552804884215,352.1809355185953,250
604,570.5536173585489,918.1763517318368,276.5902352130419,-15.027740491982446,2420.139722629916,128.50011551180378,18.83375523041928,-2.464751078204337,0.05764649623599415,6.2786552804884215,352.1809355185953,250
954,300.62189992113946,1413.1656450521298,276.51748431243504,-15.068615921535807,2414.4629021253495,126.9707696331364,19.01589561992567,-2.4622013206086084,0.057094339477881714,6.2786552804884215,352.1809355185953,250
928,1746.0688086094817,1378.112311443233,276.51669354781086,-14.86017701750496,2413.9986408500117,123.79202618823696,19.500437267092703,-2.4619925314229976,0.05567567460818615,6.2786552804884215,352.1809355185953,250
88,1576.1342947005069,137.99124103904603,276.70236831806824,-14.879569402263042,2408.49410739608,123.0315407273685,19.57623299811532,-2.4595139485950965,0.05546010818856338,6.2786552804884215,352.1809355185953,250
802,48.06498927710226,1206.5347325438224,276.5493794635121,-15.10417715022138,2400.878151712561,124.57652570079212,19.2723158573148,-2.4560752770654752,0.05633469314420369,6.2786552804884215,352.1809355185953,250
1208,2230.5666695828745,1914.0862397017502,276.43474327844723,-14.792476284427142,2400.2848508666793,164.97774685974426,14.549143121146395,-2.4558069386601264,0.07462295139718529,6.2786552804884215,352.1809355185953,250
43,1634.5998786529815,80.8537870330811,276.7106393066124,-14.870898242754693,2382.4949021734938,116.82847959157495,20.393100299708998,-2.4477299284475578,0.0532385946248444,6.2786552804884215,352.1809355185953,250
867,1481.5731463697382,1296.5905991936606,276.52995894154725,-14.897974461639453,2379.3336238244374,142.5117417611627,16.69570236403393,-2.4462883331266023,0.06502871076204779,6.2786552804884215,352.1809355185953,250
309,2492.181687106741,463.47106558537604,276.64992760510717,-14.748832087134767,2374.059261759423,130.41037561719114,18.204527442879833,-2.4438788675768213,0.05963901031798767,6.2786552804884215,352.1809355185953,250
73,1650.5897839848446,121.18276302117809,276.7045566513675,-14.86876262715339,2360.1942873295047,113.90201297699002,20.72126932301276,-2.4375193654507723,0.05239543886407753,6.2786552804884215,352.1809355185953,250
956,656.9773577278072,1417.1838681916984,276.5154038665924,-15.017290949508473,2356.5345871697064,130.00628750740168,18.126312444969564,-2.435834524169816,0.05989635251494878,6.2786552804884215,352.1809355185953,250
1160,1770.3434074346476,1814.412162573867,276.4515160520327,-14.858421220255947,2353.5882648652478,120.75465945604918,19.490662103369008,-2.434476203245049,0.05570359766343362,6.2786552804884215,352.1809355185953,250
83,2327.725823843059,131.09668685052125,276.7001788704115,-14.771150572350914,2351.796838620532,115.61239826192391,20.34208159312165,-2.433649483908272,0.05337211902478614,6.2786552804884215,352.1809355185953,250
90,1484.9309498535476,141.23484354075615,276.70227434393934,-14.892733466006582,2334.7314102779783,115.80142072221619,20.161509208755902,-2.425742293633579,0.053850135362311743,6.2786552804884215,352.1809355185953,250
618,1534.6060301993687,940.6146859335885,276.58283545776385,-14.888885419599635,2334.3718668854854,127.1127444096075,18.364577664716425,-2.4255750798214137,0.05911924683604015,6.2786552804884215,352.1809355185953,250
705,2035.1492019586135,1061.7212616133006,276.56266672836415,-14.817217323528055,2333.003038920433,118.79995741855,19.638079757056772,-2.4249382395622336,0.055285446104264,6.2786552804884215,352.1809355185953,250
1265,2047.9731458647836,2013.2945206929858,276.42070369466086,-14.819189918371714,2319.955474460381,120.32341547872481,19.280997511831668,-2.418849102851333,0.05630932732260179,6.2786552804884215,352.1809355185953,250
636,1297.5453336370033,970.14868794889,276.57942722198345,-14.923177895025606,2312.5455787418177,122.17093582644,18.928770276648244,-2.4153757312000064,0.057357133301965735,6.2786552804884215,352.1809355185953,250
1037,576.0594649616205,1568.400486229832,276.4931715961195,-15.02954902035123,2307.2908388967917,143.24896527659337,16.106858673929974,-2.412905832597131,0.06740606731449615,6.2786552804884215,352.1809355185953,250
596,148.77734791698487,895.3263563467985,276.59541441555666,-15.088419736784886,2297.6959160965052,123.05808049990009,18.67163787020366,-2.4083813591530587,0.05814701460832037,6.2786552804884215,352.1809355185953,250
364,932.4867159553372,540.9665553244545,276.64499561778734,-14.97403834754473,2286.1408436174097,123.68651375855232,18.483347732479317,-2.4029074351146287,0.058739359109290894,6.2786552804884215,352.1809355185953,250
870,1253.3816630827862,1300.3270878542137,276.53035510803863,-14.930879221740357,2276.619625587162,116.75140923496772,19.49971859444846,-2.3983761667286263,0.05567772656519757,6.2786552804884215,352.1809355185953,250
594,406.27501519014453,894.0319618458915,276.5945278335955,-15.051314150125828,2270.372723705397,125.3144588233868,18.1174043683592,-2.3953928796294433,0.05992580272128277,6.2786552804884215,352.1809355185953,250
142,1502.445457587839,219.93749315064412,276.69046158157835,-14.890538640423012,2266.2912860681536,117.34702903107029,19.31272827936787,-2.3934393006135735,0.05621681122909354,6.2786552804884215,352.1809355185953,250
84,759.994817423372,132.88404651398275,276.70661358492947,-14.997207378320146,2262.146836175263,174.3561962588565,12.974284164910236,-2.391451957325496,0.08368091728223001,6.2786552804884215,352.1809355185953,250
888,505.90705932928154,1326.160431054933,276.5296170760582,-15.0386947500604,2259.1512431348383,121.70107491298425,18.563116593260347,-2.3900132447090887,0.058486946119499235,6.2786552804884215,352.1809355185953,250
378,1202.589539613514,568.5785494014264,276.63973288558174,-14.935218783040204,2258.665958050493,116.6135211953606,19.368817053955425,-2.3897799941970534,0.05605401697871284,6.2786552804884215,352.1809355185953,250
1232,2920.5745406924602,1947.64458473742,276.4268776171742,-14.693124963786763,2252.075258320605,212.3733090260596,10.604323437105087,-2.38660722676911,0.1023827692958778,6.2786552804884215,352.1809355185953,250
425,1376.1838452701102,648.0545153571632,276.62714271025345,-14.910522286036988,2249.4370662173314,133.95737498154296,16.792185324079885,-2.3853345962382697,0.06465507490815466,6.2786552804884215,352.1809355185953,250
912,134.06398869714815,1359.4907053647132,276.5261883075464,-15.092396897748168,2248.2304338601243,118.53746313132302,18.966412596238857,-2.3847520345137934,0.05724329756568199,6.2786552804884215,352.1809355185953,250
46,2554.110008469765,85.95078797878364,276.7059372312797,-14.738304311321603,2246.4576283292554,124.55486074399609,18.03588888390726,-2.383895557168963,0.060196644977599585,6.2786552804884215,352.1809355185953,250
410,845.9257744996779,615.463133625143,276.63424665652207,-14.986821049510713,2243.9823668337485,119.92354077605737,18.71177545553056,-2.3826985781214702,0.05802228669215376,6.2786552804884215,352.1809355185953,250
664,731.1013815941054,1012.775135776785,276.57544499965996,-15.004988221349594,2241.272706129559,122.84328349615905,18.244975568400832,-2.3813867342957793,0.059506793852898615,6.2786552804884215,352.1809355185953,250
473,109.83086418248594,717.9256315500531,276.62205801541955,-15.093312392519918,2237.265794973966,126.9468402836699,17.62364301446707,-2.3794439354695056,0.061604743077737105,6.2786552804884215,352.1809355185953,250
1100,1085.732810833809,1702.0144683878252,276.4711206201965,-14.956640595790882,2236.1193253678503,118.091048971113,18.935553074093207,-2.378887415718676,0.05733658772742198,6.2786552804884215,352.1809355185953,250
295,2903.1548062093016,430.25551134711236,276.65312447977925,-14.689411237458446,2235.8894827907498,116.58191472185229,19.178699270167773,-2.378775811105055,0.05660967851395391,6.2786552804884215,352.1809355185953,250
554,963.7311425549743,833.1102169561325,276.6012761666779,-14.970733144200175,2227.007866466389,121.63762974405711,18.308543755352108,-2.374454356060941,0.05930018326458209,6.2786552804884215,352.1809355185953,250
193,202.33514483647627,305.1463200633404,276.68327807235704,-15.078292716995303,2223.0696870951797,134.18528241393733,16.567164797085656,-2.372532670432355,0.0655332407987507,6.2786552804884215,352.1809355185953,250
254,229.62789722958362,377.614616660526,276.6723466229437,-15.074658794816212,2208.373104441125,120.84512789665936,18.274407440981932,-2.365331101496208,0.059410955102446955,6.2786552804884215,352.1809355185953,250
358,1775.151921201761,529.9915829200816,276.64306033319946,-14.852513002554133,2208.285249026667,120.77483152818877,18.284316534204848,-2.365287906937499,0.0593787576346624,6.2786552804884215,352.1809355185953,250
997,460.1538527049682,1496.7103126814654,276.5043521476493,-15.045963995742374,2206.1933907044004,131.57616582441244,16.767424228249297,-2.364258926316655,0.06475055352693006,6.2786552804884215,352.1809355185953,250
351,1235.0310906467387,522.4202590848391,276.6464810765211,-14.930351460938873,2203.085275797959,129.02692279512723,17.074616894460725,-2.362728248082575,0.0635856140556933,6.2786552804884215,352.1809355185953,250
448,253.1229319276776,688.2015483008979,276.6258918091821,-15.072545680300705,2202.7068180979113,137.0419885476779,16.073225742280975,-2.362541718523683,0.06754711328069277,6.2786552804884215,352.1809355185953,250
692,608.8089906099902,1052.4429417094707,276.5700376465528,-15.022770654711904,2201.4039095096523,124.62954545170965,17.66357970359952,-2.3618993118475,0.06146545707146519,6.2786552804884215,352.1809355185953,250
610,697.3021449896969,925.2403511121689,276.58864909475017,-15.009504441585918,2184.959282054013,131.74105468731295,16.585257247560435,-2.3537583484692712,0.0654617521931834,6.2786552804884215,352.1809355185953,250
816,397.73707015755696,1230.7070654110719,276.54431431051523,-15.053898477760576,2183.9210778838315,120.89268312487162,18.064956632884314,-2.3532423279862886,0.06009978446467233,6.2786552804884215,352.1809355185953,250
651,380.57973381919044,1003.2733380760109,276.57833130496925,-15.055457713481283,2162.9289977902954,123.62294433928396,17.496177666292457,-2.3427556361709927,0.06205355367942296,6.2786552804884215,352.1809355185953,250
803,766.2616407991477,1205.8195465350452,276.5464908660092,-15.000699327362605,2142.7016928890953,122.35306262936074,17.51244837556618,-2.332554260159243,0.06199590010011374,6.2786552804884215,352.1809355185953,250
780,1896.204863163609,1172.5518307833747,276.54672274005856,-14.83770149277337,2139.8887056988897,113.59077821412276,18.83857773793152,-2.3311279446861755,0.057631739248231076,6.2786552804884215,352.1809355185953,250
546,1462.9747462270163,822.7671067508492,276.60071545298933,-14.898729173442035,2134.5621882925916,121.64289270154879,17.547775631493298,-2.328422008447733,0.06187108969250071,6.2786552804884215,352.1809355185953,250
1239,1263.4425974130259,1960.6121268927845,276.4318015263683,-14.932050744707196,2130.094092031388,118.53660305104042,17.96992690193927,-2.3261469478879713,0.06041760803617036,6.2786552804884215,352.1809355185953,250
236,1177.9797371844359,364.2434517988362,276.670318879103,-14.93791962493766,2127.280067484331,121.23453093240413,17.546816497936742,-2.3247116553051335,0.06187447165288718,6.2786552804884215,352.1809355185953,250
23,2432.1255963913068,41.26323105597586,276.71312234920737,-14.755710224095383,2127.1433766317205,128.12562321123377,16.60201389323051,-2.324641887822165,0.06539568072778783,6.2786552804884215,352.1809355185953,250
1152,1809.742538081939,1794.9009411200288,276.45426297016354,-14.852664962940686,2126.369095179398,122.74337442117024,17.323697553589913,-2.3242466072533094,0.06267137813053168,6.2786552804884215,352.1809355185953,250
1137,225.06186808876092,1765.4273243212176,276.4652133416279,-15.080887037820911,2125.0786084971915,129.44077241136176,16.417382011161894,-2.3235874773505945,0.06613112853570999,6.2786552804884215,352.1809355185953,250
85,132.69716157468181,134.75131036857204,276.7090051502778,-15.087621869737234,2120.767008684081,211.58200762349628,10.023380685837527,-2.3213823752113614,0.10831674801437335,6.2786552804884215,352.1809355185953,250
996,437.25731966121515,1496.5392886363586,276.5044726532348,-15.049261955547884,2113.6885419805476,134.82938810347432,15.676764329438365,-2.317752461216131,0.06925536272566371,6.2786552804884215,352.1809355185953,250
498,1435.5356078011669,749.243412532998,276.6117981826522,-14.902382859585437,2097.3444980141066,120.10526150723925,17.46255302801777,-2.309324406055198,0.06217303954685493,6.2786552804884215,352.1809355185953,250
208,1819.3398437535238,330.5712355213638,276.6726109513743,-14.845309182521655,2096.6516538948927,117.02933845462906,17.91560715954778,-2.3089656809042536,0.06060079294724863,6.2786552804884215,352.1809355185953,250
177,1209.2508852154895,280.4049945006715,276.68269210612783,-14.933062302884352,2089.1893857804243,122.26233132973138,17.087760089786393,-2.3050945051152403,0.06353670664237257,6.2786552804884215,352.1809355185953,250
365,2030.8378347859627,541.9467092060285,276.6401913976243,-14.815694135727087,2081.3888005857007,119.26951278887901,17.451138618047366,-2.301033011834443,0.06221370557891315,6.2786552804884215,352.1809355185953,250
310,860.6455498882649,464.977953710354,276.6566372420264,-14.984079550633307,2081.0628068730875,139.95204819198244,14.869827442741972,-2.300862947069535,0.07301362468264117,6.2786552804884215,352.1809355185953,250
505,2968.016200798749,759.294696438301,276.6038085546574,-14.681434491371116,2077.1631300079753,113.74172553455436,18.26210320131762,-2.2988264912997582,0.05945098371373054,6.2786552804884215,352.1809355185953,250
320,1143.7455028186866,475.2615204192489,276.65390301533404,-14.943315352951478,2073.9327609048632,131.22689347459632,15.804174784541,-2.297136658306181,0.0686970382700391,6.2786552804884215,352.1809355185953,250
104,1572.7014315325466,158.8739914402166,276.6992686161996,-14.880152245485737,2072.510929080425,122.58883516843926,16.906196443034617,-2.2963920518603715,0.06421905741236732,6.2786552804884215,352.1809355185953,250
992,78.56642209144856,1487.216745261296,276.50735119365515,-15.100896418671352,2071.092920479219,142.20271447171928,14.564369802456268,-2.295648938670508,0.07454493498351696,6.2786552804884215,352.1809355185953,250
347,440.9285143905492,516.5308889269146,276.6507206703748,-15.044781432791671,2069.0221187951684,117.20003800733143,17.653766619646838,-2.2945628120641617,0.06149962347365162,6.2786552804884215,352.1809355185953,250
418,2553.990850589195,633.0105563995468,276.62439113821705,-14.740626621660258,2067.0782243607973,115.86839820356595,17.83987917679854,-2.293542258138524,0.06085803548557635,6.2786552804884215,352.1809355185953,250
416,558.9875404478175,631.0090398327211,276.63313834984405,-15.028237712586796,2064.1239362170745,116.12232226465322,17.77542763494473,-2.291989403536388,0.06107869933129605,6.2786552804884215,352.1809355185953,250
776,967.4512196358256,1171.081609537336,276.5508334945665,-14.971567079792013,2060.031405542104,121.10470990721483,17.0103326874769,-2.289834581608894,0.06382591216451036,6.2786552804884215,352.1809355185953,250
745,1339.4369038956652,1126.016390255131,276.5559993145846,-14.917772641136528,2054.31080101151,115.72105560232838,17.752264618731807,-2.286815352219297,0.06115839434110242,6.2786552804884215,352.1809355185953,250
400,1298.0790183412485,604.1270251973272,276.6340257581548,-14.92160041673882,2053.11698259096,117.30552762614141,17.5023038056173,-2.2861842166347484,0.06203183375502537,6.2786552804884215,352.1809355185953,250
592,1800.8098755958674,892.05970265333,276.58895549092824,-14.850309143005928,2046.7257725722739,118.62039968430882,17.254416424319434,-2.2827991240129273,0.06292302059371581,6.2786552804884215,352.1809355185953,250
773,1122.342116204855,1163.4358882946094,276.5513261823545,-14.949213763577385,2045.3786304258683,118.50469225361225,17.259895718293983,-2.282084263926232,0.06290304517015435,6.2786552804884215,352.1809355185953,250
230,3040.5010025926513,359.0641895124024,276.6631468296824,-14.669296373209928,2045.1361816957942,305.6747044071573,6.690564028391705,-2.2819555586769233,0.16227331438616893,6.2786552804884215,352.1809355185953,250
915,2752.7490089118983,1361.6235702588779,276.5149368275188,-14.714964564036153,2033.9010399471154,111.97914849793915,18.163212233968245,-2.2759745242576783,0.05977466904062044,6.2786552804884215,352.1809355185953,250
681,2311.8106444793593,1031.6911208158194,276.5659792573939,-14.777202263023227,2030.6575011679379,109.42029649580678,18.558325705558264,-2.274241677654041,0.058502044700876776,6.2786552804884215,352.1809355185953,250
482,2698.0259506194275,728.6664073432619,276.6095202522902,-14.720250809832486,2027.1096676336892,112.84656610210816,17.963414728982343,-2.27234309050603,0.06043951088254515,6.2786552804884215,352.1809355185953,250
1023,1184.5459569227855,1532.660277110033,276.49597914694857,-14.941729273158785,2025.7677538623684,115.71531963487828,17.506478487501603,-2.27162411271968,0.06201704133558977,6.2786552804884215,352.1809355185953,250
549,1842.3208457055914,826.9076910959736,276.5984966283836,-14.84405646781584,2023.2902890472324,130.06520581473464,15.55596884173016,-2.2702954710687204,0.06979314570800123,6.2786552804884215,352.1809355185953,250
37,852.6470461741676,70.4342840410096,276.7155356797786,-14.98359073464555,2019.2275163002196,121.0715095005191,16.677974237131007,-2.2681131178123213,0.06509783409923083,6.2786552804884215,352.1809355185953,250
352,102.75977610575238,524.5927567019806,276.65094555406,-15.093542832198306,2012.9308385212207,149.2151992961966,13.490119290900743,-2.2647221118100553,0.08048112671118621,6.2786552804884215,352.1809355185953,250
1029,1576.4566442708142,1550.131919926102,276.4917424167546,-14.885315561433137,2012.653362072626,116.52568754619467,17.272186111536506,-2.2645724360305053,0.06285828516373125,6.2786552804884215,352.1809355185953,250
939,2021.3394343931968,1389.2244194644702,276.5138855377482,-14.820538791803497,2010.3830628169526,112.61660936584737,17.85156802480177,-2.263347020151129,0.060818186866924036,6.2786552804884215,352.1809355185953,250
612,2000.8441704358174,932.1459215876345,276.5821337048195,-14.821632746197286,2006.6589202671312,115.12252935179743,17.430636136694655,-2.2613338783550128,0.06228688336362001,6.2786552804884215,352.1809355185953,250
175,2343.0806899454733,275.1344421312975,276.6786404141462,-14.769544962988098,1998.0233560313354,113.00675535741124,17.680565641514992,-2.2566513799069794,0.06140640644724135,6.2786552804884215,352.1809355185953,250
682,161.89984611645536,1033.8277991489822,276.5746855443199,-15.087086964465627,1981.6019417837379,135.58618703144765,14.61507241385974,-2.247691026184358,0.07428632368392585,6.2786552804884215,352.1809355185953,250
38,519.5161988834218,72.21741002201075,276.71669060724423,-15.031615146928788,1981.5085847225564,126.11861295308123,15.711468262497617,-2.2476398738681986,0.06910238953233316,6.2786552804884215,352.1809355185953,250
1251,2114.085813926649,1985.8777250063438,276.42451924210684,-14.809551740374532,1979.8469532360905,111.39116961855399,17.77382318558863,-2.246729027289373,0.06108421292726189,6.2786552804884215,352.1809355185953,250
169,770.03652371601,271.80713149098074,276.68584325493725,-14.99633893846808,1978.4858096279786,123.20130816685186,16.058967547231802,-2.2459823275842266,0.06760708599770163,6.2786552804884215,352.1809355185953,250
468,598.4133359260301,714.905977330274,276.62045234584815,-15.022899150647879,1977.855853467452,124.19047922807621,15.925986160622776,-2.24563657068307,0.06817160262793702,6.2786552804884215,352.1809355185953,250
165,658.9933963171472,265.4608256308575,276.6872621357748,-15.012317490317953,1969.8567658841494,136.68771705787464,14.411366348668306,-2.241236599500966,0.07533636809533505,6.2786552804884215,352.1809355185953,250
363,346.28350553221,539.6447447108721,276.64767099258285,-15.058514827706464,1967.3671587468125,120.74551350996634,16.2935011128544,-2.239863521912983,0.06663392922614164,6.2786552804884215,352.1809355185953,250
353,1870.9169189123093,523.8794629938108,276.6435650372057,-14.838679176342422,1962.7020916545298,111.74603256350477,17.563953248533767,-2.23728594157233,0.06181410213504377,6.2786552804884215,352.1809355185953,250
86,1216.990324517869,136.63765696357694,276.70410436661535,-14.931345017707708,1960.1961757160316,121.90180978449617,16.080123660029003,-2.235898822230892,0.06751813748166424,6.2786552804884215,352.1809355185953,250
779,1388.7943684772429,1171.9823065761382,276.5489354256069,-14.910844402780514,1958.6821643053845,122.54691105363288,15.98312146316086,-2.23505989999748,0.06792790773081503,6.2786552804884215,352.1809355185953,250
1047,951.7231544507821,1592.954810090459,276.48794952468575,-14.975519285163957,1951.1872383790615,120.3356744086482,16.21453694399069,-2.230897345415992,0.0669584338886948,6.2786552804884215,352.1809355185953,250
170,738.8569161218053,273.50292252676,276.68572276734346,-15.000840054295892,1945.0800583537202,120.64622479185853,16.122179220356163,-2.227493681658936,0.0673420128359059,6.2786552804884215,352.1809355185953,250
499,809.709986110694,751.0818953965846,276.6141639671066,-14.992596189486857,1934.7454502032197,127.97259658442839,15.118435523239498,-2.2217095634072797,0.07181298609443433,6.2786552804884215,352.1809355185953,250
210,283.25422593346224,333.36110809787766,276.6787241310226,-15.066748713702014,1920.9677746492089,120.66556735267824,15.91976747628968,-2.2139501767711014,0.06819823226796509,6.2786552804884215,352.1809355185953,250
444,1956.4420769598312,686.5592870966663,276.6189433008945,-14.827022418909007,1914.0790981513856,117.52146149185398,16.287060030172107,-2.2100496802355525,0.06666028110590365,6.2786552804884215,352.1809355185953,250
619,1680.1222889281623,940.2316625125402,276.5822797873532,-14.86790607610324,1909.1603690031916,115.38143026977227,16.546513286751612,-2.207256004709902,0.06561503207260551,6.2786552804884215,352.1809355185953,250
665,1724.8157348694951,1012.3995275150459,276.57132809288925,-14.861757779734804,1906.6116783551115,115.17318528051393,16.55430188642781,-2.2058056003940663,0.06558416099020888,6.2786552804884215,352.1809355185953,250
335,1040.512302426702,491.17764135082984,276.65196623924214,-14.958262019293876,1895.7935715207714,115.60580159178198,16.39877536782321,-2.199627594013067,0.06620616330474909,6.2786552804884215,352.1809355185953,250
421,842.9710719920386,634.3507537305082,276.63144099295266,-14.987324459455637,1883.1178046157002,120.74406893672837,15.595944556104707,-2.1923437022784666,0.06961425106984145,6.2786552804884215,352.1809355185953,250
700,583.7729117375967,1054.9621979037458,276.56976648080337,-15.026388361729028,1879.9715735568898,123.29196541925623,15.248127217081969,-2.1905281845366615,0.071202186638614,6.2786552804884215,352.1809355185953,250
761,440.10676252436053,1155.5260038944286,276.555358552167,-15.047493019486433,1877.4228069683304,118.16454641200983,15.888207283614772,-2.189055201768888,0.06833370062585119,6.2786552804884215,352.1809355185953,250
1109,493.5113976876027,1716.093298693185,276.47146946180294,-15.042023219293696,1875.5823717101302,123.57777302450214,15.177343998084938,-2.1879903338790845,0.07153425527793221,6.2786552804884215,352.1809355185953,250
294,879.1456308818352,428.8770255806033,276.66194507081616,-14.98126378308251,1874.6703708514397,125.10072443183954,14.985287889942187,-2.187462266872116,0.07245106053175657,6.2786552804884215,352.1809355185953,250
990,858.0296562554886,1483.0572129433162,276.5047377125275,-14.988583666154494,1866.0047323008766,115.96643487222362,16.090903668435736,-2.1824318303422925,0.06747290409361735,6.2786552804884215,352.1809355185953,250
348,813.7472438927116,518.1039418339291,276.6489092627669,-14.991058283695779,1856.6100936284347,118.2344885016769,15.702779427189746,-2.17695174633211,0.06914062602956035,6.2786552804884215,352.1809355185953,250
386,1872.8691249401352,576.6850533248682,276.6356822542671,-14.838617254863506,1852.664944895776,113.87430912708056,16.269384719851548,-2.1746421885975793,0.06673270186273564,6.2786552804884215,352.1809355185953,250
457,1692.431538330457,700.2679241585814,276.61801685460966,-14.865145195097353,1847.2974808090948,129.52154623544686,14.262472418689633,-2.171492073269805,0.0761228465954677,6.2786552804884215,352.1809355185953,250
288,819.551353697905,420.3613971202557,276.6634682898883,-14.989818162943656,1844.5101038837165,128.17788097130673,14.39023714471157,-2.1698525747044966,0.07544698458280767,6.2786552804884215,352.1809355185953,250
456,628.2623097885966,699.7978190831842,276.6225811049776,-15.018535935686627,1836.1617228166433,123.45868021690752,14.872682257664238,-2.164927302609507,0.07299960969989215,6.2786552804884215,352.1809355185953,250
528,1319.7034239840175,799.3832216993869,276.60480787260616,-14.919286297919543,1827.605425489106,118.03611402064327,15.483442848427535,-2.159856074935787,0.07012006377575523,6.2786552804884215,352.1809355185953,250
417,1325.3366774817384,631.1874893175666,276.62987383080383,-14.917782715529478,1825.8081403367105,119.03741929813897,15.338102515174866,-2.158787825922917,0.070784505379714,6.2786552804884215,352.1809355185953,250
1268,331.8008017665915,2022.056770267361,276.4264646873641,-15.06651071358948,1825.5609744618705,146.43681850686977,12.466543544690765,-2.1586408361605205,0.08708909539423833,6.2786552804884215,352.1809355185953,250
1108,1266.7115918630284,1713.8427106687914,276.468605975401,-14.930607634626458,1822.3499660487578,120.80513682774884,15.085037059700309,-2.1567294358850413,0.07197198095723932,6.2786552804884215,352.1809355185953,250
256,437.0506177207404,381.98639369497744,276.6708156843834,-15.044786336966283,1820.8289113387582,124.70032319814102,14.601637466853834,-2.15582282969325,0.07435467443049264,6.2786552804884215,352.1809355185953,250
204,1133.1761537632385,319.29652770833934,276.6772142885946,-14.944191326673971,1817.0722575871623,127.29531374689081,14.274463089820888,-2.153580472769715,0.07605890275300177,6.2786552804884215,352.1809355185953,250
105,188.7086910169148,160.53260375517834,276.70491922293274,-15.079657525423968,1811.9625530191406,315.85315565193764,5.736724552519204,-2.1505230235024655,0.18925433669692748,6.2786552804884215,352.1809355185953,250
965,1566.8006376661806,1440.6679821781042,276.50811116985244,-14.886269134815281,1809.4675400354317,111.86314157763348,16.175726110638987,-2.149026970127552,0.06711908897158694,6.2786552804884215,352.1809355185953,250
916,1136.4323114263661,1362.418694098253,276.52157946897,-14.947983156922998,1808.6475926571002,114.05165167967142,15.858144674107105,-2.148534864963818,0.06846324222105954,6.2786552804884215,352.1809355185953,250
403,641.7298773286726,606.6425864091466,276.636425220262,-15.016213737574542,1802.6253194892197,123.04227648344705,14.650454876228887,-2.1449136453918483,0.07410691402910663,6.2786552804884215,352.1809355185953,250
371,1372.006633288293,555.535709153495,276.64096079752755,-14.910742304635402,1790.586596547888,127.64487326337937,14.027877115387428,-2.137638301454405,0.07739588756513104,6.2786552804884215,352.1809355185953,250
48,1042.649961488364,91.98737590785727,276.7115091821952,-14.956291364853765,1783.4457191760011,116.025499298322,15.371153151346912,-2.133299717620671,0.07063230645807889,6.2786552804884215,352.1809355185953,250
1217,816.7878122640544,1921.86093947727,276.4394252519968,-14.996255761682887,1782.3441954886075,118.44007548749983,15.048489188751963,-2.1326289186030807,0.07214677741945748,6.2786552804884215,352.1809355185953,250
940,1117.5799206009178,1390.3741823131904,276.51748707871684,-14.950811971512996,1778.8018333483487,111.81361260699926,15.9086339478222,-2.1304688992927603,0.06824596024780784,6.2786552804884215,352.1809355185953,250
315,250.89944122007682,472.020222037461,276.6581666820247,-15.071981930390852,1749.8775721880666,125.75468526368606,13.91500895985603,-2.1126691406312355,0.0780236651756517,6.2786552804884215,352.1809355185953,250
9,1578.3194674030087,34.487743248624106,276.71779489667864,-14.878817871245326,1747.5920794803824,126.33539686981972,13.83295673880821,-2.1112501475998187,0.07848647404166895,6.2786552804884215,352.1809355185953,250
510,436.95814686089165,768.369602766388,276.6131533526766,-15.046382994209596,1742.6743173288996,114.12242471123362,15.270218116539542,-2.1081905553850215,0.07109918088360848,6.2786552804884215,352.1809355185953,250
930,1567.5743166300297,1381.0586219966226,276.51699966234,-14.885918233461437,1741.574892841949,114.28984582667447,15.238229435387664,-2.107505366159169,0.07124843503659845,6.2786552804884215,352.1809355185953,250
336,1008.4594833998292,492.16838953686,276.6519542555973,-14.962886305002451,1733.4173904888157,128.6723728654099,13.47155843859314,-2.102407851579372,0.08059201204885852,6.2786552804884215,352.1809355185953,250
190,1131.8382295912713,296.9613998577185,276.68055182866067,-14.944291155195327,1733.382871763606,140.99597584382656,12.293846412209511,-2.102386230356995,0.08831247468015771,6.2786552804884215,352.1809355185953,250
1008,1262.1130772076233,1507.117357184924,276.4994674639739,-14.930448935275573,1733.3409413846966,113.15490596290243,15.318301284727047,-2.10235996617622,0.07087600510132844,6.2786552804884215,352.1809355185953,250
529,1474.1057757548947,798.6949504883341,276.6042591059664,-14.89702578601917,1728.4751969130593,140.2038062800315,12.328304364724206,-2.0993078581474736,0.0880656388648698,6.2786552804884215,352.1809355185953,250
534,806.1470912267217,808.0177173771694,276.60568343558367,-14.993342043784388,1727.6906700539694,123.42790472541685,13.997569462897925,-2.0988149482224667,0.07756346577723837,6.2786552804884215,352.1809355185953,250
650,934.2668663926197,1000.5167712250604,276.5764221829216,-14.97566027332076,1725.1736453828053,142.06584679158775,12.143479128475228,-2.0972320158809885,0.08940600864987232,6.2786552804884215,352.1809355185953,250
703,2460.6203796875607,1057.826425319422,276.5614553613118,-14.755850600386886,1722.060817233083,114.31455699255056,15.064230335470775,-2.0952711912393247,0.07207138870172292,6.2786552804884215,352.1809355185953,250
814,1091.7844759697887,1224.5537078806544,276.54233533022165,-14.953864062686838,1720.7259762617468,118.6974190260835,14.496742982116748,-2.0944292655961014,0.07489268460779948,6.2786552804884215,352.1809355185953,250
749,605.7240553982881,1129.1169921567885,276.55860804475867,-15.023523865750244,1720.673443791602,141.55956799874127,12.155119347403646,-2.094396118380214,0.0893203899500919,6.2786552804884215,352.1809355185953,250
369,766.8434588289717,548.5779279781244,276.6445607229854,-14.997943873253995,1711.7195082558028,128.35253720379913,13.336078472199748,-2.0887314790604474,0.0814107387162755,6.2786552804884215,352.1809355185953,250
964,1435.2968827426396,1440.446958231283,276.5086924703745,-14.905222487543838,1695.1071873173642,116.839841893894,14.50795516187659,-2.0781428915830666,0.07483480531101709,6.2786552804884215,352.1809355185953,250
782,1068.2359902611654,1173.9076232223522,276.5499902354603,-14.957053808671482,1693.5228213132068,118.59903582374044,14.279397885072921,-2.0771276118663256,0.07603261767325252,6.2786552804884215,352.1809355185953,250
196,1174.6809498499877,308.75327894683676,276.6786105132279,-14.938164158692494,1687.5859560609679,126.00629942666617,13.392869751270794,-2.073314734732752,0.0810655236826284,6.2786552804884215,352.1809355185953,250
1024,1672.944072539535,1539.096917758041,276.4929867352596,-14.871363946352533,1681.2117887142813,114.90801619057464,14.630935633994376,-2.0692060448993166,0.07420578062536348,6.2786552804884215,352.1809355185953,250
1052,358.82399812746894,1602.1275068908226,276.4890372346582,-15.060978034679248,1679.7847781993332,118.36498194719044,14.191568744113725,-2.068284081997598,0.07650317026793241,6.2786552804884215,352.1809355185953,250
1080,1007.2717366438095,1658.0037378949562,276.4780127177471,-14.967772579587434,1669.148263639916,115.27671443924939,14.479491992457453,-2.061387265825158,0.07498191238791767,6.2786552804884215,352.1809355185953,250
1173,487.9616052528553,1837.5418121253051,276.45336492885906,-15.04329840461308,1657.614441165235,120.14429283115777,13.79686377192072,-2.0538587824762593,0.0786917967697564,6.2786552804884215,352.1809355185953,250
1156,251.27131526993762,1807.4655021323267,276.45882983162534,-15.077275938116276,1657.2769172666012,121.57090868785056,13.632183350063457,-2.0536376820670093,0.07964241472698108,6.2786552804884215,352.1809355185953,250
759,908.0122340239265,1148.4145289746036,276.554464300881,-14.980041581588459,1653.5574243463052,124.06838307943498,13.327790556338696,-2.0511981822858836,0.08146136416314265,6.2786552804884215,352.1809355185953,250
45,463.98584738368106,86.84350569341382,276.7147447485493,-15.039679580700058,1645.7348724839976,123.66390327591267,13.3081265339985,-2.0460496577409533,0.08158173107434345,6.2786552804884215,352.1809355185953,250
871,214.1927130427703,1302.0920170995016,276.53442344451844,-15.080625849232204,1645.5987643487751,132.16863387546368,12.450751105586411,-2.045959859776624,0.08719955854814795,6.2786552804884215,352.1809355185953,250
707,1060.069866074424,1064.690824248382,276.5663195812691,-14.957789487078626,1642.2368225904647,120.20086135732471,13.662438056151178,-2.0437394426900877,0.07946605104724996,6.2786552804884215,352.1809355185953,250
1113,170.1160473708951,1724.3897458189901,276.4715661652014,-15.088641050084291,1641.0872434714693,155.97160144839566,10.521705414523392,-2.0429791523893948,0.10318669428830228,6.2786552804884215,352.1809355185953,250
96,2094.749169455844,146.03446405827262,276.6989501074491,-14.804815804752913,1633.7757958956063,116.25219630359022,14.053719825034825,-2.038131122754949,0.07725356798888011,6.2786552804884215,352.1809355185953,250
566,179.79902133536297,848.6101051219871,276.60225747542967,-15.083761501239136,1632.6254656192905,121.74029552563374,13.410723693171285,-2.037366394125448,0.08095759966726006,6.2786552804884215,352.1809355185953,250
598,637.9056341190517,906.0261318707398,276.59176571872047,-15.017985804340702,1620.8470197872084,117.74206970491389,13.766082283498058,-2.029505045364876,0.07886775464806507,6.2786552804884215,352.1809355185953,250
101,2176.2137243254706,156.5304165097501,276.69703637814575,-14.79311104506726,1617.8985501103452,125.21019519857273,12.921460169792848,-2.0275281928507813,0.08402301177525555,6.2786552804884215,352.1809355185953,250
428,1347.6267890886124,653.7725707413911,276.6264105792129,-14.914662575222106,1613.9458422239986,123.31215869913387,13.088294449226398,-2.024872371791398,0.08295198463113519,6.2786552804884215,352.1809355185953,250
113,858.9189829211114,175.16740231417302,276.6998835190722,-14.983124760059708,1611.6364151261805,114.66237799870179,14.055494428559886,-2.02331765773313,0.07724381419083527,6.2786552804884215,352.1809355185953,250
679,139.04324524399027,1030.1855887487363,276.5753247686145,-15.090365212703903,1603.9488117768487,132.2844058318475,12.12500295624942,-2.018126238692786,0.08954224620954943,6.2786552804884215,352.1809355185953,250
1119,518.2361251353708,1732.6147425562042,276.46890136862925,-15.03852619215222,1598.8681742093177,120.00590417310292,13.323245928825509,-2.0146816230301354,0.08148915105222473,6.2786552804884215,352.1809355185953,250
339,169.33777026143983,507.3963642984369,276.6532312408012,-15.083879432383366,1598.4913527247845,128.989277245354,12.392435920733556,-2.0144257064045976,0.08760989420841268,6.2786552804884215,352.1809355185953,250
1196,225.51810801024772,1887.9941604864948,276.4469143840268,-15.081299139382729,1598.399521517451,149.97401996365224,10.657842751063415,-2.014363330508467,0.10186864503059698,6.2786552804884215,352.1809355185953,250
1278,385.597092628645,2048.5930262965153,276.42228268520495,-15.058864667604727,1596.374863457604,134.5957976201527,11.860510444484953,-2.0129871802160015,0.09153906192164286,6.2786552804884215,352.1809355185953,250
605,76.14835468780393,919.0941701643994,276.59217086608874,-15.098979238696584,1581.642933833151,121.39793663061245,13.028581685418153,-2.0029210918864075,0.08333217123818912,6.2786552804884215,352.1809355185953,250
42,444.43762962597134,75.94883599146,276.71645378542735,-15.04245146657061,1570.075375047163,127.75079265565095,12.290141942831319,-1.9949512338354827,0.08833909364515313,6.2786552804884215,352.1809355185953,250
167,1766.3710318978353,269.71866212568517,276.6819113603166,-14.852692013262189,1566.7339397861506,121.60544884836058,12.883747847021516,-1.9926381071855401,0.08426895751852159,6.2786552804884215,352.1809355185953,250
689,104.73012822102513,1047.9912610753331,276.57281026518797,-15.095380005054192,1560.6173875536188,121.35724968942172,12.85969640501545,-1.9883910815207857,0.08442656543404578,6.2786552804884215,352.1809355185953,250
914,1835.8801296709328,1360.6787775561165,276.51891830597816,-14.847159984027057,1550.1236629323976,119.60885129243373,12.959941059399306,-1.9810658430792871,0.08377352914059645,6.2786552804884215,352.1809355185953,250
801,470.49701664749443,1204.6493068818706,276.54790007250307,-15.04331119127041,1540.252761797572,128.80320296353577,11.958186802494486,-1.974129968797954,0.09079135640977964,6.2786552804884215,352.1809355185953,250
132,2083.5937834064634,211.5401625410132,276.6892312129226,-14.806701246447327,1537.6645195407618,113.59394231196941,13.536501051418636,-1.9723039619690395,0.08020536443471984,6.2786552804884215,352.1809355185953,250
483,387.87455343345937,731.4936354815638,276.6188633409991,-15.053305581930633,1531.635167513683,121.42886538422019,12.613435550660434,-1.9680383021280452,0.08607488385217565,6.2786552804884215,352.1809355185953,250
654,1765.1770670449318,1003.292752274681,276.57251646365535,-14.855901826702144,1524.7203218344075,112.47984793346241,13.555497716678614,-1.9631254501117643,0.08009296469167343,6.2786552804884215,352.1809355185953,250
677,1648.0784987653378,1028.0524722907367,276.5693162519177,-14.872884286131272,1523.9511676098628,112.45403697287541,13.551769315115374,-1.9625776058397655,0.08011500009736972,6.2786552804884215,352.1809355185953,250
1020,2425.9830649280098,1535.8733751752366,276.4903266576141,-14.762790008122124,1520.5469148256525,111.27778249582013,13.664425015683323,-1.9601495392499368,0.07945449579868086,6.2786552804884215,352.1809355185953,250
984,1405.604884295431,1467.420122300154,276.5047923724709,-14.90960995471766,1518.053388485947,111.84569307887857,13.572747834065886,-1.958367592194052,0.07999117152055459,6.2786552804884215,352.1809355185953,250
851,517.8608405588756,1275.5068181352267,276.537127245563,-15.036770342969678,1514.4500475792738,122.36012534184009,12.376989998566302,-1.9557873613028347,0.08771922738289059,6.2786552804884215,352.1809355185953,250
240,831.5503857230254,368.731713372478,276.67112063248106,-14.987874910934584,1501.7123410502682,132.54463792674417,11.329861128597646,-1.9466168528347074,0.0958264172593952,6.2786552804884215,352.1809355185953,250
1062,1143.2708598640081,1628.1208676266215,276.48190762031425,-14.948056709261415,1500.528409202234,127.84018090955675,11.73753352448566,-1.945760533941626,0.09249813836400315,6.2786552804884215,352.1809355185953,250
746,1373.5370969477642,1126.5470803415458,276.5557771874091,-14.91285964574085,1496.7275172507507,112.34412406331077,13.322704055329854,-1.943006836349227,0.0814924654552885,6.2786552804884215,352.1809355185953,250
313,1191.9714004166499,469.1544923309971,276.65460949579693,-14.936338165399073,1494.7219876910676,121.2122677508943,12.33144149041828,-1.9415510361591883,0.08804323491650232,6.2786552804884215,352.1809355185953,250
878,115.94456591092488,1313.4432973883643,276.5331375497176,-15.094824281382335,1490.2477767959062,132.03510248062284,11.286754422102346,-1.9382961848354112,0.09619240034796206,6.2786552804884215,352.1809355185953,250
865,2022.6250843049709,1293.928507520068,276.52809152007416,-14.819968005093381,1486.219965649856,113.17309326730715,13.132273076070348,-1.9353577064543424,0.08267418699801214,6.2786552804884215,352.1809355185953,250
835,1494.1238973224079,1253.5883383168577,276.53632108474756,-14.895991952380975,1484.5475481025933,119.43163871295826,12.430102811119854,-1.934135258407531,0.08734441029954661,6.2786552804884215,352.1809355185953,250
244,663.6178798611218,371.36709173150444,276.6714399075617,-15.012090035688265,1480.526165269839,136.8338452277615,10.819882776848715,-1.9311901959680462,0.10034304644437282,6.2786552804884215,352.1809355185953,250
797,716.0358757559148,1200.7211890814792,276.547461438807,-15.007916252845813,1478.8164294060844,113.69884378207806,13.006433312905727,-1.929935645489349,0.08347407578084504,6.2786552804884215,352.1809355185953,250
1003,748.2025322294166,1503.552339024044,276.50213548445424,-15.004490011292248,1475.5885303137475,112.1508632326591,13.157174967548942,-1.9275631553587451,0.08251771392246339,6.2786552804884215,352.1809355185953,250
863,321.97010650573793,1293.5675831929718,276.53524739358687,-15.065065107607335,1470.6393290812848,113.60197521145143,12.945543652246636,-1.9239154184737228,0.08386669800550108,6.2786552804884215,352.1809355185953,250
513,1059.0257248498363,770.6469958187629,276.6101940407702,-14.956743112003279,1469.1490678004047,118.45024391476483,12.403090270186226,-1.9228146380450934,0.08753463663888168,6.2786552804884215,352.1809355185953,250
139,962.3950268682171,217.1000883846689,276.69318684883274,-14.968383972344512,1468.9966503873002,119.08485595517907,12.33571337517676,-1.9227019920978439,0.0880127453499983,6.2786552804884215,352.1809355185953,250
631,743.5900279851692,964.4040872094065,276.5826107034371,-15.002992791776913,1468.1542933942983,113.06074243320467,12.985535578467225,-1.9220792270256948,0.08360841133116767,6.2786552804884215,352.1809355185953,250
613,1091.4706965533946,932.0984389557412,276.58597005006254,-14.952725646594114,1464.2573345236015,119.43667681587387,12.259695878686678,-1.9191934985796317,0.08855847736708343,6.2786552804884215,352.1809355185953,250
935,1530.6712569185058,1387.9409314723744,276.51612711393506,-14.891265092881495,1463.9872665746952,111.58667163428274,13.119732358115384,-1.9189932266825411,0.08275321251720703,6.2786552804884215,352.1809355185953,250
277,365.8524428197862,405.9064625540194,276.6675475007788,-15.055145207131028,1463.1156626049196,116.09802166124291,12.602416834234072,-1.9183466269304572,0.08615014201488162,6.2786552804884215,352.1809355185953,250
887,814.5569910044968,1323.463020222939,276.5287340112331,-14.994211458447197,1458.3926378385222,116.82659141790792,12.483396289647894,-1.9148361365091766,0.08697152399946949,6.2786552804884215,352.1809355185953,250
1122,929.986260866042,1739.979854415297,276.4661002005979,-14.979232395108916,1457.6198812671064,118.91110482266717,12.258063563036131,-1.9142606864374132,0.08857027004443833,6.2786552804884215,352.1809355185953,250
892,437.80151569514544,1330.2302400032859,276.52929310281866,-15.048523293242576,1456.3595966706052,124.29708394438015,11.716763985567754,-1.913321533152088,0.09266210374616425,6.2786552804884215,352.1809355185953,250
1272,145.66038664538272,2037.6714950240082,276.4248972341134,-15.093381324725168,1433.9814069076674,244.70780639929885,5.85997409730275,-1.8965087790172968,0.18527385650044598,6.2786552804884215,352.1809355185953,250
452,371.2627203984198,694.5225159306137,276.6244510235419,-15.055548606560603,1430.0565883979725,124.23802260133918,11.510619361568603,-1.893533036218097,0.09432159694420188,6.2786552804884215,352.1809355185953,250
607,828.0881452897395,920.4093155009052,276.58882081337657,-14.990637305171681,1424.1241140619968,114.70117400323865,12.415950633790251,-1.8890195788602206,0.08744396881260517,6.2786552804884215,352.1809355185953,250
234,528.4079414054236,365.252121255244,276.6729257281287,-15.031551362388273,1422.0760721128026,117.24279713295985,12.12932569751035,-1.8874570509061503,0.08951033446342772,6.2786552804884215,352.1809355185953,250
730,793.1869269529179,1101.2391415841585,276.5619841397217,-14.9963985852442,1419.8728299674694,126.62380078873046,11.213317094599788,-1.8857736003398637,0.09682237564858141,6.2786552804884215,352.1809355185953,250
213,2562.2817657630844,337.9492781545758,276.6683394559558,-14.73819302748401,1418.1775152582559,109.24355892724907,12.981795258086507,-1.884476467059418,0.08363250062226218,6.2786552804884215,352.1809355185953,250
1183,856.3861078978622,1861.7642316691579,276.44823052970895,-14.99031544367344,1417.760119416198,123.25384582438822,11.502765775245821,-1.8841568678022487,0.09438599561302446,6.2786552804884215,352.1809355185953,250
458,1033.5190192416399,703.2441435986202,276.62035763668825,-14.960143345192991,1417.465720489272,116.74394456745567,12.141663756018179,-1.8839313904732435,0.0894193762746772,6.2786552804884215,352.1809355185953,250
531,1375.5439161550848,801.5997611333644,276.6042416876676,-14.911245936251168,1415.9795206207782,119.48627028573722,11.850562556138303,-1.8827924087634158,0.09161590387433835,6.2786552804884215,352.1809355185953,250
1264,518.6375432679228,2007.034097142699,276.42793987678743,-15.039539631738062,1412.5798021972878,115.54774356095085,12.225074749747572,-1.8801824587962666,0.0888092729267294,6.2786552804884215,352.1809355185953,250
319,1073.1609175659312,473.9808705293301,276.65439335924316,-14.953484740990818,1401.344916812377,109.40444900634532,12.808847624936174,-1.8715125846143508,0.08476172344234675,6.2786552804884215,352.1809355185953,250
1202,1228.5173953871845,1905.8341975562473,276.44011869477424,-14.936868500281278,1395.7066064653045,113.42127175897687,12.305510111288623,-1.8671353138216196,0.0882287682656909,6.2786552804884215,352.1809355185953,250
148,264.27545413754973,237.17449838216493,276.6931598216552,-15.069085842672438,1393.9738320206816,134.81456265516744,10.339935126936012,-1.8657865312405042,0.10500065877315816,6.2786552804884215,352.1809355185953,250
89,1109.1023521590737,139.4145929707417,276.70415059012686,-14.946910376511484,1391.7923397331615,114.07139757441072,12.201063275526817,-1.8640860829651815,0.08898404798684414,6.2786552804884215,352.1809355185953,250
559,1269.0273484275567,840.8669721990797,276.59883318267936,-14.926760941299769,1388.4831395191432,131.04725554004816,10.595285905051416,-1.8615015044191827,0.10247009941302113,6.2786552804884215,352.1809355185953,250
1226,937.0092660383622,1944.1872350045287,276.43559807918126,-14.979021977883168,1379.7216762416065,116.53713760523478,11.83933040225651,-1.8546286967445398,0.0917028212839699,6.2786552804884215,352.1809355185953,250
396,505.7905434384506,597.2239537065367,276.6384045966857,-15.035765427837752,1374.5083926620136,112.35437738392498,12.23368794938176,-1.8505184682260145,0.08874674623810941,6.2786552804884215,352.1809355185953,250
901,1069.1429227674964,1338.4951026866886,276.52542954493913,-14.957584636010301,1371.8284750473977,120.23916452269677,11.409165062756623,-1.848399511489339,0.09516033767835409,6.2786552804884215,352.1809355185953,250
862,1039.9413167706862,1290.214934600979,276.53275503982184,-14.961599344297607,1370.6467735402111,120.1692370885252,11.405970502504692,-1.84746384857706,0.09518698998577858,6.2786552804884215,352.1809355185953,250
1087,372.43792797903603,1669.6018784901314,276.4789092233623,-15.059282256696626,1366.388914552197,119.53769698280989,11.430611004231498,-1.844085803192148,0.09498179927547923,6.2786552804884215,352.1809355185953,250
1028,1237.7413110563689,1542.5829662801427,276.4942775573014,-14.934102651659147,1362.0880016473238,110.54871366266823,12.32115649761101,-1.8406628966656247,0.08811672834530672,6.2786552804884215,352.1809355185953,250
985,606.4886647874964,1468.3839174639077,276.5079724861859,-15.02476883654963,1355.5584120612184,111.89868877132608,12.114158145600888,-1.8354455693326566,0.08962240602697259,6.2786552804884215,352.1809355185953,250
740,1645.594784003506,1117.1089126668376,276.5560436931116,-14.873604816560487,1354.4010123237676,121.19318421687318,11.175554310876837,-1.8345181525872793,0.09714954353032139,6.2786552804884215,352.1809355185953,250
94,1683.382541352789,143.47877124494968,276.70109144675615,-14.864127965336003,1352.4958581051324,117.48174137060676,11.51239198811807,-1.832989837803688,0.09430707372721066,6.2786552804884215,352.1809355185953,250
376,567.158629954333,563.9894185705617,276.64310503443585,-15.026785435952826,1351.6763898922072,122.3915502241479,11.04387016437611,-1.8323317981131206,0.09830792863738212,6.2786552804884215,352.1809355185953,250
696,1218.1589593980202,1054.5201181606205,276.5671739248484,-14.93496327034991,1348.4040924635192,115.0073522696219,11.724503397855262,-1.8297001332025997,0.09260093695726207,6.2786552804884215,352.1809355185953,250
382,433.6595914601789,572.9053121734522,276.6423382576666,-15.046060190705791,1344.4809325011738,116.9000442984393,11.501115680236946,-1.826536596859814,0.09439953741754144,6.2786552804884215,352.1809355185953,250
512,913.8734983625594,769.0269651053218,276.6110475282022,-14.977657232107026,1342.6980510937865,122.56652366918824,10.954851381097992,-1.8250958746834,0.09910677582293058,6.2786552804884215,352.1809355185953,250
552,1310.6481234756538,830.9986559027806,276.60012988660276,-14.920721101425443,1335.1411471267638,122.98228330054492,10.85636980624223,-1.8189679294215413,0.1000058048295058,6.2786552804884215,352.1809355185953,250
414,934.3386660930536,628.7091137831526,276.6318967855326,-14.974132560593127,1330.6685419031128,121.0361815706401,10.993973245318363,-1.8153247031272204,0.09875410607009899,6.2786552804884215,352.1809355185953,250
727,1049.3703751425642,1097.6911201659343,276.5614407841237,-14.959465011794714,1329.3461566272308,123.424747812885,10.770499273310671,-1.8142451890254851,0.10080312643355056,6.2786552804884215,352.1809355185953,250
811,1750.5507108708334,1212.9507735832815,276.541308555514,-14.858863576899783,1324.436660347681,110.86449234145003,11.946445903243454,-1.810227962065643,0.09088058563972011,6.2786552804884215,352.1809355185953,250
1125,1505.3343496918274,1741.2443306544526,276.46352889782094,-14.896326812074987,1321.752181841206,115.76287774769047,11.417755048574504,-1.8080250682594479,0.09508874515008524,6.2786552804884215,352.1809355185953,250
980,2183.891730504237,1462.182721842587,276.50232612001116,-14.797397769931855,1315.2277989672148,111.0855411232418,11.83977487680471,-1.8026524274307283,0.09169937868725812,6.2786552804884215,352.1809355185953,250
301,1441.6132483306599,439.87816096592843,276.6579166987767,-14.900227653891637,1312.9556779967097,124.93978891225126,10.508707349576488,-1.8007751425033394,0.10331432438679101,6.2786552804884215,352.1809355185953,250
822,306.3723164984275,1235.9359217709448,276.5439146258697,-15.06708242506244,1311.8074455612223,124.67678368073291,10.521665757118374,-1.7998252071777294,0.10318708321118031,6.2786552804884215,352.1809355185953,250
1241,2006.3851658412198,1964.2064526926656,276.4281967572575,-14.824990831819404,1307.548773555056,113.27091320158365,11.543552855692656,-1.796294722532921,0.09405249957032003,6.2786552804884215,352.1809355185953,250
948,1310.467452883288,1402.7901209192569,276.5148306306646,-14.923062972355634,1306.886275535915,109.4330347180717,11.94233787724884,-1.795744471264979,0.0909118475092176,6.2786552804884215,352.1809355185953,250
857,1817.1934391055634,1286.8297853770896,276.5300106253754,-14.849555529505125,1296.386129655526,111.37801285901205,11.63951570312677,-1.7869859177318068,0.09327707678665223,6.2786552804884215,352.1809355185953,250
527,1180.3155426915364,794.7441620081578,276.60608769463875,-14.939359345473212,1290.8717210592586,115.83976324315988,11.143597715661613,-1.7823576955194234,0.09742814014850143,6.2786552804884215,352.1809355185953,250
1063,1449.0545526532594,1628.7575274890507,276.4805431991271,-14.903991386786787,1290.7949498553935,130.24347968941225,9.910630097825347,-1.782293122291219,0.10954903868707916,6.2786552804884215,352.1809355185953,250
273,2006.633316544649,400.4230339575135,276.6613968087857,-14.818593555934884,1283.6826313233469,123.75268476852195,10.372967937822612,-1.7762941410362658,0.10466628321883151,6.2786552804884215,352.1809355185953,250
842,780.8469748496865,1258.5070742953528,276.53856764662993,-14.998808947241368,1283.3435663166747,120.8887825952558,10.615902805584533,-1.7760073226500805,0.10227109459111323,6.2786552804884215,352.1809355185953,250
539,770.699575409729,816.3854373759457,276.604584017741,-14.998484691423652,1281.772037671908,120.49747532398037,10.63733521574307,-1.774676960964031,0.10206503583653011,6.2786552804884215,352.1809355185953,250
423,432.323064509417,635.7785544819903,276.6329608091127,-15.04651014085973,1274.469278717006,115.89445381490023,10.996809914238977,-1.768473406306079,0.09872863207303469,6.2786552804884215,352.1809355185953,250
974,2257.035045995747,1456.5861629124224,276.5028549285266,-14.786829585619936,1271.963241397636,111.91604441289796,11.36533414909584,-1.7663363802470404,0.09552732772809606,6.2786552804884215,352.1809355185953,250
50,1604.9062640316802,97.21109441792417,276.70832698758994,-14.875248916717435,1271.2713096859807,113.39604847596914,11.210896030079814,-1.7657455929531352,0.0968432850583015,6.2786552804884215,352.1809355185953,250
1134,1709.391770854617,1764.8155498225515,276.45916662723056,-14.867009808974089,1270.6233885393885,111.07232234310449,11.439604050182808,-1.7651920912975316,0.09490713098436744,6.2786552804884215,352.1809355185953,250
524,1725.0827276724422,792.1311381492001,276.60417831666575,-14.860816380056686,1267.8123732267995,113.18638546096074,11.201103101433365,-1.7627874432142243,0.09692795344960864,6.2786552804884215,352.1809355185953,250
163,403.4193971894981,262.9117066633596,276.6887281154154,-15.0491405422972,1267.5591431346838,110.80267869519167,11.439787900991332,-1.7625705589601537,0.09490560571546236,6.2786552804884215,352.1809355185953,250
662,1150.8867556420935,1008.0954304589202,276.574382300023,-14.94447092197719,1261.8520753403427,143.12842452091465,8.816222770313205,-1.7576710941384963,0.12314797711961963,6.2786552804884215,352.1809355185953,250
1211,786.5608200893724,1917.6144246656447,276.44018353707247,-15.000594032841896,1260.5629979035584,118.99298427961534,10.593590920801077,-1.75656136546573,0.10248649472278287,6.2786552804884215,352.1809355185953,250
760,157.6006825549477,1153.5422188562468,276.55683355414834,-15.088186107387692,1258.3221868941037,122.45918292555841,10.27544163559399,-1.7546296138341169,0.10565969215757598,6.2786552804884215,352.1809355185953,250
918,2282.0484894964784,1361.6550392164988,276.5169054943738,-14.782839156679062,1256.911108879256,110.91405163943388,11.332298210197017,-1.7534113899407202,0.09580580918908987,6.2786552804884215,352.1809355185953,250
963,596.2754500115934,1434.4010112067708,276.51308667027087,-15.026105399205504,1244.6812034633185,126.44687851133929,9.843510714672961,-1.7427953060844048,0.11029601444753151,6.2786552804884215,352.1809355185953,250
827,413.368738864838,1241.1615004095115,276.54268877624224,-15.05168812213383,1238.032325076434,118.51317571511093,10.446368664126345,-1.7369799390185356,0.1039308524241902,6.2786552804884215,352.1809355185953,250
562,1396.2186469390313,841.4063003858286,276.5982166598583,-14.908428750306388,1237.9049963608559,118.10401891540013,10.481480712757012,-1.736868267858419,0.1035826931092469,6.2786552804884215,352.1809355185953,250
354,717.5380554500247,524.9370240128137,276.64829675858937,-15.004952651825242,1236.9721840089187,120.21196310324875,10.289925828317909,-1.7360498125437576,0.10551096461863216,6.2786552804884215,352.1809355185953,250
872,617.5086745447987,1308.3506474426272,276.5318103454031,-15.022543977862762,1231.5307411923422,121.20147793648077,10.161020823836509,-1.7312631209980096,0.10684950053965848,6.2786552804884215,352.1809355185953,250
431,197.51981012322003,659.3130817816423,276.6304376921715,-15.080439596040131,1212.9997847967315,123.86204576961504,9.79315154420206,-1.7148017878614408,0.110863187922664,6.2786552804884215,352.1809355185953,250
1026,486.91012840520506,1541.2397909546758,276.4975949028858,-15.042285412694364,1212.3677764833265,137.63792252148008,8.808384740725229,-1.714235940165563,0.12325755878717556,6.2786552804884215,352.1809355185953,250
359,2258.7617040429004,534.536180785388,276.6403272083584,-14.782794466550317,1209.669614364946,116.25944795066478,10.404914488139276,-1.7118169077252356,0.1043449228955804,6.2786552804884215,352.1809355185953,250
130,1173.9118259189393,208.6090369016458,276.6935523774236,-14.93785694639281,1206.550583546108,127.05016320283389,9.496647254359416,-1.709013813398237,0.11432455801721095,6.2786552804884215,352.1809355185953,250
754,666.9375572220055,1140.7679559649418,276.5566134458791,-15.014750248478537,1177.9640643020975,121.15290314445697,9.722953670351169,-1.6829800828148598,0.11166359902656899,6.2786552804884215,352.1809355185953,250
1127,154.30425063124167,1744.5362645626471,276.46862379907077,-15.090997343330953,1176.802043581818,149.52658509441716,7.870186046439417,-1.681908513061181,0.13795099551568873,6.2786552804884215,352.1809355185953,250
455,392.1008104279097,696.6495315841787,276.6240458311443,-15.05255461818733,1171.8151326739753,120.55967645809967,9.719793276661935,-1.6772977336506576,0.11169990647916965,6.2786552804884215,352.1809355185953,250
1022,542.6505059342724,1533.1115572603007,276.49857696621353,-15.034222777011681,1171.7175136069418,132.23343162252456,8.860977887587032,-1.6772072816950745,0.12252598006377052,6.2786552804884215,352.1809355185953,250
436,1205.5906914221698,673.0890150896145,276.62412961517117,-14.93521687110662,1165.693140429561,113.24745215309432,10.293327737331442,-1.6716105804549608,0.10547609361182832,6.2786552804884215,352.1809355185953,250
311,544.4232668135179,467.40489989005596,276.6576141059714,-15.029664780643227,1164.8020409455057,126.55236771043798,9.204111009686256,-1.6707802856517255,0.11795816009361763,6.2786552804884215,352.1809355185953,250
1010,1721.0411124585903,1513.683031652998,276.49657706520725,-14.86432934492893,1157.8445135101501,120.35195236051973,9.620488000408788,-1.664275583494409,0.11285290309118075,6.2786552804884215,352.1809355185953,250
1066,1862.0298430271187,1634.6424401943311,276.4779486512228,-14.844490124161458,1156.9441973268113,120.19319370209408,9.62570476490013,-1.663431008850775,0.11279174112621608,6.2786552804884215,352.1809355185953,250
1203,1857.2308830237173,1906.6045916291766,276.43740510432553,-14.846262432648253,1154.0929597165377,118.58484545056155,9.732212875360059,-1.6607519576177865,0.1115573625345544,6.2786552804884215,352.1809355185953,250
946,1750.464235830985,1398.3782756949058,276.5136524831436,-14.859625011378006,1148.8774063067394,119.51396993244087,9.612913092554615,-1.6558342001601956,0.11294183038447476,6.2786552804884215,352.1809355185953,250
493,1840.2648088602234,747.8848588598171,276.6102900278109,-14.844027249088336,1142.0330040831177,118.58985867432013,9.630106797069804,-1.6493466156865577,0.11274018272885104,6.2786552804884215,352.1809355185953,250
574,1659.6866461696002,864.9998617730338,276.59358650761914,-14.870543992243277,1136.862734669412,125.64003937618791,9.04857034679406,-1.6444200556628765,0.11998580531394856,6.2786552804884215,352.1809355185953,250
1120,1961.0217291862073,1732.4014993767587,276.46295685639416,-14.830610387895403,1135.9309418274497,107.41529285761763,10.575132382063718,-1.6435298021471296,0.10266538146051347,6.2786552804884215,352.1809355185953,250
367,595.34427283412,544.017940921213,276.64596618545545,-15.022641502010611,1135.5667498060502,128.26635205298817,8.85319284154067,-1.6431816472993723,0.12263372315869063,6.2786552804884215,352.1809355185953,250
327,1298.1876962250578,485.2405098829788,276.65175934358894,-14.921092990108004,1133.7661536650266,107.86469798299989,10.511002903319813,-1.6414586979447638,0.10329176102283168,6.2786552804884215,352.1809355185953,250
223,639.2322627198729,350.79312266446334,276.67461329095136,-15.015519458430443,1129.6126824916282,117.98571775575292,9.57414765090539,-1.6374738775352506,0.11339912852684382,6.2786552804884215,352.1809355185953,250
1016,348.9821518488524,1523.3712887705556,276.50083365778306,-15.062085226737663,1128.6571464378794,119.0211296015501,9.482830067369653,-1.6365550678012402,0.11449113738058912,6.2786552804884215,352.1809355185953,250
1040,1512.3606273410576,1579.4391038484302,276.4876372848624,-14.894670846794584,1121.0208792953927,109.41748271010502,10.245354321168852,-1.6291842321051306,0.10596998073133862,6.2786552804884215,352.1809355185953,250
683,1294.2136420990792,1035.7614903154076,276.56965317610684,-14.92392495905835,1118.9735892826575,120.24870492941794,9.305493892341364,-1.6271995687154788,0.11667301193906067,6.2786552804884215,352.1809355185953,250
1099,183.78365615367,1700.0858093023635,276.4751379497221,-15.086577226836983,1114.5186368893483,130.11613768835903,8.565568089322865,-1.6228683161042232,0.12675166301618043,6.2786552804884215,352.1809355185953,250
1115,1183.4541876048916,1725.1314857759883,276.46726662121176,-14.94265021083175,1096.8214215544576,109.955335059489,9.97515419293703,-1.605489788034408,0.10884042281459035,6.2786552804884215,352.1809355185953,250
575,672.7831461526166,866.5624083514251,276.59750828697787,-15.012799612846562,1092.7306288499094,115.85966590877082,9.431501638459217,-1.601432769236806,0.115114224820022,6.2786552804884215,352.1809355185953,250
260,1124.268975014502,383.29932210796454,276.66770442618304,-14.945741531631743,1091.6458911305817,119.91270022986382,9.10367199669407,-1.6003544394703226,0.1192595691490493,6.2786552804884215,352.1809355185953,250
737,962.270747251393,1114.8196392404318,276.55924993353966,-14.972086786567885,1091.3055390907975,114.55299041764906,9.526643827559662,-1.6000158771644137,0.11396458392400215,6.2786552804884215,352.1809355185953,250
621,369.60190180616024,943.4194291210542,276.58731057261093,-15.056797945258067,1086.6209643531183,112.61382725691391,9.649090087970572,-1.5953451775495426,0.11251838153667275,6.2786552804884215,352.1809355185953,250
1261,1245.9314473861725,2003.7273318577677,276.4254407663678,-14.934742924776407,1079.9142893789685,111.53603120135675,9.682201148339159,-1.5886231977620524,0.11213359269924238,6.2786552804884215,352.1809355185953,250
1092,1631.9722634374095,1680.6890450339795,276.4720366571964,-14.877834334968998,1077.8710388553736,113.0927371312554,9.530859949073447,-1.5865669860500824,0.11391416994911856,6.2786552804884215,352.1809355185953,250
32,2057.6673263771727,58.47123575229779,276.712164265384,-14.80979311675505,1076.4155151650484,112.88466325004427,9.535533740139197,-1.5850998506729561,0.11385833552555301,6.2786552804884215,352.1809355185953,250
1214,1156.1001451285056,1920.9454860741166,276.43816285006227,-14.947362879122664,1058.2284439223877,113.29335050597088,9.340605068137835,-1.5665985550005077,0.11623444006892883,6.2786552804884215,352.1809355185953,250
656,153.5711467674778,1004.6583872774496,276.57907448502783,-15.088169629308524,1047.3516176565026,127.03109073147758,8.244844719710613,-1.5553812478748679,0.1316822859506937,6.2786552804884215,352.1809355185953,250
672,1564.4966825698864,1020.6505056542165,276.5707717104878,-14.884903074563166,1040.6380100500537,112.99003070314188,9.209998471317496,-1.5483991902382006,0.1178827557226174,6.2786552804884215,352.1809355185953,250
394,676.2208766921558,586.8627286301038,276.6392311061497,-15.0111618653055,1034.1184873529128,124.71967399728743,8.291542578722618,-1.5415757339560818,0.1309406530439914,6.2786552804884215,352.1809355185953,250
873,1422.2057801115782,1306.6716522674762,276.52870327074623,-14.906572109428,1033.7659976879659,117.69147044303735,8.783695146270675,-1.5412055867863426,0.12360401652383844,6.2786552804884215,352.1809355185953,250
925,754.7886269938998,1371.8696014998927,276.52175938702806,-15.003017065748672,1028.6026091494714,116.28985225517869,8.845162232147088,-1.53576903236041,0.12274506351665364,6.2786552804884215,352.1809355185953,250
843,3040.9728094113852,1258.614601490632,276.5290799009576,-14.672975263822535,1026.511498333246,115.34167129517024,8.899745311530175,-1.533559524385536,0.12199225505851365,6.2786552804884215,352.1809355185953,250
976,691.2199246925798,1456.9959652886528,276.5093200485784,-15.012515448567571,1023.3086832508561,114.37595312247882,8.946886607843625,-1.5301666266540996,0.12134947581074519,6.2786552804884215,352.1809355185953,250
830,452.54036503585337,1242.495881899247,276.54232633971367,-15.046049750562373,1022.2006039166008,126.16349659692472,8.102189868614639,-1.5289903113216048,0.1340008093621286,6.2786552804884215,352.1809355185953,250
462,2744.5183481147174,706.3621224915977,276.6126474540352,-14.713451978682203,1016.7485758432595,129.2685919456626,7.865395302446279,-1.5231839102250244,0.138035020269398,6.2786552804884215,352.1809355185953,250
1091,1569.840762669856,1681.1943347620904,276.4722192640312,-14.88679141792641,1014.5893045299454,110.15431835087647,9.210617610996932,-1.520875677856188,0.11787483161864613,6.2786552804884215,352.1809355185953,250
1048,1474.1272824472937,1594.8080515945478,276.48550357242414,-14.90024261369911,1013.2945402767509,110.46616347715701,9.172895195969101,-1.5194892349186948,0.1183595775167142,6.2786552804884215,352.1809355185953,250
632,225.17088972048546,965.9496320038926,276.584552783588,-15.077698350022349,1008.2056383756862,118.03212653121567,8.5417900024791,-1.5140227830564899,0.12710450616145974,6.2786552804884215,352.1809355185953,250
640,950.3314484549003,978.0670849083991,276.57970441006665,-14.973254044398908,1005.2449577212974,147.60838156787216,6.81021597177443,-1.510829736750541,0.159422256871116,6.2786552804884215,352.1809355185953,250
890,2137.788428904597,1327.135395208634,276.52265712921746,-14.803498889268841,1002.8009593177994,123.79291307051707,8.100633020458663,-1.5081868301926813,0.1340265627708348,6.2786552804884215,352.1809355185953,250
738,551.1795550202114,1114.8111495641854,276.5609710332521,-15.031325685498615,993.3237483650446,126.70318323519585,7.839769475413758,-1.497877025069809,0.1384862148568087,6.2786552804884215,352.1809355185953,250
1129,206.85394118320085,1758.7812314903833,276.4662805583405,-15.08348376528347,991.9768030226114,120.95551339665698,8.201170621876159,-1.4964037694990329,0.1323835401136463,6.2786552804884215,352.1809355185953,250
1256,1404.1578836061174,1993.9664725629848,276.4262447995674,-14.911904071316256,991.9322136644914,114.4120489401641,8.669823002499134,-1.4963549645588277,0.1252274700056783,6.2786552804884215,352.1809355185953,250
942,1181.11326928602,1395.9477765226816,276.51639070936557,-14.941678173054159,987.4090295317874,123.35902701355499,8.004351634706785,-1.491392714275646,0.13563871873049857,6.2786552804884215,352.1809355185953,250
653,1052.8630673265247,1003.1339982519451,276.57553400710157,-14.958578691787338,981.188479334116,108.48345237387372,9.044591205971036,-1.4845310790132094,0.12003859270977833,6.2786552804884215,352.1809355185953,250
75,305.6472566310822,126.82964313234608,276.70945180620174,-15.062665668902882,975.3200968942256,181.88765751946838,5.362211544177108,-1.4780179111559621,0.20247242971586513,6.2786552804884215,352.1809355185953,250
591,1294.5651220219484,885.6616961972181,276.5920432848653,-14.923262914771378,966.5863358156348,108.50680478849905,8.908071136180816,-1.4682516068845441,0.12187823642206293,6.2786552804884215,352.1809355185953,250
100,883.4654619204368,155.80653397079854,276.70266742321525,-14.979505602161163,962.6248637879908,110.9737059856125,8.674350876529193,-1.4637926656854827,0.12516210324597957,6.2786552804884215,352.1809355185953,250
379,866.654964877254,570.5982538849759,276.64085306760825,-14.98364891227531,953.3736232930678,121.09238373045405,7.873109719396,-1.4533078089695464,0.1378997675245521,6.2786552804884215,352.1809355185953,250
836,1561.5538113004716,1252.0816402308687,276.5362636346049,-14.886266267309598,952.5642944379942,114.11284366856205,8.347564251441264,-1.4523857246937162,0.1300618919839457,6.2786552804884215,352.1809355185953,250
695,1023.7748927469032,1053.9524459236416,276.56807392208066,-14.962976907222673,951.9101238219009,115.3573597928671,8.251836948514839,-1.451639842530002,0.13157070441090135,6.2786552804884215,352.1809355185953,250
516,166.17508547049925,779.1524502169179,276.61268218778514,-15.085443024132006,950.802176500205,114.64718211408182,8.293288670227337,-1.4503753963434844,0.13091308444352495,6.2786552804884215,352.1809355185953,250
638,882.895737334046,974.6349138148947,276.5804995595378,-14.982958767945938,945.4488823872816,115.0582589487994,8.217131834125906,-1.4442451103279,0.13212639421106367,6.2786552804884215,352.1809355185953,250
558,914.486981172333,839.1313422863725,276.6005850493677,-14.977854970234329,944.140775605716,132.09648529993734,7.147357277992345,-1.4427418642518977,0.15190229867800417,6.2786552804884215,352.1809355185953,250
1249,612.3645089611769,1982.613474215984,276.43119961815546,-15.025942951639694,932.8568859188817,118.95369655290831,7.84218492532483,-1.429687532425934,0.13844356009687306,6.2786552804884215,352.1809355185953,250
1039,946.729046998596,1574.8636435648311,276.4906698025093,-14.976167183737308,930.7499837639043,113.74009504980333,8.183129997881197,-1.42723257160629,0.13267539441278742,6.2786552804884215,352.1809355185953,250
977,1890.0679170454225,1457.855134422385,276.50419873895254,-14.839739817260012,927.2214478154201,110.97857637128334,8.354958931112641,-1.4231086504632713,0.129946778787507,6.2786552804884215,352.1809355185953,250
852,1579.5996846397554,1279.466547965824,276.5321033025197,-14.8837756092685,926.3747184667154,118.43860735864921,7.8215603773651186,-1.4221167140423958,0.13880861971505287,6.2786552804884215,352.1809355185953,250
620,622.55192680111,941.5161690707644,276.58653397552115,-15.020342114138941,916.9412376579421,114.7536079959677,7.990522073085164,-1.4110037401268727,0.13587347485804618,6.2786552804884215,352.1809355185953,250
1038,785.7141704821328,1573.031335931362,276.491611247485,-14.999360570532021,916.3871548039606,113.76023592515317,8.05542593465509,-1.4103474607218367,0.13477872043106143,6.2786552804884215,352.1809355185953,250
1130,1002.9884883200649,1760.0357137874075,276.4628054634582,-14.968792586194615,915.1979024742323,109.48686421966842,8.358974466909835,-1.4089375185656654,0.12988435415108573,6.2786552804884215,352.1809355185953,250
742,1239.847108217302,1119.2901028603433,276.5574201943728,-14.93209972326789,913.5155945077422,114.10590651554291,8.005857211110346,-1.4069398921632268,0.13561321059952086,6.2786552804884215,352.1809355185953,250
109,1156.3710376358683,167.52249151964253,276.6997560381546,-14.940213732985399,911.9668497016537,109.9994204118436,8.290651407863805,-1.40509760798604,0.13095472799280858,6.2786552804884215,352.1809355185953,250
983,1020.8469778995666,1465.8442937728958,276.5066292100892,-14.965053385906433,911.657465030672,125.35511492502953,7.272598853073544,-1.4047292095840325,0.1492863860545755,6.2786552804884215,352.1809355185953,250
898,1611.661789941789,1337.4785426554358,276.52331604393964,-14.879387930273055,904.5106061158585,114.24951233725125,7.916975640524824,-1.3961841375161932,0.13713570046149945,6.2786552804884215,352.1809355185953,250
1227,881.4134806352703,1945.3489732148598,276.43565376477136,-14.987036633125898,890.6596990827529,107.07663882159349,8.31796467357116,-1.3794294824055997,0.1305247187992535,6.2786552804884215,352.1809355185953,250
560,285.39319752046214,840.4012082432613,276.6030395945229,-15.068514309988739,887.4964138656796,122.4212435635038,7.249529477335419,-1.3755664954785993,0.149761443607379,6.2786552804884215,352.1809355185953,250
487,1250.0325036069034,741.3365627273779,276.61376092117996,-14.92909114072785,886.90564130657,113.7540793727637,7.7966930610043965,-1.3748435215865955,0.1392513456032007,6.2786552804884215,352.1809355185953,250
497,1190.5802230794466,748.5519167542716,276.61293546255763,-14.93769050119538,877.8071285636397,109.61609119107739,8.008013413226799,-1.3636477367581668,0.13557669598888963,6.2786552804884215,352.1809355185953,250
1012,1116.2201718078845,1514.5409064802177,276.49896665478695,-14.951503531710358,877.5448360428563,113.64599623325635,7.721740009579496,-1.36332326566187,0.14060302453243623,6.2786552804884215,352.1809355185953,250
958,568.7197745727245,1418.9183500912236,276.51551190355576,-15.030014047880444,871.4018235220574,128.92594359733636,6.758933068146734,-1.3556961393663474,0.16063186142745656,6.2786552804884215,352.1809355185953,250
489,304.6528065518132,742.9600563931456,276.6175021127153,-15.065343744624998,869.5299406177073,126.49686609486774,6.873924765579518,-1.353361330081584,0.15794470219350273,6.2786552804884215,352.1809355185953,250
1233,1109.7178268008347,1949.6833701939531,276.43406609563084,-14.95415881622897,868.8551664923434,112.85931316551668,7.6985686171782906,-1.3525184481082633,0.1410262159094628,6.2786552804884215,352.1809355185953,250
1034,620.1982069637066,1560.2711940396796,276.49420190478554,-15.023157647273356,867.0692804402788,117.13370065184124,7.402389539603855,-1.3502844778086929,0.14666885526509352,6.2786552804884215,352.1809355185953,250
1046,1379.6981935329227,1591.226482598456,276.4864303578524,-14.913837839132107,845.7264927814249,114.05210653171126,7.415264114795438,-1.3232248165296834,0.14641420496860494,6.2786552804884215,352.1809355185953,250
751,628.5210794897386,1133.9362141489942,276.5577935526942,-15.020258364435113,831.7007702586416,161.64563914718485,5.145210069671874,-1.3050677375559763,0.21101179257958627,6.2786552804884215,352.1809355185953,250
933,1068.5629723987518,1384.664714160766,276.51854322156294,-14.957853045371477,828.0753839491517,114.24009931001169,7.248552731926604,-1.3003246649164768,0.14978162402240403,6.2786552804884215,352.1809355185953,250
381,455.4586884854198,573.4574408100974,276.6421638313945,-15.04292112492424,825.7227139126917,120.0681687399737,6.877115913218621,-1.2972355565629465,0.15787141204253338,6.2786552804884215,352.1809355185953,250
633,780.1734671464071,967.4686493258791,276.5819999213931,-14.997733242476754,825.4262334929663,121.80897302295926,6.7763992504672474,-1.2968456468220197,0.1602178324904836,6.2786552804884215,352.1809355185953,250
934,830.3872057499962,1387.7393605227944,276.5190764612587,-14.992187127158795,822.6901834971504,125.76780592262793,6.541341621267271,-1.2932407664424053,0.16597512603074607,6.2786552804884215,352.1809355185953,250
523,569.1574910216656,791.7523658318514,276.6091077361926,-15.027428334785219,818.8555178065435,111.32221296926198,7.355724396465635,-1.2881681779139744,0.14759933100833278,6.2786552804884215,352.1809355185953,250
1276,343.89186720375136,2043.3882391459965,276.4232307536894,-15.064851722312044,816.8959019854665,137.70302352469852,5.932301855659309,-1.285566771812214,0.18301496222149619,6.2786552804884215,352.1809355185953,250
694,126.4554002069506,1053.3618651947556,276.5719177989945,-15.092271727905867,811.5221852854884,128.0252780412077,6.33876526340589,-1.2784009708431123,0.17127941403159663,6.2786552804884215,352.1809355185953,250
323,1467.767783469803,480.2211338891813,276.65178833185837,-14.896624575012202,810.0306741742243,115.81443353896832,6.994211769828081,-1.2764036408633461,0.15522835677975,6.2786552804884215,352.1809355185953,250
1141,489.10328742823486,1783.4980864899492,276.4614268489211,-15.042922540809256,808.3950997590437,119.34537182571951,6.77357728575806,-1.2742091590511007,0.16028458142535162,6.2786552804884215,352.1809355185953,250
938,1631.854871958893,1391.0537517877647,276.51524034360415,-14.876692844794777,789.9215163966292,111.68546464812741,7.072733402554488,-1.249109837276751,0.1535050083476741,6.2786552804884215,352.1809355185953,250
238,427.6071344290276,365.9813350026532,276.6732441766139,-15.046081169994997,787.6478576825175,137.18911897697186,5.741328930137161,-1.2459802185950326,0.18910256026283145,6.2786552804884215,352.1809355185953,250
366,964.0872250907772,543.6072550470017,276.6444678953012,-14.969494454238431,766.9729054426425,123.94391272069353,6.1880643317353465,-1.2171000334837796,0.17545066466617235,6.2786552804884215,352.1809355185953,250
484,1782.712804327234,734.4220751592745,276.61254122110523,-14.85226961444529,756.7638468001969,119.26330113116514,6.345320309119334,-1.2025509187075896,0.17110247349368,6.2786552804884215,352.1809355185953,250
791,401.962117060303,1191.5630443806729,276.5501391315458,-15.053133199221156,749.0342350040737,129.10687325257302,5.8016604084178445,-1.1914041478475288,0.18713608235751228,6.2786552804884215,352.1809355185953,250
1079,1473.403834567217,1653.3285849829065,276.47677656338976,-14.900579781759713,740.3521700670535,110.84168209456136,6.679366065876224,-1.1787458625613647,0.16254536572664607,6.2786552804884215,352.1809355185953,250
1106,2647.7041127748184,1710.2250256515485,276.4634068618832,-14.73152156721909,738.5149618957948,107.76975566787907,6.852710737989641,-1.1760482240646084,0.15843365370453513,6.2786552804884215,352.1809355185953,250
563,1126.169281544705,846.283390327641,276.5986269066058,-14.947374614237754,733.7603457761288,112.40875867934746,6.527608296691747,-1.1690355725853452,0.16632431828825317,6.2786552804884215,352.1809355185953,250
491,1173.0902314439447,744.4728918009281,276.61361778318013,-14.940194826815997,733.0143677557353,105.82314539373593,6.9267868104695856,-1.1679311965594226,0.15673934101147796,6.2786552804884215,352.1809355185953,250
500,556.0346876401338,751.2855479808643,276.61520189121643,-15.02915455623006,720.4102501159941,112.97025879479627,6.3769903495093905,-1.149099686832545,0.1702527274615568,6.2786552804884215,352.1809355185953,250
966,1126.2392331925482,1443.3332714446724,276.50954940141196,-14.949775739258675,699.8169298246794,109.62562495907157,6.383698428957227,-1.117611089907837,0.1700738235182185,6.2786552804884215,352.1809355185953,250
488,1497.76205155811,741.6848567007304,276.6126627384361,-14.89338119712585,693.0019053007127,137.16977621705834,5.0521472325222865,-1.1069860499159756,0.21489872524122064,6.2786552804884215,352.1809355185953,250
398,185.61813417430344,600.068036154339,276.6393306320742,-15.081912743641189,678.0722789762076,112.95129373738534,6.003227201210666,-1.0833399529855017,0.1808527253109874,6.2786552804884215,352.1809355185953,250
1139,1525.789657169921,1770.2377729626248,276.45911892474805,-14.893493596077818,629.8288970459253,107.91016173152569,5.836604143110299,-1.0032064346463467,0.1860156990913274,6.2786552804884215,352.1809355185953,250
899,1961.5921636435735,1336.9427293279555,276.5219323645949,-14.828941176084399,621.6273285143543,112.01392147645393,5.549554201126906,-0.9889752259185627,0.19563733601872654,6.2786552804884215,352.1809355185953,250
805,899.6103579849929,1208.1516913850028,276.5455858016561,-14.981492777931754,621.2264982098422,119.30601075347671,5.207000839995306,-0.9882749086659561,0.2085077443546137,6.2786552804884215,352.1809355185953,250
864,639.5773537748179,1293.0745787560597,276.53399817381654,-15.01930315805202,607.2416673422267,120.18329677580161,5.052629472088938,-0.9635538884861922,0.21487821460043316,6.2786552804884215,352.1809355185953,250
1184,2866.579061743953,1861.8795849266976,276.4398871215983,-14.700568429742441,594.62673895646,109.7004398877504,5.420459020628398,-0.9407610645762237,0.20029668997924352,6.2786552804884215,352.1809355185953,250
123,2048.880477067327,197.02860266741087,276.69154333787975,-14.811646313204973,581.4926966892963,110.56946679774529,5.2590711842082785,-0.916510639663549,0.2064432980599493,6.2786552804884215,352.1809355185953,250
581,1940.7417106485395,874.604524369791,276.59096807494916,-14.830062169112049,576.4382066602411,112.55632171639049,5.121331239952025,-0.9070318742881076,0.2119956607239821,6.2786552804884215,352.1809355185953,250
1151,1000.2312082015582,1793.9355419787798,276.45775834692006,-14.969323364051915,565.5714089738904,109.74460031973759,5.15352379366379,-0.8863685950430782,0.21067138592332849,6.2786552804884215,352.1809355185953,250
