ID,X_pix,Y_pix,RA_deg,Dec_deg,Fluxo,Erro_Fluxo,SNR,Mag_Inst,Erro_Mag,Std_Fundo_Local,Area_Ap,Exptime,Mag_B_Calibrada
571,2204.904573098785,1270.3189727912247,276.5308480260017,-14.793591523511816,4659359.783426673,2165.2899034718325,2151.84108878716,14.324034404647303,0.0005045446922904,6.2786552804884215,558.6449957049914,250,8.55850213954691
224,289.1608377739042,504.8324981943076,276.6531078267333,-15.066603296102793,662345.2780967053,827.7096646581763,800.2145031980962,16.44213891031451,0.0013567612129759,6.2786552804884215,558.6449957049914,250,10.765098614684355
599,1749.8300220713727,1318.2155694075168,276.5256114654956,-14.859393285573413,516300.45248090767,730.6672906697312,706.6149793124933,16.712593757532524,0.0015364803065119,6.2786552804884215,558.6449957049914,250,11.046852754273946
54,1920.306168440488,136.15952345113487,276.70116930888514,-14.829931677342248,466038.65966908337,704.5437243617754,661.47585104282,16.82379516029548,0.001641329760245,6.2786552804884215,558.6449957049914,250,11.162700023712517
699,294.872245082672,1556.705611163419,276.4960820514364,-15.070011696439638,383104.5412016077,635.0306945325674,603.2850766113012,17.03655677166817,0.001799646704504,6.2786552804884215,558.6449957049914,250,11.384350570436439
245,39.39960664769418,555.5633335770208,276.6465899871934,-15.10279847783436,285747.5426682859,773.5474020209057,369.3988783644876,17.354893760933862,0.0029390993410887,6.2786552804884215,558.6449957049914,250,11.715987312882383
448,1121.1469783596049,1007.7825019155306,276.57455384058267,-14.948756030557554,235260.1337927284,505.2460303261216,465.63479903221577,17.565979172510772,0.0023316556285237,6.2786552804884215,558.6449957049914,250,11.935891630111442
823,2231.780791009316,1960.2726423055933,276.4278506970496,-14.792484303426304,186908.0162091357,451.1886079563672,414.2569491187395,17.815780201610004,0.002620837145423,6.2786552804884215,558.6449957049914,250,12.196129058822468
476,1818.3792674066904,1066.9330802749146,276.562801333242,-14.848491507068086,181824.7646671607,445.996997758132,407.68158884729945,17.845717436321237,0.0026631077529641,6.2786552804884215,558.6449957049914,250,12.227317036758599
777,1347.530328343693,1807.22401927246,276.4543392853556,-14.919329941850435,161053.58346394042,423.61225837499103,380.19103621258336,17.977424040745156,0.0028556696412824,6.2786552804884215,558.6449957049914,250,12.364526191593288
133,2517.2037559010128,311.47994773700407,276.67247779049217,-14.744583480588604,159453.71241030714,421.078905725396,378.6789369930916,17.98826343426695,0.0028670725882485,6.2786552804884215,558.6449957049914,250,12.375818442506226
806,1446.3149005059624,1914.8475355228975,276.4378745172183,-14.905518097484569,158225.7933408412,420.9444719894413,375.8828155957113,17.996656816941208,0.0028884002006831,6.2786552804884215,558.6449957049914,250,12.384562491052435
438,1468.8350194882796,992.0442549560348,276.5754408672458,-14.898576408316153,138527.3847446218,395.5656105924895,350.200778417344,18.141010933524345,0.0031002215497823,6.2786552804884215,558.6449957049914,250,12.534947556554002
73,283.746877203212,201.60703807543203,276.69838526333456,-15.066132428620898,137358.39608623058,402.4541806435792,341.30194862574353,18.150211994205748,0.0031810542083676,6.2786552804884215,558.6449957049914,250,12.5445330269653
573,2766.1374658973664,1275.2016295063734,276.52776348557063,-14.712681349679762,134783.25817996322,391.9622643708933,343.8679445234169,18.170760145254707,0.0031573166888374,6.2786552804884215,558.6449957049914,250,12.565939656125433
472,684.7268256102836,1057.9888018547451,276.5688921945676,-15.011853473695968,133768.49974558875,393.982037785451,339.52943768069565,18.178965380800406,0.0031976608785864,6.2786552804884215,558.6449957049914,250,12.574487696972508
475,820.5773245640025,1066.2484566636049,276.56709075762205,-14.992310273003817,132350.78307992686,389.2090826533485,340.05060256470404,18.19053373359187,0.0031927601122054,6.2786552804884215,558.6449957049914,250,12.586539362234767
704,431.8805912971725,1591.0635386138515,276.49038627911307,-15.050409927794666,126456.95382251964,382.0484376074733,330.9971756838981,18.239993231593065,0.0032800884108958,6.2786552804884215,558.6449957049914,250,12.6380652211617
665,785.1881374623163,1464.5757859882494,276.50779837801184,-14.999006010767062,115012.45140767576,366.4755702310316,313.8338834841575,18.34298787112391,0.0034594734894353,6.2786552804884215,558.6449957049914,250,12.745362858241805
497,666.9270840895084,1110.46057477232,276.56113631340486,-15.01462982756463,112444.5595853288,371.8376115062965,302.4023286128082,18.36750390224715,0.0035902501312749,6.2786552804884215,558.6449957049914,250,12.770903140940867
64,1360.6772469979992,169.52087460365695,276.6985861787807,-14.910767260228136,110941.79753557366,368.65325288190337,300.93806759685214,18.38211202602892,0.0036077190521952,6.2786552804884215,558.6449957049914,250,12.786121575328302
65,393.5478729871505,176.82968984174116,276.7016162108777,-15.050205892913976,110194.69586345115,357.8870704660862,307.90353985110886,18.38944829520632,0.0035261043134645,6.2786552804884215,558.6449957049914,250,12.793764345391914
10,1006.0566721011454,37.18740130336573,276.7198404314736,-14.961336566885546,108373.7763352886,361.7295646174523,299.5988908175074,18.407539504612036,0.0036238451919413,6.2786552804884215,558.6449957049914,250,12.812611384713538
435,312.27890446456087,988.352156625532,276.5808442911704,-15.06523840982957,107819.12957426102,361.1112037860511,298.5759745026937,18.413110468080745,0.0036362604252011,6.2786552804884215,558.6449957049914,250,12.818415096626847
278,1018.757983016026,624.5511173840678,276.6321603833071,-14.961947709641592,105796.83884563103,360.7028078425212,293.3075000952606,18.433668293179082,0.0037015759898651,6.2786552804884215,558.6449957049914,250,12.839831804007012
144,105.01778260762694,345.2824236384263,276.677699919511,-15.09248121295972,95692.93179052572,681.7484407057362,140.3639906993638,18.542650370491316,0.0077348898003718,6.2786552804884215,558.6449957049914,250,12.953367027130756
120,1837.3169249266268,296.04351615772805,276.6776830597134,-14.842572154911442,94426.43051207036,338.7630075270516,278.738907182863,18.55711608945905,0.0038950428950621,6.2786552804884215,558.6449957049914,250,12.968437107194852
316,1986.0014703944385,715.7529214841107,276.6144647863506,-14.822881014512175,85975.39700585947,322.54039001130263,266.55699462274066,18.65891454686381,0.0040730501239954,6.2786552804884215,558.6449957049914,250,13.074488587035791
646,2689.461593097939,1410.3031165653235,276.50794537494426,-14.724289165242356,84589.13614093268,319.1034081929976,265.0837752562397,18.67656354720925,0.0040956863502887,6.2786552804884215,558.6449957049914,250,13.092874942311344
582,2914.354126048141,1290.1290778914608,276.52491528046363,-14.69136638885875,83594.39163343521,321.10019595619013,260.33740460513627,18.689407167925705,0.0041703573162939,6.2786552804884215,558.6449957049914,250,13.106255154725371
802,1600.312150767444,1898.951897245597,276.43960938092647,-14.883261850740162,81444.74298635335,314.7317067882939,258.7751447652449,18.717692378819535,0.0041955343160368,6.2786552804884215,558.6449957049914,250,13.135722089189585
622,577.1696872612879,1359.4373571540696,276.5243540151437,-15.028559903679495,76781.9779144242,312.9886358070081,245.31874045985725,18.781701783150826,0.0044256708556583,6.2786552804884215,558.6449957049914,250,13.20240573279412
841,56.1215754693804,2049.720397242921,276.4234653842486,-15.10632347462854,75309.83158038888,2368.158198279053,31.801013815342547,18.802720830766948,0.0341404210036913,6.2786552804884215,558.6449957049914,250,13.224302932038245
556,1968.2586967562784,1235.2847101934342,276.5370649074748,-14.827568283913742,74260.50754749309,304.3160084020619,244.02432174839848,18.81795523875981,0.0044491466761227,6.2786552804884215,558.6449957049914,250,13.240173816070605
829,96.424823429913,1991.911038435726,276.4319309735909,-15.10029560926066,72590.02300426771,423.6731431003692,171.33496466890978,18.84265768659467,0.0063367100935761,6.2786552804884215,558.6449957049914,250,13.265908303757037
296,746.164387147918,679.5348882786014,276.6251076268853,-15.00146168671554,70616.0136608308,301.8744222654607,233.9251306251209,18.872592027693695,0.0046412285721447,6.2786552804884215,558.6449957049914,250,13.297093267189169
397,962.6239495943934,885.6050273268792,276.59344849429925,-14.971106655135404,70136.90908726561,301.2024187727692,232.8563939593651,18.879983464833884,0.0046625303327056,6.2786552804884215,558.6449957049914,250,13.304793510069587
813,2969.0199859155955,1923.535529844224,276.43027028821297,-14.686042838264653,69833.4755559602,506.87156993149625,137.77351048787014,18.88469087901443,0.0078803247166703,6.2786552804884215,558.6449957049914,250,13.30969759459894
833,1849.708809406324,2016.2276092948248,276.42108530497194,-14.847778995533483,67568.52714998688,290.39363398417726,232.67909224782971,18.92048889084704,0.0046660831856933,6.2786552804884215,558.6449957049914,250,13.346991206182043
373,2278.7722583780924,834.3191857232824,276.5955464799621,-14.781153882895282,66747.74804812612,289.9791664457432,230.18118462180976,18.93375847680468,0.0047167191435903,6.2786552804884215,558.6449957049914,250,13.360815180174978
184,1747.0497982328902,418.5692073525953,276.6597961309356,-14.856100912734384,64204.81666780822,285.4975600939326,224.887444385458,18.975930996142594,0.004827748400836,6.2786552804884215,558.6449957049914,250,13.40474961885339
98,524.5138450976399,247.50192994743944,276.6905133481812,-15.03162482146421,60262.6615342024,290.5682945031843,207.39586071233245,19.04472925013015,0.0052349164359934,6.2786552804884215,558.6449957049914,250,13.476422184743491
799,1674.2103564595102,1878.0613055830752,276.44241999751284,-14.872528846474804,56542.2307111285,271.61047043036285,208.1739729014797,19.113917675851383,0.0052153493775795,6.2786552804884215,558.6449957049914,250,13.548501223293428
680,929.5147901540304,1502.0407157117456,276.50160788510806,-14.978358495344766,56242.536848313815,277.82477407372244,202.4388826944192,19.119687767860825,0.0053631001394078,6.2786552804884215,558.6449957049914,250,13.554512383108815
46,2707.812132378996,119.95193934307858,276.7002092848624,-14.716276645973553,55371.70860403683,273.3615893549176,202.5584820994923,19.136630209836493,0.0053599335300445,6.2786552804884215,558.6449957049914,250,13.572162660818769
789,2655.3738858671463,1841.6401582795356,276.4437824919316,-14.730941918736214,53942.56328655698,266.2571106770538,202.5957659849487,19.16502107226679,0.0053589471365391,6.2786552804884215,558.6449957049914,250,13.601739660819092
544,2465.24315669959,1207.7897382297142,276.5390780213551,-14.755797881903725,53161.6979666308,272.0904391193516,195.38245496127703,19.180852912402827,0.0055567937265153,6.2786552804884215,558.6449957049914,250,13.618232937022249
306,1844.7569763451943,695.4931117438165,276.61808413193444,-14.843163116399376,53092.03462937538,272.5812098196316,194.77510817604283,19.18227659920219,0.0055741208934085,6.2786552804884215,558.6449957049914,250,13.619716103818206
116,1792.76207940594,293.422344469524,276.67826399822064,-14.848985929636218,51017.96576993668,267.86797292913366,190.45937150326608,19.22554217649469,0.0057004283455875,6.2786552804884215,558.6449957049914,250,13.66478926715504
473,541.6895437849588,1058.8656917850085,276.56936005039734,-15.03246796164606,50659.87975142471,263.9661482263925,191.91809287596945,19.233189635193135,0.0056571008169701,6.2786552804884215,558.6449957049914,250,13.672756227879873
467,1327.1489287401243,1054.2667898267707,276.5667543150266,-14.919252858207528,49345.85816396371,261.25252686303173,188.88184070975333,19.261723256421448,0.0057480380110671,6.2786552804884215,558.6449957049914,250,13.702481950976555
708,1732.1620613442146,1600.671091085331,276.4835558725875,-14.86307429598951,49153.16432029806,258.8678921297124,189.87740780022503,19.265971317856415,0.0057178998416825,6.2786552804884215,558.6449957049914,250,13.706907491531087
308,1142.629994120627,704.2202929570851,276.6197513765722,-14.94442024843348,48757.56053186301,261.16317283798554,186.6938588700257,19.274745100174247,0.0058154028556228,6.2786552804884215,558.6449957049914,250,13.716047832380347
150,1439.5753749367511,352.1491238856998,276.6710104042626,-14.90015611137019,48486.30619911396,265.3360654057242,182.7354533390467,19.2808022721794,0.0059413757985189,6.2786552804884215,558.6449957049914,250,13.722358066063393
723,1422.7251925116036,1645.278697812976,276.4781878844041,-14.907851738261405,48113.40970929945,266.8560669978951,180.29723007826144,19.289184682559156,0.0060217231264658,6.2786552804884215,558.6449957049914,250,13.731090683905258
168,2661.123056588942,379.64852582668544,276.6617014018248,-14.724111550984649,47145.776221002685,255.2200922322914,184.72595871524263,19.31124304549084,0.0058773547992441,6.2786552804884215,558.6449957049914,250,13.754070619863153
43,98.23546096087622,116.66268351081754,276.7118514398948,-15.092512676268704,47077.85891533317,666.8392504047742,70.59851214030475,19.312808264034132,0.0153785110632688,6.2786552804884215,558.6449957049914,250,13.755701231436475
217,3060.63576049709,487.73105580485344,276.6438860927683,-14.666935013053315,46966.55077114044,393.336890185657,119.40540524681523,19.315378354885222,0.0090925532035657,6.2786552804884215,558.6449957049914,250,13.75837869772656
652,2109.6492632950094,1421.3073051825493,276.5087318429192,-14.807936659506366,46514.764541136974,256.7772527575958,181.1483067195523,19.325872954456592,0.0059934316785022,6.2786552804884215,558.6449957049914,250,13.769311749594493
803,3018.6489984977493,1898.8711641725608,276.4337405779665,-14.678787493626103,46427.38268892869,481.784588394254,96.3654375987142,19.327914518404974,0.0112664875193228,6.2786552804884215,558.6449957049914,250,13.771438607735917
825,2347.79940812991,1961.734765406621,276.4271522261909,-14.775764724362308,45694.955964780645,250.4434679373461,182.4561700136345,19.34517936382288,0.00595047018645,6.2786552804884215,558.6449957049914,250,13.789424758533016
258,772.673345042833,579.2883368022582,276.6399537645635,-14.997229945853553,45118.462367783766,266.4527092075402,169.33009426690035,19.358964295381377,0.0064117368191427,6.2786552804884215,558.6449957049914,250,13.803785608673131
747,1430.397596199001,1707.391472278715,276.4688898416924,-14.90699257415402,44992.8424455194,250.4336631751223,179.6597225591712,19.361991444666955,0.0060430907080045,6.2786552804884215,558.6449957049914,250,13.806939228773274
478,736.2392236802478,1070.668116565966,276.5667844251637,-15.004481645341222,43585.917169792345,251.31975179680063,173.42814028016718,19.39648454870433,0.0062602297311502,6.2786552804884215,558.6449957049914,250,13.842873415014683
513,1786.120138817744,1154.9247881509225,276.5498136715235,-14.85350036345378,39649.33841389604,248.96393415924197,159.2573580900099,19.499260158913714,0.0068172674281484,6.2786552804884215,558.6449957049914,250,13.949942871980259
592,2229.3466945115388,1310.9672107906792,276.52468439049966,-14.790232401033077,39089.75709502294,264.6810099896437,147.68629263033424,19.514692592377358,0.0073513931500573,6.2786552804884215,558.6449957049914,250,13.966020054759749
350,2093.4289919900234,791.7843150796027,276.6026727091213,-14.807704862998088,38760.426813091326,238.67117314694823,162.40095652115804,19.523878645008956,0.006685305451748,6.2786552804884215,558.6449957049914,250,13.975589890102189
328,753.6567016591189,740.2841379690695,276.6160113148143,-15.000630358352964,37668.48033723846,247.7503956341693,152.04205927025083,19.554904772238046,0.0071407872611761,6.2786552804884215,558.6449957049914,250,14.007912253232853
469,274.8928362547464,1054.4815019052924,276.57113029029813,-15.070890968691725,36582.15412104264,237.78544061085947,153.8452229331822,19.586676833937236,0.0070570927020044,6.2786552804884215,558.6449957049914,250,14.04101171511762
28,1292.187832160683,84.63588179505078,276.71153977482635,-14.920285201463512,35237.440238542215,234.1563634911521,150.48679315466782,19.627339140849756,0.0072145865908919,6.2786552804884215,558.6449957049914,250,14.08337284643293
532,2494.140451206027,1184.6596080941824,276.54240496062346,-14.751536315382651,33835.81496340368,232.48809769721396,145.53783741424266,19.67140841846788,0.0074599157118831,6.2786552804884215,558.6449957049914,250,14.129283287770374
32,202.3364006934704,99.29328896109028,276.7140009539954,-15.077439174775032,32164.923963084177,337.59683698069,95.2761413606608,19.726393698983927,0.0113952977576008,6.2786552804884215,558.6449957049914,250,14.18656579004848
193,544.7169420463894,431.4867117937922,276.66297277368096,-15.029474431196595,31575.09864167875,228.7981544450493,138.0041666781109,19.746488231729657,0.0078671537688593,6.2786552804884215,558.6449957049914,250,14.207499849254543
282,356.13715938259986,633.4309181650858,276.6336323718551,-15.057478783920155,30742.61238673772,224.1650031145461,137.14278303749558,19.775498098242245,0.0079165667777294,6.2786552804884215,558.6449957049914,250,14.237721714615581
93,1183.0647311567304,239.79219212363887,276.6888617974517,-14.936667790060753,30639.221514803477,230.16052367708383,133.1210975075397,19.779155705450364,0.0081557320389317,6.2786552804884215,558.6449957049914,250,14.241532132444956
766,61.194519212287474,1764.887024310021,276.4659694346507,-15.104487873830257,30298.543050260865,958.16870893446,31.621302979049094,19.79129565838185,0.034334448543102,6.2786552804884215,558.6449957049914,250,14.254179278643491
690,2066.9214133185383,1531.6228333363824,276.49245931778734,-14.814540907363906,30014.005883804988,223.46480522867083,134.312004313573,19.801540113330567,0.0080834174543718,6.2786552804884215,558.6449957049914,250,14.264851735134219
782,338.6765380089295,1826.4147270577105,276.4556410296869,-15.064759656815824,29295.158467406694,224.02291722490668,130.7685786360686,19.827860392691527,0.0083024531682149,6.2786552804884215,558.6449957049914,250,14.292271645486672
34,1756.3427923914785,103.7495645128502,276.7067038985321,-14.853439571867996,28426.050356075924,219.46131474115512,129.5264743565543,19.860558719070465,0.0083820701937067,6.2786552804884215,558.6449957049914,250,14.326336070323883
391,2777.5881537106966,878.8143452944181,276.5868019072414,-14.709398962736106,28415.743418163853,215.4056496425446,131.91735437449492,19.860952465116494,0.0082301529252766,6.2786552804884215,558.6449957049914,250,14.326746266626731
562,603.6704596383512,1249.29803338423,276.5406810210921,-15.024301806201915,28402.107374814103,219.9725232748142,129.11661398424306,19.861473609300305,0.0084086777564697,6.2786552804884215,558.6449957049914,250,14.32728918361499
481,2930.2040591749,1080.7994822616874,276.5560498504187,-14.688221237349456,28364.56097298028,212.88875630710004,133.23653848615348,19.86290985683642,0.0081486656163228,6.2786552804884215,558.6449957049914,250,14.328785435920832
837,638.6914270594397,2037.4449922100864,276.4229075618168,-15.022363481012944,28219.94580486149,222.3888301671315,126.89461868949716,19.86845958323989,0.0085559183770955,6.2786552804884215,558.6449957049914,250,14.334567023508747
392,102.02949818023043,880.2422091810822,276.5978619580033,-15.09509383842478,28174.15727667598,223.57537213897976,126.01637204996914,19.870222685089963,0.0086155471891341,6.2786552804884215,558.6449957049914,250,14.336403785725754
403,1161.3475378112178,907.1048747213084,276.58940501113227,-14.942552337006193,28165.636493776285,222.3084621345049,126.69619601225536,19.870551096748528,0.0085693180550975,6.2786552804884215,558.6449957049914,250,14.33674591804559
502,1445.0549077187447,1126.7537952852244,276.5554464634212,-14.90255179519223,27747.8839525113,215.71763786042476,128.63057572726134,19.886775347879105,0.0084404504439289,6.2786552804884215,558.6449957049914,250,14.35364799972319
740,801.1422127524584,1686.4499510161477,276.4746215322595,-14.997585817131547,27689.755229154776,217.99561020105963,127.01978358011992,19.88905222992335,0.0085474874023476,6.2786552804884215,558.6449957049914,250,14.356020007279803
507,723.8977983720131,1138.9880335225505,276.5566409358381,-15.006535297173622,27497.85507781152,235.13494236331144,116.94499678114222,19.89660297475905,0.0092838516386626,6.2786552804884215,558.6449957049914,250,14.363886213547968
630,3032.3424852960457,1369.7125716690653,276.5125573141472,-14.674674352123931,27365.834525066137,213.93119347808977,127.9188606399696,19.901828280296957,0.0084874114307172,6.2786552804884215,558.6449957049914,250,14.36932982633979
425,1256.0012370884544,962.570245060914,276.58073241390895,-14.929135196850057,26622.239831361163,212.55606118010277,125.2480860040196,19.931738542830544,0.0086683959383232,6.2786552804884215,558.6449957049914,250,14.400489705231724
271,2667.0520702373487,608.9971159688982,276.6274898845918,-14.724219077484175,26619.143412468024,212.30265971701985,125.38299542713656,19.931864831589266,0.0086590689295737,6.2786552804884215,558.6449957049914,250,14.400621270189497
748,445.4142997752044,1709.8216199356327,276.4726042789058,-15.04892744980204,26109.17519716965,213.61113993482329,122.22759171238002,19.952867140569285,0.0088826097674804,6.2786552804884215,558.6449957049914,250,14.42250103147656
356,707.4018023702328,807.8489301449995,276.60612414347725,-15.007571925045216,25446.971854676434,219.25411578934705,116.06154695460836,19.980759748028508,0.0093545194639238,6.2786552804884215,558.6449957049914,250,14.45155895998634
89,2596.5190965783604,232.63020349944745,276.6838917759446,-14.732809400550387,25397.02908847545,211.6348438209133,120.00400609819512,19.982892730715317,0.0090471979669712,6.2786552804884215,558.6449957049914,250,14.453781056235911
160,787.7999589846636,373.1607465581613,276.6706454717766,-14.994199205582266,24067.323317505536,211.74459029375063,113.66204578883097,20.041280541015116,0.0095520012196251,6.2786552804884215,558.6449957049914,250,14.514608242077689
48,1981.825144646844,124.07008583367426,276.7027085376524,-14.82100872171566,23916.576857518987,213.795156606356,111.86678518426253,20.04810247200499,0.0097052936509409,6.2786552804884215,558.6449957049914,250,14.52171518549602
20,1989.1684726592025,53.27537760152377,276.71323270003194,-14.819650065565884,23890.66167668841,223.9366298975318,106.6849210315446,20.049279576297117,0.0101766959144955,6.2786552804884215,558.6449957049914,250,14.522941467851268
16,2649.729216894661,44.03965189266522,276.71177332381444,-14.724332222512569,23241.94116931758,212.2402025732036,109.50772232372526,20.079169027797796,0.0099143692970845,6.2786552804884215,558.6449957049914,250,14.554079666249283
739,1818.620264887423,1682.283247538929,276.4710235034986,-14.850937517778291,23235.149463832204,205.67816177864535,112.96848077064352,20.079486345447826,0.0096106453109187,6.2786552804884215,558.6449957049914,250,14.554410241065671
672,1082.2867627447026,1485.892292728022,276.50338230278214,-14.956279469178291,23119.57953472697,206.79442163020232,111.79982202842147,20.084900192919633,0.0097111066932109,6.2786552804884215,558.6449957049914,250,14.560050272856483
379,1627.6320007220684,852.3979585622284,276.59560127007245,-14.875113499413215,23061.29340148036,205.90036314520776,112.002198778138,20.087640868644467,0.0096935596965433,6.2786552804884215,558.6449957049914,250,14.562905450860086
205,823.3473796047202,468.6425569526383,276.656248490614,-14.989470571489973,22486.52296574425,204.3981060512688,110.0133626487909,20.11504425475984,0.009868801151602,6.2786552804884215,558.6449957049914,250,14.591453718921091
515,2132.878732177238,1158.210724886325,276.5478673608949,-14.803520251381126,22252.43248313508,199.1762612457184,111.7223124079172,20.12640629167302,0.0097178439704678,6.2786552804884215,558.6449957049914,250,14.603290448665032
792,2707.983719086385,1852.9926051653556,276.44187131694645,-14.723401515702468,21365.63957807637,204.31708177653155,104.57099030733362,20.170560276916426,0.0103824205624249,6.2786552804884215,558.6449957049914,250,14.649289136614886
700,535.1167435178099,1560.931782087306,276.4944559905976,-15.035418166886052,21362.492397952883,208.6090175494216,102.40445331128552,20.17072021872765,0.0106020779848287,6.2786552804884215,558.6449957049914,250,14.649455760610977
800,440.6194642587573,1886.3944703412203,276.4462679952218,-15.050308855375649,21139.849418960453,206.099492207662,102.57108929536,20.182095298020197,0.0105848539530828,6.2786552804884215,558.6449957049914,250,14.661306077629892
816,1624.6242648389875,1940.568325956187,276.43330080225974,-14.879921936024578,20908.861340334814,200.27407006868305,104.40124042600333,20.194024065302376,0.0103993017283114,6.2786552804884215,558.6449957049914,250,14.673733215085651
299,451.5127082375595,684.8285029272038,276.6255597755963,-15.043945284528666,20762.577638610383,198.8977304103481,104.38820792864192,20.201646848072762,0.0104006000442326,6.2786552804884215,558.6449957049914,250,14.681674468950543
83,670.146143298963,217.20951772155863,276.69441433791764,-15.010509430837256,20693.13466114429,202.2156748859897,102.33200108157386,20.205284311820932,0.0106095843775647,6.2786552804884215,558.6449957049914,250,14.685463901749387
431,414.1092658647782,977.4186788625788,276.5820497049093,-15.05052236925094,20661.177598914423,206.49261729004195,100.05770603359387,20.20696234462917,0.0108507384692137,6.2786552804884215,558.6449957049914,250,14.687212040837856
711,1591.6689361617655,1607.9821264375018,276.4830496819868,-14.883353836943169,20140.63421539456,195.07201977676544,103.24717116500304,20.234667166475035,0.0105155423412512,6.2786552804884215,558.6449957049914,250,14.716074338267386
404,1828.471178828731,906.904312893914,276.58662496727896,-14.846381976572545,20073.35149517021,208.0296743497568,96.49273142360076,20.23830029819159,0.0112516246973443,6.2786552804884215,558.6449957049914,250,14.719859258047318
744,1721.8777599537882,1700.900327513041,276.4686485192755,-14.864956187403976,19569.730109095224,195.9459619279471,99.87309723836702,20.26588793108375,0.0108707953394972,6.2786552804884215,558.6449957049914,250,14.748599470503478
51,784.2662962146309,129.6471808114832,276.706993075405,-14.993695326667318,19568.03564813844,206.55989532294592,94.7329858854973,20.26598194450398,0.0114606331664904,6.2786552804884215,558.6449957049914,250,14.748697411696249
561,283.1403470666668,1242.7730029617967,276.5429908844099,-15.07045668754629,19407.6968700352,197.0215324955256,98.5054609220236,20.274915020919387,0.0110217239718256,6.2786552804884215,558.6449957049914,250,14.758003701767219
495,574.3927931801085,1104.0602364400738,276.56247844456647,-15.02793766125652,18891.72005415242,194.7919971882933,96.98406673191494,20.304171268217615,0.0111946223393695,6.2786552804884215,558.6449957049914,250,14.788482241419672
781,613.1223799349508,1818.971822537913,276.455620532013,-15.025195099792407,18692.48477346642,195.4162936334469,95.65468889983627,20.315682432802483,0.0113502015686536,6.2786552804884215,558.6449957049914,250,14.80047432921786
641,1964.652106117278,1396.9096986749328,276.5129764483716,-14.828742209378865,18571.71173166111,193.2232027348016,96.11532915718584,20.32272018675782,0.0112958048369626,6.2786552804884215,558.6449957049914,250,14.807806112436857
179,1331.3569314034614,404.28665504018727,276.66369391867,-14.915975086871503,18540.371557382576,202.26300790650347,91.66466843978164,20.324553938299132,0.0118442581910743,6.2786552804884215,558.6449957049914,250,14.809716476007921
563,978.4022242372732,1251.5284103326517,276.53878431167044,-14.970312498430106,18391.265666327905,192.74678959188853,95.4167159166104,20.333320976862794,0.0113785094107498,6.2786552804884215,558.6449957049914,250,14.818849791356723
668,59.77111557814151,1469.5075118326088,276.5100728355525,-15.10353389693662,18026.69426181016,229.76296944228403,78.45778763030144,20.355059789106278,0.0138380144634703,6.2786552804884215,558.6449957049914,250,14.841496826166289
440,2997.0643282483206,994.9336501268364,276.5685653898788,-14.67822299498886,17767.066016932135,189.0585515414224,93.97652670072108,20.370810731550606,0.0115528849396353,6.2786552804884215,558.6449957049914,250,14.857905824865245
482,348.4139581322692,1081.4318602776589,276.56680038781127,-15.060406646897256,17550.723492069752,194.46064943162384,90.25334196593296,20.384112461536283,0.0120294714450552,6.2786552804884215,558.6449957049914,250,14.871763285826727
493,1191.594381422785,1099.4359369167937,276.5605844398146,-14.93897404667565,17539.297632507863,200.0157446960901,87.6895849332141,20.384819526931953,0.0123811738968417,6.2786552804884215,558.6449957049914,250,14.872499891601183
355,2764.895787956378,806.9232145930122,276.5975716256453,-14.710931321821652,17430.73795099539,212.94444960081825,81.85579846608228,20.391560587000207,0.0132635686212244,6.2786552804884215,558.6449957049914,250,14.879522585403826
827,1084.4420733665274,1982.5398859294828,276.4292675475172,-14.957929317546782,17409.80863024626,196.83386292408667,88.44925548690135,20.392865028304463,0.012274834808087,6.2786552804884215,558.6449957049914,250,14.88088152476508
445,472.95096196039424,1007.3354016522004,276.57733829482777,-15.042164748082524,17333.86603050935,192.05358850932524,90.2553613553943,20.397611432485157,0.0120292022955278,6.2786552804884215,558.6449957049914,250,14.885826228251933
822,1152.6155707684572,1959.880770279734,276.4323676534386,-14.948017564764422,17299.19607175712,189.49108901890415,91.29292655039468,20.399785219018835,0.0118924876332087,6.2786552804884215,558.6449957049914,250,14.888090833086153
37,519.681312142587,107.8311127958903,276.7113756753332,-15.031740035406283,17041.946931892424,197.60116424935148,86.24416256165027,20.416052000198924,0.0125886780942873,6.2786552804884215,558.6449957049914,250,14.905037221669804
770,781.3566765669195,1784.5062007438896,276.4600698746007,-15.000822374883812,17001.083590028866,189.1950898637301,89.86006773365044,20.41865851497371,0.0120821186471622,6.2786552804884215,558.6449957049914,250,14.907752633633212
159,2488.8441639489847,368.061900709645,276.66416447925656,-14.748912497526131,16987.865886708198,184.6862575760425,91.9822953243483,20.41950296235931,0.0118033584199176,6.2786552804884215,558.6449957049914,250,14.908632361059087
419,682.9824365274723,945.626170304158,276.5856671071185,-15.01165060207266,16964.091311332886,190.16351081292797,89.20792027247117,20.42102351808493,0.0121704440220543,6.2786552804884215,558.6449957049914,250,14.910216443853596
667,118.6544371757831,1466.4263535482346,276.5102887580546,-15.095039856748365,16839.930276728235,191.6535732324516,87.86650826647268,20.42899929909389,0.0123562438228158,6.2786552804884215,558.6449957049914,250,14.918525443817359
439,1328.95324597482,993.1367877368126,276.5758659135099,-14.918744291839309,16788.721897884854,186.54281195008917,89.99929679615207,20.43230593378045,0.01206342758943,6.2786552804884215,558.6449957049914,250,14.921970225897006
762,2820.2273050192493,1756.3378014595514,276.45581354494266,-14.706829412378974,16457.64406297094,185.6353830888117,88.65574972362502,20.453930858171447,0.0122462446416002,6.2786552804884215,558.6449957049914,250,14.944498614750628
254,1717.667770405693,570.571896492065,276.637252488093,-14.860969888192956,16345.114575732674,191.6377506140485,85.29172630840955,20.461380098585508,0.0127292534339635,6.2786552804884215,558.6449957049914,250,14.9522590758592
643,2234.803871628169,1401.2831811777792,276.51119430322234,-14.789811429336527,16271.321734589816,189.3132668871249,85.9491888874927,20.466292940394478,0.0126318818601206,6.2786552804884215,558.6449957049914,250,14.957377170546962
117,706.0528779790515,294.56348246378684,276.682719767889,-15.005655650811397,16269.392584445246,189.91819401074812,85.66526587507725,20.466421674394493,0.0126737480927595,6.2786552804884215,558.6449957049914,250,14.957511282905394
343,732.45368994506,776.5480429673291,276.6106894199308,-15.003834060475114,16264.378782727,200.48459075541348,81.1253309865054,20.466756321492774,0.0133829962454094,6.2786552804884215,558.6449957049914,250,14.957859911174449
779,1932.0183886891964,1808.100406282728,276.4517871863413,-14.83509221070136,16220.35033364006,185.84966909589477,87.27672431458934,20.46969944657246,0.0124397427667723,6.2786552804884215,558.6449957049914,250,14.960925996634039
471,2564.398805798971,1054.963997683239,276.56144451133696,-14.740872877786549,16211.45587895828,184.55904522522133,87.83885861121081,20.47029497502674,0.0123601332845806,6.2786552804884215,558.6449957049914,250,14.961546405582013
820,2886.4826087732345,1951.4120040705616,276.4264575462749,-14.698055972712137,15942.29711520468,205.95706527035955,77.40592484301158,20.48847277473552,0.0140260581112095,6.2786552804884215,558.6449957049914,250,14.980483652849948
716,392.2208720583597,1623.2450174041185,276.4857469233624,-15.05625009841892,15812.512527783576,187.3013681510312,84.4228351553369,20.497347815183502,0.0128602646191913,6.2786552804884215,558.6449957049914,250,14.989729482277543
130,2837.078495181158,310.61545694766653,276.6712380647047,-14.69843792706241,15637.735924415698,193.32128286449387,80.88988285566454,20.50941533444695,0.0134219504550063,6.2786552804884215,558.6449957049914,250,15.002301168612721
426,1389.4198435018511,963.7261101564028,276.5799989876462,-14.90990857962256,15600.234582223522,186.04945742482616,83.84993322824843,20.51202219935175,0.0129481319567018,6.2786552804884215,558.6449957049914,250,15.005016945334173
449,2929.233480860285,1008.0658376839827,276.5668948896708,-14.688061158519794,15563.519186684804,179.78117091274956,86.56923919044897,20.514580508145215,0.0125414062795619,6.2786552804884215,558.6449957049914,250,15.00768213732582
295,175.8187230380285,679.9326834749978,276.6274513814392,-15.083650359824253,15309.994826112234,199.66930317868477,76.67675793114411,20.532412411850068,0.0141594406087821,6.2786552804884215,558.6449957049914,250,15.026259037452721
312,799.4158598428415,711.5028859693153,276.6201130033188,-14.993917956332432,15248.326803021657,190.75779430817897,79.93553740921959,20.53679454363399,0.0135821942929075,6.2786552804884215,558.6449957049914,250,15.030824249661148
354,1671.8691881070656,801.6182776770896,276.6029881649898,-14.868527327952984,15197.44530336844,183.52152554327,82.81015133445612,20.54042354916976,0.0131107114587321,6.2786552804884215,558.6449957049914,250,15.034604870873203
710,2524.2650739897517,1606.6354671914837,276.47936585203604,-14.748903974865089,15191.32965580054,184.893249024151,82.16270597211597,20.540860551324574,0.0132140243819192,6.2786552804884215,558.6449957049914,250,15.035060130475298
394,2045.6397515972149,881.546006969506,276.5894900370768,-14.814965802215342,15103.76407174737,178.00127337152037,84.8520001327357,20.547137038898278,0.012795219892302,6.2786552804884215,558.6449957049914,250,15.041598842479036
498,440.8823193326453,1111.9686553718789,276.56185624598544,-15.047206488033831,15011.960728954176,184.39401455249623,81.41240791023795,20.55375647259207,0.0133358050433424,6.2786552804884215,558.6449957049914,250,15.048494828497216
80,146.82139974718916,212.26265030926243,276.6973764989415,-15.08590803939317,14723.180908360984,451.6119523354066,32.60139779787374,20.574845900598223,0.033302253073051,6.2786552804884215,558.6449957049914,250,15.070465348543102
661,1703.5457430726458,1455.3671680357395,276.5053482106659,-14.866617347482885,14678.030369310058,183.52521462371973,79.97827655128646,20.578180566846125,0.0135749361803738,6.2786552804884215,558.6449957049914,250,15.07393933331047
267,989.08286400551,602.4154767405114,276.635588315572,-14.966133917145696,14673.577178119564,209.673986662844,69.98282148235535,20.578510020074983,0.015513807203011,6.2786552804884215,558.6449957049914,250,15.074282550716209
785,2922.980075188357,1827.0141792050367,276.444849887304,-14.6922957105359,14480.201555762616,192.3572812597104,75.27763680654351,20.592913504122183,0.0144226100347723,6.2786552804884215,558.6449957049914,250,15.089287795756391
579,1349.1089199025446,1288.0937658208347,276.5317801785212,-14.917033008949325,14157.93718234927,180.16876363616532,78.58153043076852,20.617350069013245,0.0138162236602978,6.2786552804884215,558.6449957049914,250,15.11474529221552
698,2922.714801437418,1554.746082926474,276.4854365927345,-14.691237187900636,14122.659373308474,178.87576481171163,78.95233537183911,20.620058810626364,0.013751334838757,6.2786552804884215,558.6449957049914,250,15.117567201936957
111,2662.4127868613373,280.96317028801474,276.67640534988806,-14.723508834144717,14115.720750892244,190.24467283931585,74.1977188649831,20.62059237619825,0.014632525320295,6.2786552804884215,558.6449957049914,250,15.118123059264594
595,896.8550251754539,1315.3956476970634,276.52959474224616,-14.982320059356068,14089.271461360911,191.34219958749887,73.63389514563426,20.622628679519018,0.0147445683520162,6.2786552804884215,558.6449957049914,250,15.120244436995439
243,2351.259486582157,547.4749433774089,276.6380046922628,-14.769508582274645,13886.77866676444,180.9622941042022,76.73852022879484,20.63834623769976,0.0141480445122345,6.2786552804884215,558.6449957049914,250,15.136618656674681
804,52.74275250312333,1909.9685247315824,276.44434410867376,-15.106269529956078,13882.508917496598,329.3831094113633,42.146996979614,20.63868011889047,0.0257598424040778,6.2786552804884215,558.6449957049914,250,15.136966487037427
795,1363.7426640291758,1871.0259422588188,276.44475345609703,-14.917245123468584,13816.860965024973,178.12153493816763,77.56985122445357,20.643826553088935,0.0139964172015549,6.2786552804884215,558.6449957049914,250,15.14232793333598
551,1375.304359679868,1229.6580372800445,276.54038804043853,-14.913021836382,13814.714136491411,178.00047160818372,77.6105479478756,20.643995265112075,0.0139890778857684,6.2786552804884215,558.6449957049914,250,15.142503693953351
23,2773.3666864367087,61.15303125614158,276.708691099254,-14.706569036169125,13664.72157267941,203.1039899718037,67.27943441473718,20.65584805394298,0.0161371748951888,6.2786552804884215,558.6449957049914,250,15.154851678665551
399,1509.466991246873,893.3436136305501,276.58999223517696,-14.892316098907186,13542.653120376404,178.86564671276068,75.71410927289169,20.66559063505662,0.0143394673783571,6.2786552804884215,558.6449957049914,250,15.165001293609755
773,2439.327825309647,1788.564604901224,276.45259397959046,-14.76187993523186,13513.769265974,175.74436883956673,76.8944652691002,20.667908772903747,0.014119351714073,6.2786552804884215,558.6449957049914,250,15.16741628058923
794,2179.8007789482667,1868.0568296232336,276.4418179061296,-14.799611945024258,13370.01522674592,179.20206385259698,74.60860070084601,20.67952026700906,0.0145519415965629,6.2786552804884215,558.6449957049914,250,15.179512889559799
82,1382.3997398141596,212.63389889381224,276.6920630361406,-14.907816159987805,13322.496852555894,197.09397237009009,67.59464377499982,20.683385955903212,0.0160619235395919,6.2786552804884215,558.6449957049914,250,15.183540082488662
669,2568.104514510394,1473.4410470853522,276.49904081738305,-14.742045076033673,13312.75931205845,177.6520273209537,74.9372777379402,20.684179821047145,0.0144881163657526,6.2786552804884215,558.6449957049914,250,15.184367114405006
737,761.0271339225845,1672.0795537649628,276.4769321359119,-15.003308950461058,13308.603677317908,186.3631912400752,71.41219029767316,20.684518791153973,0.0152032866584036,6.2786552804884215,558.6449957049914,250,15.18472024629293
681,540.402399198501,1503.9749576543438,276.50293494541626,-15.034431336799878,13260.699817191227,192.96395266996552,68.7211245090505,20.688433911597826,0.015798635539746,6.2786552804884215,558.6449957049914,250,15.188798935964769
107,2827.337772618765,272.5354094073379,276.6769552173824,-14.699681862194565,13165.803245318588,189.89642788873667,69.33149502439636,20.696231620316095,0.0156595498138034,6.2786552804884215,558.6449957049914,250,15.1969224239824
776,1052.1970567059518,1806.5466570702663,276.45566174644455,-14.961885184283108,13132.031240273907,175.9142025851644,74.65020474351051,20.699020253635826,0.0145438315103132,6.2786552804884215,558.6449957049914,250,15.199827563194045
52,1158.077605102374,130.25173497557978,276.7053084109887,-14.93981150960686,13044.236591713969,177.2021393264654,73.61218460056024,20.70630335347041,0.0147489169882853,6.2786552804884215,558.6449957049914,250,15.207414942560863
453,2795.158531973625,1018.0632911367112,276.56597127915154,-14.707440466244348,13040.918078140938,170.87362685485746,76.31908047002527,20.70657960487833,0.0142258003282208,6.2786552804884215,558.6449957049914,250,15.20770273543479
746,1374.741480574445,1707.3269595807749,276.4691302641948,-14.915013355288185,12999.960456572066,179.3229688182346,72.4946756249005,20.709994943512747,0.0149762722660846,6.2786552804884215,558.6449957049914,250,15.211260762988175
178,1295.7881384941015,403.1849384832767,276.66400939243016,-14.921098255569024,12937.230685463232,190.41385638685563,67.94269561548724,20.71524671623019,0.0159796426998477,6.2786552804884215,558.6449957049914,250,15.21673194872784
485,2588.336294248418,1093.636390469235,276.55557835887726,-14.737579590415743,12838.483977057504,175.5981307042333,73.11287384193092,20.72356566314049,0.0148496419706776,6.2786552804884215,558.6449957049914,250,15.22539845166951
527,2597.832018124666,1175.6446823232982,276.5433126776121,-14.736546311751129,12791.336069185929,175.240216024377,72.99315396533507,20.72756024821409,0.0148739976425132,6.2786552804884215,558.6449957049914,250,15.229559925911907
428,2098.8989370309737,969.3177327088896,276.576177182948,-14.80764706484718,12617.242573385129,170.1887812247073,74.13674675022239,20.7424388899587,0.0146445595145668,6.2786552804884215,558.6449957049914,250,15.245060180191448
325,1528.9717342075735,726.3116897438742,276.6148238311846,-14.888818620635002,12606.57587477786,182.62435705702936,69.0300903884421,20.74335716659293,0.0157279237777411,6.2786552804884215,558.6449957049914,250,15.246016821367025
593,2152.9913424679944,1311.854026496914,276.52487216749216,-14.801245023904578,12557.20409773104,173.47042391074984,72.3881559440455,20.747617638960413,0.0149983099561097,6.2786552804884215,558.6449957049914,250,15.250455291368556
109,544.2411696038635,278.65443752493815,276.685780917703,-15.028910948838568,12549.740683281154,185.0363188230969,67.82312122886142,20.748263141596333,0.0160078153338951,6.2786552804884215,558.6449957049914,250,15.251127762361985
162,2993.9038623342867,373.4256701280125,276.66120599946555,-14.676079594269403,12540.88503264077,251.8766949589896,49.78977921987848,20.74902955539765,0.0218056801418098,6.2786552804884215,558.6449957049914,250,15.251926196050203
362,93.8084822907198,818.6726604152715,276.60708696563654,-15.096029346729717,12515.305468863167,185.3752902345821,67.51334254433664,20.751246386255637,0.0160812657036942,6.2786552804884215,558.6449957049914,250,15.254235643551077
67,2609.221331955427,178.9595641536317,276.6918372575014,-14.73074961548568,12431.794734296098,174.84169868425568,71.10314546157844,20.758515444859604,0.015269366677831,6.2786552804884215,558.6449957049914,250,15.261808395060818
697,406.3100406269931,1554.3401981421391,276.4959735646388,-15.053948801176968,12322.418143934978,184.6229773709488,66.74368661695065,20.76811016697988,0.0162667070854349,6.2786552804884215,558.6449957049914,250,15.271803973633016
137,2664.2888358311648,328.30873795759845,276.6693403041437,-14.72343830625215,12308.791018785792,180.44011496086512,68.2153800525753,20.769311526162294,0.0159157656112627,6.2786552804884215,558.6449957049914,250,15.273055524219966
657,326.52603923537816,1446.4401807252568,276.5124099939053,-15.065015992303252,12168.063168923603,181.13409263743367,67.17710063162852,20.781796382594255,0.0161617573517132,6.2786552804884215,558.6449957049914,250,15.286061983590432
35,2854.4360759425035,103.9013474329247,276.70197155917043,-14.695055748593804,11786.883995744169,352.9845981129108,33.39206316297643,20.816352498406715,0.0325137142530256,6.2786552804884215,558.6449957049914,250,15.322061814166403
274,594.8141421526866,615.0695754804456,276.6353657684076,-15.023009453425308,11738.017522879583,177.95033110333776,65.96232471218717,20.820863137914042,0.0164593956434559,6.2786552804884215,558.6449957049914,250,15.326760903003073
127,2589.3175487964086,307.5288019236302,276.6727583539488,-14.734164916637887,11613.692407403663,173.8737593259975,66.79381898926478,20.832424223148962,0.0162544980423187,6.2786552804884215,558.6449957049914,250,15.33880499707864
185,2127.0094856485125,419.0760045423776,276.658102684671,-14.801312236194182,11462.58616305096,181.42803593807696,63.1797952493034,20.846643488589713,0.0171842912075909,6.2786552804884215,558.6449957049914,250,15.35361832707093
729,1052.2261333775134,1652.8240475614623,276.47859926968647,-14.96127429157379,11461.022612454775,175.87595836394243,65.16537404582799,20.846791598209755,0.0166606885312508,6.2786552804884215,558.6449957049914,250,15.353772624540504
270,809.0094981955151,606.4868772218143,276.635741941465,-14.992104775882217,11407.447514904314,186.21828039942503,61.25847306954046,20.851878823474852,0.0177232625234964,6.2786552804884215,558.6449957049914,250,15.359072388224572
191,982.4281013793808,427.89865553545087,276.661653012329,-14.96637262840871,11387.17825579585,175.67690564424424,64.81886855894159,20.8538097237212,0.0167497524121813,6.2786552804884215,558.6449957049914,250,15.361083959261801
759,381.2513985997469,1741.4053962030157,276.4681548689941,-15.05829433059968,11379.102186464295,175.91130238756267,64.6865893892036,20.854580027966147,0.0167840043856324,6.2786552804884215,558.6449957049914,250,15.361886445931908
140,501.4105908671116,333.4897031050185,276.6777799750344,-15.035310788288864,11276.812507159892,171.5884136859422,65.72012797903598,20.86438412233507,0.016520053039859,6.2786552804884215,558.6449957049914,250,15.372100144084431
298,2755.710333154902,682.5702974731013,276.61614621025234,-14.711738419994765,11275.93232201389,169.9507995221925,66.34821579960533,20.86446887023495,0.0163636653512913,6.2786552804884215,558.6449957049914,250,15.372188432654067
809,1658.2047714308876,1920.9201833400105,276.43609296658315,-14.875004785577326,11262.305391783537,180.748758482105,62.30917150614098,20.865781772645647,0.0174244011556628,6.2786552804884215,558.6449957049914,250,15.373556186617051
95,75.23420285720418,242.57251158798968,276.69315641560803,-15.096348898520985,11198.25916461856,255.2569428797516,43.87053702940384,20.87197373597832,0.0247478164963496,6.2786552804884215,558.6449957049914,250,15.380006843054211
654,2899.6447585703,1427.4163621415753,276.50451316675054,-14.69404759368837,10971.392037886544,165.99044160779343,66.09652900261592,20.894195687014392,0.0164259760139149,6.2786552804884215,558.6449957049914,250,15.403157201639292
227,689.2744581347664,509.8354827644019,276.6506696913028,-15.008963884445206,10713.716855242385,175.02261193221025,61.21332973474318,20.91999961031366,0.0177363329965006,6.2786552804884215,558.6449957049914,250,15.430039183167843
734,1313.5817746045548,1665.6776418710742,276.47559760417823,-14.923662246092835,10712.981070461392,169.44023707146465,63.22572049957052,20.920074177862865,0.0171718090584254,6.2786552804884215,558.6449957049914,250,15.430116866063468
518,893.281833040545,1165.6830088584688,276.55194921484724,-14.982233916203567,10703.545846279594,171.8607526017042,62.2803384963965,20.921030837660858,0.0174324678736744,6.2786552804884215,558.6449957049914,250,15.431113494007228
196,2566.8614992169587,436.18009886560895,276.65367728847605,-14.737945989778195,10553.818999263169,175.0364778476847,60.29496896325241,20.936325917575555,0.0180064774668296,6.2786552804884215,558.6449957049914,250,15.447047584764515
68,2725.8546903485617,183.42144881108948,276.690672013036,-14.713943678438184,10458.12624462362,176.06469557957266,59.39933732993653,20.946215321469506,0.0182779816880687,6.2786552804884215,558.6449957049914,250,15.457350156575874
604,1191.8242467789871,1326.394218359988,276.5267231279393,-14.939855744939656,10328.626594777335,172.17891332819647,59.987755731095625,20.95974357944055,0.0180986934211511,6.2786552804884215,558.6449957049914,250,15.47144360960134
11,598.9572800796217,38.25764811929681,276.7214191024207,-15.020023203485914,10287.628490154571,191.2591868614521,53.78893771835868,20.9640618404448,0.0201844476960072,6.2786552804884215,558.6449957049914,250,15.475942282582402
487,2176.8266370358497,1094.6751998564926,276.5571565443586,-14.796924172243536,10219.553807507444,176.05122816162705,58.048750436010565,20.97127018511085,0.0187032449767684,6.2786552804884215,558.6449957049914,250,15.483451783595747
226,1111.0128944535195,507.52743884727806,276.64922834075617,-14.948167246739136,10217.363101443276,168.7913025016063,60.53252122600358,20.971502952989447,0.0179358133117641,6.2786552804884215,558.6449957049914,250,15.483694276248524
29,2403.347211094794,92.29037338255245,276.70563945169346,-14.760078322291946,10208.798449588066,180.00127860028388,56.715144075493065,20.97241344741808,0.0191430352103987,6.2786552804884215,558.6449957049914,250,15.484642810086907
788,724.2407861979242,1840.138149124136,276.4520031279703,-15.009269444574729,10207.14493505936,170.22874382736836,59.96134792259635,20.972589317869815,0.0181066643365242,6.2786552804884215,558.6449957049914,250,15.484826028203784
656,2457.4279414551943,1444.7949877301037,276.50377485913896,-14.75788812726823,10157.965912307203,168.3081518674293,60.35338038949114,20.97783314391235,0.0179890503728776,6.2786552804884215,558.6449957049914,250,15.490288935265607
831,2529.72098283171,1995.7824464144007,276.42132186828826,-14.749672240736688,10048.978599589202,166.647276509001,60.30088705978002,20.98954521831,0.0180047102611223,6.2786552804884215,558.6449957049914,250,15.50249032665742
339,347.60648088881766,768.3508330489036,276.6135319024495,-15.059257832606942,9974.19553326175,170.36551676750486,58.54585905945614,20.99765532708747,0.0185444370864456,6.2786552804884215,558.6449957049914,250,15.510939266449327
119,139.22728963907443,295.45666470742145,276.6849917823233,-15.087346359899335,9917.9227782964,587.086961047632,16.893447540715748,21.0037982153844,0.0642675213205179,6.2786552804884215,558.6449957049914,250,15.517338797552206
176,678.3156025317348,392.4353664703378,276.6682339032414,-15.010058869386604,9878.788775497756,177.4840628859304,55.66014556386895,21.008090772651343,0.0195058778413394,6.2786552804884215,558.6449957049914,250,15.521810692923381
754,1038.7240197019996,1724.6729145612603,276.4679343345514,-14.96350389584617,9843.055403742474,171.74324701293105,57.31261970959103,21.012025197600185,0.0189434718828305,6.2786552804884215,558.6449957049914,250,15.525909493620222
337,931.8954123345472,760.158884891916,276.6122947250588,-14.975023552013525,9739.050096948748,169.4111063069143,57.48767190803276,21.023558522135346,0.0188857882736471,6.2786552804884215,558.6449957049914,250,15.53792466718593
714,3020.349156643475,1611.1925515088328,276.47661444175503,-14.677385098863883,9606.874771017348,177.7871558843915,54.03582009751226,21.03839469778599,0.0200922276749156,6.2786552804884215,558.6449957049914,250,15.553380681186958
265,2735.6424108182377,597.0708324692201,276.6289756906992,-14.71427572984594,9601.849866850767,170.00787727795347,56.47885274840692,21.038962743880294,0.0192231241813003,6.2786552804884215,558.6449957049914,250,15.553972459593574
297,889.8211362465227,681.971592452553,276.62413794089315,-14.98076746353275,9592.963737584418,167.42713324291827,57.29635066776236,21.03996801469487,0.0189488507967203,6.2786552804884215,558.6449957049914,250,15.555019729466267
15,1338.8444733559809,42.41886047601609,276.7176371214324,-14.913380621557906,9570.885074441554,178.52440788649065,53.61107306137608,21.04246976836326,0.0202514133368874,6.2786552804884215,558.6449957049914,250,15.557626003524778
839,2322.171919909792,2044.186501830075,276.41496322599374,-14.779785538247136,9569.528871264947,168.907623416884,56.65539942887136,21.042623629078758,0.0191632220572913,6.2786552804884215,558.6449957049914,250,15.557786292363957
569,2888.4232786961247,1263.0563891976544,276.529059712992,-14.694995543912382,9457.34244267887,172.59217721394444,54.79589281126916,21.055427234752578,0.0198135287938354,6.2786552804884215,558.6449957049914,250,15.571124817952903
797,1956.2401015286168,1871.5394658679693,276.4422251107286,-14.831852377033805,9455.31406253815,166.76027738397605,56.700037987863816,21.055660124908822,0.0191481353192811,6.2786552804884215,558.6449957049914,250,15.571367437991945
517,765.7757664251018,1163.315838140281,276.5528355209444,-15.000598557422997,9358.65897826478,196.3292695701273,47.66818008723827,21.066815966091312,0.0227761999307094,6.2786552804884215,558.6449957049914,250,15.582989357384786
44,253.687563684206,118.67392460438587,276.7108900361481,-15.070119692080636,9190.641168886505,540.7434665165947,16.99630552744636,21.08648549609943,0.0638785880994411,6.2786552804884215,558.6449957049914,250,15.603480657727804
719,251.4254424633533,1633.4404773805106,276.484807319859,-15.076572304762854,9159.06154878001,172.5302436957275,53.0867015114917,21.09022257797594,0.0204514495926061,6.2786552804884215,558.6449957049914,250,15.607373870585782
105,254.2108162380234,271.1004067283922,276.6881393166808,-15.070676647897042,9128.63800694485,175.8654595833414,51.90694084314409,21.093835057634163,0.0209162779074351,6.2786552804884215,558.6449957049914,250,15.61113727548814
679,2000.519470257369,1500.6429477937895,276.4973564499273,-14.82398916394202,9088.90505455021,177.1400851041372,51.30913790183075,21.098571104991866,0.0211599735329262,6.2786552804884215,558.6449957049914,250,15.616071189455855
90,2835.6917516175977,233.858394007954,276.6826837910513,-14.698312697734472,8975.453999176505,178.34233787730983,50.327107438454384,21.11220895812233,0.0215728670940946,6.2786552804884215,558.6449957049914,250,15.630278816400423
323,1813.179502798415,722.8893550339097,276.6141322156368,-14.847829284960046,8934.84164168418,178.6614412660152,50.009904646301294,21.117132872651535,0.0217096994621104,6.2786552804884215,558.6449957049914,250,15.635408446413933
786,3020.424251251811,1830.8408041769449,276.44387385782795,-14.67825895135232,8926.279121634958,448.1549655925333,19.91784049482298,21.11817386429554,0.0545089213000874,6.2786552804884215,558.6449957049914,250,15.636492929491212
659,1654.660033839869,1453.0782924413468,276.50589354194875,-14.873654784730482,8856.577912137844,164.49787957197162,53.84007341117663,21.126685152900087,0.0201652771107592,6.2786552804884215,558.6449957049914,250,15.645359809941834
450,621.8881440812523,1013.4803177169288,276.5757974114296,-15.020728778887596,8839.847683104454,171.29057087899974,51.60732221126727,21.128738066997283,0.0210377123532087,6.2786552804884215,558.6449957049914,250,15.647498492428234
727,707.7597225560365,1650.5569997467371,276.4803646370105,-15.01089874017011,8813.162264859187,167.26305993975637,52.69042828723479,21.132020605995752,0.0206052604864293,6.2786552804884215,558.6449957049914,250,15.650918172129657
687,2031.4133928306703,1520.974919110697,276.4941953788588,-14.819617115494108,8598.426865106914,176.9672463348997,48.587673952020005,21.158802517494927,0.0223451734090444,6.2786552804884215,558.6449957049914,250,15.678819001079976
389,925.4152724016232,877.5132787459427,276.594812285156,-14.97643632411927,8521.327004070394,172.64036031217051,49.358834681890265,21.16858194272425,0.0219960622449286,6.2786552804884215,558.6449957049914,250,15.689006999444622
101,485.2581503463166,250.3224365939365,276.69025923798523,-15.03729406314987,8437.690059968096,173.49269437084558,48.63426722702394,21.17929110047032,0.0223237659761988,6.2786552804884215,558.6449957049914,250,15.700163573480957
620,1362.9468508528655,1357.1777490736604,276.5214163387171,-14.915316311803036,8354.275211635511,161.38667627523947,51.76558192070069,21.19007807678314,0.0209733950574181,6.2786552804884215,558.6449957049914,250,15.711401217254238
33,2468.623871716453,99.58405589098446,276.70427206041694,-14.750693540586528,8168.124000024458,165.85764409437616,49.247799488678616,21.21454421633188,0.0220456550601735,6.2786552804884215,558.6449957049914,250,15.736889523966216
284,224.31585440213647,634.2680877904468,276.6340629639552,-15.076476529270144,8163.862929584749,167.33394932091886,48.78784587775317,21.215110760815698,0.0222534932720829,6.2786552804884215,558.6449957049914,250,15.737479738026785
609,2951.569452427249,1335.3657252931273,276.5180160852579,-14.686183812468531,8151.820472584804,160.94416119750795,50.64999197194254,21.216713505072388,0.0214353439700725,6.2786552804884215,558.6449957049914,250,15.73914944309464
335,1309.2973002449564,758.0341276643625,276.61101991232863,-14.920616740610075,8089.145979762019,169.51950117984256,47.71808507848473,21.225093339359855,0.0227523799040612,6.2786552804884215,558.6449957049914,250,15.747879377218045
36,319.3974390108254,106.28101369927668,276.7124598778466,-15.060598545518593,8085.431851436384,294.3817282893518,27.46580740055002,21.225591969210377,0.0395291492497052,6.2786552804884215,558.6449957049914,250,15.748398839250072
430,2429.187795942737,975.9569725133218,276.5737936977268,-14.760046920409485,8073.34376920457,159.79982989946916,50.521604273819,21.227216408002224,0.0214898163984595,6.2786552804884215,558.6449957049914,250,15.750091145225802
597,2517.717320197908,1315.4175036381778,276.52281144812866,-14.748669672627628,8029.636225491704,165.73797134790388,48.44777669346836,21.233110345544485,0.0224096970820618,6.2786552804884215,558.6449957049914,250,15.75623132469789
406,1367.69093342572,914.9557553435708,276.587365527204,-14.912841768694536,8007.528862630075,166.180354556672,48.1857731257836,21.23610373986608,0.0225315467527293,6.2786552804884215,558.6449957049914,250,15.759349779590487
615,82.56586195498566,1349.2377119036491,276.5279328120467,-15.09977460617862,8002.094568831788,169.2849999634726,47.26995640817815,21.236840822755752,0.0229680770302585,6.2786552804884215,558.6449957049914,250,15.760117656955313
675,316.0380902744112,1496.8928460676295,276.5049225768869,-15.066726503352196,7970.934182869038,168.40985181186514,47.33056942401189,21.24107696389564,0.0229386633884273,6.2786552804884215,558.6449957049914,250,15.764530779198548
180,207.58746890720388,407.12846259132994,276.66803496265345,-15.077956254203432,7925.642355459393,163.80230251252405,48.38541481951032,21.247263844415833,0.0224385799739432,6.2786552804884215,558.6449957049914,250,15.77097614046917
639,2946.699478840821,1389.1842088838027,276.51001459352074,-14.687105689387382,7890.635470484325,159.9091447583815,49.34449172626661,21.252070070623777,0.0220024558368704,6.2786552804884215,558.6449957049914,250,15.775983165278753
63,799.0888087331178,168.4759552463272,276.7011367229122,-14.991720951935838,7880.913133820461,168.2133438028425,46.85070135135907,21.253408670213805,0.023173612532665,6.2786552804884215,558.6449957049914,250,15.777377690019655
353,1786.432871915961,798.934752836133,276.60290443071733,-14.851999180101831,7872.079445576062,165.70578107267306,47.50636576839543,21.254626350740914,0.0228537793291332,6.2786552804884215,558.6449957049914,250,15.778646243838306
647,591.1687295898707,1412.1191930241616,276.5164333301931,-15.026752604134533,7835.062125494122,167.37946348836277,46.81017588539984,21.259743910653793,0.023193674868003,6.2786552804884215,558.6449957049914,250,15.783977609516839
743,2047.900067658164,1693.0099317688089,276.4684705681947,-14.81792943103448,7834.908760028717,162.32087398348284,48.26802966096626,21.259765163333785,0.0224931493501171,6.2786552804884215,558.6449957049914,250,15.783999750109352
212,394.0367122305024,478.0631243169351,276.6566597016704,-15.051380709730134,7755.632972514664,157.72209091608065,49.17277552857964,21.27080690081531,0.0220792905897488,6.2786552804884215,558.6449957049914,250,15.79550279867987
787,1276.2717025449974,1837.1189739150652,276.4501738265809,-14.929716733017717,7721.863161914574,160.02535880857948,48.25399686278085,21.275544768472958,0.0224996906077519,6.2786552804884215,558.6449957049914,250,15.80043860899757
649,1191.3928199150314,1416.269620474672,276.51331591811214,-14.940278031939302,7635.326942494023,159.04841155640824,48.00630743668931,21.287780926292957,0.0226157781752287,6.2786552804884215,558.6449957049914,250,15.813185979414182
199,1478.1510253188192,441.5476987605024,276.65751244890345,-14.89496687938739,7598.31309248769,165.7735786684307,45.83548930728781,21.293057059380168,0.0236868857823532,6.2786552804884215,558.6449957049914,250,15.81868254327184
161,160.61971427886957,374.0006106589677,276.67317815535176,-15.084587686086495,7550.659340781392,246.7195118287204,30.60422454963056,21.29988782950765,0.0354754945102213,6.2786552804884215,558.6449957049914,250,15.82579869511678
85,1042.6835794575554,217.9238257438417,276.6927220128327,-14.956813622587331,7549.804759292456,161.31535204764702,46.80152672054736,21.300010719778744,0.0231979611794019,6.2786552804884215,558.6449957049914,250,15.82592671960202
755,2212.318198620817,1730.6593366677328,276.4621722787874,-14.794376974882184,7475.580018211971,157.8949585144607,47.34527364613307,21.310737785397485,0.0229315392306043,6.2786552804884215,558.6449957049914,250,15.837101949681344
696,1455.6237879268251,1553.3541683790468,276.49176453752864,-14.90274418897861,7422.023866506526,162.2460359566182,45.74548661694913,21.31854415531316,0.0237334889251727,6.2786552804884215,558.6449957049914,250,15.845234460751243
728,2034.3894306499512,1651.1169307579314,276.4747744664948,-14.819709714040629,7339.927602164971,156.53251667757732,46.89075316717493,21.33062058106407,0.023153818752479,6.2786552804884215,558.6449957049914,250,15.857815425676687
175,1646.3964263760524,390.6306932958885,276.6643909865449,-14.870497290751077,7339.277285292919,161.02061061288535,45.57973825436238,21.330716781448007,0.0238197945310949,6.2786552804884215,558.6449957049914,250,15.857915645201992
670,194.6168621173952,1474.729027506124,276.508734429799,-15.084130290934624,7282.841852531419,164.80289232943167,44.19122595235422,21.339097823383273,0.0245682254022681,6.2786552804884215,558.6449957049914,250,15.866646837427329
564,927.4397408349862,1252.510901689252,276.53885052296926,-14.977660566304948,7263.391541143414,162.30043059148403,44.752755828637504,21.342001381889737,0.0242599585186942,6.2786552804884215,558.6449957049914,250,15.869671703267791
607,2702.1895712589862,1332.3717702574963,276.5195096702724,-14.722136716960636,7262.103002874122,155.99343221240355,46.55390230138605,21.342194010464222,0.0233213532341772,6.2786552804884215,558.6449957049914,250,15.869872379642509
676,2772.5948520984725,1498.062504132655,276.49451445083696,-14.712656669531668,7239.864647633571,154.72599296347622,46.791521637496125,21.345523904300258,0.0232029214269018,6.2786552804884215,558.6449957049914,250,15.87334139261213
772,3069.019527054972,1787.470074299284,276.45013618423246,-14.67107678716158,7196.076214694942,446.8326823172951,16.10463267229191,21.352110635744584,0.0674153842619429,6.2786552804884215,558.6449957049914,250,15.880203310118485
707,2903.5895975616863,1597.3528815346876,276.4791654670896,-14.694167651423172,7159.677069665107,164.11768824640956,43.6252615191327,21.35761643589135,0.0248869568271549,6.2786552804884215,558.6449957049914,250,15.885939136261229
59,2781.942090411262,149.5699657349742,276.69547664996844,-14.705708621623485,7133.789132031612,162.93791369777642,43.78225405085057,21.36154935202138,0.0247977182430813,6.2786552804884215,558.6449957049914,250,15.890036365102542
388,1680.1571211787016,874.5607350271946,276.5920742005127,-14.867632028965469,7119.279152653529,159.39828592364853,44.66346116208332,21.3637599659143,0.0243084609152883,6.2786552804884215,558.6449957049914,250,15.892339335900704
815,81.67202978567454,1937.925745694604,276.44005133616594,-15.102211366822832,7068.666563674051,379.532425243157,18.62467102552656,21.3715062816207,0.058293647093791,6.2786552804884215,558.6449957049914,250,15.900409283765555
673,413.4423115350969,1489.2695011306478,276.5056565233535,-15.052664112883193,7067.644812735205,163.86018152815134,43.13216760058926,21.37166323232148,0.0251714685441676,6.2786552804884215,558.6449957049914,250,15.900572791686052
320,852.3597644009903,717.8101205123539,276.61894866269046,-14.98631338888395,6882.930681229278,163.22199211811028,42.16913782211817,21.4004165323124,0.0257463172374972,6.2786552804884215,558.6449957049914,250,15.93052737147131
72,1677.548253564979,200.0856053009816,276.69267469951126,-14.865207435430108,6873.217772059084,157.63610385159498,43.60179936018852,21.401949760734283,0.0249003485161513,6.2786552804884215,558.6449957049914,250,15.932124656412757
414,1641.564302937982,934.6997890048848,276.5832672749389,-14.873442133700369,6814.585749238904,157.13871795975743,43.36668796664162,21.41125136989156,0.0250353451210094,6.2786552804884215,558.6449957049914,250,15.941814876099574
42,677.2741021876503,113.826430916259,276.7098095985167,-15.00905099615946,6804.165298165812,161.64997814861957,42.091965468192775,21.412912882488204,0.025793521113202,6.2786552804884215,558.6449957049914,250,15.943545804781017
177,270.5580301407344,397.54874244865033,276.6691982350528,-15.068842928883846,6736.772041928256,160.1957628696695,42.05337220691095,21.42372039168627,0.0258171923682633,6.2786552804884215,558.6449957049914,250,15.954804839279863
253,2565.11343242192,570.4631278271456,276.6336677037123,-14.738761105492063,6714.562032901158,158.28696872625997,42.42018207142029,21.427305795585756,0.0255939495538249,6.2786552804884215,558.6449957049914,250,15.958540037229437
269,1736.76712625266,604.4642105220889,276.63211696208487,-14.85835664367123,6706.209757088975,166.38412687454522,40.30558613409982,21.428657188717846,0.0269367128513599,6.2786552804884215,558.6449957049914,250,15.959947890011872
726,2173.6696135528573,1646.871821941847,276.4748277323153,-14.79961372638438,6703.496895483579,156.61487869128817,42.80242689264022,21.429096490214885,0.025365384134017,6.2786552804884215,558.6449957049914,250,15.960405545020063
156,1569.784554179446,367.4866596156747,276.6681687199006,-14.88144684548441,6622.001238154131,156.6789020287996,42.26479221137841,21.44237687763353,0.0256880477388863,6.2786552804884215,558.6449957049914,250,15.974240771746619
479,934.8482749687043,1073.1246194471769,276.5655860440343,-14.975870348348549,6615.277350425837,159.8157391600736,41.39315304733463,21.44347987911867,0.0262289755689415,6.2786552804884215,558.6449957049914,250,15.975389855364856
769,2783.6453933374146,1779.2803234944795,276.45254571501573,-14.712196538098242,6556.361996865831,155.26705109620522,42.22635743112964,21.453192710951214,0.0257114292126844,6.2786552804884215,558.6449957049914,250,15.985508478137223
834,2753.614522790469,2020.432261470724,276.416719142225,-14.717489100557524,6539.1994952196255,157.3960787251806,41.54613982879022,21.456038554572523,0.0261323917089318,6.2786552804884215,558.6449957049914,250,15.988473217831025
790,2450.4851013419006,1843.710874520095,276.44432500602994,-14.76049136088897,6501.945014088822,155.0151904883719,41.94392171247598,21.462241790638785,0.0258845609965237,6.2786552804884215,558.6449957049914,250,15.994935617963613
756,960.6346449628472,1731.0607759889924,276.4673043348386,-14.974781161482465,6494.4330664596055,164.3335970361203,39.5198132554242,21.46349690869814,0.0274722958072425,6.2786552804884215,558.6449957049914,250,15.996243173411536
153,2872.0760357133768,358.2920363253889,276.6639826263193,-14.693590835613678,6466.489178882563,166.41110434638995,38.858519714059234,21.468178633791474,0.0279398188090831,6.2786552804884215,558.6449957049914,250,16.00112049559317
477,1174.085131859028,1067.4511642506325,276.56542965460454,-14.941368101939435,6404.555589153722,168.1651516671547,38.08491548730683,21.47862752288519,0.0285073495925663,6.2786552804884215,558.6449957049914,250,16.012005927252282
174,1214.7402590521388,390.3304306442644,276.6662712252993,-14.932728760295053,6373.087358020246,163.8723961710308,38.8905484201791,21.483975342832494,0.0279168086875489,6.2786552804884215,558.6449957049914,250,16.017577172964575
26,1668.1253262523926,74.8419724951359,276.711392330743,-14.8660385766763,6364.425008636492,166.91769516501833,38.12912107577623,21.485452087666708,0.0284742991542429,6.2786552804884215,558.6449957049914,250,16.01911561449904
99,1568.464917473058,248.2928987387622,276.6859509618469,-14.88113854320052,6329.271385274769,158.49357905006906,39.933929331454586,21.491465727508558,0.0271874072543327,6.2786552804884215,558.6449957049914,250,16.02538049729508
443,680.8915238492901,1003.0887327995756,276.5771009053399,-15.012184443855272,6319.346689326863,158.6054071357762,39.84319830859931,21.493169566435423,0.0272493184806821,6.2786552804884215,558.6449957049914,250,16.027155520652126
387,1360.834391307262,874.473319390961,276.59343320095246,-14.913664716620149,6310.408021470474,161.19154423632344,39.14850528523236,21.4947064192337,0.0277328595840298,6.2786552804884215,558.6449957049914,250,16.028756581392244
691,464.98109150881385,1533.4889284902167,276.4988426713952,-15.045414029615936,6303.9642073340365,160.30348605826725,39.325184762623735,21.495815675054967,0.0276082618951073,6.2786552804884215,558.6449957049914,250,16.029912180645578
386,591.0519650080978,871.4092123462326,276.5971283691444,-15.024597058583712,6297.027156597818,166.29516192226754,37.86656859891859,21.497011106062246,0.0286717291841174,6.2786552804884215,558.6449957049914,250,16.031157555385054
608,1558.6308597179518,1333.467375836247,276.52413600141466,-14.88701586001492,6277.969930193503,157.15614864945988,39.94733889920304,21.500301943645276,0.0271782809548212,6.2786552804884215,558.6449957049914,250,16.034585880376355
712,1794.087816940855,1608.7378272910246,276.4820950121046,-14.854180297839523,6260.315452222654,153.53078470290697,40.77563639329279,21.50335947790805,0.0266261938753845,6.2786552804884215,558.6449957049914,250,16.03777115490308
521,2098.849250403805,1170.8200049136713,276.54613007661965,-14.808478102260102,6230.115364034951,158.26181474967132,39.3658784583594,21.50860980009641,0.0275797224021924,6.2786552804884215,558.6449957049914,250,16.04324082951223
302,2971.0525502918326,687.5832778297507,276.6144834608513,-14.6806970749873,6213.261041580234,158.25151915693428,39.26193615505637,21.511551020982132,0.0276527371373705,6.2786552804884215,558.6449957049914,250,16.046304931222828
631,1171.1564256853933,1372.6956320420372,276.51990137014866,-14.943020016824734,6195.360951953626,159.1911102858084,38.9177570332326,21.514683486273952,0.0278972911792655,6.2786552804884215,558.6449957049914,250,16.04956826731079
56,1761.014121184472,143.79320781074105,276.7007125687875,-14.852934863603537,6065.238656272413,167.08338330778335,36.30066937954968,21.537730286059027,0.0299085393894041,6.2786552804884215,558.6449957049914,250,16.07357793587666
250,2779.1245680283955,565.2551823276985,276.6335327377283,-14.707870433762356,6047.82984844537,155.08099263421863,38.99787940299085,21.540851111462743,0.0278399753171382,6.2786552804884215,558.6449957049914,250,16.076829145775385
547,1602.9542757084355,1211.920649770144,276.54208073197026,-14.880136084241872,6018.317636319494,159.21584216117162,37.79974124828136,21.546162258392428,0.0287224188353237,6.2786552804884215,558.6449957049914,250,16.082362186313574
293,2002.39165622924,666.8677847186552,276.621684891933,-14.820315177471024,5947.621025355707,154.82917356501142,38.41408494542117,21.558991801544337,0.0282630707341477,6.2786552804884215,558.6449957049914,250,16.095727733018602
294,2917.9056780187816,678.0124351132836,276.6161359474451,-14.688323552649807,5934.770668111858,170.537478300004,34.80038949369007,21.561340167749208,0.0311979266840348,6.2786552804884215,558.6449957049914,250,16.09817421126183
285,2347.3186559342903,638.1240531300004,276.6245069864755,-14.770454979791143,5926.939892288647,155.77643938784914,38.04772991075927,21.5627737144564,0.0285352109717584,6.2786552804884215,558.6449957049914,250,16.099667649901225
121,1082.0733676687933,300.5490067927941,276.680228349896,-14.95147998984717,5855.021484396595,156.17613528524865,37.48986023826664,21.576028789154968,0.0289598305541775,6.2786552804884215,558.6449957049914,250,16.113476506371377
189,2029.5198292097853,425.16064103573046,276.6576107571217,-14.815396684364996,5809.283701911045,161.7033178706857,35.925568988984715,21.584543556231527,0.0302208157185455,6.2786552804884215,558.6449957049914,250,16.12234701062057
88,942.7836939426976,230.8815794555848,276.6912143210416,-14.971268416804364,5784.80765824829,156.2747389296262,37.01690815719942,21.58912771300696,0.0293298401743702,6.2786552804884215,558.6449957049914,250,16.127122688192227
466,1424.546816271221,1053.51076230787,276.56645817517426,-14.905210621142055,5750.107056252135,156.25824723867856,36.79874283671609,21.59566019538787,0.029503725298918,6.2786552804884215,558.6449957049914,250,16.13392809017171
360,1569.696333698237,814.0455073436049,276.60156603431074,-14.883308362380363,5740.6351946240175,164.83063600079174,34.827477063162235,21.59745014858686,0.0311736620493928,6.2786552804884215,558.6449957049914,250,16.135792825556095
218,2698.31965162017,488.8927582442563,276.645259189335,-14.719205747870204,5730.302556590934,156.3802169424943,36.64339817803258,21.599406139017745,0.0296288022940751,6.2786552804884215,558.6449957049914,250,16.137830535016914
321,984.2589127006064,718.497234968568,276.61828982264416,-14.967305906678028,5725.844996484288,157.2416432401969,36.41430398776541,21.600251053874942,0.0298152066936327,6.2786552804884215,558.6449957049914,250,16.13871074944481
260,1262.1034300650124,580.1082346601862,276.63776095940784,-14.926687310560784,5720.14274631103,152.28407971714208,37.56231614582318,21.60133285478422,0.0289039684290268,6.2786552804884215,558.6449957049914,250,16.13983774675152
385,1035.2255313084192,867.0193981059787,276.5959160642502,-14.960567139347544,5697.023198913143,158.1063540985428,36.032854159437285,21.60573005179061,0.0301308354646573,6.2786552804884215,558.6449957049914,250,16.144418653590073
327,1587.2821869741056,739.3664949403993,276.6126302109417,-14.880465980659524,5684.052737729391,160.65679843600543,35.38009466803563,21.608204774826433,0.0306867466067263,6.2786552804884215,558.6449957049914,250,16.146996767707286
627,2473.611975927063,1368.147906614604,276.5151347741803,-14.755243864866223,5644.405180993897,156.05817628357863,36.16859632357395,21.615804567109603,0.0300177532544264,6.2786552804884215,558.6449957049914,250,16.154914070568854
514,2456.057942393323,1155.4355950281158,276.5469221467664,-14.756908480663222,5638.988409133221,150.10310401971944,37.56743370471813,21.616847016923458,0.0289000310357544,6.2786552804884215,558.6449957049914,250,16.156000072736642
142,689.1412181267755,341.6926913028311,276.67575942014065,-15.008288574203318,5630.529141940118,163.59430337997236,34.41763573431019,21.61847699519727,0.0315448745050692,6.2786552804884215,558.6449957049914,250,16.157698149627524
345,86.5991371974807,780.2167391177903,276.612857549634,-15.096912270250066,5627.795970470237,177.01234700202784,31.79323965692498,21.619004161227263,0.0341487691004625,6.2786552804884215,558.6449957049914,250,16.15824734004777
503,377.9991085089509,1128.458910115829,276.55965773655544,-15.056332868574907,5596.561997828947,166.29609433345968,33.65419987920238,21.625046723758185,0.0322604609200928,6.2786552804884215,558.6449957049914,250,16.16454235388956
757,663.3354003999809,1739.4787137940398,276.4672774460649,-15.017649226635328,5592.813003715477,160.32886515465748,34.883381718697386,21.62577427445555,0.0311237026488767,6.2786552804884215,558.6449957049914,250,16.16530030081805
102,181.6691215948267,254.001197284846,276.6909990978873,-15.081059276853136,5570.583730421087,510.3821678252013,10.914534404989114,21.6300982556408,0.0994728643215159,6.2786552804884215,558.6449957049914,250,16.169804932962688
347,2324.889711094058,779.2074809236173,276.6035681010936,-14.774275404694754,5553.071206528461,152.55967649746228,36.39933784613677,21.633516915612528,0.0298274656695501,6.2786552804884215,558.6449957049914,250,16.173366420615032
410,498.24639784084206,930.4578391829076,276.5887056924991,-15.038209348766427,5487.914836897107,163.09952793252666,33.647643904692515,21.6463316135816,0.0322667466130841,6.2786552804884215,558.6449957049914,250,16.186716501922565
346,504.7546823610616,780.2019726047793,276.6111023419412,-15.036661838716157,5386.609139708686,155.22528925777877,34.701878575747266,21.66656136257489,0.0312864906615973,6.2786552804884215,558.6449957049914,250,16.207791426555445
741,595.6981819656248,1688.43628157565,276.4751750173379,-15.02719299793771,5370.755048907653,164.58431194949216,32.63224170816376,21.66976165821185,0.0332707758697553,6.2786552804884215,558.6449957049914,250,16.211125426862335
642,973.8922422799164,1398.025133357637,276.51694410275945,-14.97154916634952,5346.117129505728,156.89749291754933,34.073948729793585,21.674753847684187,0.0318630519934628,6.2786552804884215,558.6449957049914,250,16.216326184267555
383,2473.312946560236,858.6051163430946,276.591102591622,-14.753199356596408,5325.512360767869,154.70511408964774,34.42363487532718,21.678946529079248,0.031539377056842,6.2786552804884215,558.6449957049914,250,16.220694031067822
188,2320.0645892677203,424.2786213832736,276.6565041415582,-14.77349189013376,5299.358958368015,151.4041175461457,35.00141901195554,21.684291676773057,0.0310187424009624,6.2786552804884215,558.6449957049914,250,16.226262492882945
575,862.443975273303,1279.734936385053,276.53505951706427,-14.987135924248571,5261.751104786235,158.16883897800588,33.26667337754124,21.692024269382298,0.0326362659613861,6.2786552804884215,558.6449957049914,250,16.234318144315427
796,936.8349204319004,1871.562266722948,276.4464364407841,-14.9787627728093,5257.793636671966,153.8023802532993,34.18538534977698,21.6928411805166,0.0317591856546699,6.2786552804884215,558.6449957049914,250,16.235169185057103
422,53.68557002766878,953.4402253303988,276.5871378898632,-15.102353690587403,5246.871033459145,167.8681557559455,31.255904431852397,21.69509904793162,0.034735836947773,6.2786552804884215,558.6449957049914,250,16.237521383575157
149,992.1026633824748,350.9310589831396,276.67309464848864,-14.964658851267671,5243.771862622874,159.32549410346425,32.91232135905146,21.69574054952745,0.0329876458167668,6.2786552804884215,558.6449957049914,250,16.238189686369644
458,764.4531266170619,1031.542573896676,276.572504696425,-15.000257933236409,5224.9973345503095,156.52634434004972,33.3809452752511,21.699634838593365,0.0325245433000049,6.2786552804884215,558.6449957049914,250,16.242246674352543
216,885.4898589374751,483.1597192025978,276.65381927063515,-14.98057373048608,5209.695630105794,165.28723230679716,31.519044498463384,21.70281914434627,0.034445841150195,6.2786552804884215,558.6449957049914,250,16.245564016736417
381,335.31251985589915,857.0437263330983,276.60034609763284,-15.061389142491729,5159.841006720671,165.92156379380327,31.098073624311983,21.713259222538277,0.034912130349811,6.2786552804884215,558.6449957049914,250,16.25644026938448
277,1801.470411968045,622.3130294565128,276.62918080009763,-14.849101451949648,5147.420369304426,156.2175711989285,32.95032901740397,21.7158759296857,0.0329495951141048,6.2786552804884215,558.6449957049914,250,16.25916629954613
167,1061.6496400265426,376.76398801344703,276.66894534478587,-14.9547410685156,5124.5563460097765,157.06353410517613,32.62728280759406,21.72070933995573,0.033275832572466,6.2786552804884215,558.6449957049914,250,16.264201644136634
372,1416.1859991518352,834.3713904042107,276.5991818460718,-14.905521583005712,5091.620689350297,154.92725824328036,32.86458914386123,21.727709915342498,0.0330355567582927,6.2786552804884215,558.6449957049914,250,16.27149469550924
662,556.2525707836637,1459.489867142666,276.5095085166077,-15.031971395873049,5073.700152553269,160.74503676115202,31.56365045405528,21.73153802781791,0.034397162064013,6.2786552804884215,558.6449957049914,250,16.275482742119816
722,2673.15972050399,1639.603988433402,276.47382928014804,-14.727567101225118,5067.385167868983,147.7376751296913,34.29988432822289,21.73289023188164,0.0316531679702096,6.2786552804884215,558.6449957049914,250,16.276891439713687
742,2169.3184039671737,1689.0420695570613,276.46855724394845,-14.800409761381456,5045.616576222004,149.4586411103575,33.759283094889206,21.737564409772506,0.0321600431190543,6.2786552804884215,558.6449957049914,250,16.281760899379417
516,353.8533683570176,1159.7648181537625,276.55508594365205,-15.059937172996255,5023.728353125567,165.22577511352333,30.405233987698733,21.742284652026903,0.03570766797714,6.2786552804884215,558.6449957049914,250,16.28667834792479
533,1467.4228368772942,1195.098551192175,276.54515774611826,-14.899604360329064,4988.531887902529,157.45943942159312,31.681377161174048,21.74991813998361,0.0342693436108118,6.2786552804884215,558.6449957049914,250,16.29463075422637
198,308.5883866151357,441.8689896493991,276.6624227332982,-15.063545169626982,4976.4406167712295,154.5047735881584,32.20897646849557,21.75255295654037,0.0337079944487509,6.2786552804884215,558.6449957049914,250,16.297375650387647
576,766.22279331203,1282.5740103132955,276.53503722458,-15.001012636695936,4972.408593742759,165.33057222335913,30.07555424791677,21.75343300076005,0.0360990853585084,6.2786552804884215,558.6449957049914,250,16.298292461842376
519,2686.764293560555,1170.0636351725616,276.5437703231882,-14.723698198190128,4960.5730205302825,147.11827432237808,33.718265411815885,21.756020404406083,0.0321991652518263,6.2786552804884215,558.6449957049914,250,16.300987964236057
249,1114.8936510717083,563.8728883118418,276.6408061561218,-14.947840580491276,4950.390339497943,155.26300491973237,31.883901397227163,21.75825141040354,0.0340516672183166,6.2786552804884215,558.6449957049914,250,16.30331217909742
651,2393.243876099078,1417.7442495842486,276.5080767229134,-14.767033383934743,4933.182695903292,149.44375645732467,33.01029640078685,21.76203202303415,0.0328897380022955,6.2786552804884215,558.6449957049914,250,16.30725074137433
103,1699.0709624295669,260.1561587855546,276.68362455001096,-14.862356244612034,4930.375810313213,155.6664166207272,31.67270062062138,21.76264996176044,0.0342787314856607,6.2786552804884215,558.6449957049914,250,16.307894496869697
255,291.1644424495159,575.0096596731928,276.6426255675242,-15.066602131588503,4925.630097257497,156.45185565837093,31.483360018516677,21.763695535987672,0.0344848834229083,6.2786552804884215,558.6449957049914,250,16.30898375398526
591,1663.1175537567208,1306.6072565468276,276.5277056193354,-14.87184622583506,4921.256559293892,154.542654183819,31.84400180833157,21.764660005060556,0.0340943329464307,6.2786552804884215,558.6449957049914,250,16.309988517466433
197,1833.8665747998891,439.6752431072041,276.6562792832555,-14.843670677048877,4900.031505792635,157.2654014428228,31.15772102978509,21.76935284061498,0.0348452956158805,6.2786552804884215,558.6449957049914,250,16.31487741429144
60,138.18374191526814,154.66102388188756,276.7060102911197,-15.086913907000252,4870.147013363137,224.44099030317275,21.69900875408093,21.775994843423433,0.0500345436192246,6.2786552804884215,558.6449957049914,250,16.321796912335927
768,1913.614903309192,1766.2057458497184,276.45811198108737,-14.837578542307142,4865.134810025222,157.32734807245387,30.92364340740482,21.777112824640444,0.0351090583246094,6.2786552804884215,558.6449957049914,250,16.322961601522003
232,193.79788360796363,518.3840294867648,276.65148799001605,-15.080400009549034,4834.526871602749,161.82120214202445,29.875732027745443,21.783965075428966,0.0363405321413284,6.2786552804884215,558.6449957049914,250,16.330100131465286
452,2549.363495674233,1015.8957981849368,276.5673322042257,-14.742880530239976,4809.35535559745,153.23750841540718,31.384974901575053,21.789632852714963,0.0345929860834623,6.2786552804884215,558.6449957049914,250,16.33600470196579
136,164.76358515660115,325.16012418601537,276.6804502204011,-15.083789283045585,4706.332793874433,347.78931177692994,13.5321375169029,21.813143437363163,0.0802312272280605,6.2786552804884215,558.6449957049914,250,16.360497531792802
138,2460.338960982926,329.8172493107347,276.6699873712327,-14.752862895701938,4693.292123841064,153.8069510937236,30.51417436251737,21.816156054738343,0.0355801860178671,6.2786552804884215,558.6449957049914,250,16.36363601285605
361,614.6677016672313,817.5182724418977,276.6050712844275,-15.020974985351442,4667.62547210342,163.00224626302978,28.635344475998643,21.822110018673243,0.0379146827065413,6.2786552804884215,558.6449957049914,250,16.369838726554402
405,2943.9281240626647,913.6498911813684,276.58090516593927,-14.68555087691879,4667.160475817684,153.20036388853825,30.46442160681356,21.822218186831726,0.0356382935482082,6.2786552804884215,558.6449957049914,250,16.369951413854103
594,2437.203728510321,1311.64819439197,276.5237112219953,-14.760264274551414,4665.340905923978,147.89508196220964,31.54493607242513,21.822641561628025,0.0344175685602057,6.2786552804884215,558.6449957049914,250,16.37039247676232
18,1912.4390902358364,47.221278775710886,276.71446437043204,-14.830690085244656,4659.820737995033,162.27067040495476,28.716346129378845,21.823926997120886,0.0378077348388433,6.2786552804884215,558.6449957049914,250,16.37173161627124
21,2165.1211489096663,57.06340368568562,276.71191323332283,-14.794289489526411,4655.253686931392,165.31707423183892,28.15954557968352,21.824991639840825,0.0385553096703133,6.2786552804884215,558.6449957049914,250,16.3728407385392
94,2034.5315115332764,239.76626111382492,276.68523247358405,-14.813895793532588,4613.766004546953,146.6326557601839,31.46479193620224,21.8347111098883,0.034505233729222,6.2786552804884215,558.6449957049914,250,16.382966276863478
376,1735.8363293132563,845.6231918631539,276.59615510178867,-14.859485953887518,4611.535579395073,156.12953940115688,29.53659888502113,21.835236112429314,0.0367577866438302,6.2786552804884215,558.6449957049914,250,16.383513213406665
76,102.2071229678605,205.5430042582166,276.69856883725555,-15.092309023492312,4610.924320793303,227.5171998010544,20.26626701113229,21.835380036198583,0.0535717801114346,6.2786552804884215,558.6449957049914,250,16.383663150145438
334,2534.230458402796,756.1041195585552,276.6061251944413,-14.743989027608023,4597.756301162706,148.67915838363422,30.924013500931963,21.83848515103307,0.0351086381451515,6.2786552804884215,558.6449957049914,250,16.386897993105425
715,1164.9685231933952,1619.6415375175611,276.4830827371009,-14.944896310892968,4596.924420707161,163.17568551553913,28.17162622104871,21.838681613043747,0.0385387762666256,6.2786552804884215,558.6449957049914,250,16.387102663072888
644,747.2896492182027,1404.66304431724,276.5168967974776,-15.004228327629814,4565.0119118038565,156.4629228608023,29.176317483632417,21.846245233913425,0.0372116872051815,6.2786552804884215,558.6449957049914,250,16.394982283320925
808,260.89425073209856,1919.220456360116,276.44210735754444,-15.076325033089413,4549.44507778436,183.14206578039528,24.84107110181653,21.849953955506326,0.0437058448707796,6.2786552804884215,558.6449957049914,250,16.398845951035273
77,830.731510572794,206.6998342789357,276.6952990675671,-14.9873193679811,4508.496333731688,151.0876404200207,29.840272316108425,21.85977071956294,0.0363837162241282,6.2786552804884215,558.6449957049914,250,16.40907284820046
223,785.4262355364086,500.86120755411486,276.6516018619217,-14.995069067764648,4471.227948275686,154.98997967517045,28.84849690055144,21.86878299353497,0.0376345431009005,6.2786552804884215,558.6449957049914,250,16.418461644610858
674,2687.418709034216,1492.838289788349,276.4956497325435,-14.724918423910372,4451.105868022016,148.77108856934552,29.91915909755044,21.87368021180451,0.0362877845750982,6.2786552804884215,558.6449957049914,250,16.423563463025683
660,2845.7152733810904,1454.8395556467588,276.50065143496494,-14.70193656069515,4435.17540475569,159.20310884412905,27.85859796932757,21.877573021119172,0.0389718104692619,6.2786552804884215,558.6449957049914,250,16.427618909435026
261,1404.6984863286962,580.1842903875789,276.63714565886227,-14.906131324613972,4431.168720163347,154.79599080371486,28.625862318244263,21.87855430557143,0.0379272417344104,6.2786552804884215,558.6449957049914,250,16.42864119082278
645,337.9926302461815,1405.7676841181894,276.5184333738019,-15.063202863682,4382.801060493512,160.49800232417752,27.30751160155271,21.890470626525186,0.0397582912658459,6.2786552804884215,558.6449957049914,250,16.441055361956835
640,1788.549851839493,1391.0145614649912,276.51459167208577,-14.85410521560151,4375.119852235774,158.07187706007434,27.678040734425096,21.892375135169015,0.0392260424217686,6.2786552804884215,558.6449957049914,250,16.443039438780758
412,2612.713023913299,931.8438454901624,276.5795947245911,-14.7333978909556,4374.825759510277,148.42125504511293,29.47573619546971,21.892448120107186,0.036833685605005,6.2786552804884215,558.6449957049914,250,16.44311547294568
154,1340.0406610258938,360.8232395913642,276.6701400454314,-14.91454227090728,4372.678368986351,155.15601018333942,28.182462051063283,21.892981186373902,0.0385239585538282,6.2786552804884215,558.6449957049914,250,16.44367081010775
57,557.0880162753078,145.09458732961443,276.7056559860106,-15.026504112725846,4370.835577556281,162.22844588767617,26.94247333530251,21.89343884799949,0.040296968525804,6.2786552804884215,558.6449957049914,250,16.44414759230954
760,594.3966834793175,1742.2555561906763,276.46714783716027,-15.027592033238236,4350.399749948643,155.33964600258318,28.00572720422125,21.898527108477246,0.0387670704667991,6.2786552804884215,558.6449957049914,250,16.44944843445626
143,1525.8963176036518,343.7601733926071,276.67189419100265,-14.887675620062444,4339.645668790094,156.75086452732307,27.68498714106712,21.901214344426098,0.0392162002629036,6.2786552804884215,558.6449957049914,250,16.45224794003152
812,1878.920441408413,1922.2931526319176,276.434975350619,-14.8431981483287,4331.7267873612,147.9264983263334,29.28296712469452,21.903197379684272,0.0370761608745727,6.2786552804884215,558.6449957049914,250,16.454313824221394
468,164.61246057805585,1054.8130376304548,276.571541739987,-15.086780430275214,4330.274451072735,161.5049737180493,26.812019168105635,21.903561465086998,0.0404930338589157,6.2786552804884215,558.6449957049914,250,16.454693120693385
732,1886.5606259846209,1662.6592434927527,276.4736679924592,-14.841065890765114,4319.961578498187,147.32146459875602,29.323368392134928,21.906150311078246,0.0370250779337889,6.2786552804884215,558.6449957049914,250,16.457390125691806
638,857.4248528296107,1388.8953505840602,276.5187913967985,-14.988295718236175,4287.903984502773,156.504283092594,27.397997676305657,21.914237391691422,0.0396269834324037,6.2786552804884215,558.6449957049914,250,16.465815075229205
132,1462.7624653309929,312.04450042802824,276.67689331915096,-14.89664567986082,4265.857325321354,159.63530516135856,26.722518060835277,21.919834206520704,0.04062865623398,6.2786552804884215,558.6449957049914,250,16.47164571854319
568,1901.7412309958947,1262.8501970080722,276.53323280365095,-14.837269793171716,4265.659493270563,147.67072121528204,28.886291460931265,21.919884559447297,0.0375853024078362,6.2786552804884215,558.6449957049914,250,16.471698175157126
326,2738.2964252847737,727.3541028783781,276.6095448749735,-14.71443689515998,4229.083323397848,150.42105236088435,28.11496966030789,21.929234416914397,0.0386164386132263,6.2786552804884215,558.6449957049914,250,16.481438658912644
237,1647.954359810662,530.2127794418827,276.64356736706185,-14.870853725248445,4223.34033195104,148.71536385107285,28.39881652160966,21.930709822064728,0.0382304663708029,6.2786552804884215,558.6449957049914,250,16.482975704792775
124,1288.606148005166,305.2167963432058,276.6786532255299,-14.921725607851783,4208.214996080613,154.44210587135638,27.24784780897688,21.93460522255505,0.0398453488000734,6.2786552804884215,558.6449957049914,250,16.487033850634113
610,664.7010040424592,1336.0453974136035,276.5274806636345,-15.015854777342067,4200.462331449147,151.70206556999327,27.688893461448032,21.936607285598008,0.039210667682031,6.2786552804884215,558.6449957049914,250,16.48911955756773
367,414.9987753679951,827.5654419307399,276.60441107379165,-15.04978773695174,4196.141607068537,152.28538405296518,27.55446054894612,21.937724681949966,0.0394019689868878,6.2786552804884215,558.6449957049914,250,16.49028363745376
526,1502.1578815142027,1174.334829754786,276.5481094962998,-14.894513490408348,4192.120057913649,152.88405396503927,27.420257045723563,21.93876574195157,0.03959481481846,6.2786552804884215,558.6449957049914,250,16.491368191744545
752,2326.0129331306525,1722.7609734950215,276.4628771683592,-14.77795410942331,4175.5697798162,146.62104764654356,28.47865191825776,21.943060657253085,0.0381232933046228,6.2786552804884215,558.6449957049914,250,16.495842543666264
79,1466.6375243097114,211.9864769927252,276.69180022368164,-14.895668161493196,4168.163747994287,162.76572904242877,25.608362230281024,21.944988091528778,0.0423963075122467,6.2786552804884215,558.6449957049914,250,16.497850503928575
24,898.6823532889877,71.948489019668,276.7151132698441,-14.976961080997183,4147.953514424444,154.88141829796945,26.781479405388588,21.950265320023842,0.040539209338135,6.2786552804884215,558.6449957049914,250,16.50334820895897
703,827.044211050636,1581.4800761109357,276.4901790167344,-14.993438937492227,4132.390622547071,151.36336814972304,27.301127565154754,21.954346603308462,0.0397675882583586,6.2786552804884215,558.6449957049914,250,16.5076000035639
329,680.3500721584118,744.9974560780432,276.6156168085311,-15.01121411674422,4115.099254246044,152.52681527160183,26.979513385356924,21.95889923505025,0.0402416450027323,6.2786552804884215,558.6449957049914,250,16.512342839022278
100,2091.4454639390947,247.57113821613203,276.6838255202409,-14.805720761825388,4113.382023388054,159.77204165501826,25.745318021720717,21.959352407313418,0.0421707744718484,6.2786552804884215,558.6449957049914,250,16.512814944301248
110,448.8363367644244,282.39406465709953,276.68562794210413,-15.042676039139176,4109.121701601427,147.63108160814878,27.83371670003816,21.960477511339224,0.0390066483646616,6.2786552804884215,558.6449957049914,250,16.513987053878875
424,2279.7216181889617,959.127812131962,276.57693373314856,-14.781531438816527,4093.7516288707848,147.0579630380942,27.83767396404322,21.964546296334674,0.0390011033753162,6.2786552804884215,558.6449957049914,250,16.518225828030495
221,565.5226509885754,491.27306285666265,276.653963099098,-15.026722325692631,4076.314920190896,157.5518040344841,25.8728546154806,21.969180700359622,0.0419628995770103,6.2786552804884215,558.6449957049914,250,16.52305385212395
828,2176.637003529721,1988.696488802194,276.4238401214723,-14.800546038497073,4073.058560494741,148.65032509492022,27.40026675282346,21.970048386155195,0.0396237018345131,6.2786552804884215,558.6449957049914,250,16.52395778883383
751,1485.2666245583891,1716.6115708064651,276.4672868074598,-14.899121360846776,4050.908611766703,157.6086252928992,25.70232818310871,21.97596890758259,0.0422413095134903,6.2786552804884215,558.6449957049914,250,16.53012566283519
530,1311.057948813869,1182.8706423943984,276.54763669415195,-14.92209302700199,4032.665752008441,151.75439309510293,26.57363434270539,21.98086945430923,0.0408562858206871,6.2786552804884215,558.6449957049914,250,16.535230948766227
451,54.15533707030875,1015.8605942545656,276.5778179784745,-15.10253695561601,4032.438314420404,170.73105099310808,23.61865806462576,21.98093069027635,0.0459678952559154,6.2786552804884215,558.6449957049914,250,16.535294743101602
546,1238.485369640489,1210.806123588134,276.5437728871731,-14.932665712777238,4023.7734266382176,152.72715462164967,26.346155905322103,21.983266226209455,0.041209047874065,6.2786552804884215,558.6449957049914,250,16.537727855039073
209,1699.2056045401175,472.2825827391676,276.6519892232064,-14.863223337635487,3994.277209743159,156.52891701066395,25.517823070807022,21.991254515758992,0.042546732806611,6.2786552804884215,558.6449957049914,250,16.54604988613585
605,743.6038255179615,1329.1300460393925,276.528184004858,-15.00445807990641,3987.492188180913,151.51379934788062,26.31768330900013,21.993100408559787,0.0412536311518237,6.2786552804884215,558.6449957049914,250,16.54797289821425
821,418.2225901303883,1954.13245185288,276.4362490128655,-15.053798762777904,3954.4959554777015,164.6294287230053,24.02058967313358,22.002122182440317,0.0451987238770548,6.2786552804884215,558.6449957049914,250,16.5573715914284
480,1027.9499423728903,1073.7151286662204,276.56510779328187,-14.962455173334716,3944.326131275273,164.65794284346248,23.95466664505263,22.00491797966491,0.0453231103603869,6.2786552804884215,558.6449957049914,250,16.560284193844605
220,980.462716581984,490.96352316735687,276.65225263402334,-14.966916812628208,3943.093161257275,157.78845038350244,24.989745140874675,22.005257426611795,0.0434458212310523,6.2786552804884215,558.6449957049914,250,16.560637822494414
838,1296.7679763351491,2039.273104560434,276.4199277882488,-14.927556565374308,3926.779509259504,154.97811868327895,25.33763825901428,22.009758731453047,0.0428492975115289,6.2786552804884215,558.6449957049914,250,16.5653271866734
559,482.6878279928458,1240.9359572394765,276.54243348037767,-15.04169991332557,3911.422884872474,161.61576838314693,24.201987986714,22.014013090698903,0.0448599511988853,6.2786552804884215,558.6449957049914,250,16.569759288154113
658,936.926720129224,1450.0039515308306,276.5093419134462,-14.977083318037884,3900.987566098629,151.17330649504376,25.804737996033204,22.016913606541067,0.0420736688032599,6.2786552804884215,558.6449957049914,250,16.57278098421126
126,1569.6584718712868,308.42358003717635,276.676977995937,-14.881218238242324,3874.3214955148287,144.57964710955622,26.7971431177933,22.02436088138394,0.0405155129868711,6.2786552804884215,558.6449957049914,250,16.58053939762934
733,1235.852212879548,1664.1132523519348,276.4761534392504,-14.93485777965206,3866.224716068828,152.54802010521246,25.344312652516173,22.026632289512623,0.042838013201838,6.2786552804884215,558.6449957049914,250,16.582905702576493
558,640.905191279659,1240.42377257701,276.5418500904304,-15.01890119951946,3862.999739291612,161.88459891343135,23.86267603725152,22.02753832459284,0.045497830935019,6.2786552804884215,558.6449957049914,250,16.583849590760014
536,117.6005634148102,1200.8776984047568,276.5499342895974,-15.094137596079936,3835.782850749791,150.53021084348762,25.481814110643946,22.035214988800632,0.0426068566109857,6.2786552804884215,558.6449957049914,250,16.591846977166778
289,713.2872729522804,656.3483732446801,276.6287061268499,-15.006104907928298,3834.2895335940993,160.8180723355783,23.84240451280317,22.035637761478743,0.0455365145498218,6.2786552804884215,558.6449957049914,250,16.592287412801
118,1158.5275536549327,294.72620371596025,276.6807716972285,-14.9404343546918,3818.887324354029,164.139494715879,23.266108689833725,22.040007909743384,0.0466644428801453,6.2786552804884215,558.6449957049914,250,16.596840140832494
510,314.5702862129411,1146.7979442945384,276.55718531970683,-15.06554488924458,3814.57098140195,153.20809145393957,24.89797337204453,22.041235770072735,0.0436059587572306,6.2786552804884215,558.6449957049914,250,16.59811929975381
342,1544.4501807121765,770.8281353890025,276.6081186352871,-14.886770361678206,3795.749632890104,161.91144533184473,23.44336822582582,22.046606124936982,0.0463116046099538,6.2786552804884215,558.6449957049914,250,16.603714021865954
246,622.7220299545107,557.2347354406444,276.6438782359661,-15.01875026030263,3772.3621584379,160.20723517262337,23.54676525297486,22.053316572478515,0.0461082440978951,6.2786552804884215,558.6449957049914,250,16.610704824185728
108,898.3686342825604,274.87935461857944,276.68483923841933,-14.977853955356316,3772.326747666288,149.4964320183533,25.23355706043318,22.05332676421929,0.043026038596136,6.2786552804884215,558.6449957049914,250,16.610715441725706
684,618.374959582457,1508.7417834825217,276.501899960507,-15.023216332224258,3768.54942411941,146.59297348432483,25.70757202440116,22.054414483253925,0.0422326931135104,6.2786552804884215,558.6449957049914,250,16.61184860441024
351,871.5921631653515,794.2959441536693,276.60745535244376,-14.983854171180106,3754.080661351327,147.84117344952656,25.39266006727809,22.058591022248446,0.0427564499789871,6.2786552804884215,558.6449957049914,250,16.61619963439905
539,805.2200031544288,1201.9257598365298,276.54690918530645,-14.99506979211131,3747.750896086276,151.5115219052332,24.735748469548103,22.0604232299951,0.0438919404980444,6.2786552804884215,558.6449957049914,250,16.61810838967749
290,1739.3037037979166,665.5003386239573,276.62300358909846,-14.858243609723196,3723.784207202552,150.44966677001423,24.75102994342245,22.0673887573519,0.043864841280616,6.2786552804884215,558.6449957049914,250,16.625364928753758
557,2153.701160214365,1238.7102870312606,276.5357761550259,-14.80084572743712,3715.622472101939,159.55750302752523,23.287043238956663,22.069771069606,0.0466224925534446,6.2786552804884215,558.6449957049914,250,16.627846771273095
447,1006.067864114854,1007.3894523049652,276.5750954789313,-14.965340217035402,3689.95925828052,150.71038594894972,24.48377552115369,22.077296094088428,0.0443436511277424,6.2786552804884215,558.6449957049914,250,16.635686182621228
283,1239.1098701938863,634.6931960631147,276.62971565688684,-14.93022705083883,3688.8814956721617,144.4319419004522,25.540621050533783,22.07761326203699,0.0425087548909586,6.2786552804884215,558.6449957049914,250,16.636016601481792
75,1619.53854588639,202.28003581328176,276.69259518217865,-14.87358123178398,3681.6077379108174,150.5529583081976,24.45390498653758,22.07975623639315,0.0443978170602078,6.2786552804884215,558.6449957049914,250,16.63824910684116
791,881.0918057414927,1849.334108595966,276.44998355383984,-14.986707147086085,3625.2542701691273,157.7087902141214,22.987014644187656,22.096503839751435,0.0472310135441847,6.2786552804884215,558.6449957049914,250,16.655696405800455
96,1002.8925672426938,241.72672206768723,276.6893404910221,-14.96264896118067,3616.2823417702457,154.58029947992267,23.39419935099776,22.0991941948502,0.0464089402552558,6.2786552804884215,558.6449957049914,250,16.658499160840122
248,896.3245954042782,563.719996553729,276.6417538354424,-14.979344278523008,3613.974890762765,161.12686815667988,22.429374641903507,22.099887194588383,0.0484052728769196,6.2786552804884215,558.6449957049914,250,16.659221113310103
454,205.6368270804774,1018.7863949061906,276.57674786420483,-15.08072536238425,3606.18379499286,149.99480275491732,24.042058316414813,22.102230378001256,0.0451583631364347,6.2786552804884215,558.6449957049914,250,16.661662192230246
38,1430.8770688452448,108.49286417771208,276.707388650562,-14.90038945277936,3605.339720767399,155.3445693499317,23.208662754382814,22.102484538428875,0.0467799464144039,6.2786552804884215,558.6449957049914,250,16.661926971188134
123,328.5532094650956,304.9130006997114,276.68277771277087,-15.060103371407678,3572.880011984671,157.74977376938966,22.6490341419302,22.112303942836427,0.0479358189491198,6.2786552804884215,558.6449957049914,250,16.672156619015084
113,604.9666757018387,288.67819632234125,276.6840272911837,-15.020200572288402,3564.559740931727,148.66181762017985,23.97764132037534,22.114835277298155,0.0452796830803124,6.2786552804884215,558.6449957049914,250,16.674793709718447
266,2398.749500625501,602.0749432819376,276.62966280636545,-14.762887405764973,3561.0276578029734,145.20651382974788,24.523883701100463,22.115911654761682,0.0442711282288164,6.2786552804884215,558.6449957049914,250,16.67591505699408
262,148.202516465584,586.9242343830628,276.6414501919226,-15.087250098332248,3560.1713457388105,154.3600774677373,23.064068146006985,22.116172770625642,0.0470732219973935,6.2786552804884215,558.6449957049914,250,16.676187081978433
240,1071.5411005253118,539.0036076672505,276.6446998120614,-14.953986987880445,3544.879386025248,152.2940540901595,23.276544886819064,22.12084636426095,0.0466435205602531,6.2786552804884215,558.6449957049914,250,16.68105593297908
596,239.09529622639025,1316.2584321380264,276.53220522704584,-15.077094715479154,3539.752451063192,160.04005430934595,22.11791583262715,22.122417793802377,0.0490869034956012,6.2786552804884215,558.6449957049914,250,16.682693015038897
701,1402.3091717326113,1565.827336630992,276.4901255182366,-14.910477918726585,3539.450617138762,147.84341543539597,23.94053605103176,22.12251037824066,0.0453498617443534,6.2786552804884215,558.6449957049914,250,16.682789467548496
225,1714.205128615186,506.20392416845226,276.6468666692344,-14.861201773835775,3523.3168615959003,148.6365978248966,23.70423511540941,22.127470766086795,0.0458019419194091,6.2786552804884215,558.6449957049914,250,16.68795709469216
238,78.50263432614926,538.5808837450334,276.6489599818673,-15.09709509357012,3510.406909371086,318.85379649216964,11.00945620842653,22.13145636993724,0.0986152248981213,6.2786552804884215,558.6449957049914,250,16.69210921248623
19,493.9397949339401,53.37618339027311,276.7196111161578,-15.035222680331968,3501.1327106010867,171.55988452652522,20.407642032772348,22.13432858910528,0.0532006587657941,6.2786552804884215,558.6449957049914,250,16.695101429666764
421,188.26767568736213,949.8951565054972,276.58710366774284,-15.082950414962712,3475.4930435288697,148.4240345118657,23.41597204899469,22.142308962749702,0.0463657881777584,6.2786552804884215,558.6449957049914,250,16.703415214141014
134,1956.88064962768,316.7284178824031,276.6740885460384,-14.825417426670173,3468.9652514421614,153.85221806817302,22.54738537409346,22.14435014781904,0.0481519245795767,6.2786552804884215,558.6449957049914,250,16.705541677574267
783,2152.30181342503,1826.1303276978383,276.4481844059416,-14.803409529303144,3462.3773806191166,147.24525735493472,23.5143558632456,22.146414016941755,0.0461717942143172,6.2786552804884215,558.6449957049914,250,16.707691772774545
148,1204.8721478899947,347.9529822548062,276.6726346373883,-14.93397507013758,3399.0174504457973,158.23476579444772,21.48085114785227,22.166466536073532,0.0505426899766284,6.2786552804884215,558.6449957049914,250,16.728582063086197
456,1251.0519559103325,1027.5056804844344,276.5710660054076,-14.93011262194098,3391.826130405941,150.53827179475113,22.53132103861581,22.168766067597993,0.0481862558408913,6.2786552804884215,558.6449957049914,250,16.730977666392253
628,520.7801220998505,1368.9051607099657,276.52317557884743,-15.036722140936297,3380.7440048159915,151.45310924314398,22.32205084273654,22.17231930528398,0.0486380040816581,6.2786552804884215,558.6449957049914,250,16.734679354260933
194,1923.5153771371497,433.4349895412348,276.6568283081447,-14.83071749642077,3367.757048262749,144.87339231845462,23.246208253755015,22.17649813735797,0.0467043910193235,6.2786552804884215,558.6449957049914,250,16.73903277313143
616,979.0211055025044,1349.3739981371718,276.52418210148466,-14.97061557523408,3362.5682660706225,145.94893604782845,23.03934757680376,22.178172246568934,0.0471237302350129,6.2786552804884215,558.6449957049914,250,16.740776824699246
364,1289.256174252291,823.3614058110248,276.60135934167863,-14.923773417550231,3344.038505980803,153.83311827461335,21.738092183838027,22.18417184764041,0.0499445853305932,6.2786552804884215,558.6449957049914,250,16.74702708220124
570,235.8815230491311,1268.3390366914489,276.53937151579834,-15.07736695367864,3335.891974396014,155.23242547688128,21.489659548564017,22.186820075401428,0.0505219730236512,6.2786552804884215,558.6449957049914,250,16.749785949871452
259,1953.781280866636,578.1577952253305,276.63511916554745,-14.826956331889589,3314.305843279697,153.5048663991384,21.59088451738036,22.1938685653946,0.0502851098631937,6.2786552804884215,558.6449957049914,250,16.757128917667593
613,2395.047532903214,1340.474557279784,276.5195900805783,-14.766460070906778,3309.3794351565302,140.67159212482093,23.525570338466395,22.19548361213072,0.0461497844421983,6.2786552804884215,558.6449957049914,250,16.758811439198315
713,1429.8971711839947,1610.1772896571265,276.4833946113908,-14.906678484690827,3308.7613688751007,159.48262873524467,20.74684493925629,22.195686405320078,0.052330848530404,6.2786552804884215,558.6449957049914,250,16.759022704853823
793,188.86879698084877,1860.4725952425565,276.4511737203406,-15.086470908595729,3302.3591586141847,269.1957265518729,12.26750216622712,22.197789260233936,0.0885021241723496,6.2786552804884215,558.6449957049914,250,16.76121341462675
112,2099.537412352394,282.7598559487253,276.6785443919137,-14.80470190556932,3295.486898475967,150.28588218700716,21.928120263320885,22.200051048179382,0.0495117678561827,6.2786552804884215,558.6449957049914,250,16.763569697470476
436,1958.7300465430608,987.7411350116926,276.5740206942503,-14.827932849104515,3286.6843751331908,153.55957961935923,21.40331709216817,22.202955021226188,0.0507257821451085,6.2786552804884215,558.6449957049914,250,16.766594995170298
663,1827.3087637837905,1461.4027613723013,276.5039315840915,-14.848801158456157,3283.1122186512803,142.32288989679864,23.068054766397275,22.20413570313873,0.0470650868048707,6.2786552804884215,558.6449957049914,250,16.767825004614828
555,1805.7964561221615,1234.6574965254852,276.53783953670955,-14.8509873128148,3260.7028230800643,148.77025519895375,21.91770672651905,22.21157197297676,0.0495352918782498,6.2786552804884215,558.6449957049914,250,16.775571953251625
492,1689.433887271694,1097.8763800211516,276.55872818247605,-14.86720686082851,3244.4329613294685,145.5518553954658,22.290564091500677,22.217003009427962,0.0487067081632974,6.2786552804884215,558.6449957049914,250,16.781229892157615
58,1002.3240583606076,144.56362480851735,276.7038379726246,-14.96232495487805,3224.379687442968,151.10934520474888,21.338056114756007,22.223734580246145,0.0508809234618705,6.2786552804884215,558.6449957049914,250,16.788242700260234
500,485.5390990812779,1122.4081266656926,276.5601115733627,-15.04081412352966,3205.9056186490343,151.5890015362425,21.148669007378828,22.229973190065277,0.0513365639994269,6.2786552804884215,558.6449957049914,250,16.79474195202039
764,433.4308152196465,1762.8575065884072,276.46473743809213,-15.050861701121066,3202.4700706500444,150.47824182060862,21.281947688276706,22.231137322564337,0.051015067601076,6.2786552804884215,558.6449957049914,250,16.795954720635983
554,172.42739483888363,1234.381858870079,276.54470456144094,-15.086372915202354,3185.684515111265,160.40921354447804,19.859735265318427,22.236843110382686,0.0546684024482434,6.2786552804884215,558.6449957049914,250,16.801898889705154
528,1812.43319563541,1179.6039038705496,276.54602254839426,-14.849807223975674,3184.524522706459,159.858291734856,19.92092176230916,22.237238527788172,0.0545004901356607,6.2786552804884215,558.6449957049914,250,16.80231082719493
577,1394.739915327917,1282.939177379931,276.53235840132214,-14.910435323134337,3177.420800613065,148.59512262497924,21.38307600197728,22.239663185995298,0.0507737988631573,6.2786552804884215,558.6449957049914,250,16.8048367848325
236,1423.6705420271164,530.1491952623675,276.6445284192475,-14.90318911415308,3176.778475805477,150.78512018568276,21.068249120957468,22.239882692898007,0.0515325214623558,6.2786552804884215,558.6449957049914,250,16.80506546248107
395,257.8859463407945,883.2434952918109,276.59676049492043,-15.072650997776664,3164.31818735681,148.30221855524863,21.33695785662149,22.244149653148426,0.0508835424101039,6.2786552804884215,558.6449957049914,250,16.80951069142182
146,751.8348239119498,345.8455393584589,276.674873681929,-14.999269759454991,3161.78848064004,161.65708767656523,19.5586133963144,22.24501798953931,0.0555100700648128,6.2786552804884215,558.6449957049914,250,16.810415305908137
309,1232.456454388841,703.8268357362243,276.6194307133553,-14.93147062196986,3153.7652815867914,144.49432068941698,21.82622311063454,22.247776601912598,0.0497429167885215,6.2786552804884215,558.6449957049914,250,16.81328916993273
618,472.5529928290365,1353.6153267940458,276.5256582089064,-15.043609631070478,3141.2428688235814,149.21705591472158,21.051500108800028,22.252096232488768,0.0515735218102652,6.2786552804884215,558.6449957049914,250,16.81778926970485
69,916.7912906581688,186.39168032653092,276.6979624113903,-14.974829523305624,3132.142999863194,145.17062437395404,21.57559777241787,22.2552460671475,0.0503207378748946,6.2786552804884215,558.6449957049914,250,16.82107070083189
506,1876.276245593614,1135.018732631923,276.5524039265524,-14.840421923547442,3120.0874031712883,145.10003640072696,21.503009100248967,22.259433121422997,0.0504906078464818,6.2786552804884215,558.6449957049914,250,16.825432685418015
163,1834.1339882393893,374.8503641588634,276.6659449526399,-14.8433612638001,3078.90084652754,147.56058595592162,20.86533356168191,22.273860764101645,0.0520336757037918,6.2786552804884215,558.6449957049914,250,16.840463098409472
264,2325.9540854602164,596.9286344369506,276.63073945779166,-14.773364497408288,3059.642324638204,147.01363042595287,20.81196359666303,22.280673371746637,0.0521671102756531,6.2786552804884215,558.6449957049914,250,16.8475603289643
202,2636.409581866441,458.4835825407943,276.6500559680196,-14.728008092417944,3045.903409630584,152.69332297526327,19.94784939040215,22.285559704030298,0.0544269198524419,6.2786552804884215,558.6449957049914,250,16.85265080658928
634,1746.133779939333,1378.1355381145654,276.51668981202613,-14.860167745315396,3028.448942825664,147.1822417743501,20.576184370589203,22.291799381152646,0.0527648849002275,6.2786552804884215,558.6449957049914,250,16.859151170243358
585,1147.141997885819,1294.5108670650454,276.5316665285264,-14.946167311238884,3003.5916125651565,153.30919554928926,19.59172508735456,22.300747814420347,0.0554162532987339,6.2786552804884215,558.6449957049914,250,16.868473458758242
128,389.998116114004,309.8072645521547,276.6817866922852,-15.05126886779906,2974.107333185151,148.59764125367516,20.014498938835576,22.31145842714591,0.0542456747639751,6.2786552804884215,558.6449957049914,250,16.87963154856144
460,1722.678024705268,1044.5665773991532,276.5665395167873,-14.86219720319631,2955.475183796021,153.70201842566735,19.228603593292004,22.31828172901807,0.0564627584490197,6.2786552804884215,558.6449957049914,250,16.88673992013594
488,2469.4208088660603,1096.0052338889648,276.55572628966985,-14.754738133512522,2953.6660063572344,143.53043152273605,20.578674327258305,22.31894655980965,0.0527585005104965,6.2786552804884215,558.6449957049914,250,16.887432526793138
484,190.210462416632,1087.8061981871926,276.56650992742067,-15.08322496734654,2944.2751513079274,149.33702884023012,19.71564034836861,22.32240403748342,0.0550679552282377,6.2786552804884215,558.6449957049914,250,16.891034453906457
125,1729.4156259210793,304.02663274924527,276.6769527897816,-14.858164666090964,2934.82369938842,151.45639706941955,19.377350552207137,22.325894978063825,0.0560293316196592,6.2786552804884215,558.6449957049914,250,16.894671241968155
619,2076.4810574764297,1353.1855980340608,276.5190291942431,-14.812443353796924,2934.779384682188,150.08784355027484,19.55374476214076,22.325911372385647,0.0555238913674526,6.2786552804884215,558.6449957049914,250,16.89468832122588
279,1705.994566947253,628.8682456372812,276.6286078832467,-14.862894541257534,2926.153582987376,150.3431227092509,19.46316885173573,22.329107229430484,0.0557822833614875,6.2786552804884215,558.6449957049914,250,16.89801769750137
543,1560.0605314413754,1206.7734815750316,276.5430281866604,-14.88629833401602,2923.796540825453,143.97432689466984,20.307763223400745,22.329982151812953,0.0534623133063193,6.2786552804884215,558.6449957049914,250,16.898929173134423
333,230.14018599024897,750.5868713548805,276.6166770981347,-15.076110941194182,2907.704800585285,148.0404676097754,19.641283545859885,22.335974238001164,0.0552764282163652,6.2786552804884215,558.6449957049914,250,16.905171601789974
583,420.8172967035205,1291.4567500462565,276.5351509352554,-15.050815738896851,2900.279557184782,152.4456161077817,19.02501122193133,22.338750368060985,0.0570669834217204,6.2786552804884215,558.6449957049914,250,16.90806371536989
288,617.9269699759819,652.1585155837685,276.62973364524333,-15.019830533336972,2897.685064392921,147.57524248753035,19.6353061363783,22.33972206593394,0.0552932555499364,6.2786552804884215,558.6449957049914,250,16.909076009662087
235,1003.3423560525796,529.7954137188211,276.64636234316026,-14.96377929277858,2876.905208006443,148.0152293115895,19.43654866723355,22.347536140605605,0.0558586824537573,6.2786552804884215,558.6449957049914,250,16.91721654738382
41,1220.7315913122495,113.29954770781664,276.70756959424847,-14.9307076940497,2875.2703334065736,147.40779179074326,19.50555190113859,22.348153313213892,0.0556610756518314,6.2786552804884215,558.6449957049914,250,16.917859504753654
798,2300.699167235136,1874.327026675733,276.44038146376045,-14.782207930281372,2872.87634632329,142.7028127767199,20.13188311023931,22.349057687700192,0.0539293812732203,6.2786552804884215,558.6449957049914,250,16.918801662965553
553,1327.5539368805228,1230.4189332820972,276.54047431924687,-14.919907359804265,2856.8242140921066,147.04811672508237,19.42781912286001,22.3551412261122,0.0558837815574727,6.2786552804884215,558.6449957049914,250,16.925139364613596
694,758.1145039729219,1543.45903248447,276.4961389115152,-15.003220114337436,2852.2081618217053,145.84539964499407,19.556380720710678,22.356896975890866,0.0555164074327013,6.2786552804884215,558.6449957049914,250,16.926968467598112
548,448.53930948809153,1212.645489614017,276.54679823295845,-15.046506844972464,2839.225649605505,156.9898571167552,18.085408202479854,22.3618502472304,0.0600318216677647,6.2786552804884215,558.6449957049914,250,16.932128680915714
415,1131.0137257673653,939.8905682616124,276.5846413055922,-14.947057988346856,2817.558321621734,151.42621430970993,18.606806849565835,22.370167735620004,0.0583496141373302,6.2786552804884215,558.6449957049914,250,16.94079366440137
40,744.8883570024896,112.83152442158384,276.70966983095286,-14.999301031715268,2813.93455714162,157.76872408294682,17.835819954164016,22.371565039291102,0.0608718860579509,6.2786552804884215,558.6449957049914,250,16.942249345812314
384,68.82050807771688,861.2842661876341,276.600831068553,-15.099801660425324,2805.993432026531,158.4368279133538,17.71048732155303,22.37463339632306,0.0613026609764002,6.2786552804884215,558.6449957049914,250,16.94544589527107
523,414.41836183889,1173.987424110387,276.55271038337617,-15.051268165327714,2797.394623614382,167.13118230695545,16.737718150504364,22.37796568202117,0.0648654727148266,6.2786552804884215,558.6449957049914,250,16.948917400032016
286,1376.2793257571109,648.091810605042,276.6271367431871,-14.91050867550874,2764.7129675931064,158.32545319859324,17.462214140168786,22.390724897823453,0.0621742461342594,6.2786552804884215,558.6449957049914,250,16.96220968119166
490,1497.2351749710367,1096.4834010282616,276.5597429034305,-14.894907404526812,2734.706573255884,151.19834642926577,18.086881489376907,22.402573185364982,0.0600269317094642,6.2786552804884215,558.6449957049914,250,16.974552976555792
201,1028.0444719030995,458.7899669926352,276.65685091583657,-14.959925211832712,2732.8182593226666,152.3135200223764,17.94205963410988,22.403323144788136,0.0605114475227783,6.2786552804884215,558.6449957049914,250,16.975334268420852
780,1770.4433580984928,1814.2789846729256,276.4515355025112,-14.858406285995144,2725.3428540893365,143.18419509984358,19.033824593482063,22.40629715856793,0.0570405592773922,6.2786552804884215,558.6449957049914,250,16.97843253307491
22,819.1771732061126,62.02554322787285,276.7169330648913,-14.98838010854126,2670.1858774232096,166.53172801982976,16.03409698063817,22.42849628518869,0.0677119516809102,6.2786552804884215,558.6449957049914,250,17.001559113666865
842,425.9747544920934,2049.879666074943,276.4219249367314,-15.0530535711564,2666.305779104237,157.23195877591778,16.95778517206019,22.430075136702545,0.0640236911238155,6.2786552804884215,558.6449957049914,250,17.00320392778058
434,1702.8823243518818,982.110176088504,276.5759379169638,-14.864796104287764,2625.6962725567864,146.6242289009721,17.90765613730964,22.446738802579645,0.060627699776857,6.2786552804884215,558.6449957049914,250,17.020563782447283
745,1085.754319492483,1702.05048406908,276.4711151571598,-14.956637638769536,2592.672137496585,146.3129989563885,17.720039613632572,22.46048102042268,0.0612696147227987,6.2786552804884215,558.6449957049914,250,17.034880134342046
365,2008.5719599368765,824.7466707119596,276.59811640281333,-14.8200766733802,2584.502309468168,144.53245773205478,17.88181250096441,22.463907710224618,0.0607153217796823,6.2786552804884215,558.6449957049914,250,17.038449987301668
409,446.5030009484031,924.6302281497776,276.5897924270623,-15.04564154838814,2566.488417720131,152.2083350925664,16.861681169820997,22.471501749985126,0.0643885973803836,6.2786552804884215,558.6449957049914,250,17.046361297306795
541,47.97360380159356,1206.4958082767937,276.5493856548416,-15.104190159452225,2553.264631681086,155.743802248026,16.394004736156027,22.477110448317333,0.0662254292025152,6.2786552804884215,558.6449957049914,250,17.052204320602787
836,543.1242620156838,2036.0020292392323,276.42351547417843,-15.03612472452797,2550.062640182849,155.9301369276928,16.353879310484746,22.478472900054392,0.0663879180827719,6.2786552804884215,558.6449957049914,250,17.053623694005985
718,790.8785058549812,1629.459849836031,276.4831688580264,-14.99883968012162,2521.665160716453,150.6565954397103,16.737834499423375,22.490631475987776,0.0648650218185275,6.2786552804884215,558.6449957049914,250,17.066290241254013
603,505.8151015776447,1326.320534414315,276.5295935635611,-15.03870863729512,2509.930911934061,151.22860603854107,16.596932139243535,22.4956956034145,0.065415703992237,6.2786552804884215,558.6449957049914,250,17.07156594209859
826,382.2548416427693,1981.390086124096,276.4323280469103,-15.059085604078948,2477.142992760695,156.76800768852453,15.801329807561384,22.509972329423714,0.068709406943741,6.2786552804884215,558.6449957049914,250,17.08643913329579
371,963.787693410727,833.0044249235489,276.6012917129474,-14.970724562194343,2466.533652103564,152.01193897284708,16.22592060051379,22.514632408863,0.0669114577058648,6.2786552804884215,558.6449957049914,250,17.091293905492854
256,1989.4034570971369,575.6174607956627,276.6353467157582,-14.82180914112172,2460.39083547442,167.32138034828998,14.704581269607994,22.51733976997077,0.0738341323764157,6.2786552804884215,558.6449957049914,250,17.09411437703302
305,1630.394652643917,694.9328974609417,276.61907503740287,-14.874067278203544,2452.774642985547,154.66779382778762,15.858341172930608,22.52070590228911,0.0684623939011499,6.2786552804884215,558.6449957049914,250,17.097621142487046
275,845.8577413028207,615.5013427936751,276.63424124292726,-14.986831011891905,2452.417699737416,149.81120213194313,16.37005554215832,22.52086391697279,0.0663223162074168,6.2786552804884215,558.6449957049914,250,17.097785758842424
407,570.5365064407675,918.0712022806858,276.5902509767835,-15.027742531682872,2445.957003709045,158.32534680286608,15.448928760311215,22.52372797539143,0.070276717359795,6.2786552804884215,558.6449957049914,250,17.100769474326835
689,1184.498202649817,1532.605112825147,276.4959875759681,-14.94173593543232,2445.6004687262466,146.65985620675497,16.67532296826025,22.5238862492917,0.0651081842352629,6.2786552804884215,558.6449957049914,250,17.10093436072857
542,766.2500034435149,1205.7972929876896,276.54649423541315,-15.000700914944591,2444.580885975214,157.17903170923552,15.55284352748418,22.52433899238742,0.0698071705075285,6.2786552804884215,558.6449957049914,250,17.10140601890997
87,1502.5101521437678,219.8509462024474,276.6904742134637,-14.890528949622723,2443.8310536771896,146.88341523235115,16.637896455575703,22.524672074005704,0.065254643391903,6.2786552804884215,558.6449957049914,250,17.10175301629507
303,1550.5679737615058,687.6972990691953,276.620491940566,-14.88554603051551,2433.21783038741,145.58404074924687,16.713492892935776,22.52939754600272,0.0649594915290799,6.2786552804884215,558.6449957049914,250,17.106675913075698
314,598.4935095194006,714.8646455576989,276.6204581759298,-15.02288742826236,2420.064436063287,147.87648512594674,16.365444675007744,22.53528269778876,0.0663410021273672,6.2786552804884215,558.6449957049914,250,17.112806939732774
552,397.6312648029007,1230.6886230276132,276.5443175041977,-15.053913647916914,2418.4701372109703,151.6363516438588,15.949144852094028,22.535998198741204,0.0680726151820894,6.2786552804884215,558.6449957049914,250,17.113552333491864
400,148.93369279851342,895.4825976503504,276.59539043850174,-15.088397842675736,2399.683053912944,145.24184622650694,16.521981207610104,22.544465310136935,0.065712458231094,6.2786552804884215,558.6449957049914,250,17.122373191060706
251,692.8434532181666,568.7100339845466,276.64186957247426,-15.008691688236995,2375.73459873721,146.74894106477308,16.18910897413966,22.555355215357803,0.067063604410489,6.2786552804884215,558.6449957049914,250,17.133718063993395
489,311.7243190058848,1095.9628359193946,276.56478484417374,-15.065751087760182,2360.25025395822,151.8411167312888,15.544210321734685,22.562454889094738,0.0698459411914879,6.2786552804884215,558.6449957049914,250,17.14111435393123
832,2047.71667087784,2013.093666544368,276.4207347103131,-14.819226095614248,2358.3753922643373,145.60614328968094,16.196949791963032,22.563317684950864,0.0670311394395213,6.2786552804884215,558.6449957049914,250,17.142013196405617
341,786.7621785674943,769.9911915169863,276.61143912478605,-14.995980613307262,2321.389864685072,172.5402048521397,13.454196757645056,22.58047981179109,0.0806960102901033,6.2786552804884215,558.6449957049914,250,17.159892337161036
336,1387.9336629915929,757.7828972851092,276.6107254201447,-14.90928008147582,2297.528380432981,160.89028248481316,14.280094142104888,22.591697809794447,0.0760289105376981,6.2786552804884215,558.6449957049914,250,17.171579010215208
231,440.8237383412738,516.4571980853375,276.650732110455,-15.04479622896588,2285.750480887131,145.4871625103895,15.711011483393946,22.597277972157855,0.0691043986026966,6.2786552804884215,558.6449957049914,250,17.177392305342455
474,897.9039897765441,1064.0398524177456,276.5670963782358,-14.98115779954594,2279.575274575327,155.20997009710737,14.687041516399413,22.600215177304946,0.0739223075517093,6.2786552804884215,558.6449957049914,250,17.18045222354148
621,134.11833115537095,1359.4137586091924,276.5261995683803,-15.092388764390265,2219.405084143742,150.7434144433864,14.72306496664415,22.629258580259116,0.0737414391948761,6.2786552804884215,558.6449957049914,250,17.210709026458048
824,1263.5822709994295,1960.6531200279248,276.43179483400945,-14.932030778588228,2205.516337982379,143.85493228085227,15.331530890275516,22.636074323468037,0.070814846069197,6.2786552804884215,558.6449957049914,250,17.217809523577056
589,1253.4462446018124,1300.329702269174,276.5303544482496,-14.930869924436214,2197.332087850373,137.46413710280927,15.98476616637102,22.640110777169067,0.0679209184982706,6.2786552804884215,558.6449957049914,250,17.22201461566997
483,1349.4771679963626,1086.779135667828,276.56181051881555,-14.91616642208002,2188.6284823224414,156.5697283447182,13.978618379561578,22.644419904844394,0.0776686200681624,6.2786552804884215,558.6449957049914,250,17.22650377374213
151,355.0966608784307,354.12552830285483,276.6753207680564,-15.056481605054236,2184.8825292837573,145.79432977738597,14.98605969532467,22.6462797917038,0.0724473291894543,6.2786552804884215,558.6449957049914,250,17.228441364534813
695,1576.2658048779997,1550.3223825369355,276.4917147999685,-14.885343828947375,2159.3594960623304,141.26698376122098,15.285662923986726,22.659037644469834,0.071027341463633,6.2786552804884215,558.6449957049914,250,17.24173222571212
648,300.522939717752,1413.1410009252177,276.51748840192573,-15.068630080146702,2146.363361203228,158.37600635245823,13.552326584284485,22.665591906068503,0.0801117057833447,6.2786552804884215,558.6449957049914,250,17.248560316820022
252,1202.5995205255406,568.5617563237471,276.63973534844456,-14.93521727494324,2143.6141430696007,151.0948096337838,14.187212309047464,22.66698348729153,0.0765266619226969,6.2786552804884215,558.6449957049914,250,17.2500100367056
706,951.7558041690644,1593.024468363296,276.48793899485776,-14.97551485660177,2140.757614328875,143.78845476720795,14.888244106905104,22.668431278150457,0.0729233072889003,6.2786552804884215,558.6449957049914,250,17.251518314601
442,380.4094473114525,1003.2986420592048,276.5783282411884,-15.055482350777243,2096.7517590250936,154.1336827464268,13.603462407853884,22.690982481600777,0.079810563476338,6.2786552804884215,558.6449957049914,250,17.275011681387408
122,202.4488610782613,305.1654900423334,276.6832747291971,-15.078276409784475,2062.8852220102563,192.06871353850585,10.740350075790404,22.70866235993227,0.1010860905220635,6.2786552804884215,558.6449957049914,250,17.293430204695746
242,932.5653254098276,540.96569914207,276.64499541284306,-14.974027013611025,2061.44902551797,164.24694770029456,12.550912235395367,22.709418521047382,0.0865036723735642,6.2786552804884215,558.6449957049914,250,17.294217957352323
778,251.2064742314149,1807.6333582664656,276.458805041223,-15.077285932995244,2038.0461747836089,158.8309962794375,12.831539324969013,22.72181497335472,0.0846118281294066,6.2786552804884215,558.6449957049914,250,17.307132319175544
239,346.0077564600739,539.3902593455773,276.6477101372968,-15.058553519488884,2017.0186045670416,147.16984827521472,13.705379384472284,22.733075261493322,0.0792170701403611,6.2786552804884215,558.6449957049914,250,17.31886304919816
207,250.94741942412105,471.89098987364287,276.6581857670721,-15.071974486295062,1969.832454623771,161.8527665627729,12.170520754489496,22.758776800345622,0.0892073578363115,6.2786552804884215,558.6449957049914,250,17.345638368775337
550,1092.093675269185,1224.5722576262374,276.5423312700614,-14.953819576127724,1951.0307473916328,142.31498764432456,13.70924299461469,22.76918973733104,0.0791947447737623,6.2786552804884215,558.6449957049914,250,17.356486346288424
693,1672.7640104052937,1539.1494778537335,276.4929796452367,-14.871390110979734,1949.0979536807863,139.95715620364493,13.926390093585123,22.770265857859787,0.0779599015038436,6.2786552804884215,558.6449957049914,250,17.357607425894837
272,656.6947039113861,611.9519537929237,276.6355697678524,-15.014078854767016,1948.7521439652771,152.97512081411674,12.739013596421648,22.770458506689096,0.0852263789329002,6.2786552804884215,558.6449957049914,250,17.357808123370603
750,493.5086892503217,1716.0769970962829,276.471471906148,-15.042023545470892,1912.2810359058783,152.94876121331384,12.502755960467493,22.790970726288485,0.0868368544849534,6.2786552804884215,558.6449957049914,250,17.37917731990654
811,816.8502759810146,1921.8717631987424,276.4394233793249,-14.996246804651427,1900.8283295031288,147.17042220132825,12.915831191289287,22.797492781747,0.0840596306904521,6.2786552804884215,558.6449957049914,250,17.385971859338802
505,1619.2615299029617,1130.363096030917,276.55417728869526,-14.877454731916698,1889.461343806412,152.6870353434175,12.374733320066838,22.804004993727187,0.0877352240180749,6.2786552804884215,558.6449957049914,250,17.39275614404354
165,229.5471347078571,377.4913283219419,276.672365365519,-15.074669924588036,1888.9356454394288,158.74980762514355,11.89882163447895,22.804307116429023,0.0912443293421586,6.2786552804884215,558.6449957049914,250,17.393070889084278
233,1235.0429616759536,522.3299605836249,276.6464944962444,-14.930349376082814,1886.0917660713892,152.837235458547,12.34052526802568,22.805942973888783,0.0879784268837446,6.2786552804884215,558.6449957049914,250,17.394775090786734
763,1453.3762770456678,1757.7028933097486,276.4612889473739,-14.903880243489697,1845.681264229177,140.50079723789145,13.1364469135654,22.829458262536996,0.0826479189649712,6.2786552804884215,558.6449957049914,250,17.41927282114147
683,1262.1365348413383,1507.2670572080356,276.49944503219103,-14.930446151778328,1843.7965876535163,142.29619162951244,12.957455618025902,22.8305675044691,0.0837895982055008,6.2786552804884215,558.6449957049914,250,17.420428405925367
749,1266.8149418516746,1713.8177112420146,276.4686092769453,-14.93059264199809,1827.1053741794312,139.89530731736178,13.06051939279508,22.84044103410747,0.0831283938523098,6.2786552804884215,558.6449957049914,250,17.43071444027301
357,806.064522136536,808.1401492532352,276.60566551463654,-14.993354442541852,1806.9283289985035,154.08703075302628,11.726673686734111,22.852497704663154,0.0925837990382734,6.2786552804884215,558.6449957049914,250,17.443274824653898
280,558.9757310308947,630.9015926662642,276.63315443387546,-15.028238974520496,1804.4705610969688,147.90478221712812,12.20021782965718,22.85397551871072,0.0889902143682059,6.2786552804884215,558.6449957049914,250,17.444814380072216
139,283.1311939379176,333.2000638913404,276.6787486872556,-15.066765778067207,1771.5482609127066,157.1719989610134,11.271398675486338,22.87396755173645,0.0963234494012921,6.2786552804884215,558.6449957049914,250,17.465641657237896
730,1007.171958492143,1657.9726440011264,276.47801777098937,-14.96778683416344,1766.3515974431066,140.45120861881816,12.576264845373816,22.87715713310197,0.0863292888110077,6.2786552804884215,558.6449957049914,250,17.468964495643412
501,1339.4583757928208,1126.0928657199058,276.5559878160981,-14.91776985595298,1755.8108808036775,150.09420589722296,11.69805903104594,22.883655681602466,0.0928102685341746,6.2786552804884215,558.6449957049914,250,17.475734546023993
369,481.4363063942488,832.9732489092315,276.6033248794162,-15.040236460974509,1738.2676931457827,144.17190670985156,12.05690992659254,22.894558375196286,0.090047948156716,6.2786552804884215,558.6449957049914,250,17.487092741613143
301,1956.4908983457049,686.5592327485684,276.6189431021409,-14.82701537901885,1709.8371766633354,141.24312402593088,12.105631254300391,22.912463132605343,0.0896855337150896,6.2786552804884215,558.6449957049914,250,17.505745539188194
402,637.8484446147776,906.0920206485432,276.59175612630213,-15.017994312699894,1708.8050829264105,145.53226260608875,11.741761258475188,22.91311870372735,0.0924648335202986,6.2786552804884215,558.6449957049914,250,17.506428499317472
228,236.0100272173248,512.3158688732151,276.65221544017027,-15.07429273478761,1703.5988515355275,154.27933258030652,11.042301149758726,22.91643167511399,0.0983218973360206,6.2786552804884215,558.6449957049914,250,17.509879882837236
340,437.08900254773664,768.3961103517233,276.61314884625926,-15.046364246346409,1700.3284599334584,146.59853730930007,11.59853632336065,22.918517961531855,0.093606638780213,6.2786552804884215,558.6449957049914,250,17.512053331901466
840,385.7769186835637,2048.536933325904,276.42229032058793,-15.058838548187156,1666.0583166486467,161.729796838026,10.301492670007004,22.940624524568214,0.1053924935714449,6.2786552804884215,558.6449957049914,250,17.53508348170896
671,857.9288263806734,1483.157874863041,276.5047231103321,-14.988598595327735,1631.475004920561,147.39711993514194,11.068567728042767,22.963398960308805,0.0980885717715152,6.2786552804884215,558.6449957049914,250,17.558809407173907
817,937.066662119758,1944.3627217907213,276.43557165509486,-14.979014394341268,1623.030703812372,146.84990525053365,11.052310187353518,22.969033182419263,0.0982328564431986,6.2786552804884215,558.6449957049914,250,17.564679020602238
268,1298.0616622282266,604.1099185086239,276.63402838341545,-14.921602848111728,1595.576476295304,147.07284489316615,10.848885648838383,22.9875559595586,0.1000747943284155,6.2786552804884215,558.6449957049914,250,17.5839756580609
623,1136.4335613457015,1362.329220567332,276.5215928131845,-14.94798261836674,1581.4683612848166,152.22216785233095,10.389211923581207,22.99719875197528,0.1045026329221085,6.2786552804884215,558.6449957049914,250,17.594021315251183
655,1566.9492426605416,1440.8058136719178,276.5080899901196,-14.886248267989036,1573.5540824825875,144.72176239873198,10.872961028122296,23.00264583655649,0.0998532044023609,6.2786552804884215,558.6449957049914,250,17.59969597275959
411,1091.4214733561837,932.0409125230896,276.5859788395434,-14.952732507020896,1549.8442851651926,153.80474439402866,10.076700112674573,23.019129856077967,0.1077436053330986,6.2786552804884215,558.6449957049914,250,17.61686867565261
664,2183.74060100635,1462.2691046721943,276.5023138702946,-14.79741990739504,1535.4472543308511,135.1308388147673,11.362670932840055,23.02926276629132,0.0955497177043244,6.2786552804884215,558.6449957049914,250,17.627424927197257
511,157.67484698951228,1153.571541092182,276.5568288678068,-15.088175540323292,1514.9214228565688,145.52512492501765,10.410033481415237,23.043874753948653,0.1042936126899372,6.2786552804884215,558.6449957049914,250,17.642647386888527
574,517.8890752954194,1275.4707026427998,276.5371325180414,-15.036766130642942,1486.2984653065796,145.50764638043984,10.214572926432671,23.06458494828684,0.1062893189778389,6.2786552804884215,558.6449957049914,250,17.66422282932009
