ID,X_pix,Y_pix,RA_deg,Dec_deg,Fluxo,Erro_Fluxo,SNR,Mag_Inst,Erro_Mag,Std_Fundo_Local,Area_Ap,Exptime,Mag_G_Calibrada
1569,2079.998889890516,1317.601585480415,276.5308552450707,-14.793608386376132,4017328.013125018,2010.36507196079,1998.3077049815415,15.435534893110908,0.0005433097201664,4.248347012311862,558.6449957049914,600,8.418435614021604
1629,1625.3348835816164,1365.5093880319178,276.5256258391819,-14.859411265283953,680487.377662021,829.970927144749,819.8930292691352,17.363327941209086,0.0013241971345552,4.248347012311862,558.6449957049914,600,10.179231794637971
684,167.79783480070907,553.8153839624105,276.6531130231905,-15.066614814003875,509487.8638752343,720.1878839520263,707.4374274105016,17.677543517295298,0.0015346940350245,4.248347012311862,558.6449957049914,600,10.466228153924874
230,1796.0125434048225,184.96863891561463,276.7012187470848,-14.829966690117436,403909.1731193963,647.3997615252648,623.8945349126974,17.9296688347654,0.0017401979649524,4.248347012311862,558.6449957049914,600,10.696512881051575
1898,173.7328257722898,1603.8391063636925,276.4960679356591,-15.070023592083398,299206.94176822505,555.3132825231816,538.8074645157343,18.255448962999253,0.002015005491759,4.248347012311862,558.6449957049914,600,10.99407200239024
2289,1322.5075574137095,1961.1403980601708,276.43791730288604,-14.90555243340815,212075.29195428916,469.5500126011056,451.6564503522917,18.629152942090787,0.0024038182099539,4.248347012311862,558.6449957049914,600,11.335403526391048
1269,997.8209487432758,1056.1287404452237,276.57449969474766,-14.948745016031056,211664.7402472384,471.470613277784,448.9457758049671,18.631256831069287,0.0024183321427923,4.248347012311862,558.6449957049914,600,11.337325164028154
1326,562.5097535556497,1106.287204945079,276.5688385214191,-15.011825662405188,211565.9997731892,471.838528553042,448.38644360388616,18.631763439400668,0.0024213488509459,4.248347012311862,558.6449957049914,600,11.3377878869412
1933,470.8343519044912,1637.767172759712,276.4897672593249,-15.027232191111668,210026.8952656224,470.1436301060361,446.7292159594994,18.6396908448679,0.0024303313085715,4.248347012311862,558.6449957049914,600,11.34502857352977
1333,1693.884219063184,1114.7238931189368,276.5627929546308,-14.848495090174628,209572.92053098453,465.98138159336185,449.74526624728566,18.64204021195152,0.0024140331905195,4.248347012311862,558.6449957049914,600,11.347174424502615
1176,199.06395661530613,973.4193333637644,276.5902324568379,-15.063800633429208,202615.5294240621,460.8216901950462,439.6831436868858,18.678696304189284,0.0024692781963303,4.248347012311862,558.6449957049914,600,11.380655148625078
1250,1344.7349568162458,1040.1449602288274,276.5754175826093,-14.898588937369547,188950.3852488332,443.1904631288887,426.3412707819992,18.75450867162883,0.0025465514938504,4.248347012311862,558.6449957049914,600,11.449900199157202
831,895.6867732571653,673.6333076530725,276.6320977567383,-14.961938765025256,178364.74122171482,434.2514506715917,410.7406917026179,18.81710560576691,0.0026432735346953,4.248347012311862,558.6449957049914,600,11.507074615600583
2170,1223.8904322637525,1853.7551073315844,276.454368885489,-14.919351674420838,174814.74326188385,428.7548664760274,407.7265517676826,18.8389329841709,0.0026628140730423,4.248347012311862,558.6449957049914,600,11.527011177030001
698,391.8960640868482,564.4396283006728,276.65057028967226,-15.03427362038377,171199.28831350326,423.7466367427453,404.0133265233149,18.861623238572406,0.0026872875935624,4.248347012311862,558.6449957049914,600,11.547735867020354
351,1167.7597088805703,292.6666763815556,276.68786120372573,-14.921097904769873,165221.1252596471,426.2379511991268,387.62650016225393,18.90021418682243,0.0028008920946982,4.248347012311862,558.6449957049914,600,11.58298383845175
874,1307.1362160975784,714.9625954880464,276.6241617948742,-14.90269262742098,164509.7690630193,421.2151079479712,390.5599916974955,18.90489889419261,0.002779854626894,4.248347012311862,558.6449957049914,600,11.587262728684728
106,977.9302056858638,84.54823322074633,276.7197860550704,-14.94766490870182,154102.92572353833,402.3707985591693,382.9873496669198,18.97585091570546,0.0028348194814899,4.248347012311862,558.6449957049914,600,11.652068465280827
1062,2539.2809123047605,866.4907708318174,276.5962322970414,-14.725518910816684,152817.79782789922,402.7901265335503,379.398072994151,18.984943283417465,0.0028616381507471,4.248347012311862,558.6449957049914,600,11.660373198175186
409,2630.9468230047696,337.2100401285351,276.6748329885376,-14.710138844026767,149800.18692805193,397.3506462278795,376.99746646980896,19.00659723771453,0.0028798602021558,4.248347012311862,558.6449957049914,600,11.68015135852239
1380,544.9531718749676,1158.6074122160892,276.5610907451397,-15.014574841189914,148326.64837678208,407.80918605746274,363.7158098637876,19.017330167415444,0.0029850228407904,4.248347012311862,558.6449957049914,600,11.68995453819608
2340,2107.087670722317,2006.6255388590996,276.4278670234085,-14.792515336750158,146067.81044539856,393.16762591087496,371.51535584089487,19.033991827844993,0.0029223556521441,4.248347012311862,558.6449957049914,600,11.705172866779648
440,2392.5145693215472,359.4997605161218,276.672550256302,-14.744616761990228,134230.8230921924,376.5248392887553,356.49925074199786,19.125747492825905,0.0030454481958665,4.248347012311862,558.6449957049914,600,11.788980111861111
306,162.3038890205547,250.8487678174606,276.698444520295,-15.0661787495718,131034.76115818246,374.1214075607953,350.2466271911722,19.15191182238113,0.0030998157175897,4.248347012311862,558.6449957049914,600,11.812877932010778
931,1861.336800315839,763.927875944001,276.614468146793,-14.822899189607805,129276.2561243127,369.9873921429268,349.4071929736812,19.16658121014458,0.0031072628779046,4.248347012311862,558.6449957049914,600,11.826276570402666
1332,698.1073727256423,1114.6301833416849,276.56702087440885,-14.992271236116313,119450.21175288408,358.884869231594,332.837135231246,19.252410816026334,0.003261955728725,4.248347012311862,558.6449957049914,600,11.904671106771335
2320,934.0675644209188,1994.137733082958,276.4345898593445,-14.961772466773848,116794.422343284,360.8277711370399,323.6846819612626,19.27682286840544,0.0033541902366882,4.248347012311862,558.6449957049914,600,11.926968442386556
2124,1895.803120541974,1810.5548536358856,276.45802449377146,-14.822196941542408,116147.13830850826,354.51935032858177,327.6186143319363,19.28285684120251,0.003313914266483,4.248347012311862,558.6449957049914,600,11.932479716672717
2258,1476.266990214197,1945.273157888177,276.4396508337458,-14.88329227886032,116105.55243989133,353.4397958047737,328.5016396513071,19.28324565291875,0.0033050063346789,4.248347012311862,558.6449957049914,600,11.93283484721207
1570,2641.2958419514416,1322.0892753789135,276.5277948316815,-14.712669711913575,108690.2446126428,341.59117971639995,318.18808876412135,19.354901710569116,0.0034121327552422,4.248347012311862,558.6449957049914,600,11.998283632159843
1801,662.8685322906697,1511.8738881346228,276.5077898165895,-14.998978021274375,107934.52069097383,340.4136622099301,317.0687098463503,19.362477207767185,0.0034241789438198,4.248347012311862,558.6449957049914,600,12.005202894860677
271,1237.1012039511493,218.71934281032185,276.69861035033944,-14.910784598058386,106217.31020122544,340.30280758297084,312.125870943125,19.379889877592213,0.0034784043908934,4.248347012311862,558.6449957049914,600,12.021107175951684
279,271.8769739201852,226.0663392694774,276.7016802060997,-15.05024258121066,101976.88995491044,330.7600115874093,308.31081866727175,19.42412371866751,0.0035214463270965,4.248347012311862,558.6449957049914,600,12.06150921936408
107,883.2015510932939,86.624747995733,276.71988703328424,-14.961355014684262,100927.9759438096,328.5742860917632,307.1694293071453,19.435349216462406,0.0035345314227685,4.248347012311862,558.6449957049914,600,12.07176229796205
1932,310.50633215074777,1638.0632990704014,276.490385780351,-15.050398403499075,99936.25623498391,329.74518746423263,303.0711592896984,19.446070435769784,0.0035823270104107,4.248347012311862,558.6449957049914,600,12.081554781665943
1247,191.09174995450067,1036.7190893601712,276.58080024258186,-15.06520994302258,98267.59533874488,331.91461213473724,296.06287805989746,19.464352304056675,0.0036671264128573,4.248347012311862,558.6449957049914,600,12.098252966092868
1133,839.6731462463893,934.2955405326142,276.5933774471546,-14.971089405189629,96054.46872106206,323.80544630156305,296.6425358750935,19.489084190321584,0.0036599606216188,4.248347012311862,558.6449957049914,600,12.120842429685784
887,623.9177354798678,728.5028647662662,276.62505436407145,-15.001418041652435,94636.81824795384,321.75412881010146,294.12775089456045,19.505227799460805,0.0036912531942258,4.248347012311862,558.6449957049914,600,12.135587583654331
1012,163.04885219138518,831.3621618846521,276.61162746991545,-15.068428391148448,86975.96560800925,311.53873577258054,279.18186607620004,19.596879978489312,0.0038888628952127,4.248347012311862,558.6449957049914,600,12.219300307350359
576,1622.866391380437,467.29363060078913,276.6598019896367,-14.856106310348846,82670.02441817196,301.9138465758016,273.8199170252895,19.65200796119669,0.0039650147140309,4.248347012311862,558.6449957049914,600,12.26965277723399
1587,1326.5238381633544,1331.307291740112,276.53199491721955,-14.902404506470091,81324.53563453874,302.4601505452461,268.8768602671614,19.669824145641954,0.0040379079066946,4.248347012311862,558.6449957049914,600,12.285925618115598
419,1713.034718878762,344.82881835300503,276.6777034684384,-14.842593330108627,81266.87880173977,300.8223824066216,270.14904327129267,19.67059417539614,0.0040188926336848,4.248347012311862,558.6449957049914,600,12.286628943325464
2030,2425.4750087063635,1717.7585487605982,276.4696552644677,-14.74541044968229,79226.85305724415,296.0271335270247,267.6337540863004,19.698197111442923,0.0040566631952182,4.248347012311862,558.6449957049914,600,12.311840749340082
1594,2789.559330334656,1336.9470022458345,276.5249439503503,-14.69135308443182,79066.28988972725,297.5596930092334,265.71572611238645,19.700399724906354,0.0040859455926247,4.248347012311862,558.6449957049914,600,12.313852559361706
1523,1843.542234627808,1282.6577217514034,276.5370766534619,-14.827582834429728,76807.77518215473,292.1623660307442,262.89414418992027,19.731865162215332,0.0041297990997306,4.248347012311862,558.6449957049914,600,12.34259227387086
356,402.6022747201079,296.827297060702,276.6905378971684,-15.03163949328155,74365.98871169338,293.9057703769327,253.0266371303951,19.766942235080247,0.0042908525849809,4.248347012311862,558.6449957049914,600,12.374630762643644
1739,2564.485996269653,1457.1278543245703,276.5079679727285,-14.724297758692828,73674.04108245787,285.1847370795951,258.3379525738625,19.777091896154282,0.0042026345304009,4.248347012311862,558.6449957049914,600,12.383901199878252
1869,777.366874819999,1576.884132437882,276.4975965319455,-14.982704105282773,70830.46986553498,293.74099572580803,241.13239519229907,19.819827819030117,0.0045025057671499,4.248347012311862,558.6449957049914,600,12.422935083649708
2299,2845.0557090499965,1969.935586975896,276.4302548813124,-14.68594279966736,70077.89517595328,285.2889110720097,245.6383422426992,19.831425503190207,0.0044199125840349,4.248347012311862,558.6449957049914,600,12.4335281076225
1327,419.9382667322592,1107.1489543407538,276.5693087150552,-15.03242752607951,68282.8543346285,277.3795557922061,246.17118640777323,19.85959895836038,0.00441034556417,4.248347012311862,558.6449957049914,600,12.459261011010312
1679,455.49873136560126,1406.9534741157188,276.52433747817724,-15.028508847237116,68257.742501189,282.3664637319346,241.73459411238613,19.859998324229174,0.004491289316643,4.248347012311862,558.6449957049914,600,12.45962578143893
504,1781.0739200406445,409.40626941147633,276.667762622627,-14.833036905692513,67444.08247370546,275.5691395375908,244.7446858050857,19.873018498973263,0.0044360513750425,4.248347012311862,558.6449957049914,600,12.471518071424605
2343,2223.063259052385,2008.0116543345612,276.4271766056768,-14.775791422011482,67394.83158989518,275.9563948959872,244.2227570602141,19.873811644934406,0.0044455316657174,4.248347012311862,558.6449957049914,600,12.472242510378479
1996,1298.7522190095465,1692.1453437106868,276.4782024799043,-14.90788480664814,65281.85210810078,276.0502750683475,236.48537242695227,19.90839695779107,0.0045909816275649,4.248347012311862,558.6449957049914,600,12.503831838311534
2243,1550.40460599211,1924.4967514723896,276.4424466356642,-14.872506693004013,57147.8179137205,257.3297576421727,222.08009845945148,20.052878995216705,0.0048887766509984,4.248347012311862,558.6449957049914,600,12.635797984738769
1841,806.7206805136979,1549.293834017567,276.5015980472438,-14.978352072891605,56732.00622263574,257.2692417079124,220.51608597286483,20.06080777131255,0.0049234503469901,4.248347012311862,558.6449957049914,600,12.64303992322397
533,2536.3132909304704,427.406948423186,276.66178454323693,-14.724154196452217,56327.71521926008,252.02593193503847,223.499680317734,20.068572786917056,0.0048577250690315,4.248347012311862,558.6449957049914,600,12.650132287122847
1076,2153.878833527049,882.0626667121293,276.5955691399685,-14.781172169630135,55417.59966918378,255.44825280959265,216.94256687866732,20.086258848372267,0.0050045503545978,4.248347012311862,558.6449957049914,600,12.666286277039557
815,2360.6911294246534,662.194215818042,276.62750129047737,-14.750442014940749,54301.85637217754,254.46816758655055,213.39351356671443,20.108341434196372,0.0050877835125038,4.248347012311862,558.6449957049914,600,12.686455938308736
1948,1607.7820310350191,1647.527053120206,276.4835766578594,-14.863095142634528,52616.86231296172,245.9404161039536,213.94150317580065,20.142565760066276,0.0050747516675521,4.248347012311862,558.6449957049914,600,12.717715550088823
2063,1306.518429943098,1754.1169614967223,276.4689117420962,-14.907016325735295,52052.06162727374,246.13576264852003,211.4770363606352,20.154283287710765,0.0051338907461732,4.248347012311862,558.6449957049914,600,12.728418035992604
210,2583.1487159207827,168.07188265975324,276.7002886515829,-14.716341581539012,50294.83547375095,240.81241368585427,208.8548289680855,20.191569646440815,0.0051983476051966,4.248347012311862,558.6449957049914,600,12.762474429185708
2260,2894.626509035862,1945.39174848526,276.43370854272274,-14.678696243879443,50145.53287512262,250.9865599975045,199.79369762118424,20.194797499123077,0.0054341053442963,4.248347012311862,558.6449957049914,600,12.76542266612438
1497,2340.2513458359244,1255.0140705365852,276.5390915723285,-14.75581078294117,49998.70847915503,246.82232929906607,202.56963225791992,20.197981160500085,0.0053596385000968,4.248347012311862,558.6449957049914,600,12.768330539870757
2206,2530.545278218094,1888.07578503254,276.44379220096346,-14.730954703823746,49464.988482495246,240.5816501811925,205.60582423988288,20.209633345230014,0.0052804924374773,4.248347012311862,558.6449957049914,600,12.778973343250787
1322,1203.3698401911113,1102.466764184184,276.5667055997151,-14.919252640968462,48852.00211950589,239.3948774015867,204.06452573150216,20.22317220778551,0.0053203759747468,4.248347012311862,558.6449957049914,600,12.791339389233329
1542,481.8188096657584,1297.0813604140724,276.54065368569246,-15.02425928310342,47984.994740757626,238.7375829074965,200.9947246527596,20.24261449710829,0.0054016343059533,4.248347012311862,558.6449957049914,600,12.809097472143609
662,2936.024491370036,535.1494747180338,276.64395621408613,-14.666959704878916,47886.20469951769,238.06688910238609,201.1460093424548,20.244852081764233,0.0053975716622425,4.248347012311862,558.6449957049914,600,12.81114122394564
1428,1661.514453767273,1202.5232234025798,276.5498167583951,-14.853524853288397,47672.48627550545,236.72045230870265,201.3872726693537,20.2497086199838,0.0053911053345587,4.248347012311862,558.6449957049914,600,12.815577060020711
975,975.3796761037364,796.9484112478414,276.6133280517369,-14.950930959587367,47577.90498082462,257.00153133117334,185.12693186841565,20.25186483936147,0.0058646248227766,4.248347012311862,558.6449957049914,600,12.817546494887448
1754,1984.836273741905,1468.341510181462,276.5087505962248,-14.807953397067038,47271.894572964695,234.59578427567288,201.50359785415247,20.258870604965118,0.0053879931254916,4.248347012311862,558.6449957049914,600,12.823945379523622
1319,153.7575242716684,1102.6579670482968,276.5710962648976,-15.070873357388454,46995.66508907842,235.8421532934716,199.26745254313843,20.265233625519684,0.0054484562638997,4.248347012311862,558.6449957049914,600,12.829757197498957
1551,1557.212968344947,1302.547995786226,276.535317952773,-14.868986718551056,46850.527615671046,236.29029615876576,198.2752926264552,20.26859191061657,0.0054757200739349,4.248347012311862,558.6449957049914,600,12.832824568022911
85,2015.4277295979816,65.33580225467507,276.71812409944846,-14.797817108913383,46552.31344413647,237.67613503101984,195.8644835673585,20.27552495503642,0.0055431182837526,4.248347012311862,558.6449957049914,600,12.839157031015532
1464,2369.166022455555,1231.811180674658,276.54243187012537,-14.751545527905355,46164.61924717203,238.95146385784295,193.1966370988055,20.28460498102819,0.0056196630350493,4.248347012311862,558.6449957049914,600,12.84745049130266
907,1720.33479374469,743.857847629389,276.6180720520168,-14.84316568862998,45963.03367453482,237.24607824112076,193.73569424326217,20.289356412263682,0.0056040266830579,4.248347012311862,558.6449957049914,600,12.851790325384005
919,1019.357352281823,753.1450809716729,276.6196867498598,-14.944401653044164,44771.2229927319,231.77405798828295,193.1675329902333,20.317880731091606,0.0056205097367728,4.248347012311862,558.6449957049914,600,12.877843698538577
1632,906.8322567526576,1367.3392110801865,276.52837376604026,-14.963152391211736,44705.54524197854,233.79353099362328,191.21805916519517,20.319474635879487,0.0056778110014287,4.248347012311862,558.6449957049914,600,12.879299529840353
61,2276.7725833401364,46.45398685863566,276.71979378142044,-14.760035459084014,44436.98053299228,229.76879865155604,193.39867202935972,20.32601677292492,0.0056137924247751,4.248347012311862,558.6449957049914,600,12.885274948173784
1337,613.9652023149072,1119.0121647113244,276.56671989147395,-15.004443914146531,43132.627420582925,231.2580987236984,186.51293796251755,20.35836334104485,0.0058210439010841,4.248347012311862,558.6449957049914,600,12.914819464717095
840,234.6638918577672,682.24500721437,276.63362351364896,-15.057472996646364,42820.428458718816,226.56264145738527,189.0003938128212,20.366250604695338,0.0057444324749674,4.248347012311862,558.6449957049914,600,12.922023486811167
1159,1037.998205588635,955.6780037879756,276.5893408239882,-14.942534071162278,42507.23898383201,233.7993120248019,181.81079583041185,20.37422088418517,0.0059715925836038,4.248347012311862,558.6449957049914,600,12.929303333420215
414,1668.5588061241815,342.1604023073042,276.6782952931083,-14.849001626033724,42457.57372478052,227.498410360116,186.62800174107943,20.375490194957326,0.0058174549899872,4.248347012311862,558.6449957049914,600,12.930462688965058
777,650.2386922313995,628.3984496438853,276.6399067623154,-14.9972086524474,42207.32969761803,248.20301046295728,170.0516428825395,20.38190843393329,0.0063845310847712,4.248347012311862,558.6449957049914,600,12.936324942014632
1478,1288.6435035142654,1245.8018187193134,276.5449293321221,-14.90752484014693,42091.39879492356,227.91668660353096,184.6788816658388,20.384894729454203,0.0058788530134402,4.248347012311862,558.6449957049914,600,12.939052546905938
346,1059.811734191224,289.0842594008056,276.6888635225864,-14.936671512139736,41694.543792399,225.20218902742224,185.1427109677072,20.395180060220827,0.0058641250002511,4.248347012311862,558.6449957049914,600,12.948446901319713
2181,491.2659743507852,1865.5860228270587,276.45562530598085,-15.025207482658404,38551.91432877746,219.78770728695395,175.40523446310962,20.48026325547917,0.0061896670491229,4.248347012311862,558.6449957049914,600,13.026159685580097
81,1860.31361362418,63.51752670469858,276.7190764328845,-14.820192528591155,37848.57185164903,220.33975372875227,171.77368682295184,20.5002543839151,0.0063205256874939,4.248347012311862,558.6449957049914,600,13.044419063904407
192,1632.228134570981,152.7127098858686,276.70675191101844,-14.85347392379007,37091.59643279848,214.8288002730461,172.65653574220627,20.522189311238655,0.0062882067877294,4.248347012311862,558.6449957049914,600,13.064453857728111
335,3057.9923082761634,274.4407257413092,276.68232106992485,-14.648312240716074,36533.22672457545,268.80967120340165,135.9074119655898,20.538658045703734,0.0079885267793553,4.248347012311862,558.6449957049914,600,13.079495972738485
1023,1968.6903179019084,839.7629571100928,276.6026815625688,-14.807717818677505,36295.87421974685,209.25822792875368,173.45016527667693,20.545734972833806,0.0062594347965489,4.248347012311862,558.6449957049914,600,13.085959854467607
2189,217.4155750787981,1873.10516334647,276.45562524994034,-15.064806000241704,36168.44796468288,214.5545147081925,168.57463015343316,20.549553443413348,0.00644047090011,4.248347012311862,558.6449957049914,600,13.089447546478372
1286,712.7656651298337,1073.8539188148093,276.57305420007486,-14.98998795102761,35025.23626212269,246.3784728837521,142.1602944939452,20.58442544222517,0.0076371535657323,4.248347012311862,558.6449957049914,600,13.121298725928828
1345,2805.431124249887,1127.8530082871166,276.55607822774914,-14.688209709292284,34406.05022312602,206.44026891164387,166.66346350213172,20.603791078579874,0.0065143251987326,4.248347012311862,558.6449957049914,600,13.13898679600575
214,1857.3800498558055,172.8090551363441,276.70276660924986,-14.82106104927705,33931.260042104754,207.15562584704887,163.79598624638626,20.6188781571313,0.0066283675496593,4.248347012311862,558.6449957049914,600,13.152766942332253
961,631.4094216549644,789.153326288437,276.61595594867947,-15.000582374282637,33864.17990928184,215.95585299162445,156.81066032785515,20.62102671911852,0.0069236364270774,4.248347012311862,558.6449957049914,600,13.154729383137116
1621,2104.4811395959964,1358.1685437309875,276.52469432436976,-14.79024204404658,33845.02889853425,232.82293880276265,145.36810278477873,20.621640902821063,0.0074686260548327,4.248347012311862,558.6449957049914,600,13.155290362604646
166,1168.883501440404,133.88824998844285,276.7115827050643,-14.920289727115309,33225.28799646435,205.41373660072856,161.74813109527216,20.641706240730823,0.0067122877565769,4.248347012311862,558.6449957049914,600,13.173617521938027
596,422.8309483475706,480.7072933547863,276.66295776110303,-15.029463536109157,32807.313037712534,205.01345797801875,160.02516791473312,20.65545146958252,0.0067845577926748,4.248347012311862,558.6449957049914,600,13.186172057544244
415,583.7582108125059,343.940952704099,276.6827158582372,-15.005656696044992,32790.9092801527,200.9640299012664,163.16805199548833,20.65599447679274,0.0066538760910746,4.248347012311862,558.6449957049914,600,13.186668026249365
1432,2007.9711620528765,1205.6831510638212,276.54787262170805,-14.803543255887863,32636.28472021437,204.46075565388236,159.621266271079,20.6611263427695,0.0068017252673349,4.248347012311862,558.6449957049914,600,13.191355339558346
2064,324.04139420519056,1756.5924056827268,276.4726081157576,-15.04892478867152,31922.77349816059,202.9417584883932,157.30017191107737,20.685126584783983,0.0069020903588951,4.248347012311862,558.6449957049914,600,13.21327653826516
187,80.24056145559113,148.3609058327383,276.71412442241865,-15.077623635394517,31314.017271961377,209.48563025874924,149.48050247304988,20.706031158998584,0.0072631546057034,4.248347012311862,558.6449957049914,600,13.232370234277184
1702,2035.0637133911048,1427.1161612888818,276.51469386660534,-14.800538407889787,30763.367965890506,200.3867882056719,153.51994131626964,20.72529342549818,0.0070720454339109,4.248347012311862,558.6449957049914,600,13.249963889008932
1871,1942.1497065207927,1578.4274050038111,276.492492419252,-14.814561807586085,29386.15005269757,195.55762695768303,150.2684937931696,20.775021396265096,0.0072250674282685,4.248347012311862,558.6449957049914,600,13.295384128013616
1373,452.56748009735554,1152.2224309521514,276.5624329615288,-15.02789638823081,29257.79357871349,198.0212551395782,147.75077331012122,20.779774197145514,0.0073481848905194,4.248347012311862,558.6449957049914,600,13.299725213093119
2038,678.7908688920598,1733.2269834505933,276.47463730463124,-14.997579122150675,28453.38506123773,198.18957441450144,143.56650769999234,20.81004327286036,0.0075623487496733,4.248347012311862,558.6449957049914,600,13.32737220194499
2036,1694.135627065475,1728.9887764302343,276.47104852730195,-14.850964906396392,28274.43770102499,191.51947876732305,147.6321775884509,20.816893183987503,0.0073540878264802,4.248347012311862,558.6449957049914,600,13.33362873314378
1044,2640.152940605285,854.2997700924594,276.5976157623136,-14.710922742766073,28054.975927366235,196.4970505626484,142.77555742966013,20.825353374978356,0.0076042427677782,4.248347012311862,558.6449957049914,600,13.341356052213985
1692,2907.618375999596,1416.4864738422168,276.51257063392137,-14.674658255409266,28024.8253414082,190.14714112469957,147.38494186998776,20.82652083938382,0.0073664241829923,4.248347012311862,558.6449957049914,600,13.342422383928472
1710,525.7943838115534,1432.46688371389,276.5202305473168,-15.018456709211527,27672.434059878928,198.06225951602147,139.71583545244002,20.840259722840955,0.0077707727007764,4.248347012311862,558.6449957049914,600,13.354971123815837
1279,2670.386499479198,1065.0744907248657,276.56602794138314,-14.70742440469764,27632.207537428127,187.40224733664,147.44864552126214,20.84183917072298,0.0073632415961626,4.248347012311862,558.6449957049914,600,13.356413750554683
1607,1491.6479011350848,1345.5690685157974,276.52916841459336,-14.878625910294142,27590.871100621123,199.53423428257383,138.27637748391504,20.843464595292062,0.0078516664939844,4.248347012311862,558.6449957049914,600,13.35789837120727
1046,585.38254949553,856.7422933412429,276.6060472040876,-15.007506474343163,27481.283825256334,190.6492960797686,144.14573979731892,20.84778558217366,0.0075319603723744,4.248347012311862,558.6449957049914,600,13.361845048577603
1903,413.57627719016665,1608.0015068181913,276.49445418917657,-15.03538365967001,26840.57767215022,196.2947222872759,136.73611475335147,20.873398479376988,0.0079401115203427,4.248347012311862,558.6449957049914,600,13.385239204716214
1124,2652.746579855238,926.1394780530557,276.5868393746375,-14.70940026039234,26698.509438892597,185.7847554864969,143.70667479675467,20.879160586829872,0.0075549726659218,4.248347012311862,558.6449957049914,600,13.390502164246723
1414,601.6989573264918,1187.062719959678,276.55659875585445,-15.00649273491162,26513.375774962304,212.35017966215884,124.85685586489302,20.886715558125708,0.0086955577447411,4.248347012311862,558.6449957049914,600,13.397402679120713
640,1439.330319879807,520.179672349015,276.65269453645755,-14.882814864975913,25955.44470999355,189.1768307265863,137.2020273851953,20.909806940201683,0.0079131483746365,4.248347012311862,558.6449957049914,600,13.418493748727297
635,3055.35146869094,518.4642882177277,276.64592309775026,-14.649689903115222,25739.78185604443,233.75231516620664,110.11562318748578,20.918865971084188,0.0098596363401718,4.248347012311862,558.6449957049914,600,13.426768032626047
1219,1132.3569412289132,1010.9236068990564,276.5806850339678,-14.929133412355638,25179.60880127712,181.51240069286047,138.72114910696305,20.94275567975492,0.0078264922615574,4.248347012311862,558.6449957049914,600,13.448588273042912
197,397.7084540031775,157.06631216610367,276.7114562657032,-15.031779015848782,25163.87537184928,182.95715354042295,137.5397183706704,20.943434311947012,0.0078937198131672,4.248347012311862,558.6449957049914,600,13.449208118089587
127,1864.963852922172,102.0131459350895,276.71330673844943,-14.819678256412548,24897.193040342598,191.8832858786935,129.75175469989776,20.955002159405154,0.0083675168980266,4.248347012311862,558.6449957049914,600,13.459773889992512
117,2525.077129499356,92.27810114368772,276.71185818244186,-14.724407325101389,24830.712750861363,177.6519512239869,139.77168603993735,20.95790516121251,0.0077676676211073,4.248347012311862,558.6449957049914,600,13.46242541656574
1006,1374.4394467663387,825.962850016688,276.60728988501944,-14.893428070672934,24470.375378914818,186.79244039997133,131.00302842297774,20.97377654710958,0.008287594669144,4.248347012311862,558.6449957049914,600,13.476921928883915
813,2542.204770273491,656.6455781799345,276.6275415946329,-14.724240323546834,24297.58715420903,180.25965674774557,134.79215256806438,20.981470254477788,0.0080546232055443,4.248347012311862,558.6449957049914,600,13.483949161688852
1268,840.233687370126,1056.0052384292574,276.57518419706946,-14.971503704430598,24041.3732363364,186.11631312923475,129.17391727850656,20.992979948920816,0.0084049475534535,4.248347012311862,558.6449957049914,600,13.494461818135733
2216,2583.200755045096,1899.327350623531,276.4418918103684,-14.723407798712197,23895.279541462136,188.9569226452581,126.45887330797824,20.999597837142634,0.0085853999138192,4.248347012311862,558.6449957049914,600,13.500506425629375
1398,1321.106491747854,1174.6407244948746,276.5554238832719,-14.902548148496836,23888.11706589861,178.7848507952923,133.61376514641262,20.9999233292443,0.0081256597986764,4.248347012311862,558.6449957049914,600,13.500803721674714
1822,959.2178788417452,1533.0636088522217,276.50338814343155,-14.95626191752502,23463.32941902865,178.5000837592103,131.4471619558441,21.01940403087968,0.0082595925529735,4.248347012311862,558.6449957049914,600,13.518596889395255
1091,1503.4193327607384,900.7131488692914,276.5955717706228,-14.875113438480572,23460.959239732478,180.57378319264785,129.9245041275056,21.019513713500316,0.008356391331188,4.248347012311862,558.6449957049914,600,13.51869707065677
1954,1467.4651747670712,1654.93588662233,276.48305697702745,-14.88337823627854,22640.84188416833,177.11322569641993,127.83258729066206,21.058146696562204,0.0084931395273363,4.248347012311862,558.6449957049914,600,13.553983435595317
1203,560.7420145565517,994.192284951494,276.5856034431713,-15.011625174603097,22580.742233077704,180.77240757202097,124.912549079601,21.061032593054932,0.0086916807638609,4.248347012311862,558.6449957049914,600,13.556619338617722
2311,1500.5663923089216,1986.912910598274,276.4333303249708,-14.879954837301591,22534.083455481392,184.58169881401565,122.08189436043014,21.063278379950695,0.0088932106246207,4.248347012311862,558.6449957049914,600,13.558670582132912
341,2471.77483017094,280.69986791136694,276.6839663050003,-14.732863433264807,22508.83376774518,173.8862593633951,129.4457299280056,21.06449564138471,0.0083872986818787,4.248347012311862,558.6449957049914,600,13.559782397161985
523,665.2943600739576,422.45794291712417,276.67062800523905,-14.994196519068463,22435.523700366903,181.60244679815656,123.54196816138187,21.068037597234117,0.0087881067151347,4.248347012311862,558.6449957049914,600,13.563017527788535
2247,319.06968033723416,1932.9524163535773,276.4462605343445,-15.050360635978066,22421.18885148375,176.43665811377556,127.07783683493597,21.06873153417539,0.0085435826343994,4.248347012311862,558.6449957049914,600,13.563651351796246
2295,2077.82683003369,1967.350492156669,276.4338527574568,-14.796575992025447,22277.635701906693,183.65529975341133,121.30134949450536,21.07570538143964,0.0089504362855351,4.248347012311862,558.6449957049914,600,13.570021083048886
191,2730.238226892547,151.47125499449604,276.7021178322452,-14.695063010595408,22039.18317137129,177.577236858845,124.11040717392228,21.087389389931236,0.0087478562412461,4.248347012311862,558.6449957049914,600,13.5806929534276
695,3043.794567496949,562.3878578086806,276.63942013815347,-14.651535307973225,21781.21194565436,187.2098137457228,116.3465285812347,21.10017302342137,0.0093316063078061,4.248347012311862,558.6449957049914,600,13.592369192765652
113,660.4091191480787,90.22056394184838,276.72031532301406,-14.99355211099058,21724.638404461904,188.96635453993176,114.96564273229455,21.10299673453293,0.0094436909514621,4.248347012311862,558.6449957049914,600,13.594948297273422
633,701.0091200844732,517.8361031772264,276.65621727576894,-14.98942493195568,21439.321237611584,172.22568425049968,124.48387899233666,21.117350546941108,0.0087216112543121,4.248347012311862,558.6449957049914,600,13.608058697318974
139,2916.575644514401,111.41754327971276,276.70727168741564,-14.668033076470536,21324.530248061987,219.96082719529733,96.9469451445939,21.123179443467073,0.0111989088297801,4.248347012311862,558.6449957049914,600,13.613382660256935
892,330.0353867485965,733.7182093394873,276.6255223373521,-15.043900172787868,21284.51718700584,171.1997003523943,124.3256684631701,21.125218617982227,0.0087327099336821,4.248347012311862,558.6449957049914,600,13.61524518938133
223,661.8484394432912,179.03195444947912,276.7070325300881,-14.993705035918772,21200.280318244822,180.35187722002644,117.54954062596651,21.129524117521424,0.0092361058513585,4.248347012311862,558.6449957049914,600,13.619177721014715
2327,2761.7903653051194,1997.7615679801445,276.4264525009298,-14.698060842048807,21184.707658825733,178.2176565058483,118.86985876806511,21.13032193777352,0.0091335180444555,4.248347012311862,558.6449957049914,600,13.619906429344738
386,2703.039463283014,320.8736630123404,276.6769547662759,-14.699676350913103,21130.077616887284,180.22601419254056,117.24210687095052,21.133125395097856,0.0092603248864764,4.248347012311862,558.6449957049914,600,13.622467034568459
2338,1029.5264570346226,2006.1513106340951,276.4324016265874,-14.948036667887369,20988.91312422609,178.28333703874486,117.7278453098774,21.140403251081526,0.0092221173091401,4.248347012311862,558.6449957049914,600,13.629114439502178
1157,1703.961578387488,954.98049872252,276.58660907670185,-14.846389348486683,20897.1467330702,178.3850848901762,117.14626671807036,21.145160645451284,0.0092679009789778,4.248347012311862,558.6449957049914,600,13.633459720155734
2173,1807.3991635910224,1854.668923392052,276.45180604612136,-14.835133244679708,20843.005781585467,171.54325654562297,121.50291536550225,21.147977253470764,0.0089355880616857,4.248347012311862,558.6449957049914,600,13.636032336883385
1236,292.7251374792666,1025.7979218552964,276.5820064927316,-15.050478512191264,20581.64194405632,175.9174672146926,116.9960110836415,21.161678079533687,0.0092798035586343,4.248347012311862,558.6449957049914,600,13.648546316133743
1417,721.8483868662605,1191.66908462155,276.5554056514828,-14.98915532748938,20402.693319115497,177.38772384888338,115.01750446099952,21.17115937204853,0.0094394327636289,4.248347012311862,558.6449957049914,600,13.657206282857825
328,547.8698936445567,266.56624556840814,276.6944378029585,-15.010527278608077,20137.82662535651,171.7869631039703,117.2255813915782,21.185346632156335,0.0092616303294188,4.248347012311862,558.6449957049914,600,13.670164558351079
2056,1597.5098703571234,1747.6665203052642,276.46866255959225,-14.86498632645367,20062.13614082936,172.41362557237713,116.36050268200827,21.189435192983996,0.0093304856456921,4.248347012311862,558.6449957049914,600,13.673898943790771
1317,2439.41055968642,1102.1994216435191,276.5614789283221,-14.740884835241838,19828.415575046038,168.69719582832406,117.53850132295362,21.202158094670004,0.009236973313254,4.248347012311862,558.6449957049914,600,13.68551971227377
1370,1068.164510008745,1147.626205816509,276.56052930420884,-14.938959410790485,19793.50322295632,172.5619950380934,114.70372267420106,21.20407146058549,0.0094652551346024,4.248347012311862,558.6449957049914,600,13.687267331085565
818,472.63152772484233,663.9903655711045,276.6353423362897,-15.02301271291396,19668.02857779764,170.0133056743059,115.68523122228818,21.21097604932955,0.0093849490425777,4.248347012311862,558.6449957049914,600,13.693573803401804
2341,3000.775236834397,2006.0426168745776,276.4242128921781,-14.663643579572726,19666.25148236344,343.27552835838134,57.289989695483854,21.211074154943816,0.0189509547090315,4.248347012311862,558.6449957049914,600,13.693663410525904
385,132.85288881334932,320.45142091272544,276.6881615265995,-15.070717819774073,19583.352608070243,168.1071778656516,116.49325660395613,21.215660516772306,0.0093198527678822,4.248347012311862,558.6449957049914,600,13.697852474491302
1187,1437.442969774596,982.8940728651409,276.58357635936125,-14.884972154353964,19488.23398375354,171.07805270854175,113.91428459239478,21.220946912703415,0.0095308503572209,4.248347012311862,558.6449957049914,600,13.702680931453475
557,1207.8163042937413,453.4074890588378,276.66366920115473,-14.915968020259408,19347.40472049103,168.0441527419283,115.13286481442508,21.22882133450493,0.0094299746796882,4.248347012311862,558.6449957049914,600,13.709873224135695
1724,1840.005493982441,1444.104319295658,276.51298151073723,-14.82875203767749,19326.992889577174,168.95849382458303,114.38899845806476,21.22996740876883,0.0094912973680595,4.248347012311862,558.6449957049914,600,13.710920018649539
1252,1205.1515626019225,1041.3963522850963,276.57582301209214,-14.918746642175613,19284.246569578598,169.89862412601408,113.50443047305338,21.23237143655215,0.0095652653863388,4.248347012311862,558.6449957049914,600,13.713115795288086
2144,659.0800232361491,1831.5380927254007,276.46002394996094,-15.000826586945108,19255.3095813524,166.25834078735707,115.81560052965864,21.23400186226618,0.009374384755031,4.248347012311862,558.6449957049914,600,13.714604983856784
1545,855.3879929618471,1299.4477913129822,276.538735944734,-14.970305819589344,19234.76678854128,167.3301180837218,114.95101425146532,21.23516081325424,0.009444892740354,4.248347012311862,558.6449957049914,600,13.71566353963657
1220,1265.4042166345205,1011.8783055043102,276.5799777083513,-14.909927006837348,18997.51329747995,163.69299572201166,116.05574944539528,21.24863623303242,0.00935498676445,4.248347012311862,558.6449957049914,600,13.727971638631445
1110,3054.738587122293,917.5324424802508,276.5863840394343,-14.651409640545786,18927.39595563634,177.80247655826406,106.45181283194346,21.252650957120764,0.0101989808451078,4.248347012311862,558.6449957049914,600,13.731638583508104
1005,610.2868578075108,825.5510235848127,276.61060450017936,-15.00378181506075,18898.5198825752,175.4679945770975,107.70351555064664,21.254308646214035,0.0100804508975332,4.248347012311862,558.6449957049914,600,13.733152673740435
693,567.0801424168911,558.9306118140212,276.6506466292465,-15.00893993929008,18808.9362532784,169.721063192513,110.82263980366184,21.25946753958114,0.0097967346917874,4.248347012311862,558.6449957049914,600,13.737864673166914
1261,737.5218089911349,1052.359758992034,276.57616261998123,-14.986324534094695,18771.15456514206,216.06138114070524,86.8788048379537,21.26165066152757,0.0124967188720545,4.248347012311862,558.6449957049914,600,13.739858680142344
1549,1629.6448458739883,1301.220085566943,276.53521012031524,-14.858527002926998,18738.431039713847,169.72147929062402,110.40695095301952,21.263545063971396,0.0098336199906651,4.248347012311862,558.6449957049914,600,13.741588978210867
1535,162.09872416584085,1290.5871854020654,276.5429585141299,-15.070431571354348,18589.6315661096,170.23407435370595,109.20041499732166,21.27220116987137,0.009942269908284,4.248347012311862,558.6449957049914,600,13.749495240878804
219,1684.989054553281,175.70679583126687,276.70308691788426,-14.845952317378424,18525.06568190438,161.26385304862686,114.87425936870308,21.275978734770902,0.0094512034808016,4.248347012311862,558.6449957049914,600,13.752945570702167
814,2327.6116714814675,660.2258978199652,276.6279385711714,-14.75520537766494,18505.77473408595,162.6830520934816,113.75355020664406,21.277109947680465,0.0095443175006645,4.248347012311862,558.6449957049914,600,13.753978791240328
761,1592.833084115954,617.6932534153814,276.6374657011827,-14.86105394887348,18220.99723333865,162.76115017033888,111.94930248569352,21.293947770507664,0.0096981399248891,4.248347012311862,558.6449957049914,600,13.769358021989852
2364,961.429313876945,2028.7080836897471,276.4293112391073,-14.957962063589214,17957.312931695895,175.70867442900322,102.19935350403956,21.30977474867264,0.010623354872368,4.248347012311862,558.6449957049914,600,13.78381397343707
121,631.2292532452826,96.94601186892608,276.7194362222851,-14.997794954750264,17730.986088721314,163.963764279924,108.1396622393374,21.323545903287652,0.0100397946277759,4.248347012311862,558.6449957049914,600,13.796392188963218
1347,227.12880463879435,1129.3053644975605,276.5668042747146,-15.06037832722606,17584.180918734346,166.3945808455605,105.67760578125522,21.332572767366035,0.0102736998247984,4.248347012311862,558.6449957049914,600,13.804637092537199
512,2364.337766911261,416.0681035924032,276.6642285542226,-14.74891171418257,17535.448191957956,158.04144913342554,110.95474186112884,21.335585949516155,0.0097850707575784,4.248347012311862,558.6449957049914,600,13.807389254978425
439,701.92664312013,358.81876444583816,276.6799838581881,-14.98864597480528,17245.26380321104,168.19193498973277,102.53323861375264,21.353703520415056,0.0105887614073118,4.248347012311862,558.6449957049914,600,13.823937374431548
923,1540.1010780394604,757.4959083937638,276.6168088773877,-14.869234988980237,17050.70705467445,173.34305479762872,98.36394699851397,21.366022143652966,0.0110375806698403,4.248347012311862,558.6449957049914,600,13.835188885463381
1050,1041.224700498499,858.8422563007338,276.60379810337497,-14.941673957505063,16791.942993391713,164.51745038265216,102.06785331486252,21.382625747959622,0.0106370415830221,4.248347012311862,558.6449957049914,600,13.85035418708975
841,103.21567337380226,683.1781992957472,276.6340410047866,-15.07647403560244,16776.703127702756,158.788454619769,105.65442662614132,21.383611577117655,0.010275953735869,4.248347012311862,558.6449957049914,600,13.851254617879203
441,2712.1204863249864,358.3636958282235,276.6713196209297,-14.69851995033348,16691.377337881306,163.52540420006673,102.07207509764098,21.3891476878618,0.0106366016264627,4.248347012311862,558.6449957049914,600,13.856311157876263
574,848.757897491532,467.8781781622245,276.66305130845507,-14.967879996138263,16680.32036311098,156.50519797293785,106.5799767621473,21.389867157297854,0.0101867164263221,4.248347012311862,558.6449957049914,600,13.856968302602624
1266,351.6117868600533,1055.32578678708,276.57734398098575,-15.04208942345528,16600.393501847517,160.5272387605972,103.41169280687974,21.39508216886266,0.0104988127602507,4.248347012311862,558.6449957049914,600,13.861731558935684
1381,319.49060332420567,1160.037454181579,276.5618222448997,-15.047156497605965,16418.9784507585,158.7296980754802,103.4398644351408,21.40701279378737,0.0104959534308048,4.248347012311862,558.6449957049914,600,13.872628682369402
1839,2379.2652580938443,1546.7750546253062,276.4953728392759,-14.751375960900516,16364.481562182831,164.64145593194436,99.39466016959422,21.41062249815973,0.0109231220082396,4.248347012311862,558.6449957049914,600,13.875925692740033
1265,2803.9314262056228,1055.288527778205,276.56691328136606,-14.6881292562146,16247.33291044453,153.58661941151664,105.78612233733578,21.418422927647622,0.0102631609516593,4.248347012311862,558.6449957049914,600,13.883050402761679
1377,639.2918275844866,1157.4479618532678,276.56086785217155,-15.000941589851138,16198.331206093368,179.3371804123626,90.32332932215954,21.42170243918841,0.0120201503658882,4.248347012311862,558.6449957049914,600,13.886045823562167
2116,2695.424226518438,1802.78803089017,276.45582680462854,-14.706831249977418,15925.661378339924,157.07289104394027,101.39026074133191,21.440134432859928,0.0107081290851973,4.248347012311862,558.6449957049914,600,13.902881128622518
1788,1579.1674325524052,1502.5015579102617,276.505358387906,-14.866633424039668,15802.431829946698,159.58500774824506,99.0220325387707,21.44856831220298,0.0109642265682125,4.248347012311862,558.6449957049914,600,13.910584415315906
886,54.7150498400205,728.5178453420292,276.6274654449728,-15.083668134032912,15705.131792536473,175.49783496393087,89.48903441324084,21.455274162927132,0.0121322127020219,4.248347012311862,558.6449957049914,600,13.916709365478226
1953,2399.401072870899,1653.2257748068337,276.47939781093567,-14.748907020386625,15629.25536930171,152.10346199494447,102.754106739669,21.46053240783163,0.0105660010528888,4.248347012311862,558.6449957049914,600,13.921512110022679
1730,2110.0046618741294,1448.4484903308987,276.5111915773537,-14.789813879332714,15616.99660518032,156.89218192711726,99.5396737642099,21.46138433623097,0.0109072087434384,4.248347012311862,558.6449957049914,600,13.922290239331321
1897,2797.671893654591,1601.398522755444,276.4854468885136,-14.69126533896272,15610.000765428587,155.1914599546702,100.58543665990452,21.461870815064533,0.0107938090846185,4.248347012311862,558.6449957049914,600,13.922734576483034
1591,1224.9500379382034,1336.0617045083975,276.5317121394472,-14.917088487397551,15596.175603513606,153.4487055208997,101.63771372701092,21.462832834866788,0.0106820584622366,4.248347012311862,558.6449957049914,600,13.923613260424322
1127,1920.816973492606,929.336895631508,276.58951083576625,-14.814990871469298,15568.62400284229,150.66375659833494,103.33357108802068,21.464752550604985,0.0105067500190735,4.248347012311862,558.6449957049914,600,13.925366678999524
1971,270.99931699162386,1670.3151085378747,276.48572660921803,-15.056238246965924,15541.355337561516,156.83210482352888,99.09549677375692,21.466655900292814,0.0109560982622524,4.248347012311862,558.6449957049914,600,13.92710514924871
927,677.0739453299677,760.5061790273629,276.62004429655315,-14.993869207863783,15482.333896812575,160.69127902430168,96.34831454961008,21.47078705258137,0.0112684898026002,4.248347012311862,558.6449957049914,600,13.930878436624354
801,866.24078070606,651.5509457813819,276.6355239687212,-14.966101862611918,15302.447853238438,194.17987670235289,78.80552873506393,21.483475855431287,0.0137769521685465,4.248347012311862,558.6449957049914,600,13.942468060114678
401,2537.499997975823,328.91478674007766,276.6764809648556,-14.723581113128644,15212.975665350035,160.3753542699745,94.85856311650382,21.489842699530666,0.0114454611616513,4.248347012311862,558.6449957049914,600,13.948283370416696
1039,1547.682226405714,849.9180510311626,276.60297039266175,-14.868517288645624,15138.585396768176,149.1734112835999,101.4831347389889,21.495164888359493,0.0106983293607591,4.248347012311862,558.6449957049914,600,13.953144519683505
1895,285.0862846053761,1601.3793991673126,276.4959757224292,-15.0539223366037,15040.907977414316,157.50403266885112,95.49538334067614,21.50219299049322,0.0113691359940072,4.248347012311862,558.6449957049914,600,13.959563805927043
1715,2821.7019464452283,1436.1725064935615,276.50999989837493,-14.687124884985865,15036.857785989703,151.8056639647104,99.0533382831174,21.502485395156988,0.0109607613314032,4.248347012311862,558.6449957049914,600,13.959830880764596
1813,2443.3703176345457,1520.199022652928,276.4990682618759,-14.74202188486842,15015.90911670198,154.0557144320845,97.47064022945898,21.503999048288808,0.0111387387775859,4.248347012311862,558.6449957049914,600,13.961213412284728
2300,916.8121792396172,1971.1157435428745,276.438101272894,-14.964170544692085,14842.024593520851,160.09053939028036,92.71019168308182,21.516645258739544,0.0117106866061859,4.248347012311862,558.6449957049914,600,13.972764132982107
76,613.4366547385357,56.42396187071704,276.725571181283,-15.000200826858055,14711.335122631572,165.92865715540344,88.66060495417261,21.52624790401803,0.0122455740129585,4.248347012311862,558.6449957049914,600,13.981534940173706
2235,1240.1164377820298,1917.5300541567008,276.4447734703922,-14.91726912573415,14662.1185188549,151.9700111973046,96.48034111031868,21.529886311626107,0.0112530696668928,4.248347012311862,558.6449957049914,600,13.984858167335535
1627,774.2338177810989,1363.296275703039,276.52953310911994,-14.982287115411026,14655.232545788693,158.3846986386746,92.5293457748838,21.53039634067914,0.0117335748016787,4.248347012311862,558.6449957049914,600,13.985324014647034
1146,1385.3271023418763,941.649851397665,276.5899599705774,-14.892327546675238,14586.940074687416,151.3478183574446,96.38024672570316,21.535467628928046,0.0112647563882035,4.248347012311862,558.6449957049914,600,13.989955997830233
2192,2797.955131619201,1873.65871402742,276.44481901676045,-14.692338852030556,14527.925806581508,156.90115074083545,92.59285695474786,21.539869092805013,0.011725526522317,4.248347012311862,558.6449957049914,600,13.993976180801287
2029,638.8723715338856,1718.8198489802164,276.4769558730507,-15.003286685443884,14517.502592717125,166.16555839938124,87.36769961572965,21.54064834529134,0.0124267893600867,4.248347012311862,558.6449957049914,600,13.994687929815537
741,2226.472895610888,595.2916129585614,276.63807158586945,-14.769529652723303,14250.53134301392,146.11692091363102,97.52827567066883,21.560800481757987,0.0111321562135084,4.248347012311862,558.6449957049914,600,14.01309436870001
226,1034.9920168997255,179.54799699732692,276.7053406168635,-14.939810331413998,14166.675378969754,149.88747460581658,94.5154050812195,21.567208269920016,0.0114870163130235,4.248347012311862,558.6449957049914,600,14.018947076247137
1533,1062.4682520415106,1288.2267463085593,276.53954311104536,-14.940354563403554,14127.726646490162,155.53158199366692,90.83509899015512,21.57019741778432,0.0119524282140945,4.248347012311862,558.6449957049914,600,14.02167728639493
951,1404.9015933149658,774.7973583320761,276.6148036110744,-14.88882201776349,13970.91606150102,155.09266836306762,90.0810864172863,21.582315917507646,0.0120524745335626,4.248347012311862,558.6449957049914,600,14.032746009797933
2149,2314.579791532632,1835.0880392737445,276.4526078152626,-14.761884199785106,13946.224270182953,149.3966337287504,93.35032471684865,21.58423651384857,0.0116303826825793,4.248347012311862,558.6449957049914,600,14.034500232692835
462,2539.7756698266608,376.0018529546641,276.6694424523551,-14.72344507259712,13927.439950305445,154.5648770999122,90.10740481036072,21.585699889391798,0.0120489542705724,4.248347012311862,558.6449957049914,600,14.035836841967292
904,385.42607318965344,741.1189839608095,276.6241809296114,-15.035926401243906,13914.28698923788,149.6258123168838,92.99389439416792,21.586725734313287,0.0116749600290757,4.248347012311862,558.6449957049914,600,14.036773822117443
1760,2774.6432979938613,1474.1308582081283,276.50453618986893,-14.694064751720807,13881.404777552874,146.44884392416344,94.7867146342321,21.589294580210197,0.0114541368396357,4.248347012311862,558.6449957049914,600,14.039120139347048
209,133.0140487012891,167.76563571120147,276.71099551319435,-15.07007475719672,13874.22337818466,152.2686656233917,91.1167331859332,21.589856419807205,0.0119154842589068,4.248347012311862,558.6449957049914,600,14.03963330906592
72,200.21024168805383,53.52291861831318,276.7277912707829,-15.059899333477691,13848.277633709018,155.85940053676134,88.8510900594843,21.591888721463505,0.0122193211053814,4.248347012311862,558.6449957049914,600,14.041489560699258
2292,2132.636042243216,1965.7714264682056,276.4338599007483,-14.788662805923682,13814.827535031827,155.3767429876277,88.91181054124603,21.594514457125925,0.0122109761728037,4.248347012311862,558.6449957049914,600,14.043887839565478
1547,804.7975014568685,1300.1033300112238,276.53885012703114,-14.97761536999503,13796.307011364144,154.34679478889583,89.38512153902332,21.595971000395384,0.0121463167617444,4.248347012311862,558.6449957049914,600,14.045218208418241
1227,1974.0250217162245,1016.9466069847024,276.5762002463128,-14.807670901599424,13698.648402307648,145.04520663858864,94.44399246119715,21.603683828574805,0.011495702073862,4.248347012311862,558.6449957049914,600,14.052262905676319
1844,418.7781028528764,1551.224041439925,276.5029211293064,-15.034401118727995,13592.596992669278,151.6807639884846,89.61318914309537,21.612122024261264,0.0121154041093922,4.248347012311862,558.6449957049914,600,14.059970134805848
1520,1251.406722149745,1277.2775238880067,276.5403836923446,-14.91302916905072,13580.071351192484,146.5107736056543,92.6899163589454,21.61312299650516,0.0117132482436987,4.248347012311862,558.6449957049914,600,14.060884396897258
555,1171.9184933656943,452.3753793627842,276.66397814628914,-14.92114722250194,13531.526103466458,154.7588483478788,87.43620315039601,21.617011176789816,0.0124170533586931,4.248347012311862,558.6449957049914,600,14.064435759945031
135,2648.056787374491,108.90419490990412,276.7088337842073,-14.70673984029414,13503.46348261024,146.5053421378082,92.1704511628552,21.619265190190482,0.0117792631619181,4.248347012311862,558.6449957049914,600,14.066494517336476
103,110.18213778453875,84.2332086432212,276.723586503154,-15.073035721772216,13279.52506527386,161.58744832496797,82.18166202221013,21.637421768427906,0.013210976430564,4.248347012311862,558.6449957049914,600,14.08307826508111
1442,770.7181137691119,1213.8569332050808,276.551883912074,-14.982186695098246,13241.69012179348,150.40927574061956,88.03772278399067,21.640519574883548,0.0123322135746726,4.248347012311862,558.6449957049914,600,14.08590772116861
1182,376.7285892682088,978.989810998268,276.58865188774854,-15.038149891776552,13170.989613033307,160.92070141197584,81.84770198903142,21.64633210781564,0.0132648806700217,4.248347012311862,558.6449957049914,600,14.091216738024247
577,2002.3537693856547,467.543807906981,276.65811927397374,-14.801342750736357,13072.9584728544,146.86874316728273,89.01116868661678,21.654443421919588,0.012197345749076,4.248347012311862,558.6449957049914,600,14.098625401992667
2230,2054.999215119228,1914.5425560966503,276.441832435069,-14.799653390657957,12945.356094129793,147.2363867474647,87.92226147421876,21.66509312275367,0.0123484084894513,4.248347012311862,558.6449957049914,600,14.108352562577593
1335,1050.484529037329,1115.4629578306556,276.5654102490275,-14.941381500455083,12940.35751136177,149.3735399028464,86.63085523566134,21.66551243839889,0.0125324862261439,4.248347012311862,558.6449957049914,600,14.108735554614682
1779,205.4396931853381,1493.7981609768035,276.5123914305136,-15.064994201272084,12839.789235789853,152.28934212302653,84.3118044690039,21.673983388761897,0.0128772003735152,4.248347012311862,558.6449957049914,600,14.116472701016413
1961,2895.247396515411,1657.9662376829378,276.4765920198842,-14.677429904225258,12835.111234092445,146.61633433435443,87.54216433226556,21.67437903398521,0.012402023736576,4.248347012311862,558.6449957049914,600,14.116834073103927
541,2760.891517359928,436.4109641795559,276.6594577668763,-14.691806262481844,12772.259748450248,150.89735205962862,84.64204026193356,21.679708770533555,0.0128269592349167,4.248347012311862,558.6449957049914,600,14.121702116262021
1622,2028.2048285672963,1358.999423406157,276.5248937764044,-14.801249851833209,12762.97356613609,149.70149257725785,85.25615440707368,21.68049845157251,0.0127345645314482,4.248347012311862,558.6449957049914,600,14.122423390445821
895,155.0286896366409,735.53992645992,276.6259910497259,-15.069198279134186,12726.238125483738,153.0317488951193,83.16077034580384,21.68362801289529,0.0130554346176133,4.248347012311862,558.6449957049914,600,14.125281850605532
2062,1250.958753581995,1754.1095443524391,276.4691439545384,-14.915037407611596,12696.74608856748,145.33446779696732,87.36224985737638,21.68614703948368,0.0124275645576031,4.248347012311862,558.6449957049914,600,14.127582664170596
2195,2896.279325834849,1877.5339399195557,276.4438263859515,-14.678180090393026,12689.156272366352,156.62252930744103,81.01743937143466,21.68679626111586,0.0134008184956632,4.248347012311862,558.6449957049914,600,14.128175646374494
2169,929.1684062497504,1852.9571919750024,276.4557079137824,-14.961904663202802,12675.337161391566,147.98760526703677,85.65134315485076,21.687979325199247,0.0126758082244798,4.248347012311862,558.6449957049914,600,14.129256226430279
2008,929.169160295116,1699.5538592747598,276.4786326612026,-14.961279566095568,12568.270043497963,145.72900118220474,86.24412396667617,21.697189367358252,0.0125886837278271,4.248347012311862,558.6449957049914,600,14.137668440113117
399,422.2282865412389,327.98452858527344,276.6857950394575,-15.028930193292458,12462.574730447086,153.55214433666208,81.1618410428901,21.70635868714358,0.0133769760031227,4.248347012311862,558.6449957049914,600,14.146043459035809
944,952.0348899338172,771.0105392681274,276.61730390600064,-14.954196856012237,12431.80971212557,154.1604918423129,80.64199564724908,21.70904224104415,0.0134632084844373,4.248347012311862,558.6449957049914,600,14.148494547581468
2294,1534.1972079837783,1967.5056865530028,276.43608979859084,-14.875021493475142,12352.768035324989,153.8178348420324,80.30777476494202,21.715967410559383,0.0135192389924612,4.248347012311862,558.6449957049914,600,14.15481981784042
1453,2472.8291079635183,1222.7544477502202,276.5433408757083,-14.736557715507702,12316.820640154823,145.35809145134957,84.73433103844229,21.71913158297751,0.0128129883920065,4.248347012311862,558.6449957049914,600,14.157709890877122
323,1258.7242351767045,261.6929643626082,276.69209539107896,-14.907837351346943,12240.921047319309,161.02294177677152,76.01973304083016,21.72584288398446,0.0142818181092121,4.248347012311862,558.6449957049914,600,14.163839819186418
1034,1661.8278268768177,847.0679410176953,276.6029074163636,-14.852030388067476,12225.270202701038,144.96178721305472,84.33443349269135,21.727231959282797,0.0128737451007374,4.248347012311862,558.6449957049914,600,14.165108564543868
807,1612.2874793366957,652.9802676431893,276.63211092952884,-14.858389709457386,12202.829229472496,154.5674616024477,78.94824113019692,21.72922679183422,0.0137520479805183,4.248347012311862,558.6449957049914,600,14.166930592868422
472,379.53578355764455,382.74912391586514,276.6777896335031,-15.035321538873838,12088.176124440855,140.03763529288182,86.3209100836288,21.739476178365564,0.0125774855588079,4.248347012311862,558.6449957049914,600,14.176292116749764
811,686.3078437742203,655.6630024152174,276.6356772837727,-14.992108991441018,12053.278343235026,155.00559256686006,77.76028041075982,21.742615161641282,0.0139621410090719,4.248347012311862,558.6449957049914,600,14.179159182676969
1894,1331.663016139247,1600.392005378082,276.49177277221173,-14.902759505502042,11951.239929681586,142.46013453316914,83.89181976308583,21.751845712814923,0.0129416670548578,4.248347012311862,558.6449957049914,600,14.187590128761954
205,554.7740098993559,163.270752130794,276.7098511307001,-15.009110136546918,11860.271330132324,139.80014001011918,84.83733513624406,21.760141564469585,0.0127974316762357,4.248347012311862,558.6449957049914,600,14.195167344543961
282,2484.2577441309004,226.8808654782914,276.69194534101416,-14.730843510030134,11857.433975090098,142.70932140686827,83.08801315987077,21.760401338260525,0.0130668667923373,4.248347012311862,558.6449957049914,600,14.195404615188423
1358,2051.927653643799,1142.0915450486398,276.5571806661854,-14.796941792621338,11855.125369795656,144.62967071417842,81.96883330547104,21.760612748283556,0.0132452781895034,4.248347012311862,558.6449957049914,600,14.195597711621396
487,290.7600865559304,395.5035715333795,276.67626244699886,-15.048201789661771,11799.624863345583,155.53336635974475,75.86555309330443,21.7657076251448,0.0143108427439359,4.248347012311862,558.6449957049914,600,14.200251240031427
942,3013.1881609055304,768.5077584273218,276.6087995048774,-14.656789703514873,11756.011690300133,152.6166399227466,77.02968494294552,21.769728102789777,0.0140945662805729,4.248347012311862,558.6449957049914,600,14.203923440057522
1644,1068.572981548814,1374.1258424869077,276.5266815297714,-14.93982291261949,11594.853933222885,139.95838315846893,82.8450120068515,21.784714921056406,0.0131051945518483,4.248347012311862,558.6449957049914,600,14.217612011239737
1357,2463.3387882107904,1140.847517183458,276.5556074127418,-14.737591745059513,11592.45793354028,140.86775752951385,82.29319566694666,21.784939304428327,0.013193071325046,4.248347012311862,558.6449957049914,600,14.217816957193175
610,3082.359535853981,492.6042743726359,276.64966301187945,-14.64569112467611,11586.271505966317,269.57690921583907,42.97946563624138,21.785518872740923,0.0252609003841246,4.248347012311862,558.6449957049914,600,14.21834631986114
2005,585.7800314034249,1697.1818206024268,276.4804098786036,-15.010868108635108,11584.807941253355,144.17275777138903,80.35365432645106,21.785656030373357,0.0135115199066012,4.248347012311862,558.6449957049914,600,14.218471596085976
793,2610.463173005473,644.6474213845037,276.6290356709896,-14.714347796793326,11545.666470834636,141.44460638082597,81.62677083457706,21.789330607154486,0.0133007834182275,4.248347012311862,558.6449957049914,600,14.221827859232572
2107,259.9388268364647,1788.112985390194,276.4681589532983,-15.0583155897587,11517.774846632909,141.81102558839413,81.21917741476038,21.791956664606325,0.0133675325773822,4.248347012311862,558.6449957049914,600,14.224226432012898
287,2601.073317897902,231.5149595724806,276.6907401015663,-14.714015501073748,11486.504523032054,139.59076071987656,82.2869971035015,21.794908406135264,0.0131940651405032,4.248347012311862,558.6449957049914,600,14.226922476183955
329,919.506188000894,267.1292967902274,276.69275111825533,-14.956845258452883,11457.555049349146,138.716065636876,82.59717428363462,21.797648244590324,0.0131445174658367,4.248347012311862,558.6449957049914,600,14.229424973582177
436,2464.770544098554,355.4157019531636,276.672843746432,-14.734178475286834,11453.929800028503,140.17455486123598,81.71190421376531,21.79799183336228,0.0132869256988518,4.248347012311862,558.6449957049914,600,14.229738798656893
2022,1190.018849033505,1712.405226428909,276.4756283484814,-14.923665709232504,11429.416362760296,144.928120153154,78.86265516093196,21.800317991113555,0.0137669724381515,4.248347012311862,558.6449957049914,600,14.231863450827415
1080,1057.7754033839649,887.3739808916866,276.5994639805393,-14.93940004839634,11374.825292739784,153.22645744925046,74.23538651284943,21.805516288456396,0.0146251006561685,4.248347012311862,558.6449957049914,600,14.236611440823548
50,554.9792131881012,39.731903064318615,276.72831987970983,-15.008578663274715,11293.871368801396,140.1469472350293,80.58592492822082,21.81327103334546,0.0134725760232577,4.248347012311862,558.6449957049914,600,14.243694423717269
519,2869.231606347584,421.09721463480514,276.661268092581,-14.676123224866636,11236.920496970532,140.03627238551553,80.24292781827009,21.818759855531354,0.0135301643337196,4.248347012311862,558.6449957049914,600,14.24870777157146
2374,2405.077263287024,2042.2142153843304,276.4213114663993,-14.749679230037344,11164.685249205504,139.9959804449816,79.75004149203572,21.825761915693946,0.0136137860205179,4.248347012311862,558.6449957049914,600,14.255103271753857
1623,2312.0799811077554,1358.6092715934894,276.52374672809293,-14.76029734569804,11163.343880145288,136.6772882039733,81.67665620849479,21.825892368135218,0.013292659743912,4.248347012311862,558.6449957049914,600,14.255222423630961
889,2631.0695536058874,729.8432177945404,276.61623035103844,-14.711724206231388,11058.193934954876,139.13400217667493,79.47873102157284,21.83616762050219,0.0136602583615144,4.248347012311862,558.6449957049914,600,14.264607572695837
2148,2945.6262866167326,1834.189906522578,276.45008523070726,-14.670889103267172,10952.22547237086,150.00463717668808,73.0125793342669,21.84662218597149,0.0148700403396165,4.248347012311862,558.6449957049914,600,14.27415650169862
1660,289.18721171769363,1384.982943162425,276.5283145146,-15.052449827640546,10951.117366982333,151.72250238350992,72.1785970765307,21.846732042275057,0.0150418551201381,4.248347012311862,558.6449957049914,600,14.27425684159762
1177,407.54902150475687,974.7309994180584,276.5891588070196,-15.033679293937992,10913.544094415614,146.48750640458718,74.50153506110786,21.850463607255875,0.0145728540909859,4.248347012311862,558.6449957049914,600,14.277665156288052
601,2441.889055168912,483.9137502397009,276.6537620111582,-14.738002964602517,10863.678081280494,140.13508616332803,77.5228986452317,21.855435906297284,0.0140048942825073,4.248347012311862,558.6449957049914,600,14.282206725296007
1785,1530.5336548592684,1500.1177498781717,276.5059188067998,-14.87364330223781,10858.800138511928,138.96182950818672,78.1423228014726,21.855923526457747,0.0138938792843196,4.248347012311862,558.6449957049914,600,14.282652104906116
2236,1831.8089545834264,1917.722820267798,276.4422882231276,-14.831868481578317,10840.849287117831,138.49459945174922,78.27633229044953,21.8577198590462,0.0138700928905488,4.248347012311862,558.6449957049914,600,14.284292828511788
968,2966.240029398464,792.6997646667205,276.60539408394345,-14.66365635233034,10839.502553305065,144.07871954860477,75.23319604217036,21.857854745940227,0.0144311295693384,4.248347012311862,558.6449957049914,600,14.284416030703046
105,407.5292792669409,84.25788290842586,276.7223003945385,-15.030064262683313,10789.642108722648,146.87862601742148,73.45957952685964,21.86286052740861,0.0147795564171862,4.248347012311862,558.6449957049914,600,14.288988181691568
990,809.1123821895297,808.9615740378874,276.6122401297178,-14.974993593034092,10705.436919875152,133.90688297540353,79.94687563477646,21.871367133940744,0.0135802680389892,4.248347012311862,558.6449957049914,600,14.29675789551358
1652,1434.3843755784833,1380.473013198014,276.52419567872715,-14.887034168802074,10678.12971856742,140.4366093658686,76.03522875398193,21.874140144985006,0.0142789075247326,4.248347012311862,558.6449957049914,600,14.299290691894583
1275,500.0300384935355,1061.8500167271532,276.5757445337072,-15.020671549055354,10666.223700524077,141.19611689811703,75.54190536429913,21.87535140643023,0.0143721553588599,4.248347012311862,558.6449957049914,600,14.300397026689485
151,1544.390364432347,123.89129160904962,276.7114407036737,-14.866035458926504,10656.698170629736,140.98715994564608,75.5863028572116,21.87632146235655,0.014363713516336,4.248347012311862,558.6449957049914,600,14.301283050618107
636,524.910537139892,519.6385124193991,276.6567009705189,-15.014872730367278,10594.836479577529,141.15224907652825,75.05963630684585,21.882642480436267,0.0144644985430202,4.248347012311862,558.6449957049914,600,14.307056504622079
1688,300.6121135366462,1411.7771432872598,276.5242607071018,-15.050907874836875,10523.199452147644,146.6925293780153,71.73643740936645,21.89000862119609,0.0151345681387049,4.248347012311862,558.6449957049914,600,14.31378454658103
2079,915.784527601881,1771.3469709345338,276.4679592227651,-14.963504992108293,10510.04108746996,137.9674770842189,76.17767106848203,21.891367091353157,0.0142522078290366,4.248347012311862,558.6449957049914,600,14.315025337996065
1863,1906.918020154016,1567.969962446337,276.49420229448,-14.819602579931471,10498.829442208633,151.35384511266795,69.36612303700176,21.892525924743417,0.0156517324663057,4.248347012311862,558.6449957049914,600,14.31608378636507
2203,602.1431364575501,1886.6640742015104,276.4520184571634,-15.009275680106173,10456.269927807676,139.1884038828281,75.1231398314618,21.896936160969105,0.0144522713299225,4.248347012311862,558.6449957049914,600,14.320111981771973
1776,2332.710607069144,1491.888924023283,276.5037631349137,-14.757866251949478,10325.418487912451,133.99872913548683,77.05609265497112,21.910608969494433,0.0140897359649595,4.248347012311862,558.6449957049914,600,14.332600370530013
1052,178.667917800262,859.3870954580807,276.6073706640996,-15.066284951626594,10316.905991587322,158.1495316168378,65.23513466092938,21.91150444286868,0.0166428720603262,4.248347012311862,558.6449957049914,600,14.33341827268957
110,476.7833636414843,87.5357188292144,276.7215110698344,-15.020070846240428,10301.726034472522,134.35344977006326,76.6763045690544,21.913103135932623,0.0141595243289564,4.248347012311862,558.6449957049914,600,14.334878477478536
1128,1463.349887608348,929.6680065246452,276.59141734899384,-14.881015484212076,10268.63358509721,136.61753188875323,75.16336624686568,21.916596482869814,0.0144445366700865,4.248347012311862,558.6449957049914,600,14.33806920998514
994,226.411052393705,816.9117141429542,276.6135208677233,-15.05921270553824,10134.48312156764,136.18749023582046,74.4156684583797,21.93087411664142,0.0145896693867263,4.248347012311862,558.6449957049914,600,14.351110030439433
1437,643.5673648002244,1211.4132869523337,276.55278302362376,-15.000543502044112,10094.659818014596,168.05307021338265,60.06828560285787,21.935148905587706,0.0180744296112946,4.248347012311862,558.6449957049914,600,14.355014511813607
1491,836.3676541692711,1251.388043178651,276.54599865258825,-14.972857292394645,10073.694844001671,139.95882704084914,71.97613081639723,21.937406148669535,0.0150841673160994,4.248347012311862,558.6449957049914,600,14.35707621911208
998,3071.0052583622914,818.5946341456149,276.6010748409355,-14.648660332473932,10071.106672878435,180.11412756196304,55.91514007924649,21.937685135891694,0.019416923546311,4.248347012311862,558.6449957049914,600,14.357331038806397
115,1215.229502975891,91.86098850206209,276.717661165766,-14.913426601735155,10034.89084141649,137.17139906599525,73.15585398810835,21.94159649437078,0.0148409175863968,4.248347012311862,558.6449957049914,600,14.360903572215928
1560,2763.6667550796565,1309.9565791910868,276.52908240870573,-14.694975814125495,9970.402098061284,141.16023508315325,70.63180429097486,21.948596442454836,0.0153712624347999,4.248347012311862,558.6449957049914,600,14.36729714328056
99,1171.0527984998962,81.93491335803631,276.71933673833445,-14.91976516881089,9948.664810419255,142.20831717155625,69.95838927210887,21.950966128712068,0.0155192252322602,4.248347012311862,558.6449957049914,600,14.369461553259686
1838,1875.957366633541,1547.5085654528318,276.4973881318577,-14.823986399283289,9867.575294934735,147.72813131553244,66.79550608989014,21.959852003504338,0.0162540874911392,4.248347012311862,558.6449957049914,600,14.377577680875717
363,363.6967418968815,299.52420502070106,276.69030166511624,-15.037272245749868,9847.054687347554,133.93436917803172,73.52149226356079,21.962112251316988,0.0147671104948192,4.248347012311862,558.6449957049914,600,14.379642132617406
177,2278.862185491456,140.26435411415972,276.7057786557877,-14.760116466419335,9832.619797960971,134.99034200196374,72.83943171147706,21.963705009859925,0.0149053881186298,4.248347012311862,558.6449957049914,600,14.381096916968772
890,767.0872154626666,730.9448387133453,276.6240800905708,-14.980746471278271,9824.881404589049,134.93121087108457,72.8140016024602,21.964559834102133,0.0149105937883699,4.248347012311862,558.6449957049914,600,14.381877691265196
688,987.8066401906542,556.6968352035433,276.6491800484464,-14.948158736895216,9780.184599739385,130.90440068177637,74.71242027618797,21.96951049566404,0.0145317203750931,4.248347012311862,558.6449957049914,600,14.386399497160454
1956,1669.5799656818465,1655.9182748294852,276.4820645693809,-14.85421049080366,9741.97264780401,134.03085124504204,72.6845540210234,21.973760861249033,0.0149371488154962,4.248347012311862,558.6449957049914,600,14.390281670869744
549,1524.5976043854553,440.6034535026699,276.6642141630135,-14.870182047783487,9734.866100000974,129.72424930974606,75.04276302849728,21.974553170173795,0.0144677508687641,4.248347012311862,558.6449957049914,600,14.391005345296296
293,83.87469551827101,238.02439966251688,276.70069875542976,-15.077462259122614,9687.910946955672,141.28854764743318,68.56826762159498,21.97980278086096,0.0158338548961395,4.248347012311862,558.6449957049914,600,14.39580020357053
1684,2008.817972689864,1408.808724789707,276.5175385390861,-14.804250279510969,9634.1340598386,142.48763291670625,67.6138262853339,21.98584641279139,0.016057366660752,4.248347012311862,558.6449957049914,600,14.401320300258629
503,757.6041169126288,406.5171587047435,276.67261454316235,-14.980797070248965,9508.119931650524,191.3656919639309,49.68560369453599,22.00014149818688,0.021851399988512,4.248347012311862,558.6449957049914,600,14.414377060573642
1982,130.35011435198498,1680.445976886576,276.4847913808258,-15.076604522145942,9498.797216095729,133.59241090184892,71.10282052679285,22.001206585232566,0.0152694364577406,4.248347012311862,558.6449957049914,600,14.415349883462447
1832,195.1145597336972,1543.8673218947188,276.5049472851532,-15.066689850223272,9488.84091425169,137.93206279792648,68.79358375255399,22.002345212195443,0.015781995075372,4.248347012311862,558.6449957049914,600,14.41638987580465
222,263.62039256494023,178.0634186046065,276.7088939541813,-15.051240878865348,9463.14840426651,149.34554007937163,63.36411786543607,22.005288998718544,0.0171343030815272,4.248347012311862,558.6449957049914,600,14.419078654079655
1501,1479.1492482927451,1259.7941621650398,276.54203432517744,-14.880080341061328,9426.211141016976,137.8333167286459,68.38848084584998,22.009535217340765,0.0158754805863754,4.248347012311862,558.6449957049914,600,14.422957040060684
1642,3032.885314315078,1372.926509823762,276.5185341963464,-14.656422691048078,9232.346162264235,149.250756114324,61.85795236569781,22.032097926523456,0.0175515024096086,4.248347012311862,558.6449957049914,600,14.443565233555535
1079,2976.770790964508,882.3833522649891,276.5919666217568,-14.66250491986028,9206.2501681305,130.69083390289313,70.4429675226573,22.035171195663928,0.0154124682446234,4.248347012311862,558.6449957049914,600,14.446372277895637
1010,382.9340846819832,828.9772943451565,276.6110551062937,-15.036643525122642,9186.960354108944,131.61872072573345,69.79979978116258,22.037448520453893,0.0155544858782389,4.248347012311862,558.6449957049914,600,14.448452327305581
1649,2577.090541196074,1379.311726170705,276.51952845220376,-14.722161994138544,9073.04105323553,128.26936955985954,70.7342765023992,22.050995936070738,0.0153489942031594,4.248347012311862,558.6449957049914,600,14.46082618543257
2209,2325.517507742389,1889.9245131546145,276.444376243376,-14.76053085379536,9022.422857680069,130.31467605598283,69.23566194343344,22.057070182207855,0.0156812251016973,4.248347012311862,558.6449957049914,600,14.466374244343207
1402,256.71088320835423,1176.6735058142003,276.5595974934316,-15.056295969115132,9005.205757593038,142.44469620909243,63.218961444337886,22.059144025084002,0.0171736449823827,4.248347012311862,558.6449957049914,600,14.468268438649549
647,272.43037869713805,527.0394433282773,276.65667168240225,-15.05138484422687,8982.906750931987,128.80470134269547,69.74051923021216,22.06183589742497,0.0155677074387147,4.248347012311862,558.6449957049914,600,14.470727125042966
1834,2647.6855220450784,1544.9111592124978,276.49451323314133,-14.71265954144211,8968.593732867565,131.7479678114977,68.07386771763832,22.063567247427603,0.015948851393362,4.248347012311862,558.6449957049914,600,14.472308495239812
2106,2980.039673885675,1786.9921907910891,276.45698162932376,-14.665735218842192,8920.679536752927,149.4610904806609,59.68563127744068,22.069383280427616,0.0181903077300677,4.248347012311862,558.6449957049914,600,14.477620708966729
939,729.5714522585565,766.8089437035949,276.6188789542784,-14.986311398438954,8906.344218405255,135.81853171417166,65.57532397087418,22.071129435894214,0.0165565327665361,4.248347012311862,558.6449957049914,600,14.479215602090438
342,2710.8101778290998,281.78284329098005,276.68275482643475,-14.698396283435205,8888.391289366526,137.65989369840474,64.56776226225959,22.07332021323324,0.016814892787985,4.248347012311862,558.6449957049914,600,14.481216601302954
1997,2439.146204610024,1692.6164628300448,276.47335042166924,-14.743335999712576,8860.63774456334,135.4824521179411,65.40063016315882,22.076715672545923,0.0166007574742237,4.248347012311862,558.6449957049914,600,14.484317925791654
1232,2304.0860695285423,1023.2399383509904,276.5738464236466,-14.760080624942338,8859.04756723094,129.73346430967658,68.28652587341847,22.076910542045695,0.0158991834203506,4.248347012311862,558.6449957049914,600,14.484495914539593
775,1225.8339306199148,626.2353639184346,276.6377674984968,-14.91406991894315,8823.150344198919,139.03950303419066,63.45786738053323,22.081318927070654,0.0171089897094943,4.248347012311862,558.6449957049914,600,14.488522419107753
1675,1239.1714250735126,1404.633889382406,276.52140698313747,-14.915314645805683,8810.22518040298,131.4986717789328,66.9985868390684,22.082910604260242,0.016204819403249,4.248347012311862,558.6449957049914,600,14.48997621577901
295,2916.144457097115,238.01085569129964,276.6883828193221,-14.668612091966622,8795.229942827835,175.91514053209792,49.997003761157416,22.084760130575503,0.0217153012845837,4.248347012311862,558.6449957049914,600,14.491665525155387
1876,343.56361976301577,1579.8737747744135,276.49894929215856,-15.045385170461165,8772.143524868472,138.6932987012911,63.248503042395456,22.087613804096197,0.0171656236555077,4.248347012311862,558.6449957049914,600,14.494271996550705
607,1354.223889249443,490.56530758480966,276.65748599804306,-14.894980754732185,8770.55359082023,134.34067396922177,65.28591328066148,22.087810609519295,0.0166299274291012,4.248347012311862,558.6449957049914,600,14.49445175352081
1814,74.23636900422645,1522.306683524124,276.508671274759,-15.084071391961274,8765.33605056972,132.41998943380915,66.19345076259141,22.088456698498273,0.016401924774914,4.248347012311862,558.6449957049914,600,14.495041874440503
1626,118.2877112269351,1363.59243008028,276.53222352447136,-15.077059847308345,8733.615912979236,141.68874360354934,61.6394477843366,22.092392904460183,0.01761372041811,4.248347012311862,558.6449957049914,600,14.49863710289653
2001,2049.040274517403,1693.685316877149,276.4748330236592,-14.799610694964665,8725.917864859395,129.20986006575646,67.53291010777869,22.093350324079474,0.0160766061801169,4.248347012311862,558.6449957049914,600,14.499511585149982
522,39.318275997893736,422.8642795686783,276.67324439403734,-15.084652667455616,8692.520834331866,137.33398236578233,63.294755490158025,22.097513775262982,0.0171530799288547,4.248347012311862,558.6449957049914,600,14.503314373498732
1226,1663.2704824226305,1015.9468103063432,276.57767676967586,-14.85251062088907,8691.180105591891,129.86991032899672,66.92219994280974,22.097681251422596,0.0162233160435224,4.248347012311862,558.6449957049914,600,14.503467341880103
1943,2778.8369955810235,1643.606654913585,276.4792283760769,-14.69415353125177,8682.077762197237,133.39273950042252,65.08658413278735,22.098818947616504,0.0166808569610135,4.248347012311862,558.6449957049914,600,14.504506484082071
946,1688.6569963168815,771.0552208731418,276.61414592240953,-14.847848393831592,8681.120481417165,134.16249338838514,64.70601628046902,22.09893866685112,0.0167789652710811,4.248347012311862,558.6449957049914,600,14.504615832526532
270,676.7907365771849,218.0701446393256,276.7011321955171,-14.991705064074848,8652.633065374626,133.2870980773243,64.91725898597436,22.10250740881354,0.0167243660154315,4.248347012311862,558.6449957049914,600,14.50787542889412
1740,469.5596979469802,1459.4850352322117,276.5164254521952,-15.026691032178288,8640.5951566546,139.4260428277516,61.97260555783888,22.104018982623842,0.0175190310335865,4.248347012311862,558.6449957049914,600,14.509256061215893
196,197.9645782514007,155.59476830013438,276.7125364125245,-15.060638200971068,8639.712807790434,139.83215921867674,61.78630764243014,22.104129860058414,0.0175718543707639,4.248347012311862,558.6449957049914,600,14.509357333789474
485,1811.2250468736877,394.2046547690098,276.66990211020175,-14.82862371390148,8632.654050890647,141.3094775670145,61.09041091597486,22.10501728312163,0.0177720199245884,4.248347012311862,558.6449957049914,600,14.510167883003689
491,869.3230515849377,399.8701919257881,276.67312774876314,-14.9646330919891,8482.212616495206,127.29355220802056,66.63505314576928,22.124105240071792,0.0162932262937488,4.248347012311862,558.6449957049914,600,14.527602327912994
1125,802.5250021069821,925.9091010242896,276.59478832178814,-14.976420835919244,8474.723968470527,134.56818296525338,62.97717470599102,22.12506422187525,0.0172395793407467,4.248347012311862,558.6449957049914,600,14.52847823702496
1826,291.8791197452056,1536.4346045979858,276.5056581495999,-15.052676673092208,8420.41107410955,133.20026639568323,63.21617292487967,22.132044891610335,0.0171744025265519,4.248347012311862,558.6449957049914,600,14.534854199745546
2153,1505.9801723057838,1838.38397715516,276.45549378219533,-14.878567301291902,8388.334762905026,136.2047096372726,61.58623138101494,22.13618874089009,0.0176289403597877,4.248347012311862,558.6449957049914,600,14.538639084223703
936,1301.976833049826,765.2252018448676,276.61667419861163,-14.903642193537214,8376.777511910943,139.52772553417552,60.03665206926318,22.1376856742376,0.0180839530949768,4.248347012311862,558.6449957049914,600,14.540006344326404
1859,713.1441663549285,1565.3318912598647,276.49959020905806,-14.991933412869558,8299.180181957316,137.12012471073422,60.52488793650892,22.14779014201802,0.0179380753441279,4.248347012311862,558.6449957049914,600,14.549235503178533
1445,1974.242019556584,1218.0939930211348,276.54616293869,-14.80846040845755,8240.943039224483,129.90302448770163,63.43919298048893,22.15543584510921,0.0171140260301532,4.248347012311862,558.6449957049914,600,14.556218890121638
1237,716.4578447928504,1026.62992353842,276.58009745421424,-14.989262497811362,8227.979253477824,152.88915214638945,53.81663210218889,22.157145156039565,0.0201740606498458,4.248347012311862,558.6449957049914,600,14.557780130401355
779,1280.7065303390068,628.8078388549459,276.63714760883283,-14.906157694957232,8207.846273330273,130.90711291699267,62.6997730714206,22.159805091356272,0.0173158521445251,4.248347012311862,558.6449957049914,600,14.560209646344973
1165,1243.91593296044,963.1154401214444,276.5873547830296,-14.912830870001889,8169.4270624221535,128.78265592271325,63.4357709420506,22.164899126719128,0.0171149492451475,4.248347012311862,558.6449957049914,600,14.564862406152198
1078,1292.0303841191917,882.8457500192239,276.59914311882767,-14.905557236537344,8080.276780498098,130.61864740665405,61.86158669475296,22.17681253275276,0.0175504712699535,4.248347012311862,558.6449957049914,600,14.57574380229731
563,86.31740226667064,456.2403713823157,276.66805236570406,-15.077994973426362,8038.362951772753,130.22388946345515,61.72725284809256,22.18245909656372,0.017588665458219,4.248347012311862,558.6449957049914,600,14.580901227261442
1121,1555.849294114146,922.8024010837828,276.5920481640452,-14.86763545913533,8008.9043889180175,125.80459901528572,63.66145953014728,22.186445353348848,0.0170542744073572,4.248347012311862,558.6449957049914,600,14.58454217084153
1189,3014.9801998023486,982.5393576692668,276.5768571461211,-14.657406513318454,8002.3466526306,125.95819330577818,63.5317675064136,22.187334724465213,0.0170890885396883,4.248347012311862,558.6449957049914,600,14.585354499356974
1188,1517.3426450527345,982.7878252122722,276.58325187014015,-14.87343811985362,7997.894420165045,125.3039414153255,63.82795568780767,22.187938959124256,0.0170097880826753,4.248347012311862,558.6449957049914,600,14.585906391626164
2048,1923.4185452922893,1739.8078756517264,276.46847319501103,-14.817923457659736,7985.27798331494,137.96295660438852,57.87986992923673,22.189653027490966,0.0187578168597711,4.248347012311862,558.6449957049914,600,14.587471977224887
410,483.4534163304669,337.7969288424888,276.6840651743995,-15.0201236692345,7884.365732687584,124.19230318144946,63.48513982519705,22.203461221642506,0.0171016398954057,4.248347012311862,558.6449957049914,600,14.600084023703229
1706,1798.1958729405912,1430.0317884958904,276.5152595810767,-14.834727819602804,7883.217754826357,132.73113580646165,59.392377733594174,22.203619318300678,0.0182801235011996,4.248347012311862,558.6449957049914,600,14.600228425091206
367,866.8848385637634,301.1091044572369,276.68789957376936,-14.964583686807924,7883.151445921103,127.13254374846775,62.00734456724118,22.203628450901622,0.0175092161674922,4.248347012311862,558.6449957049914,600,14.600236766572092
360,1444.9881488503377,297.41954473277065,276.68594957991974,-14.881091134785423,7875.404038007022,128.18427725294038,61.43814363805972,22.20469601600321,0.017671432366121,4.248347012311862,558.6449957049914,600,14.601211852852899
2200,1152.818772254646,1883.4074058653132,276.4502329410716,-14.929733892643489,7862.3513105934835,129.41132089144617,60.75474121146359,22.20649701260779,0.0178702102642673,4.248347012311862,558.6449957049914,600,14.60285683644996
185,2344.211253811884,147.81814446946814,276.7043636360549,-14.750720708485822,7857.498806334974,125.80740057575808,62.45657068165385,22.207167316673715,0.0173832791033933,4.248347012311862,558.6449957049914,600,14.603469074802149
1318,43.870125369202015,1102.9237630416014,276.57151636036923,-15.086756210828124,7828.700092100247,139.33178533036724,56.187467012912734,22.211153985723158,0.0193228144587918,4.248347012311862,558.6449957049914,600,14.60711039493377
1316,1300.1714257012754,1101.91967047855,276.56637731544595,-14.905274272030814,7764.642872145865,124.5509629411427,62.34109065712397,22.220074412121924,0.0174154797190082,4.248347012311862,558.6449957049914,600,14.61525808109122
2234,814.4482531795143,1917.8651910091896,276.44648097385,-14.978737065650602,7744.318481404043,126.86097815747117,61.045709988071394,22.22292011390653,0.0177850335463728,4.248347012311862,558.6449957049914,600,14.61785727130951
590,728.1283481453439,475.5794868346967,276.6624176876142,-14.985335648784668,7734.208078491094,163.00394537285433,47.44798084978808,22.224338495947734,0.0228819009904158,4.248347012311862,558.6449957049914,600,14.619152784685944
1655,2827.11157217114,1382.0807479621965,276.5180484351965,-14.686123697673418,7731.913766766491,127.24102352100928,60.76588786233587,22.224660621603746,0.0178669322245341,4.248347012311862,558.6449957049914,600,14.61944700590712
1747,1067.8106818897509,1463.3169635386353,276.5133569798231,-14.940296321496042,7704.138676261355,127.23104783256048,60.552347933188535,22.228567896991567,0.0179299405730381,4.248347012311862,558.6449957049914,600,14.623015809926969
986,1185.7549877968872,806.7022623604117,276.6109734823369,-14.920591568404316,7691.1324048026,131.39276446565094,58.53543333288521,22.230402406185583,0.01854774002997,4.248347012311862,558.6449957049914,600,14.624691403054207
1973,36.47703369995159,1671.2200017094108,276.4865574258887,-15.090133932709897,7691.066096877097,134.17169825368478,57.32256650978088,22.2304117667351,0.0189401847493124,4.248347012311862,558.6449957049914,600,14.624699952737405
1120,1237.0352083306532,922.7520608453656,276.5934149193833,-14.913659937035268,7668.769625313813,128.0821330441985,59.87384378325022,22.233563897246906,0.018133126777869,4.248347012311862,558.6449957049914,600,14.627579027009133
253,2161.709697150316,205.04425211289757,276.6966207256406,-14.77728110383472,7660.544022716116,125.0947535040866,61.2379321125235,22.23472909428162,0.0177292074135528,4.248347012311862,558.6449957049914,600,14.628643287765968
1751,2267.857441894585,1464.6433304970612,276.5081052312415,-14.7671092430214,7577.320996431052,123.50536694504906,61.352159698472136,22.24658891205032,0.0176961985582234,4.248347012311862,558.6449957049914,600,14.639475737779488
726,3071.949608421593,585.0414640707216,276.63591688985946,-14.647569436620572,7553.886194590654,196.07545146735285,38.525405082891766,22.249952032101803,0.0281814038726911,4.248347012311862,558.6449957049914,600,14.642547524425595
2006,1909.883278352278,1697.8079825320658,276.4748015528052,-14.819704890680352,7537.023743273749,124.61511446754164,60.48242041487599,22.252378417467664,0.0179506705014894,4.248347012311862,558.6449957049914,600,14.64476372190028
2085,2087.446181178498,1777.2575775981293,276.4621939675309,-14.794411449728983,7521.1318741121795,125.34855532463962,60.00174357521103,22.254670117003037,0.0180944741820559,4.248347012311862,558.6449957049914,600,14.646856900829931
456,2633.7113938397965,369.062312141244,276.6700667272948,-14.709870186663466,7481.218141627556,130.75975354074387,57.21346162752179,22.26044733012335,0.0189763032879964,4.248347012311862,558.6449957049914,600,14.652133657485365
1209,204.25398283370023,1003.5161643461896,276.58571004986635,-15.063172880526905,7451.261258939572,301.4193236514607,24.72058250504094,22.264803648304415,0.0439188680031551,4.248347012311862,558.6449957049914,600,14.656112605548454
202,289.72874688362447,160.76608502933644,276.711368188628,-15.047397642575952,7317.890107185289,130.20281424799566,56.203778308869694,22.28441341746955,0.0193172066481634,4.248347012311862,558.6449957049914,600,14.674023660203833
244,2657.090964710569,197.92330118758443,276.69550735357745,-14.705800304103905,7302.073582794983,119.03209583655423,61.34541722949776,22.28676261343579,0.0176981435457243,4.248347012311862,558.6449957049914,600,14.676169354882497
1985,2141.2261787119974,1684.412268109738,276.4758300277733,-14.786273762663226,7202.36294739641,129.12407321651887,55.77862259130632,22.301690618680645,0.0194644462262002,4.248347012311862,558.6449957049914,600,14.689804207775701
502,2747.1830611577057,405.9984589267183,276.6640566294051,-14.69365868429836,7179.399843053659,122.48070860789252,58.61657664014386,22.30515777292438,0.0185220642731369,4.248347012311862,558.6449957049914,600,14.692971016555308
984,1231.729437038856,804.9636513477758,276.61103699973444,-14.913946348106334,7176.479064179177,130.42920297686254,55.02202651236201,22.30559957038372,0.0197320976492218,4.248347012311862,558.6449957049914,600,14.693374542898436
552,149.1982531755761,446.9673557181701,276.66917111393803,-15.068869073821226,7172.357193724311,124.50482602842564,57.60706169001668,22.30622335115964,0.0188466477572167,4.248347012311862,558.6449957049914,600,14.69394428808393
388,1557.8466971735195,322.0948968031866,276.681773434769,-14.86490001218526,7149.942027707235,127.83486756236638,55.93107861764722,22.30962182465533,0.0194113903545826,4.248347012311862,558.6449957049914,600,14.697048365649227
1304,1598.297982538761,1092.500569147422,276.5665188518445,-14.862200236502137,7129.848894645344,124.0185957781835,57.49015984181606,22.312677311468683,0.0188849709756817,4.248347012311862,558.6449957049914,600,14.699839168072849
654,382.11442361555646,531.0469548267366,276.6556048660208,-15.03555136099778,7110.989593869483,132.35004734381494,53.728651682282894,22.315553018209645,0.0202070955813322,4.248347012311862,558.6449957049914,600,14.70246576404022
1646,621.3136356983546,1376.565386276759,276.52818884901694,-15.004430176327528,7088.996461307339,124.3649816789611,57.00154790845427,22.318916227057827,0.0190468511792637,4.248347012311862,558.6449957049914,600,14.705537631790929
586,1904.8565952471224,473.7180870194926,276.65762052600365,-14.815436128280318,7081.519107102766,124.1452350607248,57.04221433580507,22.32006204774304,0.0190332723342142,4.248347012311862,558.6449957049914,600,14.706584194692578
765,2440.3829081206127,618.2110958892727,276.633721148942,-14.738768297434865,7078.658635816537,119.13927693089514,59.41498738423938,22.320500702869655,0.0182731672225852,4.248347012311862,558.6449957049914,600,14.70698485091048
2138,2659.2771067077506,1825.323062099816,276.4526161659321,-14.712135352529238,7064.252078918158,124.36024759075131,56.80474440807986,22.32271265571813,0.0191128401564565,4.248347012311862,558.6449957049914,600,14.709005191284227
2126,1486.490790773858,1811.1192882156856,276.45964748480634,-14.881269158223272,7003.064564993954,143.14221448333743,48.92382439569671,22.332157800060806,0.0221916420764419,4.248347012311862,558.6449957049914,600,14.717632141205204
315,708.4687133315773,256.16791021230813,276.69530042448935,-14.987283708697287,6995.615374732763,119.85653640914538,58.36657377493663,22.333313317061116,0.01860140024985,4.248347012311862,558.6449957049914,600,14.718687560469625
757,2653.702724440975,613.4457397107045,276.6335044086332,-14.707985123785278,6930.267934642907,120.36520088387606,57.5770063419657,22.34350306241389,0.0188564857566878,4.248347012311862,558.6449957049914,600,14.727994609645016
325,618.7542480606223,262.3010426748603,276.6947702403142,-15.000269052996725,6912.982014937035,127.84553709162503,54.07292403161951,22.346214558439762,0.0200784407250684,4.248347012311862,558.6449957049914,600,14.730471219803363
1601,1023.747177922202,1342.1098217553674,276.5316538620795,-14.946165507788306,6855.735954041127,132.40286231784538,51.7793636332672,22.355242919566525,0.020967812731141,4.248347012311862,558.6449957049914,600,14.738717490742513
1207,67.16676706129086,998.1094452082968,276.5870941509906,-15.08296330319506,6834.02842465241,125.74906548646,54.34655437171628,22.358686173909646,0.0199773474611489,4.248347012311862,558.6449957049914,600,14.741862469972641
2077,2201.269604911595,1769.3930363517109,276.46289055808035,-14.77795959629862,6814.437398454116,128.5479293791692,53.01086864148568,22.361803110467367,0.0204807057085335,4.248347012311862,558.6449957049914,600,14.74470939899932
104,2163.6500821189293,83.83123131157461,276.71471095768817,-14.776507089876697,6804.401862666127,121.19010922495244,56.14651151139597,22.36340323898088,0.0193369092891841,4.248347012311862,558.6449957049914,600,14.746170914890701
1949,2192.016853874836,1648.583142882231,276.4809653692348,-14.778800594627198,6796.434636330232,119.6505441284814,56.80237132087075,22.364675264723484,0.0191136386519321,4.248347012311862,558.6449957049914,600,14.747332750219151
1698,1047.6121938359736,1420.1874528584203,276.5198863909406,-14.943037310374423,6790.182223018492,131.0972455620235,51.79500296828117,22.365674552780128,0.020961481567341,4.248347012311862,558.6449957049914,600,14.748245474017597
304,1553.6082973073949,249.06133131248257,276.692701904058,-14.86521443938848,6785.805697540985,119.19680585195924,56.929425659013546,22.36637457584355,0.0190709810863532,4.248347012311862,558.6449957049914,600,14.748884856931461
1338,812.136452680104,1121.3618579472718,276.56553441115625,-14.975827885286094,6745.6882112358,122.54098754027976,55.048423769381344,22.37281246588555,0.019722635557167,4.248347012311862,558.6449957049914,600,14.75476505875518
1098,2348.276070016624,905.9430744752736,276.5911671337116,-14.753227734859196,6739.269289603049,118.65057410955755,56.799297771456686,22.373846100012777,0.0191146729378333,4.248347012311862,558.6449957049914,600,14.755709153363867
1499,1072.718143659442,1257.7978204962124,276.54404700809533,-14.938750531422556,6724.42855324538,133.0538302835554,50.53915801532904,22.37623966699308,0.0214823523508384,4.248347012311862,558.6449957049914,600,14.757895375376197
1429,2331.034190093293,1202.6543897904526,276.54694722705267,-14.756926348722184,6716.762008747552,120.54053327348768,55.722020023822736,22.377478224811444,0.0194842182594211,4.248347012311862,558.6449957049914,600,14.7590266419705
666,2573.4151039684307,536.4315079673994,276.6453491303327,-14.71924860399028,6689.235469085572,117.09184172098912,57.12810876290541,22.381936916192412,0.0190046550377836,4.248347012311862,558.6449957049914,600,14.763099095059747
1796,434.3259947085569,1507.3136998955786,276.509421396086,-15.031976115028158,6662.345116288925,124.74617784003986,53.40720839424795,22.386310311368945,0.0203287165280283,4.248347012311862,558.6449957049914,600,14.767093640807676
1733,216.9881240692121,1453.2561092056346,276.5184058166014,-15.063160520257057,6659.529414635326,127.21580395327597,52.34828698705744,22.386769272195448,0.0207399336728712,4.248347012311862,558.6449957049914,600,14.76751284372531
425,959.1694196624084,349.69742930161004,276.6802395451785,-14.95145257915577,6657.506465208484,118.60574502336188,56.131399570038944,22.38709913380577,0.0193421152566363,4.248347012311862,558.6449957049914,600,14.767814130766553
894,2846.1650022987224,735.0846771906577,276.61451351986244,-14.680731511748451,6655.087013434095,123.01400451669085,54.10023874583416,22.38749378063702,0.0200683033045506,4.248347012311862,558.6449957049914,600,14.768174590948647
1114,469.2900243128783,920.3465068725824,276.5970293694104,-15.02453751970321,6646.762397301849,126.8681680429028,52.39109620511052,22.38885274028637,0.020722986893603,4.248347012311862,558.6449957049914,600,14.76941582945324
2040,473.9728461280154,1735.2521315720178,276.4751806361358,-15.027175430299954,6619.548029829573,123.87882196074592,53.43567144937124,22.393307281835668,0.0203178882299377,4.248347012311862,558.6449957049914,600,14.773484492193848
513,1446.0648154319335,416.64056155779065,276.6681337282341,-14.881421078517596,6586.020674127212,119.4352740698707,55.14301135420288,22.39882040178781,0.0196888050423319,4.248347012311862,558.6449957049914,600,14.778520032997662
67,2188.676534836503,50.7034818342504,276.7195472597621,-14.772761559963415,6556.700422604918,131.0114588495401,50.04677056634374,22.403664773237004,0.0216937074603197,4.248347012311862,558.6449957049914,600,14.782944756260175
2084,837.9671031670089,1777.656813284639,276.4673383459577,-14.97476917679484,6542.198677284236,128.4858710435751,50.91765051011325,22.406068803719183,0.0213226649133066,4.248347012311862,558.6449957049914,600,14.78514053536379
2100,541.3238739319348,1786.1564935614736,276.467293081749,-15.017652474796524,6526.249564465776,125.3376422261199,52.0693500256839,22.408718932869608,0.0208510380764204,4.248347012311862,558.6449957049914,600,14.787561094609405
239,1636.7481166664377,192.62714817651624,276.7007699376082,-14.852984040720326,6516.971271489223,120.53973657390034,54.064920471215785,22.41026360966821,0.0200814130592872,4.248347012311862,558.6449957049914,600,14.788971962342302
999,1420.2931156694185,819.5403820772477,276.608053343777,-14.886782337752097,6499.014911686711,127.80029283041412,50.85289530839059,22.41325929236747,0.0213498168278505,4.248347012311862,558.6449957049914,600,14.791708141238892
1259,558.6601305162364,1051.621717310918,276.5770268513713,-15.01215949021458,6494.35179399373,126.7522353730361,51.23658588647872,22.414038600154033,0.0211899364724556,4.248347012311862,558.6449957049914,600,14.79241994076294
725,2574.59691280056,585.1293624930231,276.6380753120207,-14.719276984377691,6489.159687824023,118.23847814116596,54.8819621991122,22.414906972004864,0.0197824559563135,4.248347012311862,558.6449957049914,600,14.79321308909378
1728,850.8861369126989,1445.101900613832,276.51698603275884,-14.971549013153863,6465.439197637548,121.18919762312451,53.34996290464635,22.41888304629326,0.0203505296140598,4.248347012311862,558.6449957049914,600,14.796844732245393
545,1091.454933740534,439.59181575183936,276.66623509029966,-14.932714215780324,6427.681953984255,123.26847944584948,52.14375956351329,22.42524217735765,0.0208212834879612,4.248347012311862,558.6449957049914,600,14.802652997661259
884,2792.960777394864,725.6346556372552,276.61615512047564,-14.688363721607464,6421.496336466575,137.1569494193169,46.818599886140255,22.426287528158255,0.0231895016647304,4.248347012311862,558.6449957049914,600,14.803607793975587
66,1133.971071312167,50.43125250936533,276.7242059236067,-14.924991699677784,6388.204496860679,123.7906246334527,51.60491366592842,22.431931100547285,0.0210386942419559,4.248347012311862,558.6449957049914,600,14.808762486652501
1691,2348.7375690134013,1415.057163651852,276.5151644173281,-14.75524066239324,6357.0514432998025,122.17363640966953,52.03292322398836,22.43723881122171,0.0208656353079826,4.248347012311862,558.6449957049914,600,14.81361041194851
448,1180.8154216136925,365.1927386273931,276.6769672649166,-14.919507790486827,6342.815190351335,120.84782495901152,52.48596896553707,22.43967298193648,0.020685528368789,4.248347012311862,558.6449957049914,600,14.815833720359006
844,2222.437545157027,686.0566580037231,276.6245377571698,-14.770482091580185,6295.586387472635,113.7428603015645,55.34928848088798,22.44778765681399,0.0196154283062715,4.248347012311862,558.6449957049914,600,14.823245453970845
728,948.719354244512,587.9965102654332,276.644669822525,-14.953931089843374,6264.365427445795,117.06699152393466,53.510945706373846,22.453185415812747,0.0202893069010118,4.248347012311862,558.6449957049914,600,14.82817562707126
1295,642.0535450763815,1079.814206545958,276.5724611951359,-15.000226829156674,6252.328501243901,129.76105099719956,48.183399049217286,22.455273655834368,0.0225326569196789,4.248347012311862,558.6449957049914,600,14.830082971356951
437,1445.8523344364155,357.6253969063061,276.6769512777575,-14.881211479421957,6247.426428063074,115.83138366461884,53.93552447022504,22.456125249907014,0.020129590110862,4.248347012311862,558.6449957049914,600,14.830860795300257
1199,1195.5894456635435,991.8122393837936,276.5832723578622,-14.919925342945753,6204.021238773654,139.43594122077,44.49370215783016,22.46369493620222,0.0244012061785453,4.248347012311862,558.6449957049914,600,14.837774750473095
1519,1204.0568938057131,1277.8568637456854,276.54049665787915,-14.919867929940445,6196.521213316126,120.13746894794303,51.578589657163086,22.46500827393728,0.0210494316966889,4.248347012311862,558.6449957049914,600,14.838974319104196
200,1307.1277004014537,157.60586772027446,276.707437574177,-14.900425174980796,6143.167329649965,130.67086701740536,47.0125244430474,22.47439726361091,0.023093846009381,4.248347012311862,558.6449957049914,600,14.847549978806615
700,72.475761198308,567.1399414367241,276.65152544571094,-15.08044581963106,6105.060074126697,125.27834780857084,48.73196510745349,22.481153271500357,0.0222790112733201,4.248347012311862,558.6449957049914,600,14.853720741223093
1277,2424.492864324112,1062.911406529391,276.5674075058057,-14.742875855390974,6101.703287636221,119.35556745369232,51.122066760761406,22.481750413364786,0.0212374042911998,4.248347012311862,558.6449957049914,600,14.854266155117603
308,1495.7968560312852,251.37055906076185,276.69260834411074,-14.873569009902058,6094.20575200551,116.63573671053965,52.24990147856471,22.483085344099305,0.0207789865488149,4.248347012311862,558.6449957049914,600,14.855485446234482
339,819.9165034738612,279.9658647082297,276.69126244719973,-14.971281812724124,6087.2427393972175,117.39293313463789,51.85357054172727,22.484326575092766,0.0209378059920931,4.248347012311862,558.6449957049914,600,14.856619154437603
1309,372.3971728645071,1095.0746748969457,276.5713135530187,-15.039247634925982,6052.715437239385,128.1270584466798,47.23994689816616,22.490502484851007,0.0229826676634589,4.248347012311862,558.6449957049914,600,14.862260070263535
1843,2900.933461482506,1550.5508432769025,276.4925952990577,-14.676170559961374,6040.909891802818,120.36673963209208,50.1875344490281,22.492622231712694,0.0216328618633909,4.248347012311862,558.6449957049914,600,14.864196192079937
1055,1445.6660917991148,862.5341470039103,276.60152193146166,-14.883294694097613,5973.085436729831,124.10418621308676,48.12960480216235,22.5048813090249,0.022557841570958,4.248347012311862,558.6449957049914,600,14.875393315407315
1205,1685.3401555490418,996.836709528833,276.5804369504112,-14.849247497685582,5968.304726515838,127.90929587203624,46.660445480731,22.505750653442952,0.0232681018968915,4.248347012311862,558.6449957049914,600,14.876187352055833
369,60.447182743796006,302.97443223827497,276.6910851338996,-15.081112055419949,5968.229486663593,121.51804700214512,49.11393520468806,22.505764340938864,0.0221057424023389,4.248347012311862,558.6449957049914,600,14.876199853859667
2018,1761.890918612347,1709.474348040329,276.4736794862015,-14.841107405687051,5916.269539735687,125.82834952520123,47.01857381154603,22.515258246388832,0.0230908747753933,4.248347012311862,558.6449957049914,600,14.884871340911626
1113,278.7595340177338,920.8088968310724,276.5977639924752,-15.052069952737426,5915.619939125201,125.97562176733692,46.95845002496355,22.515377465707676,0.0231204394400333,4.248347012311862,558.6449957049914,600,14.884980232745985
1925,704.5822880505725,1628.2506273001163,276.4902213348165,-14.993426271660256,5914.891946417687,118.46248923265206,49.93050529945603,22.51551108765878,0.0217442221641571,4.248347012311862,558.6449957049914,600,14.885102279571178
348,1910.1184151397024,288.27676640019973,276.6852916955067,-14.81392109674481,5901.674528575793,113.69584468985845,51.90756570457335,22.517939988659705,0.0209160261180258,4.248347012311862,558.6449957049914,600,14.887320774761701
875,1877.7297862958949,715.0868495012435,276.62169157448915,-14.820334507133548,5862.520967695746,120.96104529459495,48.46618970113767,22.525167103436644,0.0224011833134576,4.248347012311862,558.6449957049914,600,14.893921833992962
1732,625.0476532611218,1452.285743059699,276.51685444815246,-15.004198892875737,5825.227231849975,126.95202160142314,45.88526561742183,22.532095948231667,0.0236611902620822,4.248347012311862,558.6449957049914,600,14.900250461157167
790,3045.132997851156,640.957059041521,276.62769140892465,-14.651663491608293,5814.578861788032,140.9617659834726,41.24933325870631,22.53408246313237,0.0263204254282303,4.248347012311862,558.6449957049914,600,14.902064892355238
1451,1377.967649060938,1221.9923993719938,276.54810917587264,-14.89453231780735,5810.420023841027,120.41547877038978,48.25309904651404,22.534859306410524,0.0225001092459041,4.248347012311862,558.6449957049914,600,14.902774440861215
2026,2354.628667750094,1713.7243522096303,276.4705559417281,-14.755611716493563,5790.925914896652,118.672175792271,48.79767204263065,22.538508103695346,0.0222490121875385,4.248347012311862,558.6449957049914,600,14.906107157684371
900,2750.996512263072,737.7936715583614,276.61452296887234,-14.69446394110245,5778.849856194167,120.86352979960448,47.813015768906304,22.54077459859807,0.0227072060304142,4.248347012311862,558.6449957049914,600,14.908177315356138
1196,1411.1637128803711,988.696967265949,276.58282132863906,-14.88878941824058,5777.264636817272,123.26971008668484,46.86686317956475,22.541072472088644,0.0231656212160022,4.248347012311862,558.6449957049914,600,14.908449385278285
2042,2044.6491864717243,1735.5032002811658,276.4686076622901,-14.800415028301863,5774.20274080243,122.36556649448006,47.188133935235,22.541648054623348,0.0230079028234112,4.248347012311862,558.6449957049914,600,14.908975107440078
2291,140.02474946963014,1965.2958717157308,276.4421567412144,-15.07636464611304,5773.050422775792,117.69087610253548,49.05265908417704,22.5418647491718,0.022133356687899,4.248347012311862,558.6449957049914,600,14.909173030621538
828,1677.1226149865156,670.8968093773458,276.6291556114987,-14.84910491788584,5756.48352628958,112.2128047465649,51.29970273259567,22.544984960582692,0.0211638653280177,4.248347012311862,558.6449957049914,600,14.912022950814183
1486,3037.2565198381003,1247.624774356835,276.5372101331968,-14.655279852541332,5755.271001326793,130.1840716766704,44.20871867966137,22.545213680236674,0.0245585041237462,4.248347012311862,558.6449957049914,600,14.912231857415211
1105,912.2986623321582,915.6704088787792,276.595853172082,-14.960524343346007,5741.924352951522,126.1487648938799,45.51708736729845,22.547734459507794,0.023852580707526,4.248347012311862,558.6449957049914,600,14.914534271835233
478,566.6820091005854,390.9493411593024,276.67576143537275,-15.00831477588979,5715.609537823475,124.21342691612898,46.01442597411592,22.552721745256253,0.0235947743998964,4.248347012311862,558.6449957049914,600,14.919089529312792
1823,3003.27687999683,1532.9367694901473,276.4947875402214,-14.661345496950103,5692.878488934541,132.1305632971707,43.08525103409168,22.557048340568834,0.0251988783618999,4.248347012311862,558.6449957049914,600,14.92304132927855
2147,1919.296129997058,1833.51900218534,276.45449720114834,-14.818901010669656,5647.339343939559,128.46332270523317,43.96071364974514,22.56576841366822,0.0246970512956241,4.248347012311862,558.6449957049914,600,14.931006017927697
1880,744.755143259893,1587.0109733352342,276.496218508141,-14.987455710421974,5644.951094820921,130.1514185185161,43.37218263985219,22.566227666569446,0.0250321734789157,4.248347012311862,558.6449957049914,600,14.93142548761881
1968,1041.6228705127055,1666.3188621874845,276.483131904442,-14.944904938499349,5644.617090120737,132.69294948293606,42.53893754051054,22.566291910124153,0.0255224992153616,4.248347012311862,558.6449957049914,600,14.931484166015785
959,1462.9236827465031,787.773111463109,276.61261668086183,-14.88049888861704,5630.753212666779,119.9808822075374,46.93042015582918,22.568961892727224,0.023134248455373,4.248347012311862,558.6449957049914,600,14.933922858890227
683,662.8657572273793,550.1694743368431,276.6515470972148,-14.995066500711957,5591.9167936024605,118.99600675674183,46.9924743359982,22.57647637449244,0.0231036993761426,4.248347012311862,558.6449957049914,600,14.94078639167688
1693,1771.0047411338116,1416.8200992408847,276.5173474463565,-14.83859776872181,5584.590650069877,127.16130098195478,43.917375859990415,22.577899763767476,0.024721422415156,4.248347012311862,558.6449957049914,600,14.942086478530854
1181,2488.150394289134,978.7949420349732,276.57968987764224,-14.733351435906924,5549.623822345748,116.98733136874466,47.43781875708665,22.58471926158321,0.0228868027334795,4.248347012311862,558.6449957049914,600,14.948315230999647
1065,1166.0498438729342,872.6022046490258,276.601210521862,-14.923705136989334,5541.092113692313,128.87343642267652,42.99638674582053,22.58638970140948,0.0252509590263543,4.248347012311862,558.6449957049914,600,14.949840967420862
686,2638.4947578987817,555.1156287173927,276.64227656394064,-14.709939950066936,5517.992351463181,114.16494065569566,48.33351044349613,22.590925390548474,0.0224626763096222,4.248347012311862,558.6449957049914,600,14.953983748265664
1775,886.9366525297023,1491.4240518464755,276.5099125668211,-14.966531029040045,5512.322379916091,118.1854607989647,46.641290245444296,22.592041604197995,0.0232776579354179,4.248347012311862,558.6449957049914,600,14.955003268868648
1837,2350.3548180217963,1545.6182271695704,276.4956678803139,-14.755540965021757,5504.794055077655,119.76902306038464,45.9617513311624,22.593525436407397,0.023621815282393,4.248347012311862,558.6449957049914,600,14.95635856273153
1435,232.8739785664773,1207.7483507312998,276.5550505340991,-15.059866899570268,5501.526865235763,129.89026680879405,42.35518950264631,22.594170030805294,0.0256332225814304,4.248347012311862,558.6449957049914,600,14.95694731853962
1705,393.8280416303487,1429.715604527151,276.52119106318975,-15.03751178882446,5501.149029222783,120.58711456376092,45.61970861583248,22.59424459998153,0.0237989244767601,4.248347012311862,558.6449957049914,600,14.957015428091545
1287,1127.1743123579904,1075.8980558698704,276.57099810661657,-14.930146350023124,5495.467972784711,115.46889711305197,47.59262546176631,22.595366423030146,0.0228123577858128,4.248347012311862,558.6449957049914,600,14.958040072174207
1085,1611.574830624073,893.6503782864422,276.59616457985004,-14.859473338090526,5494.895839878474,113.8558244416683,48.26187739471924,22.595479464858677,0.0224960167032125,4.248347012311862,558.6449957049914,600,14.958143321649104
1094,214.0557587895842,905.719043568928,276.60029306483216,-15.061359023242858,5477.720137062075,131.9084259388774,41.52668867112624,22.598878526242046,0.026144632156883,4.248347012311862,558.6449957049914,600,14.961247936175763
2067,1143.6833612470232,1760.4240103113436,276.46864630585384,-14.93055155467528,5474.551595606958,120.65174463081964,45.37482331779329,22.599506742990872,0.0239273658961941,4.248347012311862,558.6449957049914,600,14.961821733063879
981,2409.433697608286,803.8283793982995,276.6061469731041,-14.743989810190955,5468.3452084653545,116.26573573104068,47.03316221311636,22.60073831815119,0.0230837126170782,4.248347012311862,558.6449957049914,600,14.962946621879393
605,1709.549439032107,488.2834383264714,276.65629159549394,-14.843680764924844,5460.240351336892,114.2899131073204,47.77534782277438,22.602348725716542,0.0227251092765974,4.248347012311862,558.6449957049914,600,14.964417526390175
1163,2819.782824659607,960.7272926604816,276.5809559958226,-14.685457320535392,5438.482773067313,114.48880740348282,47.502309582987856,22.606683732958725,0.0228557307956416,4.248347012311862,558.6449957049914,600,14.968377009594306
1014,3041.2653619654543,831.8462437036604,276.5992270031594,-14.653001362039287,5434.047699389455,155.3254620568162,34.98491250199368,22.60756951025631,0.0310333776006479,4.248347012311862,558.6449957049914,600,14.96918605560887
1749,535.4739749220037,1464.4258917364564,276.5154126209315,-15.017188332649056,5425.814079286007,119.73262954410208,45.316085514412535,22.609215855548285,0.0239583800691412,4.248347012311862,558.6449957049914,600,14.97068978470725
655,763.0268500705195,531.0200240651731,276.6539810302488,-14.98051995980604,5420.030230908655,121.11260116619611,44.751992597954754,22.610373853764344,0.0242603722643987,4.248347012311862,558.6449957049914,600,14.971747470249799
2122,2214.6310432913506,1806.2432815891636,276.45733313997164,-14.776182859702663,5419.070995033428,127.45246532048324,42.5183693497572,22.61056602414815,0.0255348456820863,4.248347012311862,558.6449957049914,600,14.971922993695202
1719,1664.137807157039,1438.2081936176826,276.51460383028416,-14.854107581154745,5405.137670417491,136.47316023642244,39.60586580580222,22.613361225868903,0.0274126061357544,4.248347012311862,558.6449957049914,600,14.974476058464688
530,938.7984085558998,425.9968242341809,276.66892396362874,-14.954704972336089,5370.793251042487,115.45224320047944,46.51960933938947,22.62028203968597,0.0233385450870651,4.248347012311862,558.6449957049914,600,14.98079735034188
669,857.1552115987414,540.3119243782318,276.652188971845,-14.966961688205798,5356.200940974813,121.53378163437932,44.071704746984175,22.623235972323716,0.0246348537283276,4.248347012311862,558.6449957049914,600,14.983495395814899
1989,2548.123132063043,1685.8139134985267,276.4739057511264,-14.72759252401864,5338.251475371188,118.49216029838884,45.05151616721577,22.626880554056896,0.0240990779526765,4.248347012311862,558.6449957049914,600,14.986824262262498
864,3053.264703651276,704.671438074373,276.6181495241584,-14.65075177111646,5336.438086200389,144.0115907591788,37.05561516311674,22.627249438282266,0.0292992032441185,4.248347012311862,558.6449957049914,600,14.98716119154843
583,2194.9232214186554,472.40112033868303,276.6565567008776,-14.773579701466153,5324.068310294242,110.1787508648422,48.32209721478283,22.629769078358258,0.022467981784281,4.248347012311862,558.6449957049914,600,14.989462565457167
438,268.343089026838,358.7463748400018,276.6818548410511,-15.051292026992504,5318.368970620737,121.54281304778397,43.75716537455692,22.630931966116947,0.0248119363013238,4.248347012311862,558.6449957049914,600,14.99052471698116
1241,1578.7256851010022,1029.9659127089594,276.575943043557,-14.864770287919198,5316.908015391207,121.51991785542668,43.7533871749056,22.63123025867638,0.0248140788657088,4.248347012311862,558.6449957049914,600,14.990797169669936
1450,293.18300873046314,1221.645037208535,276.55272059124434,-15.051208391580133,5309.18196837639,132.14615088185852,40.17659184884554,22.632809099144445,0.0270231980872015,4.248347012311862,558.6449957049914,600,14.992239241612623
460,43.31675635759486,374.0990389119682,276.68052079789913,-15.083876782581749,5309.112429564819,114.89625980349186,46.207878643265175,22.632823320035772,0.0234959931483078,4.248347012311862,558.6449957049914,600,14.992252230605999
2151,2444.5505292938674,1835.9662589384427,276.4519310199336,-14.743142836376617,5299.934915466001,117.65057165998438,45.04810168524348,22.63470178498899,0.0241009045749789,4.248347012311862,558.6449957049914,600,14.993967971783878
1596,299.4345263493723,1338.9875284764628,276.535149172006,-15.050782083722902,5297.929754207493,120.24111487059652,44.06088349986712,22.635112636848035,0.0246409039892101,4.248347012311862,558.6449957049914,600,14.99434323321815
1635,1678.2654569675872,1369.7691504037252,276.5247661302358,-14.851789457259793,5295.526337737392,145.32288402893565,36.43972780421138,22.63560529501338,0.029794404772544,4.248347012311862,558.6449957049914,600,14.994793214411278
1077,840.8568071989523,881.8510529651487,276.6012108949293,-14.970705060751367,5294.4155765934265,118.0026891283815,44.86690613324368,22.63583305709235,0.0241982363743944,4.248347012311862,558.6449957049914,600,14.995001246388117
805,2945.901914102755,652.2014083651803,276.6264469338692,-14.666014036146644,5290.026014649076,122.88390766570056,43.048972930127874,22.63673360655604,0.0252201138866235,4.248347012311862,558.6449957049914,600,14.995823784916144
1071,293.7379968371048,876.0375589034346,276.6043953978917,-15.049723551324062,5278.391764038475,122.14430473165976,43.214391171447865,22.639124074546682,0.0251235750537967,4.248347012311862,558.6449957049914,600,14.998007176391678
1568,1654.2659606091925,1318.538584237315,276.5325192829581,-14.855044160895874,5273.795534302539,132.9499595839607,39.66752265894467,22.64006990562496,0.027369997600674,4.248347012311862,558.6449957049914,600,14.998871073972271
2020,1112.2600906737384,1710.966930265671,276.47616664692663,-14.934887145735408,5238.269929967413,115.51762988898102,45.34606479549214,22.647408440910347,0.0239425406569773,4.248347012311862,558.6449957049914,600,15.00557390180671
1474,1343.4500068503785,1242.73063871407,276.5451567941002,-14.899599935376832,5237.123592999647,123.94875386268212,42.25232952968327,22.64764606817485,0.0256956246456723,4.248347012311862,558.6449957049914,600,15.005790944388206
1586,643.6425405937995,1330.3975948993573,276.53499678256327,-15.001016755381604,5231.867827833688,128.80502036995193,40.61850860165848,22.648736216169898,0.0267291940885212,4.248347012311862,558.6449957049914,600,15.006786657298303
1008,2200.041574020451,826.9236187415012,276.6036028632016,-14.77428768488796,5218.6574224490905,111.69798942997566,46.72114018418127,22.651481154381475,0.0232378746691544,4.248347012311862,558.6449957049914,600,15.009293812681886
1448,1772.2212097927884,1220.089116601262,276.5467234452285,-14.837619564748602,5208.243965241592,114.73548364438363,45.39348944032222,22.653649827670986,0.0239175267948357,4.248347012311862,558.6449957049914,600,15.011274622628754
1067,2664.540227523073,873.6394835547577,276.5946238587181,-14.707485157632789,5203.245239150536,118.27393858178714,43.99316790784354,22.654692387136823,0.0246788320012396,4.248347012311862,558.6449957049914,600,15.012226869410284
1396,1215.2940165274897,1174.4533833639382,276.5558992358289,-14.917824211849153,5194.706103381526,125.84710971183723,41.277913456068106,22.65647567129359,0.0263022015673225,4.248347012311862,558.6449957049914,600,15.013855674916815
606,187.1203556324701,490.70704797863306,276.6624683120372,-15.063565995550077,5186.358764890407,115.95795873531328,44.72619923164427,22.658221736785226,0.0242743630948157,4.248347012311862,558.6449957049914,600,15.015450485859727
57,2528.4795500490222,42.08704942550217,276.7193352439202,-14.72371190930947,5186.235725108767,117.99231820864074,43.95401161572374,22.658247494804726,0.0247008170606118,4.248347012311862,558.6449957049914,600,15.01547401256681
433,206.9598036670096,354.77255307670936,276.6827117776277,-15.060146808459011,5184.215411655139,117.17361029633297,44.2438822064475,22.658670528954424,0.0245389858632655,4.248347012311862,558.6449957049914,600,15.015860400989464
717,1523.8258713472665,578.7271677659318,276.6435838259002,-14.870855996017683,5153.007304512197,113.26042499642008,45.4969801205944,22.66522623074806,0.0238631222802533,4.248347012311862,558.6449957049914,600,15.021848209012155
1721,3077.4721327530283,1438.6800088913087,276.5085333781405,-14.650265117654913,5151.883260881645,161.38333337539126,31.923267125099773,22.66546309204465,0.0340096768838038,4.248347012311862,558.6449957049914,600,15.02206455197842
759,773.6164671452052,613.0419305484096,276.6416755553317,-14.97932385346286,5147.555831141595,131.85503668386997,39.03950854363763,22.666375461616784,0.0278102886153503,4.248347012311862,558.6449957049914,600,15.022897886686994
1443,2561.972607432247,1217.1863952384035,276.54379063842777,-14.723679367693778,5138.795281841245,116.5533867204211,44.08962644876012,22.668224834196856,0.0246248400689394,4.248347012311862,558.6449957049914,600,15.024587055645632
80,656.5742125048243,63.81110275011223,276.724279952629,-14.993998823905647,5124.326612978533,137.80836527831184,37.18443798843172,22.67128611870405,0.0291976982504822,4.248347012311862,558.6449957049914,600,15.027383153532469
1712,735.0388375513753,1436.2849870089765,276.5187875138974,-14.98824556159415,5115.124951446895,117.96529517564316,43.3612694634535,22.67323750832591,0.0250384735833222,4.248347012311862,558.6449957049914,600,15.02916550221168
1058,492.6292024279679,865.9917584024332,276.6050570344655,-15.020944489105544,5109.0994532976765,125.39473043355962,40.74413203515544,22.674517234198646,0.026646781898881,4.248347012311862,558.6449957049914,600,15.03033437063932
199,2846.1852388149573,156.2090999123434,276.700898777184,-14.678364389750074,5105.673326587596,130.96592936162173,38.98474474601608,22.675245565612546,0.027849355102189,4.248347012311862,558.6449957049914,600,15.030999609666445
132,2041.3095278452795,105.56301950502916,276.7120033338077,-14.794246609409653,5102.384253444674,115.30190094470244,44.25238622814833,22.675945221915804,0.0245342701838166,4.248347012311862,558.6449957049914,600,15.031638657591085
466,2335.4204981571806,377.8994361135201,276.6700530100971,-14.752927094716677,5090.637800728495,108.81352591060993,46.78313434039848,22.678447630832284,0.0232070812549741,4.248347012311862,558.6449957049914,600,15.033924293005544
355,1323.006131961224,295.5912842639024,276.6867517831331,-14.898694167631517,5084.422786041047,111.99093621392528,45.400306113423085,22.67977398505709,0.0239139356745218,4.248347012311862,558.6449957049914,600,15.035135750560848
1850,496.2590673213961,1557.1272211601918,276.5017172981317,-15.023230889580343,5080.327312186884,116.61956034297494,43.56325214437253,22.680648891854943,0.0249223817450977,4.248347012311862,558.6449957049914,600,15.035934867742839
653,2433.68523632932,530.3514216264713,276.6468656803315,-14.739375706323552,5063.900073453726,118.46984583858372,42.744210880069325,22.684165308186962,0.02539993083616,4.248347012311862,558.6449957049914,600,15.039146671236466
406,327.3869398533472,331.88013964233386,276.6856193056787,-15.042650541879944,5063.462867954164,110.03192783248636,46.01812371826137,22.684259052203608,0.0235928784634294,4.248347012311862,558.6449957049914,600,15.039232294590398
124,2601.27387900266,99.74512362251676,276.71040737664026,-14.713448956486326,5061.967484823486,115.5064622231628,43.824106352106746,22.68457974802792,0.0247740362638976,4.248347012311862,558.6449957049914,600,15.039525209840377
1390,2714.305961333508,1168.6100438554995,276.5503875265969,-14.701514852017684,5054.739764093596,112.59948094684935,44.89132384615164,22.68613112224809,0.0241850742410901,4.248347012311862,558.6449957049914,600,15.040942194824463
756,991.685139121417,612.7746191074648,276.64078271279953,-14.947826759170471,5029.89981983928,110.83345704382232,45.38250411020305,22.691479787635526,0.0239233162930713,4.248347012311862,558.6449957049914,600,15.04582752709334
137,696.7787904716109,111.50058722685704,276.7169767153381,-14.9883845235673,5019.823789273214,133.23617624800997,37.67613219347543,22.6936569449937,0.0288166522620922,4.248347012311862,558.6449957049914,600,15.047816086168524
1559,1777.1414669589603,1310.5954946816953,276.5331857197275,-14.837278761079151,5013.041049268562,111.71725312765066,44.87257705432972,22.695124973843075,0.0241951782418353,4.248347012311862,558.6449957049914,600,15.049156945652154
562,3081.796031010419,455.40226008171857,276.65521607843107,-14.645620327232384,5009.567149286973,244.66761020180613,20.474991132479676,22.69587762007209,0.0530256639905325,4.248347012311862,558.6449957049914,600,15.0498443932009
772,169.20888886683937,624.1265498916002,276.6425923058618,-15.066696416971304,4991.142765110009,111.05852423688266,44.94155490905079,22.69987814478572,0.0241580426444335,4.248347012311862,558.6449957049914,600,15.0534983687369
345,631.9782179896783,288.02974809017013,276.6908669924308,-14.998463165674863,4977.715992691927,135.34202503533027,36.77879055963972,22.702802841001535,0.0295197308959752,4.248347012311862,558.6449957049914,600,15.056169710420257
2328,296.686130774074,2000.769165143424,276.43621266834685,-15.053870810513146,4958.06772247568,121.37707201603604,40.84847030929064,22.707096989657426,0.0265787186589718,4.248347012311862,558.6449957049914,600,15.060091874451167
1419,193.57006918230505,1194.9913735600635,276.5571223395574,-15.065494944448886,4958.027503131656,120.12704134639908,41.27320083439545,22.707105797075457,0.0263052047830324,4.248347012311862,558.6449957049914,600,15.06009991891841
77,466.0028262734176,59.58454652552838,276.7257367954433,-15.021515002328504,4931.928295895981,117.30209968405504,42.0446719127772,22.71283624128931,0.025822534713847,4.248347012311862,558.6449957049914,600,15.065333958067448
1787,2721.134911995316,1501.4207142696034,276.5006914861325,-14.701891183855212,4920.152160707163,127.61837549247704,38.55363415903378,22.715431791025647,0.02816076937187,4.248347012311862,558.6449957049914,600,15.067704665891533
1531,361.18743611766325,1288.8455812677532,276.542388796042,-15.041655162066084,4901.239079444669,127.60236951536368,38.41025129909164,22.71961340683775,0.0282658916117446,4.248347012311862,558.6449957049914,600,15.071524045341015
727,224.65114810592763,588.1040346442238,276.647743660275,-15.058537613234227,4894.571449089388,115.7648918835971,42.28027486961189,22.72109144457104,0.0256786410057216,4.248347012311862,558.6449957049914,600,15.072874046679669
1616,1538.7711719857564,1354.066708681534,276.52770029781743,-14.87185866562838,4887.546595594846,117.99535255440668,41.42151779529824,22.722650848996228,0.0262110144144268,4.248347012311862,558.6449957049914,600,15.07429836624479
676,1465.6133176411918,542.6528833035952,276.6492238403525,-14.87911220952844,4864.646253237966,111.38063347387792,43.67587166200551,22.727749964012645,0.0248581186519162,4.248347012311862,558.6449957049914,600,15.078955765675857
1526,2028.819933061871,1286.0883284252598,276.53577798356326,-14.800863447758983,4853.80918346328,127.6271260685422,38.03117200066496,22.730171378395085,0.0285476345557012,4.248347012311862,558.6449957049914,600,15.081167422783189
1283,84.49114359235304,1066.817080205527,276.57674618981133,-15.080738487413967,4838.032689082145,116.48465871918728,41.53364693925336,22.733706129887825,0.0261402520608877,4.248347012311862,558.6449957049914,600,15.084395973137173
1891,2695.2315088081086,1596.4100581674927,276.4866259511029,-14.706014611473307,4822.9109967296245,111.61922616204497,43.2086044901251,22.73710500743154,0.0251269397105413,4.248347012311862,558.6449957049914,600,15.08750041974946
778,1138.2041934561228,629.1128142224521,276.6377133773338,-14.926734727327483,4813.770153119811,116.53892140831682,41.30611554446972,22.739164751376865,0.0262842435239679,4.248347012311862,558.6449957049914,600,15.089381736457987
432,80.81337715406394,354.4727438924908,276.6832959736453,-15.078377387142732,4805.084705577057,119.02592763143176,40.37006727186519,22.741125506072333,0.0268936881548535,4.248347012311862,558.6449957049914,600,15.091172638952585
1979,668.8261451997278,1676.2956775612736,276.48318819683266,-14.998786729362193,4802.616988680558,116.51654717791486,41.21832567993288,22.74168324396258,0.0263402256663853,4.248347012311862,558.6449957049914,600,15.09168206227886
2222,67.8079095036053,1907.484447704575,276.4510967490477,-15.086566246749143,4785.637649059587,116.98489194230304,40.90816830792016,22.745528595118994,0.026539931874432,4.248347012311862,558.6449957049914,600,15.095194306311498
641,1575.155674195488,520.8940671648561,276.6520015934719,-14.863211194033475,4783.678970668814,113.1492453660825,42.27760384253314,22.745973059056503,0.0256802633385702,4.248347012311862,558.6449957049914,600,15.095600268146644
2201,2631.6905008087806,1883.2627416729204,276.44408553970567,-14.716350142379868,4781.461822403886,112.8853469270187,42.35679787116339,22.74647639470785,0.0256322492390093,4.248347012311862,558.6449957049914,600,15.096060001878612
2130,1789.1916915498684,1812.81012702289,276.45813310173867,-14.837589671447812,4766.81093551917,121.57519858536982,39.208744801448354,22.749808308491552,0.0276902513839181,4.248347012311862,558.6449957049914,600,15.099103285528933
2178,2836.409070719722,1861.492011799946,276.44647242959456,-14.686745281663518,4763.818479119858,124.67907114031802,38.20864589020315,22.7504901141141,0.0284150347311412,4.248347012311862,558.6449957049914,600,15.099726029104698
615,2679.0546530978654,497.1190628696667,276.65075552017606,-14.703854407014267,4750.529955656035,115.1085165081641,41.270012851908334,22.753522973487062,0.0263072367797868,4.248347012311862,558.6449957049914,600,15.102496164211018
2070,1361.2363426814002,1762.9871886615804,276.4673588825447,-14.89915330733336,4701.609808903071,117.64250195659145,39.9652313637286,22.764761666534564,0.0271661132177343,4.248347012311862,558.6449957049914,600,15.112761295010554
1328,1901.9017487397616,1110.9756371631702,276.5624668825437,-14.818461213125556,4622.031873400731,106.23681779100296,43.50687425985912,22.783295785869488,0.0249546771279246,4.248347012311862,558.6449957049914,600,15.129689879003642
2313,2538.5929537524576,1989.867575141741,276.4285661793075,-14.730210703186025,4618.447017032653,122.19683525848237,37.79514426264211,22.784138211589863,0.0287259123144329,4.248347012311862,558.6449957049914,600,15.130459328811728
1036,1350.446604562711,847.4570956371755,276.6041811232978,-14.896979405003606,4608.457886688877,121.01780112605137,38.08082648840014,22.786489068094532,0.0285104106217525,4.248347012311862,558.6449957049914,600,15.132606540183136
505,1216.673999304488,409.94570103330506,276.6701251948664,-14.914512182256814,4599.522800158884,116.58947512942132,39.45058329710411,22.78859618589008,0.0275205056367239,4.248347012311862,558.6449957049914,600,15.134531126938008
903,82.26207682848086,742.294989915229,276.62528854989466,-15.079742569070453,4595.162114146689,122.45407502912018,37.52559572275514,22.789626031954434,0.0289322522158293,4.248347012311862,558.6449957049914,600,15.135471761628299
148,775.5818350915758,121.95491463523274,276.7150727539774,-14.977043522848067,4573.91721256345,108.89229671888349,42.00404758080805,22.794657376819366,0.0258475090504388,4.248347012311862,558.6449957049914,600,15.140067261560347
1013,2529.6214184008563,832.3124011311907,276.6013755798119,-14.726772351080548,4566.1226038842,122.71171601440932,37.21016013946074,22.796509204834678,0.0291775148489251,4.248347012311862,558.6449957049914,600,15.14175867324986
123,2758.830731355861,97.8282420069658,276.7099974811504,-14.690721279488669,4565.271661835432,125.63758872578886,36.33682967124906,22.796711561356865,0.029878776156937,4.248347012311862,558.6449957049914,600,15.14194350044993
358,1966.697518128692,296.0969257042257,276.6838770451073,-14.805788766160989,4562.146237700945,115.26843082685272,39.57845357115901,22.797455120227077,0.0274315922436937,4.248347012311862,558.6449957049914,600,15.142622647840788
391,775.8184834485677,323.64581322486856,276.68492353441724,-14.977829133425942,4555.0022435055,109.63061429798336,41.54863377053328,22.799156637921573,0.0261308231215532,4.248347012311862,558.6449957049914,600,15.144176769980962
2204,522.846668839661,1887.180003159651,276.4522674026862,-15.0207329861593,4548.585465266777,122.58211104486767,37.106437688953626,22.80068722780072,0.0292590738324419,4.248347012311862,558.6449957049914,600,15.145574771086913
387,647.3000394543471,321.24342682817115,276.6858358581748,-14.996384663234224,4540.682730051456,121.14059967434244,37.482749319864666,22.8025752319211,0.0289653245746467,4.248347012311862,558.6449957049914,600,15.14729922509272
1330,775.0195307657126,1112.227241024036,276.56705612114365,-14.981151821946842,4538.019308440387,126.3071691034032,35.92843811363765,22.80321227746844,0.0302184023854878,4.248347012311862,558.6449957049914,600,15.147881085976458
866,591.7823107615727,705.2283416200945,276.62867039147926,-15.005965895176324,4511.7307217911,121.29065007748709,37.19767944939499,22.809520197684268,0.029187304586487,4.248347012311862,558.6449957049914,600,15.153642576731194
324,1343.0614765098908,261.2080792837692,276.69180201481146,-14.895658721533897,4510.6346416049055,129.6230717524932,34.79808479016504,22.809783998561176,0.0311999929463603,4.248347012311862,558.6449957049914,600,15.153883525611555
283,1140.849409125629,227.01537645760257,276.6977881624632,-14.92471666507276,4504.691469719575,135.3281523852505,33.28717188789865,22.811215498152443,0.0326161682841761,4.248347012311862,558.6449957049914,600,15.155191020218066
2108,472.4981474001737,1788.9404357000644,276.4671605627629,-15.027606964627656,4488.118250318104,114.93205681017189,39.05018647435265,22.815217398618653,0.0278026841360428,4.248347012311862,558.6449957049914,600,15.158846252330797
734,809.927570615141,590.4955217091884,276.6448903730093,-14.973987263329224,4483.270421933616,135.62940529727038,33.0552980904639,22.8163907873762,0.0328449617071586,4.248347012311862,558.6449957049914,600,15.159917995194846
1908,1278.4203680261348,1612.7246869903915,276.4901527479004,-14.910496288379091,4452.741391051619,117.29659764337984,37.96138575638327,22.82380944432949,0.0286001150476293,4.248347012311862,558.6449957049914,600,15.166694004083116
1661,542.8528784920338,1383.9026502359932,276.5274194462648,-15.015794711784997,4447.500456360343,115.38469737031774,38.54497656726918,22.82508812266124,0.0281670945656231,4.248347012311862,558.6449957049914,600,15.167861915713985
1267,883.0111216584347,1055.901278488551,276.5750190431904,-14.96532492787328,4435.105320780189,111.2453535258584,39.86778036306273,22.828118282174152,0.0272325168372276,4.248347012311862,558.6449957049914,600,15.170629584838146
1500,1114.4960390086233,1258.6375145970092,276.54374563971294,-14.932721296224752,4434.720117524674,119.95237913988647,36.9706724395435,22.8282125859739,0.0293665202269554,4.248347012311862,558.6449957049914,600,15.17071571948345
1339,905.1623409562806,1121.8218443535318,276.5650734595417,-14.962394032255576,4432.763476593362,128.6677880684271,34.4512293491512,22.82869172888085,0.0315141148954891,4.248347012311862,558.6449957049914,600,15.171153356190025
1829,2562.7178453874917,1540.0493911441588,276.4955993760022,-14.724891792357043,4423.642389797838,116.24115611019135,38.055732907580726,22.830928098309112,0.0285292101097264,4.248347012311862,558.6449957049914,600,15.1731959980346
1375,1656.6506573511165,1157.6898969502056,276.5565337908427,-14.854043990944922,4389.009208024014,114.32527592908872,38.39054113235935,22.839461895998745,0.0282804036613296,4.248347012311862,558.6449957049914,600,15.180990547554782
2237,2609.1035148048018,1919.7778194522537,276.4387309703163,-14.719756433927188,4382.884666003985,118.11640072874194,37.10648681269437,22.840978019696717,0.0292590350975661,4.248347012311862,558.6449957049914,600,15.18237533562597
1096,1719.441234185311,906.0584565892108,276.59384980367287,-14.843955852919333,4364.402382686909,126.15296758481053,34.59611348225157,22.845566165459996,0.031382137781372,4.248347012311862,558.6449957049914,600,15.186566028991145
949,2613.6834853875307,774.7409216619158,276.6096046610963,-14.71441470278825,4359.999369245488,111.6867819830589,39.0377383234735,22.846662059859447,0.0278115497112998,4.248347012311862,558.6449957049914,600,15.187566990518015
1073,37.1808411606273,878.3619295166453,276.60512905733043,-15.086810972761388,4331.692831625114,118.61231724461013,36.5197555553359,22.85373399491477,0.0297291146528873,4.248347012311862,558.6449957049914,600,15.19402631261551
2371,2052.181261686974,2035.1277973121512,276.4238401982503,-14.800552745814077,4318.527112192358,115.69263964699329,37.32758735014818,22.857038999730946,0.0290857265918551,4.248347012311862,558.6449957049914,600,15.197045018312672
842,1115.5149795769323,683.6568119725844,276.62965999576534,-14.930233037366724,4276.541819515056,111.43354837575868,38.37750732925039,22.867646317779904,0.0282900082771271,4.248347012311862,558.6449957049914,600,15.206733467560692
558,2135.026216114244,453.3548243787063,276.6596611597989,-14.782143117010923,4273.343251191895,104.24818916639664,40.99201420535911,22.86845867994972,0.0264856465593745,4.248347012311862,558.6449957049914,600,15.207475458101275
1673,349.9519809876241,1401.7220626949763,276.5255589337816,-15.043737585781845,4254.17184693896,116.87456683995453,36.39946621376171,22.87334055292743,0.0298273604789711,4.248347012311862,558.6449957049914,600,15.211934434287482
211,1526.7355177638349,170.36807579738883,276.7045746389461,-14.86877314856014,4242.2213613940985,108.00110595480534,39.279425186343175,22.87639480972999,0.0276404248496355,4.248347012311862,558.6449957049914,600,15.214724113251144
582,1489.845935703183,471.99139814157945,276.6596754331675,-14.875326341897772,4219.582838524482,111.01412640210854,38.00942254178148,22.88220433260833,0.0285639698631715,4.248347012311862,558.6449957049914,600,15.220030380801738
120,1788.5183654968955,96.17948730107535,276.7145128475863,-14.830686601461403,4218.969750492135,110.70172709803664,38.1111466016772,22.882362097075063,0.0284877285731471,4.248347012311862,558.6449957049914,600,15.220174478774666
527,107.9622143760478,425.93507504746185,276.6724924142072,-15.07474353115908,4214.014739212696,122.27081532780268,34.46459997764069,22.883638000230526,0.0315018889151291,4.248347012311862,558.6449957049914,600,15.221339855631477
2123,312.0969652430292,1809.472284135629,276.4647509905817,-15.050865785161935,4213.493127756636,114.93778872562298,36.65890195447379,22.88377240115956,0.02961627168616,4.248347012311862,558.6449957049914,600,15.221462613954913
799,2982.5576358984517,649.5836795179877,276.6266775463155,-14.660719106484148,4209.852304115484,126.97888847084978,33.15395460468162,22.884710977007003,0.0327472246658228,4.248347012311862,558.6449957049914,600,15.222319884795798
1995,2592.970458471911,1687.5793311432335,276.4734527984545,-14.721132728207092,4209.7695950825,113.33271658465203,37.14522797958417,22.884732308176655,0.029228518952602,4.248347012311862,558.6449957049914,600,15.22233936813302
767,492.6860376277,619.6314128438038,276.6418889770204,-15.01993490077778,4191.357371959428,119.19712680690924,35.16324163374445,22.88949139569919,0.0308759929277426,4.248347012311862,558.6449957049914,600,15.226686195268414
1211,2154.2927924962746,1006.20626732261,276.5770319838253,-14.78161911289625,4186.52639379754,108.74820924697786,38.49742835111452,22.89074354209385,0.0282018837751423,4.248347012311862,558.6449957049914,600,15.227829873315947
479,1402.1553006061092,392.709920683928,276.67189888383973,-14.887662570828269,4183.139835160575,114.159558293975,36.64292239453548,22.8916221696094,0.0296291870039795,4.248347012311862,558.6449957049914,600,15.228632388904995
158,1509.9738829095666,129.28733162342562,276.7107847734563,-14.871025520547288,4182.858290904376,127.2011841408034,32.88379993596778,22.891695247032487,0.033016257309499,4.248347012311862,558.6449957049914,600,15.228699135928277
972,558.2065468501737,794.2037314924974,276.61551159391064,-15.011178313079744,4175.475056274736,115.15608512364216,36.25926542910487,22.893613391929957,0.0299426915341898,4.248347012311862,558.6449957049914,600,15.230451119738298
1782,2656.5063357807408,1498.2773976966755,276.5014353876612,-14.711196923879584,4163.426338055462,112.69735942557612,36.94342404539598,22.89675091282785,0.0293881801174112,4.248347012311862,558.6449957049914,600,15.233316849967515
445,1339.1320136224122,361.05314141650064,276.6769012693988,-14.89663240822895,4144.646406392974,111.0021482409724,37.33843418413347,22.90165941256889,0.0290772771735927,4.248347012311862,558.6449957049914,600,15.237800146348892
1457,1688.129293811929,1227.4175694023238,276.5459856751783,-14.849785246653592,4123.068449375161,127.25759655606568,32.39938959210712,22.90732676388952,0.0335098905772129,4.248347012311862,558.6449957049914,600,15.24297655808532
1532,518.7143189831337,1288.2290723726887,276.5418228664177,-15.018892818541389,4116.903586454573,117.83657866380092,34.937399177215546,22.908951384965913,0.0310755816279547,4.248347012311862,558.6449957049914,600,15.244460444848517
798,2273.71216969751,649.9455109341538,276.62970700091853,-14.762938226443593,4100.820513536921,107.98634519001884,37.97536166559658,22.91320122266623,0.0285895894701532,4.248347012311862,558.6449957049914,600,15.248342136401632
447,1152.6121511513293,364.4522805712478,276.6771997346368,-14.923577246930684,4086.257324205479,115.10473631859394,35.500340428175654,22.917063845913297,0.0305828053169402,4.248347012311862,558.6449957049914,600,15.251870156313991
1494,1435.5721352373605,1254.081075012718,276.5430719507891,-14.886347452646556,4081.273498900642,112.50012118756834,36.277947577461255,22.9183888780094,0.0299272718689996,4.248347012311862,558.6449957049914,600,15.25308040627122
1484,1040.270597314653,1247.17093824909,276.54577158976707,-14.943392778956545,4073.489955303143,115.18540164639072,35.36463733319615,22.92046150162354,0.0307001593080348,4.248347012311862,558.6449957049914,600,15.254973486935267
242,435.170237778437,194.95773655715692,276.7056293064305,-15.026519844075963,4063.101866038691,111.18025548371062,36.545174755728,22.923233849306307,0.0297084364011648,4.248347012311862,558.6449957049914,600,15.25750567741908
776,1829.4992887024152,626.6787457663169,276.63510288794794,-14.826933982485947,4060.365455239895,110.27444333803466,36.820548191690015,22.92396531538359,0.0294862530114375,4.248347012311862,558.6449957049914,600,15.258173779566455
2293,694.5982511297163,1968.002747391131,276.43948048531246,-14.996251842982224,4048.66615527356,117.95144654540228,34.324853775448474,22.92709820793287,0.0316301420277737,4.248347012311862,558.6449957049914,600,15.261035282382068
128,371.93958605817886,102.61634031863971,276.71970901715,-15.035281507066475,4046.379007675976,116.86610919690484,34.62405855283786,22.92771172866522,0.0313568092643782,4.248347012311862,558.6449957049914,600,15.261595656309819
259,1449.0770850254437,207.94136302954297,276.6992996089593,-14.88013661940152,4046.122073008504,110.8716879656301,36.4937356619193,22.92778067231269,0.0297503113974958,4.248347012311862,558.6449957049914,600,15.261658627649645
862,1338.71982316026,700.0326409302164,276.6262570786937,-14.898071988748969,4037.005213861994,137.40243711867265,29.38088507393276,22.93022985018535,0.0369525968080264,4.248347012311862,558.6449957049914,600,15.263895643209008
891,3019.8758851214657,732.5462892158864,276.6141360499586,-14.655678657430652,4031.6336568142287,128.27588532207056,31.42939646599784,22.931675470671717,0.0345440931764176,4.248347012311862,558.6449957049914,600,15.265216035474936
1663,2269.9277665724544,1388.0066358444196,276.5195372790636,-14.766497511630156,4030.298155138211,112.17611114715504,35.92831052817635,22.932035186573128,0.0302185096944247,4.248347012311862,558.6449957049914,600,15.265544590651505
1418,1281.5219240049391,1191.8374529620305,276.5530219950026,-14.908333123283496,4006.9231337098754,126.26018319059166,31.735445272254708,22.938350597757218,0.0342109584625615,4.248347012311862,558.6449957049914,600,15.271312923462403
804,2865.984032300916,652.2380417126996,276.6267900603736,-14.677535641431236,3985.204562294006,110.07318202900372,36.205045487318834,22.944251578883893,0.029987533101713,4.248347012311862,558.6449957049914,600,15.276702726605428
2369,2551.4053342348234,2032.679828103145,276.42212298535867,-14.72853834714678,3975.9729828972486,124.42978642363646,31.95354663199824,22.9467695642984,0.0339774489668943,4.248347012311862,558.6449957049914,600,15.279002589189272
2190,1583.9094590549453,1873.6851727991948,276.44989682271955,-14.867463545491264,3967.2902509033447,122.62935005754318,32.3518819030005,22.949143188326513,0.0335590987644927,4.248347012311862,558.6449957049914,600,15.281170595826207
1797,1702.5185310656657,1508.1650818252465,276.5039937782486,-14.84885392320022,3962.5084350413526,110.6947914662203,35.796701746807614,22.95045262667187,0.0303296099087347,4.248347012311862,558.6449957049914,600,15.28236660285587
1886,636.2816209208894,1590.1047128123955,276.4962065884506,-15.003136984954264,3958.72475647385,111.94282090327124,35.36381095751149,22.951489858380874,0.0307008767042792,4.248347012311862,558.6449957049914,600,15.283313983402465
1521,51.57650972174825,1282.422748702454,276.5446395893119,-15.08637160707713,3949.9362995754345,123.51570829196066,31.97922235315009,22.953902896365083,0.0339501688943681,4.248347012311862,558.6449957049914,600,15.285517989724859
835,1581.686718708157,677.1704048869002,276.6286291943162,-14.862905133830944,3943.4821734071593,110.58466516943967,35.6602985356504,22.955678421135907,0.0304456228518278,4.248347012311862,558.6449957049914,600,15.287139708009477
1874,1060.839923530987,1579.719457701777,276.49599228340224,-14.94177713762693,3932.223659162468,110.809047019594,35.48648566995749,22.958782596206362,0.0305947455630734,4.248347012311862,558.6449957049914,600,15.289974981024603
2268,2215.810513330555,1950.4808246497585,276.435795390466,-14.776602363263416,3927.197214293876,109.39096788889044,35.90056190272283,22.96017134838212,0.0302418664906093,4.248347012311862,558.6449957049914,600,15.291243431250269
2012,884.3501886363746,1704.8900134859518,276.4780211661308,-14.967773970005796,3923.189199855668,113.3214600501998,34.62000223186103,22.96127999362155,0.0313604832469023,4.248347012311862,558.6449957049914,600,15.292256039063734
976,109.52487793489284,799.0675684905583,276.61668292658715,-15.076032805615949,3918.703187708336,109.29273225229898,35.85511229293937,22.962522200500686,0.0302802008017639,4.248347012311862,558.6449957049914,600,15.293390638615524
1029,748.7153290939763,843.1181368904087,276.6073912800457,-14.983856466927852,3912.350481242931,112.48034476719536,34.78252568784764,22.964283742487822,0.0312139494912907,4.248347012311862,558.6449957049914,600,15.294999585388108
203,622.4970708605061,162.4856186672623,276.709676077963,-14.99932276048691,3892.5080927399104,116.268376962116,33.47864823130897,22.969804315550665,0.032429624771548,4.248347012311862,558.6449957049914,600,15.30004193366997
444,730.9952505767053,360.4003846719986,276.67962242968946,-14.984453289119688,3887.77996305481,142.22381760579404,27.335646226503957,22.971123933069975,0.0397173709011251,4.248347012311862,558.6449957049914,600,15.301247238093165
1260,2734.3890512793687,1052.4787202466907,276.56763220886825,-14.698144432617813,3860.530187858967,107.49252921653412,35.9144046195273,22.97876074391086,0.030230210176161,4.248347012311862,558.6449957049914,600,15.308222503085425
888,2410.4783231647525,730.202108452075,276.6171332119369,-14.743538567181284,3858.539487928094,108.78389201248405,35.46976869962777,22.979320753115715,0.0306091649256058,4.248347012311862,558.6449957049914,600,15.308734000971565
668,443.6283468568518,540.8657688411516,276.6538743697466,-15.026702937115347,3853.216699507204,112.34198719635305,34.298990036312006,22.98081954142699,0.0316539932764953,4.248347012311862,558.6449957049914,600,15.310102955350068
773,810.9067716829228,624.4830845717275,276.6398060975681,-14.973984050816783,3837.6145607535727,109.93485838395944,34.90807753943054,22.985224742784766,0.0311016840951394,4.248347012311862,558.6449957049914,600,15.31412655203918
488,1081.2595730842045,396.9645781167105,276.67264917167483,-14.93401307374724,3835.620347057644,116.61158140511124,32.89227622883025,22.985789091481102,0.0330077490668881,4.248347012311862,558.6449957049914,600,15.314642013504312
575,1059.495227676911,468.4348147823396,276.66206239702086,-14.93744680279493,3822.082900019072,104.55268574229552,36.55652528563305,22.98962786956038,0.0296992121520555,4.248347012311862,558.6449957049914,600,15.318148253858741
1352,69.22808864682388,1135.7465847314916,276.5665015950506,-15.08322448674435,3816.867041954538,115.66316432676744,32.99984972891855,22.991110546332088,0.0329001498163967,4.248347012311862,558.6449957049914,600,15.319502492374792
1409,1751.3072959791436,1182.8964685541505,276.55236695588314,-14.840485975708408,3811.313501257333,106.86732347486992,35.66397451839964,22.99269144264955,0.0304424847387626,4.248347012311862,558.6449957049914,600,15.320946442077009
1862,1779.67866025567,1566.3674506758805,276.4949768688705,-14.837956371627657,3809.906010775536,110.75014403258824,34.40091246883137,22.993092471222184,0.031560209368972,4.248347012311862,558.6449957049914,600,15.3213127311762
855,1252.7157171120643,695.9295952171055,276.6272386989146,-14.91047232421763,3775.298640474153,126.06749298642552,29.946646443430605,23.00299984678777,0.036254476842704,4.248347012311862,558.6449957049914,600,15.330361871110085
1503,326.8659305280225,1260.206731364412,276.5468140829047,-15.046497996730738,3775.111231681949,120.1832667517516,31.411288224339508,23.003053744924237,0.0345640074436275,4.248347012311862,558.6449957049914,600,15.330411100270304
241,879.9380966438785,193.93958450447957,276.703861310316,-14.962262619136524,3769.4218798387446,105.31818775429792,35.790797014401896,23.004691258169228,0.0303346136595707,4.248347012311862,558.6449957049914,600,15.331906762405996
1565,114.81030359404538,1316.2105372397316,276.5393236161133,-15.077369858649552,3750.8203476002673,115.64126564694874,32.434964513891366,23.010062467657974,0.0334731366681475,4.248347012311862,558.6449957049914,600,15.33681268587242
873,1614.6039393356075,713.8759395252732,276.6230047991548,-14.858303488119056,3749.424453785876,104.66722975638686,35.822333910171,23.010466607125394,0.0303079079861889,4.248347012311862,558.6449957049914,600,15.337181816382238
1892,1451.8902452633474,1597.1820658686067,276.4917493884583,-14.885390870952811,3746.5957346315263,111.1451146782176,33.70904556154811,23.01128604006916,0.0322079721307344,4.248347012311862,558.6449957049914,600,15.337930265184394
1342,3023.6473831787685,1122.59078025106,276.5559237116457,-14.656729993112211,3744.971212869743,112.59203764816029,33.26142142104606,23.01175691675816,0.0326414192062467,4.248347012311862,558.6449957049914,600,15.338360351741844
2287,493.3906800657149,1961.4590465015065,276.4412844161984,-15.025290763440175,3736.102754031715,114.1164459445474,32.739389341368025,23.014331095651166,0.0331618891445894,4.248347012311862,558.6449957049914,600,15.340711539991798
1714,1896.8118059200197,1435.7745072038877,276.5139855446866,-14.820521138915463,3723.3488619705895,105.8241601070295,35.18429872918275,23.01804380177716,0.0308575142667116,4.248347012311862,558.6449957049914,600,15.34410262949326
1313,316.78990345006844,1100.1027153310176,276.57079510443486,-15.047303119220764,3716.2984031186206,115.60662636884612,32.146067399819,23.020101679107803,0.0337739601705094,4.248347012311862,558.6449957049914,600,15.345982241284343
2160,2603.2016428688667,1841.9807231369973,276.4503662813631,-14.720289102960027,3710.837544505368,112.06697341446736,33.112677459230056,23.021698271122734,0.032788046250164,4.248347012311862,558.6449957049914,600,15.347440527029626
215,2419.7240844172165,172.73658227958,276.7003115893215,-14.739930366600936,3704.802932780352,108.19297581632586,34.24254582912871,23.023465346508296,0.0317061706047697,4.248347012311862,558.6449957049914,600,15.349054527864844
1369,1565.136510488858,1145.6421944292715,276.558721874916,-14.867203290685604,3704.4936466563377,114.8455408189566,32.25631243703341,23.0235559902392,0.0336585281445101,4.248347012311862,558.6449957049914,600,15.349137319498173
2188,2027.7068691927336,1872.5959970510216,276.4482093683567,-14.803419406886146,3693.933302545862,110.06457085672804,33.56151097299316,23.02665550201406,0.0323495566356848,4.248347012311862,558.6449957049914,600,15.351968333180025
792,2201.080644356025,644.971520813259,276.6307643324731,-14.773395366095231,3687.300936262764,103.16352098866784,35.74229437814362,23.028606666792683,0.0303757780212314,4.248347012311862,558.6449957049914,600,15.353750476493254
71,2066.259061921758,53.69907869827308,276.71963844200013,-14.790435464155046,3670.77322749194,116.9879366204014,31.377365338126644,23.033484237084707,0.0346013754915479,4.248347012311862,558.6449957049914,600,15.358205522717927
1064,1338.523424419517,871.4053068965112,276.6006540871687,-14.898798293950325,3657.789489274903,112.29921836296832,32.57181610518753,23.03733135689503,0.0333324981479029,4.248347012311862,558.6449957049914,600,15.361719382193183
94,2806.8284008311302,72.33705825762155,276.7135894857463,-14.683696586658684,3646.922958281008,143.7426654325949,25.371193356583163,23.04056165375009,0.0427926264539814,4.248347012311862,558.6449957049914,600,15.364669851575908
685,1590.0747795984328,554.8091280005851,276.6468710132062,-14.861195901542256,3642.1855820030905,105.3185879851086,34.582552346012015,23.041972948872473,0.031394443913137,4.248347012311862,558.6449957049914,600,15.365958891944462
918,1109.112387598955,752.7151334245119,276.6193678437943,-14.9314386621821,3639.5527422602754,109.15520877610643,33.342914031024755,23.042758082703813,0.0325616411028077,4.248347012311862,558.6449957049914,600,15.366676012826737
2285,2106.057480034337,1960.576798245772,276.43474633182024,-14.792475725962143,3628.689137964044,153.14708108515683,23.69414495041094,23.0460037141719,0.0458214467022229,4.248347012311862,558.6449957049914,600,15.36964048844736
1522,1681.3173875788,1282.2421470827985,276.5378260515954,-14.850991965539231,3625.096129408223,112.284065331269,32.28504524407081,23.047079307023996,0.033628572975266,4.248347012311862,558.6449957049914,600,15.370622907067315
1718,992.0664231764932,1437.1909331318982,276.517578036705,-14.951127719454751,3622.6073918215698,116.409638592639,31.11947975801585,23.047824953586456,0.0348881153683278,4.248347012311862,558.6449957049914,600,15.37130396130214
496,233.48214739800295,403.63221426522966,276.67529181214013,-15.056512224515815,3616.745136787824,111.27238319203028,32.50352902522239,23.049583360542805,0.0334025268197034,4.248347012311862,558.6449957049914,600,15.372910044618894
716,880.4689984798455,579.0945832646739,276.64629255434465,-14.963752123984072,3612.305869530537,109.44901605943777,33.004461799536195,23.050916833991945,0.0328955523224213,4.248347012311862,558.6449957049914,600,15.374128004689098
2214,758.5190233102453,1895.8479822398208,276.4500019891652,-14.986725320734966,3607.237190592336,112.52892478841096,32.05608866675881,23.0524413762218,0.0338687608237694,4.248347012311862,558.6449957049914,600,15.37552048202901
1361,2345.047721761931,1143.1775765479126,276.55576610214626,-14.754662152482346,3604.044448859582,110.2017367913442,32.70406214816264,23.053402779670314,0.0331977108862299,4.248347012311862,558.6449957049914,600,15.376398603008774
290,794.1890117566646,236.09290566431065,276.69793132529446,-14.974819661527372,3585.668395737536,104.4554529580705,34.327249503928336,23.058952817634633,0.031627934532761,4.248347012311862,558.6449957049914,600,15.381467863767593
453,2567.6023315905327,366.1004237575521,276.67079851697594,-14.719391632255366,3567.6755898857955,114.03050761453255,31.2870271694828,23.064414733621433,0.0347012835102142,4.248347012311862,558.6449957049914,600,15.38645663619723
1496,643.7448054781593,1254.0576590527933,276.5464077250352,-15.00069136916538,3560.354353757692,130.7929316507268,27.22130553098514,23.06664506485908,0.0398842002182511,4.248347012311862,558.6449957049914,600,15.388493762915079
928,141.8900074924542,762.3081050308137,276.62204353397385,-15.071205863129608,3556.202388079837,122.66816600142512,28.99042599233547,23.06791195280289,0.0374502948072249,4.248347012311862,558.6449957049914,600,15.389650905511338
812,519.8013965271065,656.0518663028088,276.6363284854125,-15.016165300969767,3545.4100722455187,116.8270423109436,30.34751203243812,23.071211940550892,0.0357755851234034,4.248347012311862,558.6449957049914,600,15.392665028748528
1670,1658.9122054668476,1398.4200153873635,276.5205685720584,-14.854699439183266,3534.26611316239,153.17650304037426,23.07316098103394,23.07463000926393,0.0470546710479956,4.248347012311862,558.6449957049914,600,15.395787004077228
597,1799.326881025792,482.2179530095269,276.6568086960242,-14.83069941864071,3534.2542910581687,101.97856200194587,34.656835923914386,23.074633641052717,0.0313271529571697,4.248347012311862,558.6449957049914,600,15.395790321258929
839,436.9320621250371,679.3464384331354,276.63319822307704,-15.028233198671472,3529.0849962491197,110.67565432047483,31.886732614475655,23.076222830330188,0.0340486437769144,4.248347012311862,558.6449957049914,600,15.397241845535774
1584,1270.502953582912,1330.793463510941,276.53230756879907,-14.910490201742425,3523.503900576965,112.62878050550388,31.28422313340044,23.07794123444733,0.034704393820822,4.248347012311862,558.6449957049914,600,15.398811391296508
2127,103.3905870946839,1811.5313870658536,276.46529991134867,-15.081033639561518,3521.41518600937,111.2444874835678,31.65473872608318,23.078585043997453,0.0342981823162354,4.248347012311862,558.6449957049914,600,15.399399430244994
454,2788.410242696286,367.2873289658176,276.66965298507426,-14.687556207271529,3518.180385961139,112.34323938125686,31.316351614373207,23.07958286830108,0.0346687894352833,4.248347012311862,558.6449957049914,600,15.400310817089391
206,1097.2518579185362,163.12215837223994,276.7075252636592,-14.930752475753993,3505.2352998554707,107.73528430549514,32.53562955211585,23.083585184325916,0.0333695709886577,4.248347012311862,558.6449957049914,600,15.403966428762594
53,819.9565761286016,41.67801179999785,276.7268797800095,-14.970307463680834,3502.501094911772,124.4990033577942,28.132764122183623,23.08443242665411,0.0385920130451699,4.248347012311862,558.6449957049914,600,15.404740277935364
1249,688.1874947135726,1039.967832063584,276.57822303287907,-14.993400436789097,3490.031706680951,131.40649661007174,26.55904994588719,23.08830469468292,0.0408787212724876,4.248347012311862,558.6449957049914,600,15.408277107141267
449,1832.6881838601832,365.6249309211475,276.6740772455215,-14.82540988293528,3469.7298772282084,109.46610865067407,31.696841332879902,23.09463896160122,0.0342526243734506,4.248347012311862,558.6449957049914,600,15.414062662290846
1129,136.83254927314573,931.7786499220288,276.596721190986,-15.072625163916232,3463.200421931572,109.79557245545416,31.542259350545745,23.096684061668014,0.0344204892849952,4.248347012311862,558.6449957049914,600,15.415930603660456
344,143.51428811873424,286.1943317677463,276.6932391016574,-15.06903786318826,3458.414681240334,151.55332545660744,22.819787496055596,23.09818546060038,0.0475771301633577,4.248347012311862,558.6449957049914,600,15.41730194251257
620,2511.8361749556657,506.3287486682675,276.6501109797259,-14.72800636157501,3457.4340173053206,105.42340695543224,32.79569610918524,23.098493374319286,0.0331049536617679,4.248347012311862,558.6449957049914,600,15.417583182918921
408,1974.4849780050265,331.716968322898,276.6785237807879,-14.804810263688196,3456.6190234439564,107.78359634246054,32.06999154547831,23.09874933658652,0.0338540781484265,4.248347012311862,558.6449957049914,600,15.417816972216464
1066,1883.5447187398604,872.4499182752671,276.5981659605109,-14.8201370999709,3453.773464825703,103.55812705911563,33.35106150436782,23.09964350466582,0.0325536864803482,4.248347012311862,558.6449957049914,600,15.418633682153466
231,82.65375112192392,187.52772477043897,276.7082562567127,-15.07743378863044,3425.956603280094,115.99512645824366,29.535349526200847,23.108423482359225,0.0367593415150504,4.248347012311862,558.6449957049914,600,15.426653086105407
1225,104.4122092911958,1014.2432581721228,276.5845250604376,-15.07764574584844,3415.0561432293034,113.62238283182604,30.056191906166696,23.111883506358673,0.0361223405609559,4.248347012311862,558.6449957049914,600,15.429813382304776
1246,1834.0330119968996,1035.417973581287,276.5740400924768,-14.82794638769787,3407.2385463469545,109.98043171836068,30.98040708798321,23.11437177520973,0.0350447299454991,4.248347012311862,558.6449957049914,600,15.43208610255014
762,1079.538365389742,617.6285598438207,276.6396809659919,-14.935159466973804,3397.2163689963054,109.3601420927547,31.064483860261703,23.117570105951632,0.034949880541516,4.248347012311862,558.6449957049914,600,15.435007374914019
2239,2176.080058636824,1921.0706318387597,276.44035201974623,-14.782213152143662,3392.080746777356,106.28026154421904,31.91637560438299,23.11921267128512,0.0340170203991114,4.248347012311862,558.6449957049914,600,15.436507651496338
2312,2675.8513646263173,1987.2787180398936,276.42837733837746,-14.710408436087851,3390.660522708204,108.86299626658068,31.14612530418737,23.119667351377437,0.0348582685453344,4.248347012311862,558.6449957049914,600,15.43692294450237
1628,1465.5660120078385,1364.1649456253024,276.5265004971135,-14.88246658221964,3359.245094806538,159.02294810744613,21.12427882129827,23.12977389676667,0.0513958374240619,4.248347012311862,558.6449957049914,600,15.446154000988518
742,643.6378578097602,596.8976550282548,276.64464393350534,-14.99803415726006,3354.4587148043797,111.24570644876228,30.15360162550975,23.13132199810861,0.0360056491255593,4.248347012311862,558.6449957049914,600,15.447567996610495
1966,3058.454150600281,1664.853322322473,276.474871543473,-14.653932319836471,3341.338327573263,157.30132529348882,21.24164129792981,23.13557699496091,0.0511118695948326,4.248347012311862,558.6449957049914,600,15.45145440039925
484,629.6969921398709,395.1768384182338,276.6748590350745,-14.999228166356003,3339.110169505468,125.72379874376016,26.55909384595486,23.13630125530807,0.0408786537032158,4.248347012311862,558.6449957049914,600,15.452115921019583
1116,2815.48457270688,921.9535500552928,276.5867606876929,-14.685918536414803,3338.373626309738,109.98999522321216,30.351611703727137,23.136540774157286,0.0357707528218897,4.248347012311862,558.6449957049914,600,15.452334691325504
525,1709.4581769480635,423.6770429493737,276.6659418625465,-14.843430722058324,3316.65094914363,104.1857603433789,31.834013959417305,23.143628706157543,0.0341050299652464,4.248347012311862,558.6449957049914,600,15.458808624617685
1087,1460.2767639823942,895.3506216224183,276.59655708146187,-14.881319271997477,3305.159735742898,125.58647224842989,26.317800608371023,23.147396992369167,0.0412534472829263,4.248347012311862,558.6449957049914,600,15.46225047952812
2251,2000.1784704945744,1938.3408202197136,276.4385078758961,-14.807659615328284,3300.063218650641,109.10125952519502,30.247709632431413,23.14907247683398,0.035893626763592,4.248347012311862,558.6449957049914,600,15.463780823591364
580,697.2687840431877,469.8889679761807,276.6634006037178,-14.989770326738752,3294.072950428468,143.84552767228365,22.900072068512245,23.151045093931145,0.0474103311444528,4.248347012311862,558.6449957049914,600,15.46558256089607
2177,1646.7030197112624,1861.1160601156787,276.45151283821747,-14.858349602844267,3291.334350428893,109.60044350021332,30.030301386713703,23.151948120032785,0.0361534833107051,4.248347012311862,558.6449957049914,600,15.466407361520979
1089,58.49188194219197,897.114530021568,276.60223480511763,-15.083806913303512,3290.4480970419827,116.735637034967,28.187177288940152,23.152240514198727,0.0385175141473281,4.248347012311862,558.6449957049914,600,15.46667442677009
1975,2799.3516569020503,1670.5084751414608,276.4751270905846,-14.691305979819925,3289.689649975451,112.64587401076508,29.203818416474537,23.152490804838475,0.0371766453453748,4.248347012311862,558.6449957049914,600,15.46690303575016
1743,179.28484801923207,1460.3698406068347,276.5174984412312,-15.068637998279304,3273.4192792557296,122.213006116404,26.784541050711915,23.157874036149984,0.0405345754457548,4.248347012311862,558.6449957049914,600,15.471819939637758
671,917.4603787387488,540.5777840764077,276.6518907479553,-14.958252794416609,3262.7036816390464,120.85087960540638,26.997765281412864,23.161434043445176,0.0402144395539089,4.248347012311862,558.6449957049914,600,15.475071557986794
2225,693.1950182943804,1910.87375404478,276.4480251441994,-14.996221869030729,3261.988631345739,108.70534687088976,30.00761899246805,23.161672018190202,0.0361808112890433,4.248347012311862,558.6449957049914,600,15.475288917947989
1454,712.9937604845203,1223.2097502059637,276.5507283511776,-14.990562697218657,3247.098304799525,118.96011868259606,27.295688174818352,23.166639533601288,0.0397755130058092,4.248347012311862,558.6449957049914,600,15.47982611771205
639,129.87534604818475,520.365340272541,276.6582767543848,-15.0719597946001,3246.1871058457764,130.17051246794878,24.93796055880988,23.166944255059764,0.0435360380589122,4.248347012311862,558.6449957049914,600,15.480104442390505
1580,2532.6104849142484,1328.2504219493612,276.52733917568565,-14.728367559266168,3241.487641520507,100.67209943073486,32.198470677079094,23.16851720057631,0.0337189927710718,4.248347012311862,558.6449957049914,600,15.48154113003734
561,244.4338996312925,454.91499318104593,276.6675762684049,-15.055137775198874,3230.334355316998,104.2437802442512,30.98826949433411,23.172259435337228,0.0350358383258061,4.248347012311862,558.6449957049914,600,15.484959190228235
861,495.1477275548893,700.8784909725302,276.62973157007474,-15.019909444724323,3222.7268892587745,108.99852836754148,29.56670092271141,23.17481936924743,0.0367203633181147,4.248347012311862,558.6449957049914,600,15.48729736748028
429,1605.7704432345513,353.0446064486795,276.67694211899897,-14.85810857617996,3222.486625425576,106.4975787000146,30.258778319296507,23.174900317114222,0.0358804968443696,4.248347012311862,558.6449957049914,600,15.487371303162753
2059,2926.396311782006,1750.2349395692795,276.4626928739283,-14.673317352910498,3219.1003912379383,123.39428799128343,26.087920629400084,23.17604182382195,0.0416169619427796,4.248347012311862,558.6449957049914,600,15.488413925789231
2339,1140.3852142943251,2007.008978883066,276.4318166249465,-14.932033065931558,3206.993342275673,109.99370957325785,29.15615224468592,23.18013298012611,0.0372374238853099,4.248347012311862,558.6449957049914,600,15.492150681869859
96,824.3278557952223,76.03248643500493,276.72172572694103,-14.969815679181442,3201.651699715294,114.5232941811522,27.95633606776052,23.181942915307648,0.0388355611897239,4.248347012311862,558.6449957049914,600,15.493803829731323
1998,2658.413622615061,1692.1966604050492,276.4724870882957,-14.71171514497414,3188.1234953120584,106.38374141691494,29.968146004734788,23.186540286202103,0.0362284673809472,4.248347012311862,558.6449957049914,600,15.498002949092097
1175,325.8456609800317,972.301724741004,276.58986615395366,-15.045475119047524,3181.073658986425,114.33406282869588,27.82262416190488,23.188943812259406,0.0390221998357205,4.248347012311862,558.6449957049914,600,15.500198267467109
1513,968.543634661126,1272.3944988322771,276.5423039080553,-14.953853568953422,3168.5839377980446,111.07225356590251,28.527231924019876,23.193215085084354,0.0380583718354336,4.248347012311862,558.6449957049914,600,15.50409953730723
500,2181.6549880796374,404.8805610452066,276.66669581824243,-14.775218449745667,3155.134600108082,100.50141828230042,31.39393109105746,23.19783339780326,0.0345831172544447,4.248347012311862,558.6449957049914,600,15.508317784387419
937,2028.0799506030492,765.4504306818608,276.61352273170473,-14.798845694705475,3139.724244449637,103.95488257307632,30.202758800122066,23.203149359576088,0.0359470473272002,4.248347012311862,558.6449957049914,600,15.513173246022745
1701,1621.801866593251,1425.6856957941582,276.51665259905616,-14.860166636812242,3122.683298313176,108.3997958689369,28.807095744799398,23.209058274869275,0.0376886309407293,4.248347012311862,558.6449957049914,600,15.518570296027722
1753,1674.676943083958,1466.7841448931072,276.5102914058064,-14.852703141081385,3117.015026379668,114.58440404837754,27.202786035904712,23.211030886181316,0.0399113531447475,4.248347012311862,558.6449957049914,600,15.520372028048442
52,2699.0817527355857,41.57966797385917,276.7186566999624,-14.699107252117413,3110.472920216096,121.16644713592795,25.67107473842721,23.213312064142965,0.0422927365162007,4.248347012311862,558.6449957049914,600,15.52245559684549
1830,338.90529907875094,1543.6548702162609,276.5043838015038,-15.04591095455128,3100.23067483824,122.03886320839952,25.40363449259712,23.216893103403866,0.0427379790996593,4.248347012311862,558.6449957049914,600,15.525726425246624
542,762.3288819731805,438.2834194460546,276.6678459248806,-14.980243727648793,3083.5412239664583,128.84903405779414,23.931426777971517,23.22275372871239,0.0453671237437196,4.248347012311862,558.6449957049914,600,15.531079368431815
571,608.9811375120692,465.2217286342401,276.6644765898874,-15.002505610261151,3076.9850086900988,114.89174100182444,26.78160311489437,23.225064675118677,0.0405390220795332,4.248347012311862,558.6449957049914,600,15.533190126954267
476,2439.037614385303,385.8801804198523,276.6684086883892,-14.738014204448753,3069.541694599611,109.75374095101394,27.96753594002441,23.227694283654348,0.0388200091108581,4.248347012311862,558.6449957049914,600,15.535591943202487
550,2995.6498953910905,443.98758811252446,276.65729754916015,-14.657991682709778,3067.849608429824,125.92373014673014,24.362759940918785,23.228292961226607,0.0445639165116304,4.248347012311862,558.6449957049914,600,15.536138759772705
1364,1373.3228230269335,1144.158271144852,276.55975689319234,-14.894885656220648,3060.471130917256,107.6925681409556,28.41859177238207,23.230907407951282,0.0382038634671233,4.248347012311862,558.6449957049914,600,15.53852672761592
1169,449.1739724872513,967.1136136202726,276.5901222384269,-15.027634072970756,3051.4095439332887,115.4933312970493,26.42065571807823,23.234126875343833,0.0410928483980476,4.248347012311862,558.6449957049914,600,15.54146730564841
332,1379.0694246357853,268.3974970169511,276.690571592378,-14.890489417525783,3048.054720412183,108.15190497151112,28.18308860315579,23.235321227361283,0.0385231021087741,4.248347012311862,558.6449957049914,600,15.542558195810457
1441,2761.239446666016,1212.1515480122578,276.5436882705908,-14.694925837124922,3043.252541837748,114.39186326750324,26.603750082478847,23.23703314238894,0.0408100360525879,4.248347012311862,558.6449957049914,600,15.544121814605127
528,275.4887913367101,426.21448668873103,276.6717354130716,-15.050533375910232,3042.253292503476,134.34625731418387,22.644868218314585,23.237389701471812,0.0479446375899822,4.248347012311862,558.6449957049914,600,15.544447486425504
915,1568.4627980084192,749.434793630867,276.6178913557687,-14.865108323644996,3040.506053231948,123.07146556178462,24.705207168476804,23.238013445032855,0.0439462010011122,4.248347012311862,558.6449957049914,600,15.545017197619895
623,904.8800506212758,507.8418520680492,276.6568373560271,-14.95993660563344,3033.904592547042,124.42431703302113,24.38353422299172,23.24037332753326,0.0445259489486258,4.248347012311862,558.6449957049914,600,15.547172653101754
1518,275.89872747493695,1277.6795381910538,276.5444142462363,-15.053933800867023,3027.608973763068,111.17294399634484,27.23332552804044,23.242628666444308,0.0398665964934074,4.248347012311862,558.6449957049914,600,15.549232621180014
694,114.5443258637852,561.3970784538484,276.6522055894394,-15.07434218982583,3023.5146395859774,108.43408559796632,27.883433727620087,23.244097936554418,0.0389370983002195,4.248347012311862,558.6449957049914,600,15.550574614399011
377,2938.132497716201,312.66312968803885,276.6771461632688,-14.665746998829809,3014.888406774088,123.54282244305924,24.40359016537481,23.247200021517564,0.0444893555678726,4.248347012311862,558.6449957049914,600,15.55340797836432
564,2638.907485464141,456.1862095588915,276.6570403211107,-14.709476532597272,3010.7443150287727,109.46891462480632,27.503189607276145,23.24869343851155,0.0394754214148591,4.248347012311862,558.6449957049914,600,15.554772026720894
1293,2187.4613261266763,1079.065293769973,276.5660118532588,-14.777131644365374,3006.187517757004,103.2031802017279,29.12882637803318,23.25033795796401,0.0372723564591931,4.248347012311862,558.6449957049914,600,15.55627408814481
1672,1951.440805186253,1400.2748102092082,276.51905565599105,-14.812493890593627,3006.1067785136984,107.8847204456952,27.86406421683088,23.250367118718717,0.0389641651537753,4.248347012311862,558.6449957049914,600,15.556300722821994
1035,1196.540197830045,848.3770141118293,276.6047003751129,-14.9192039772206,3004.34576496249,122.81527451933349,24.46231363908688,23.251003342434153,0.0443825557965712,4.248347012311862,558.6449957049914,600,15.556881833065784
1683,1710.9477650926442,1408.290218603555,276.5188748511787,-14.84722993787178,2995.0596695211134,107.13041563694122,27.95713665175348,23.25436442818951,0.0388344490898321,4.248347012311862,558.6449957049914,600,15.559951761638562
627,2368.0259534720885,512.1555449433384,276.64986794627646,-14.748771770190851,2986.2205118272686,105.67516714691573,28.2584886539678,23.25757344038192,0.0384203137434087,4.248347012311862,558.6449957049914,600,15.562882790162352
2321,2797.489206358208,1994.263637979009,276.42682461581774,-14.69289982217584,2982.865819006576,119.57777282293549,24.944985582090144,23.258793832124603,0.0435237774111805,4.248347012311862,558.6449957049914,600,15.563997464334197
960,2730.7385313527693,788.5922418145738,276.607029813493,-14.697592415751702,2982.512890778308,102.54828302008772,29.08398661530078,23.258922302410966,0.037329820507785,4.248347012311862,558.6449957049914,600,15.564114805762404
771,1864.942100131639,624.1262287895914,276.6353310352582,-14.821808965155991,2979.423843384604,121.77948334370906,24.465729050397687,23.260047403546128,0.0443763599998812,4.248347012311862,558.6449957049914,600,15.565142443964312
1426,3042.31132631944,1200.9929605129569,276.54414576314457,-14.654360437854848,2974.198290372675,119.87156236865204,24.811541883685884,23.26195332683934,0.0437578609620336,4.248347012311862,558.6449957049914,600,15.56688326487792
1194,1721.3203077314863,987.9120891890908,276.5816163328572,-14.844018400211436,2969.871170103317,118.98611106746203,24.959813741786025,23.26353409974246,0.0434979207469964,4.248347012311862,558.6449957049914,600,15.568327101856678
987,1263.9198727835153,806.2261825637609,276.6107108811723,-14.909303751900966,2959.003151816083,115.92570182814602,25.524996658658623,23.26751455657256,0.0425347754014967,4.248347012311862,558.6449957049914,600,15.571962747908241
1818,2732.5967218288447,1526.2249291476753,276.49694118439214,-14.700340065307406,2956.6234465062157,109.30980755468586,27.048107691773826,23.26838808444252,0.0401395917367703,4.248347012311862,558.6449957049914,600,15.572760605613247
1001,935.7265412605748,819.9467286000042,276.61005978637223,-14.95675126764726,2956.2505304696388,105.5470024921911,28.008853502858663,23.268525035929855,0.038762743355032,4.248347012311862,558.6449957049914,600,15.572885693550496
1699,664.1054352937134,1422.7274781811386,276.5211099573515,-14.99843653254773,2955.892408338608,132.58356442898892,22.29456132869145,23.268656570694112,0.0486979754386458,4.248347012311862,558.6449957049914,600,15.57300583399335
1562,2305.4141942001206,1313.5682486532744,276.53049894705066,-14.761074803543435,2926.261241283559,105.5604901232552,27.72117899288625,23.279595388314842,0.0391650008925886,4.248347012311862,558.6449957049914,600,15.582997066354125
2009,1598.0411365101136,1699.5428264256484,276.4758482085607,-14.864713272623964,2924.6730003090343,105.2618446221178,27.784740147851227,23.280184836324022,0.0390754059322726,4.248347012311862,558.6449957049914,600,15.58353545288076
1307,2550.6816241898955,1093.829385731305,276.5622507985877,-14.724803519113804,2922.6642908356152,98.99166297752448,29.524347838253718,23.28093079250111,0.0367730391860949,4.248347012311862,558.6449957049914,600,15.584216789909554
147,396.8625833895208,121.54735810119728,276.71677081509483,-15.031757003011457,2920.999726315087,131.37795943467682,22.23355986715149,23.28154933525397,0.0488315864165344,4.248347012311862,558.6449957049914,600,15.584781750820614
821,722.9931631033837,664.2987483707279,276.6342299737882,-14.986844760131897,2920.181189785828,107.59970937530802,27.13930369086992,23.281853628089035,0.040004710967041,4.248347012311862,558.6449957049914,600,15.585059684005557
1590,1693.4053794962963,1334.1516873075177,276.5300218625203,-14.849459163404562,2919.822382284561,119.10526119504564,24.514638169535505,23.281987042492073,0.0442878247882608,4.248347012311862,558.6449957049914,600,15.58518154126173
2058,962.6464911441544,1748.4828213914518,276.47118185440803,-14.956644352071535,2897.754177525756,110.68882026510336,26.17928504961512,23.290224274460307,0.0414717207877287,4.248347012311862,558.6449957049914,600,15.592705215342214
251,2052.257170145178,205.4116590212179,276.69704523459484,-14.793073940804325,2894.411290266202,107.3160346163435,26.970911668640827,23.291477517016755,0.0402544790972841,4.248347012311862,558.6449957049914,600,15.593849894595497
696,2052.1433458180777,563.5124400166122,276.6435726265491,-14.79455023476158,2893.9819260604563,103.60113661150557,27.933882008578863,23.291638589786565,0.0388667783327275,4.248347012311862,558.6449957049914,600,15.593997014286671
1158,515.974437525063,955.2210498156212,276.5916184271358,-15.01793439701852,2892.0535585240577,110.46370830326896,26.181029072319063,23.29236229724859,0.041468958191101,4.248347012311862,558.6449957049914,600,15.594658029916058
908,515.1766756324349,744.0543144534615,276.62319152843173,-15.017191174512089,2868.987149515364,114.36218620457572,25.086851211319125,23.30105661845588,0.0432776513423149,4.248347012311862,558.6449957049914,600,15.602599197454737
84,1195.9470257289163,65.14728513761416,276.72173691028985,-14.916102226597843,2868.888315905468,128.30805564406498,22.359377994659614,23.301094021578056,0.0485568069138288,4.248347012311862,558.6449957049914,600,15.602633360496633
144,2483.389065435666,118.82392712111688,276.7080793924572,-14.730528026958227,2867.348415566201,98.70124008033342,29.050784095847757,23.301676956233123,0.0373724852457658,4.248347012311862,558.6449957049914,600,15.603165797894519
1440,2436.600466669309,1213.9686927280234,276.5448071796931,-14.7417467354832,2861.127529169142,107.70729290468272,26.563916444368736,23.30403508579751,0.0408712323076952,4.248347012311862,558.6449957049914,600,15.605319652290074
898,1426.3947452628163,735.9485364952802,276.6205153755183,-14.885560999831949,2860.294833499181,109.4337713712866,26.137222519680705,23.30435112184082,0.041538461065727,4.248347012311862,558.6449957049914,600,15.605608311416919
966,1514.1811147824908,790.9990995981467,276.6119152110328,-14.87311294985844,2848.54905986425,104.25672487260016,27.32244911150936,23.308818866947043,0.0397365549321366,4.248347012311862,558.6449957049914,600,15.60968903394404
1653,945.5867036046054,1383.6598044078405,276.525772373016,-14.957621979411195,2840.7691867686226,114.2478538312895,24.864967625244,23.311788254415696,0.0436638412871991,4.248347012311862,558.6449957049914,600,15.612401195458855
644,950.02525372257,523.9212765801377,276.6542404678925,-14.953481836188288,2816.3554359854315,102.6499411507308,27.436503171978494,23.3211594666287,0.0395713693248215,4.248347012311862,558.6449957049914,600,15.620960617689722
715,3002.7060929479453,575.0261309667543,276.63771425586424,-14.657509914116496,2815.484142424364,130.52027505219934,21.57123972730183,23.321495411912153,0.050330904191189,4.248347012311862,558.6449957049914,600,15.621267461400244
256,2322.150657172156,205.67737710493216,276.6958225661975,-14.754138802307969,2813.4013443609583,98.00722948064389,28.70605933123124,23.322298899342535,0.0378212832166341,4.248347012311862,558.6449957049914,600,15.622001345983957
1299,3075.1647220858345,1085.9169544553447,276.5611730937073,-14.649154108050585,2810.0118885245174,152.54681837380386,18.42065221995523,23.323607732682465,0.0589392811414056,4.248347012311862,558.6449957049914,600,15.62319680041735
1405,1494.7843805052942,1178.1156527633827,276.5541694345299,-14.877490476667573,2795.557947385707,110.2388435846953,25.359100807674118,23.329206878687167,0.042813032222004,4.248347012311862,558.6449957049914,600,15.628310915186837
1904,2925.294867702603,1609.7993898507298,276.4836513207605,-14.672901210622406,2791.188322680653,107.78031650361504,25.89701360347215,23.330905277175866,0.0419237529324398,4.248347012311862,558.6449957049914,600,15.629862188325319
2278,1813.8867422437377,1954.769038911977,276.4368305984293,-14.834605901033491,2789.201522964693,111.33589228627208,25.05213247667668,23.331678391791165,0.0433376280845863,4.248347012311862,558.6449957049914,600,15.630568331167332
167,2429.613969269772,134.08258063519185,276.70603844100026,-14.738346259201112,2779.4601699864725,101.25141253296182,27.45107550061719,23.335476988647443,0.0395503629712282,4.248347012311862,558.6449957049914,600,15.634037871034607
718,1650.725725520114,578.3038318378653,276.643099789022,-14.85253748968869,2767.6903584098327,98.93754212108418,27.974116792012172,23.340084373885386,0.0388108767855725,4.248347012311862,558.6449957049914,600,15.638246137237044
2362,261.10920856741114,2027.7516861399772,276.4323236780498,-15.059121297281214,2762.832276975736,114.22412558477764,24.187817265671686,23.341991823362786,0.0448862329359858,4.248347012311862,558.6449957049914,600,15.639988352127713
774,1748.9971348937966,624.8243231391845,276.6357272927904,-14.83854398268663,2758.272182050452,99.28121017709712,27.78241902098359,23.343785327296676,0.0390786705498894,4.248347012311862,558.6449957049914,600,15.641626492113655
1643,384.233049890615,1374.6642486946953,276.52946172154367,-15.038674260870936,2739.7303174591507,108.11543367458204,25.34078830692664,23.351108586977062,0.0428439710260803,4.248347012311862,558.6449957049914,600,15.648315367606596
111,2307.605082474422,88.03337792625311,276.713450227963,-14.755757300271222,2734.7910817305674,105.1712818999709,26.003211450171783,23.353067738515037,0.0417525351466858,4.248347012311862,558.6449957049914,600,15.65010480581871
1806,1281.6314414341148,1514.6488634373402,276.5047920516486,-14.909632891472627,2712.833804665541,104.10059835718356,26.05973306087476,23.361820154573483,0.0416619770227053,4.248347012311862,558.6449957049914,600,15.658099035687979
273,2711.981668038396,220.0084968024657,276.6919693413387,-14.69797522432062,2708.616658148123,98.22194563523392,27.57649159391621,23.36350926327589,0.0393704904883376,4.248347012311862,558.6449957049914,600,15.659641823776557
766,2795.936443616662,619.3253948226092,276.632007037709,-14.687500382059095,2707.7103074612096,102.13082380201897,26.512175332200567,23.36387263046935,0.0409509965288044,4.248347012311862,558.6449957049914,600,15.659973713948602
1439,2675.093828858058,1212.2140885520143,276.54404827833395,-14.70734707303955,2706.882997663575,104.73065147443482,25.846139210967635,23.36420441539066,0.04200627378573,4.248347012311862,558.6449957049914,600,15.660276757692227
93,1640.892320925858,71.5342185735615,276.7188401840111,-14.851892841479115,2704.208038028679,98.07768612416956,27.57210273705951,23.36527787755912,0.0393767573824072,4.248347012311862,558.6449957049914,600,15.661257230200999
1438,999.2074125424796,1211.0945134555398,276.5513356394366,-14.94917572699014,2702.521960990154,100.09160227169154,27.00048655085319,23.365955046548294,0.0402103865037829,4.248347012311862,558.6449957049914,600,15.66187573879607
930,476.1884717574234,763.5058666317964,276.62044888235266,-15.022903262320016,2697.5822164986166,112.21409827442504,24.0396016006968,23.367941401165304,0.0451629780740014,4.248347012311862,558.6449957049914,600,15.663690023595173
731,2926.704901360366,588.0763950333937,276.6360993122192,-14.668519496075833,2683.6589304872323,105.28697072145904,25.488993672227128,23.37355982599803,0.0425948554094146,4.248347012311862,558.6449957049914,600,15.668821747146257
1669,664.5179443016813,1393.539913549411,276.525471109561,-14.998258162968234,2683.1157288762624,120.1137453219682,22.338123931479256,23.37377961300045,0.0486030072771694,4.248347012311862,558.6449957049914,600,15.669022494894985
1768,1311.3556154672383,1488.153503665237,276.5086259282598,-14.905233621147756,2677.041631015367,105.71836396261298,25.32238989209193,23.376240313438483,0.0428751000449234,4.248347012311862,558.6449957049914,600,15.671270034866769
1334,2909.980442045168,1114.8647680932893,276.5575663298813,-14.673083909130488,2668.774012303911,105.6500119298059,25.26051785093077,23.379598626076948,0.042980116496701,4.248347012311862,558.6449957049914,600,15.674337430546483
1686,2626.9361703003465,1410.0252825632151,276.51473215247177,-14.715099855965615,2660.9215119247674,102.60267530215292,25.934231286744364,23.382797964609466,0.041863589014683,4.248347012311862,558.6449957049914,600,15.677259623400179
1608,1129.4676502592515,1347.8916029385557,276.5303459575956,-14.93092306369717,2656.442751957511,110.46699718531131,24.04738808552257,23.384626973403115,0.0451483544133274,4.248347012311862,558.6449957049914,600,15.678930192604351
235,1361.275943482212,190.14958892810247,276.7023396519405,-14.892739841517356,2645.217693337472,97.5202952407629,27.124791683688287,23.389224578580432,0.0400261138467247,4.248347012311862,558.6449957049914,600,15.683129525953017
1460,166.8975169174081,1230.3906183064971,276.55194020447624,-15.069493421720708,2636.0822391632246,112.67518288020489,23.395411232355222,23.392980738375677,0.0464065362740239,4.248347012311862,558.6449957049914,600,15.686560304909179
1193,2887.937030242072,985.487638128548,276.5769666485352,-14.675732739994896,2634.058314568305,102.26751723390782,25.75654895917388,23.39381466236462,0.0421523862424627,4.248347012311862,558.6449957049914,600,15.687321989456233
2171,130.19079547848764,1854.3099553122825,276.4587930949293,-15.077334464044323,2631.185242397012,104.28156023173176,25.231548478466003,23.394999564354855,0.0430294637258032,4.248347012311862,558.6449957049914,600,15.688404248208474
1366,190.96032941199485,1144.1762862118942,276.56473194264777,-15.06566558611053,2630.612979808124,110.26408025629416,23.85738831443217,23.395235729326448,0.0455079150194835,4.248347012311862,558.6449957049914,600,15.688619955169543
870,2817.252863884903,710.1103739848716,276.61836616869977,-14.684797885658154,2622.659701282799,133.66837526745496,19.620644718955848,23.39852326818583,0.0553345731270026,4.248347012311862,558.6449957049914,600,15.691622707914679
1059,1929.9024719901904,865.7265561800464,276.5989710213792,-14.813420439454529,2620.0598171552992,97.21899708680844,26.950080700954,23.399600109526233,0.0402855936517313,4.248347012311862,558.6449957049914,600,15.692606266871476
2202,365.7712177813719,1884.7021588652,276.45328292357806,-15.043416482578571,2612.304044204124,107.1599874931437,24.377606841091357,23.40281881903468,0.0445367753724669,4.248347012311862,558.6449957049914,600,15.695546152672279
851,2846.6101494559143,692.3278091340004,276.6208920462428,-14.680492625623092,2608.6651586540397,113.9975474312714,22.88352001806698,23.40433228148693,0.0474446238665563,4.248347012311862,558.6449957049914,600,15.696928510030634
2161,1580.1572567351811,1842.9820802733368,276.4544983238858,-14.867879787372967,2604.6848269065376,130.1359635102276,20.015103870205955,23.405990175599886,0.0542440352566018,4.248347012311862,558.6449957049914,600,15.69844278752263
102,1454.5418241731973,82.56015412213368,276.718007468984,-14.878837415938191,2599.783297079208,101.11580994047668,25.71094766099989,23.408035252959905,0.0422271483072117,4.248347012311862,558.6449957049914,600,15.700310708152461
547,2827.4834109842345,440.16048392526267,276.6586063800001,-14.68222015987338,2592.0747595585417,98.95130927228044,26.195456923425144,23.411259318152215,0.0414461180491613,4.248347012311862,558.6449957049914,600,15.703255485696022
979,687.3397800090154,799.8627443593143,276.6141175652644,-14.992546295312884,2584.491662357701,113.99838853643524,22.671299967820744,23.41444028730951,0.0478887404578045,4.248347012311862,558.6449957049914,600,15.706160900438725
584,2939.4086295484603,472.4233850834014,276.6533012589898,-14.66621557717842,2582.346192756609,130.71601067742472,19.755393232809187,23.415341966139508,0.0549571444721687,4.248347012311862,558.6449957049914,600,15.70698447050065
593,2779.461150327586,477.44801774314726,276.65325214385064,-14.689296358846564,2578.7463633893058,105.41538511442748,24.462713489023443,23.41685655463655,0.0443818303512061,4.248347012311862,558.6449957049914,600,15.708367856359121
834,811.2562686828118,676.9957271783818,276.631955618388,-14.974147145406114,2578.038633189572,114.91171433841396,22.43495058821654,23.417154572997365,0.0483932423087323,4.248347012311862,558.6449957049914,600,15.70864005860199
1864,3016.7134196170346,1568.4370756577705,276.48943374618267,-14.65955403162257,2566.4217842833605,126.3748997012421,20.30800254125255,23.422058043471395,0.0534616832844377,4.248347012311862,558.6449957049914,600,15.713118761381292
1134,1170.6736699569744,934.5100157464096,276.5919403765554,-14.923289569281009,2564.589488940197,98.50589834999792,26.034882498386462,23.422833481049103,0.0417017438072665,4.248347012311862,558.6449957049914,600,15.713827025956935
1872,421.44654022933264,1579.712356753024,276.49865094856835,-15.034131466092171,2556.6445814148174,162.5943410238977,15.724068656479552,23.42620223184061,0.0690470147211298,4.248347012311862,558.6449957049914,600,15.716903955574967
996,315.71186667054104,817.751625084774,276.6130178671926,-15.04631140261816,2549.068885321438,99.33604932065916,25.661065673076877,23.42942419625931,0.0423092327431707,4.248347012311862,558.6449957049914,600,15.719846814326388
2367,1989.7573329654,2031.74367904032,276.4246051174171,-14.8095447867015,2548.3812000780017,109.76576742264687,23.216538816383476,23.42971714459948,0.0467640766173914,4.248347012311862,558.6449957049914,600,15.72011438574387
1820,735.705619736425,1530.2158925135593,276.5047450920248,-14.98853161297236,2539.3226097123115,105.99574425451948,23.95683550855429,23.433583427026612,0.0453190071623745,4.248347012311862,558.6449957049914,600,15.723645747856416
1680,1012.9238263582108,1408.8293298140554,276.52172898137536,-14.948000217144658,2522.5469985528616,120.59333466107672,20.917797867041244,23.440779959725372,0.0519031691051314,4.248347012311862,558.6449957049914,600,15.73021887421049
1320,462.47183180736687,1102.7719218037294,276.5697844901955,-15.026264315987206,2513.1684619392618,117.74447863167023,21.34425742204853,23.4448241233013,0.0508661406453277,4.248347012311862,558.6449957049914,600,15.733912708351713
400,1085.5542126019002,330.0660170830826,276.68262790749225,-14.933120747590117,2511.8133429115987,100.26602420092648,25.05149040195402,23.445409718188163,0.0433387388366847,4.248347012311862,558.6449957049914,600,15.73444757553634
1577,3019.368438605445,1326.3676803384878,276.5255385937175,-14.658180524954709,2507.733454670932,113.86433521380728,22.023871214477012,23.447174691612407,0.0492965105646973,4.248347012311862,558.6449957049914,600,15.736059656494596
721,165.51816305813026,582.9521612195836,276.64876542640155,-15.06706260252466,2501.563853045925,173.8430730108276,14.389781598546172,23.44984914386739,0.0754493730543965,4.248347012311862,558.6449957049914,600,15.738502431833194
896,1831.8719831222809,735.2725849408382,276.6188744694064,-14.827034277657496,2500.609104452713,105.2698706592985,23.75427165238788,23.45026360579643,0.0457054636693464,4.248347012311862,558.6449957049914,600,15.738880990611786
1430,317.92671414185884,1204.3236396276511,276.5552070769655,-15.047562507033728,2499.0010697519174,110.84418867534032,22.545169932827285,23.45096202086982,0.0481566563141823,4.248347012311862,558.6449957049914,600,15.73951890482925
48,1389.5244719859154,36.91270069133618,276.7251112214637,-14.888037993629863,2486.815734256641,113.14129282336586,21.9797358877542,23.45626910966837,0.0493954979961741,4.248347012311862,558.6449957049914,600,15.74436626211996
1415,545.1224635309785,1189.1349519138175,276.5565263461461,-15.014674547652644,2480.179376808519,128.528761344204,19.296687767545837,23.45917039613052,0.0562635418616238,4.248347012311862,558.6449957049914,600,15.747016221941358
974,1311.0773875212335,797.3781451735433,276.6118313670645,-14.90245923885599,2479.2664356059395,104.2777394402154,23.77560588592692,23.459570123586026,0.0456644514217254,4.248347012311862,558.6449957049914,600,15.747381322633903
2090,396.1318332699087,1779.8953167927032,276.4688273206388,-15.038603411076954,2474.4936657647486,111.2869966369392,22.23524527162409,23.46166225986672,0.048827885041841,4.248347012311862,558.6449957049914,600,15.749292225661595
710,1111.8111630349258,571.0254662067942,276.6465066935125,-14.930309491461632,2470.9408211438567,111.34984591659068,22.19078796925121,23.463222265447065,0.0489257074378974,4.248347012311862,558.6449957049914,600,15.750717094306246
2245,2796.972371149165,1929.1195851053535,276.4365473974672,-14.692707598247024,2470.5262001896044,118.33841120693792,20.87679034214347,23.463404465988077,0.0520051206247123,4.248347012311862,558.6449957049914,600,15.75088351155577
2220,734.1869891488917,1907.9751530935573,276.44828965799326,-14.990289151436338,2469.87753218133,109.25134079959646,22.60729721122519,23.463689577239567,0.0480243166556379,4.248347012311862,558.6449957049914,600,15.751143924779676
126,2841.202641618063,101.2683970493314,276.709119780141,-14.67885851805468,2469.466706194333,151.0685789730157,16.346660059835713,23.46387018771231,0.0664172372843062,4.248347012311862,558.6449957049914,600,15.751308889702077
764,1894.2146957358052,619.1777425665964,276.63594358348206,-14.81756470210007,2467.006610766344,115.50787455469894,21.357908456692183,23.46495234281493,0.0508336292479899,4.248347012311862,558.6449957049914,600,15.75229730211149
262,66.94838367280845,209.7486411663931,276.70500027365307,-15.079794008722043,2459.2144214265863,138.9822689283976,17.694447215375018,23.468387133532257,0.0613582321496099,4.248347012311862,558.6449957049914,600,15.755434550885294
2120,1329.44987898456,1804.4765668799623,276.4612929213855,-14.90391122484555,2455.1698847937514,105.90682075015398,23.182358486482865,23.470174254999183,0.0468330260975408,4.248347012311862,558.6449957049914,600,15.757066861291413
988,2843.20694061406,807.5359271997738,276.6037147486668,-14.681454055165023,2445.3018957002205,100.796097042781,24.259886716271943,23.474546914607664,0.0447528882841725,4.248347012311862,558.6449957049914,600,15.761060735190558
1195,1007.737509906179,988.137942440447,276.5846183568865,-14.947036160717452,2444.0778361471603,116.18243387719018,21.036552210041112,23.475090544218858,0.0516101682994315,4.248347012311862,558.6449957049914,600,15.761557272380589
1070,2598.5705928130137,875.4415368232872,276.5946401237944,-14.717005375285703,2433.9643058118527,102.41863451217836,23.76485800074239,23.479592613474008,0.0456851036082809,4.248347012311862,558.6449957049914,600,15.765669345695283
738,472.65147175403206,592.5682214993616,276.6460205024519,-15.022719575696536,2432.2627318109157,128.86793251545913,18.874072737367293,23.480351912437623,0.0575233557222924,4.248347012311862,558.6449957049914,600,15.766362869679298
809,1174.452032548134,653.0037978082283,276.6339880368364,-14.921597928593654,2428.5754219660303,109.9066350986262,22.09671344943565,23.4819991372322,0.0491340036826937,4.248347012311862,558.6449957049914,600,15.767867402092556
1186,967.8904695770966,980.8349958151543,276.5858786106351,-14.952760927098502,2422.1448206050554,104.6088899208118,23.15429235926891,23.484877860579267,0.046889794045698,4.248347012311862,558.6449957049914,600,15.770496753349715
810,1781.1767527209113,655.5493493625946,276.63099954675187,-14.834025154982632,2419.786744029901,96.98380935023502,24.950419665321565,23.485935392797337,0.0435142981386003,4.248347012311862,558.6449957049914,600,15.771462675854881
1935,829.4373233772897,1639.6473888509893,276.48799965866453,-14.975439022388445,2418.1732940611546,104.86055880264816,23.06084691587668,23.48665957451723,0.0470797973708645,4.248347012311862,558.6449957049914,600,15.772124124659104
389,616.0820645572129,323.1706205952359,276.6856820240431,-15.000902448333353,2414.540175011265,133.8659730320696,18.03699715709552,23.488292036138233,0.0601929462284635,4.248347012311862,558.6449957049914,600,15.773615172772441
224,2203.345327460566,178.55801279622898,276.70039284970113,-14.771166529617968,2406.687760550645,101.9836623463934,23.598757930227997,23.49182875264587,0.0460066586220332,4.248347012311862,558.6449957049914,600,15.776845517920076
748,1247.9854920723185,604.7974577076526,276.6408756223798,-14.91078428031932,2401.4242763451184,111.22795290588743,21.59011483720301,23.494205884295088,0.0502869025100865,4.248347012311862,558.6449957049914,600,15.779016728327175
687,48.04934945522685,556.3806282080569,276.6532383420267,-15.083932674452528,2388.9845551453764,129.82383269395697,18.401741079213867,23.499844770877864,0.0589998519882653,4.248347012311862,558.6449957049914,600,15.784167141110164
1372,669.9570400116746,1148.6503540875992,276.56205403538644,-14.99647602648208,2368.064553217322,113.34777605985424,20.89202484190643,23.509394283361516,0.0519671984030116,4.248347012311862,558.6449957049914,600,15.792889418184743
1852,2173.9637663741614,1560.3708558332978,276.4942111165652,-14.781044378847996,2363.861821398139,101.08328858622777,23.38528805759696,23.511322909858873,0.0464266250356193,4.248347012311862,558.6449957049914,600,15.7946509756163
1273,609.0203746423458,1061.3009782194104,276.57536778980847,-15.004923513923195,2347.107383657247,114.6460074735012,20.47264824463902,23.51904572677842,0.053031732242276,4.248347012311862,558.6449957049914,600,15.80170479633059
1554,2916.906753047042,1304.9055852586923,276.5291800200109,-14.6728627355111,2344.2787910969346,110.42745168375252,21.2291305771557,23.520354979783388,0.0511419907684916,4.248347012311862,558.6449957049914,600,15.802900634075147
2159,1685.5138658245914,1841.0252248931213,276.45435180012225,-14.852666490413265,2343.1616017273627,105.87988310005828,22.130375791150385,23.520872521498024,0.0490592663335683,4.248347012311862,558.6449957049914,600,15.803373343256943
1331,936.2495464622368,1113.2051481459985,276.5662300604492,-14.957869281255707,2333.205164841842,119.11935457852476,19.58712060770753,23.525495803148438,0.0554292803799236,4.248347012311862,558.6449957049914,600,15.807596128830319
1541,2571.5132231874786,1295.9432955246098,276.53199511186733,-14.722625460556603,2333.14661406941,98.26699759612696,23.742931718119035,23.525523049569824,0.0457272931957036,4.248347012311862,558.6449957049914,600,15.807621015005086
1882,1548.7649607177254,1586.205856273142,276.4929831915841,-14.871362996848694,2331.785428202594,104.70545224375644,22.26995231130992,23.526156666010774,0.0487517882761078,4.248347012311862,558.6449957049914,600,15.80819974383197
508,406.75547631840845,414.6503246385189,276.67290319977485,-15.031517974441805,2328.950646499172,100.53885547850618,23.164682305311,23.527477412544453,0.0468687627868343,4.248347012311862,558.6449957049914,600,15.809406079467614
1849,1138.717456936336,1554.8543398589998,276.4993826684802,-14.930430737810298,2322.1068767684046,102.75820562218044,22.59777564923901,23.530672614452527,0.0480445516785437,4.248347012311862,558.6449957049914,600,15.81232449403581
1940,2625.2505770527964,1642.5667047255356,276.48003411852824,-14.71629394370246,2311.789438708161,106.05957921813103,21.797082882570567,23.5355074375865,0.0498094174275104,4.248347012311862,558.6449957049914,600,15.816740496114793
736,1906.6457107576264,590.5176041567258,276.6401699399475,-14.815654075370375,2310.5961433986668,99.751708182837,23.16347444560575,23.536068015637056,0.0468712067591381,4.248347012311862,558.6449957049914,600,15.817252513569848
2271,1105.2377693030712,1952.32449849486,276.44013233965643,-14.936884945696915,2309.4138829179574,105.8080805758752,21.826441518914727,23.53662369539882,0.0497424190314823,4.248347012311862,558.6449957049914,600,15.817760057054937
997,664.9251564763746,818.9398531336991,276.6113610178156,-14.995861812959374,2308.180364093103,123.47500819431588,18.6935024167859,23.537203770653424,0.0580790039123482,4.248347012311862,558.6449957049914,600,15.818289882750584
140,2275.509308925748,113.55322220265596,276.7097813736885,-14.760491231807915,2303.1188298349152,115.5542571495654,19.931059976906937,23.539587260846375,0.0544727676931353,4.248347012311862,558.6449957049914,600,15.820466900886647
1093,1685.9116411169164,904.8322829462344,276.5941764168625,-14.848789924831332,2298.987127491797,121.25834058545937,18.95941439072834,23.54153677703225,0.0572644269292904,4.248347012311862,558.6449957049914,600,15.822247538418004
2298,2297.6616454280856,1970.069972112192,276.4325290880103,-14.76487631017332,2296.192998646933,108.37528576342768,21.187422782527104,23.542857154966622,0.0512426646291005,4.248347012311862,558.6449957049914,600,15.823453537384601
1139,958.8673407921189,939.728256701932,276.5920601444554,-14.95389671738549,2295.87151839782,110.05528553893932,20.861074569521733,23.54300917493274,0.0520442988869911,4.248347012311862,558.6449957049914,600,15.823592388479632
711,1745.9857480502649,572.472194922745,276.6435595027639,-14.83876523163914,2287.6685913429246,98.19105746981305,23.29813580066825,23.54689535207254,0.0466002949458668,4.248347012311862,558.6449957049914,600,15.827141921906833
629,738.3271930691577,514.4053700637257,276.6565703145766,-14.984020257559566,2279.799485675001,155.68610998694743,14.643563808397149,23.5506364975965,0.0741417877646301,4.248347012311862,558.6449957049914,600,15.83055898721694
863,1223.9130616329355,703.6538028890559,276.6262079275523,-14.914662436236126,2275.4885396152386,111.9240767889979,20.330643815852483,23.55269149459566,0.0534021455411777,4.248347012311862,558.6449957049914,600,15.832435968187937
1324,2337.6660496993995,1104.79951186977,276.56152684660174,-14.75557011467985,2271.6933895042166,101.08698147805896,22.472660240599723,23.554503840307365,0.048312037310053,4.248347012311862,558.6449957049914,600,15.83409131776515
1770,1443.008529952766,1488.01992257998,276.5080935349314,-14.886227767830928,2265.638716005488,105.26274631888468,21.5236519588984,23.5574014823466,0.0504421834209758,4.248347012311862,558.6449957049914,600,15.83673794886516
1112,2521.208827089349,919.2221287612872,276.58843952400866,-14.728340531368634,2258.9283053840045,108.11217113030332,20.89430155520055,23.56062200756725,0.0519615358824842,4.248347012311862,558.6449957049914,600,15.839679493090404
945,1590.707256303219,771.415336028321,276.6145125426479,-14.861987128981657,2255.964129541826,105.97235496330978,21.288232485943112,23.562047651051746,0.0510000067275149,4.248347012311862,558.6449957049914,600,15.840981638880844
493,517.5228048250916,400.39900951592017,276.6745594903999,-15.015455569433994,2253.299706370628,112.01550146729028,20.11596320915115,23.56333072569262,0.053972061328194,4.248347012311862,558.6449957049914,600,15.842153565986468
1257,259.3617698447626,1050.9909306290822,276.578379572062,-15.055402093434052,2250.402836126217,106.50524914743708,21.12950163621462,23.564727459739295,0.0513831333408819,4.248347012311862,558.6449957049914,600,15.843429306646051
1068,1718.073650363535,875.2647728569494,276.5984549463731,-14.844027681844237,2250.095289187797,106.06344866843614,21.21461556678019,23.56487584991164,0.0511769820472302,4.248347012311862,558.6449957049914,600,15.843564842381571
838,2429.994397156569,680.9675739446883,276.6243982153572,-14.7405227819464,2238.554621884832,102.32169678057136,21.877614350799977,23.570458886315066,0.0496260690307076,4.248347012311862,558.6449957049914,600,15.848664243058991
73,2412.073095217935,53.54384853036609,276.7181388432938,-14.74054783838303,2236.655593538482,100.28255258093508,22.30353671675184,23.571380337533668,0.0486783784019575,4.248347012311862,558.6449957049914,600,15.849505872707951
933,1907.3901782259536,764.9037982450594,276.61412420333835,-14.816257670233652,2233.6495680594235,111.03950494673528,20.115809856418995,23.57284052920694,0.0539724727838164,4.248347012311862,558.6449957049914,600,15.850839573918151
1600,200.6906093284941,1341.1977387984743,276.5352297726488,-15.06506016381052,2226.5656392565,109.8152368189458,20.275561968941297,23.576289369266416,0.0535472211158984,4.248347012311862,558.6449957049914,600,15.853989654996756
1609,93.79986351457072,1349.503772790383,276.5344321434401,-15.080541682555548,2218.017004938505,116.29361689706629,19.072560163828378,23.580465947347527,0.0569247122921158,4.248347012311862,558.6449957049914,600,15.857804433113383
1480,2415.088560591991,1246.3434283091387,276.5400664970405,-14.74498155087479,2215.136132136045,105.16802928176236,21.06282819278978,23.581877073129345,0.0515457843582305,4.248347012311862,558.6449957049914,600,15.859093318810654
719,1078.3335004944877,579.8637944537978,276.64532959630816,-14.935179781257755,2213.655221130932,111.28306045610744,19.89211306786488,23.582603175863003,0.054579420310752,4.248347012311862,558.6449957049914,600,15.85975652221904
1185,1874.923141409296,980.609105250318,276.58205054353925,-14.821822320933876,2213.24769357912,98.63590156478296,22.43856099521211,23.58280307517284,0.0483854557443173,4.248347012311862,558.6449957049914,600,15.859939105065067
1126,1843.6292997149048,929.251002664166,276.58985433909146,-14.826128599958368,2210.642743886099,108.12199784502516,20.44581850082614,23.5840817182858,0.0531013224027265,4.248347012311862,558.6449957049914,600,15.861106984528003
1792,2132.615296986653,1504.8090049492469,276.5026811210454,-14.786782221908195,2209.529917320237,101.33470940346844,21.804275458302246,23.584628410105466,0.0497929867963856,4.248347012311862,558.6449957049914,600,15.861606318659845
1703,1443.332072772135,1428.1524062514973,276.517035427975,-14.885936950080062,2204.628163989866,107.47713305738334,20.51253230594445,23.58703974796293,0.052928618651602,4.248347012311862,558.6449957049914,600,15.863808772130557
266,1969.5734063145017,214.43240995106157,276.69605989407273,-14.805040999673896,2197.0792026674026,98.06721347378983,22.40380984471033,23.59076384316921,0.0484605077228121,4.248347012311862,558.6449957049914,600,15.867210264122626
2069,371.6383403971965,1762.3043342788983,276.4715581366005,-15.042070774038836,2196.7701292641577,109.84371820671144,19.99905106207462,23.590916589501198,0.0542875757769765,4.248347012311862,558.6449957049914,600,15.867349778661406
1555,658.3643878637868,1306.411726629793,276.5385205970429,-14.998792514548144,2193.51080101094,114.50463364004182,19.156524336879567,23.59252868284741,0.0566752079295429,4.248347012311862,558.6449957049914,600,15.868822222920713
1141,1676.361549162382,939.7489624517336,276.5890020196886,-14.850310586852617,2191.026843983156,107.09209167793594,20.45927770812764,23.59375887977261,0.0530663895123089,4.248347012311862,558.6449957049914,600,15.869945852892009
467,1695.8383490856716,379.4711319156452,276.6726037891976,-14.84521634755518,2190.260203423386,102.16026772631798,21.43945246199803,23.594138845481897,0.0506402857966839,4.248347012311862,558.6449957049914,600,15.870292903718
1597,917.6606721554496,1338.8521284161388,276.5325857327776,-14.961472550343665,2185.598022200284,110.25565926497546,19.823000803502293,23.596452403463626,0.0547697097307376,4.248347012311862,558.6449957049914,600,15.872406047585738
1321,1094.5102311325195,1102.38844748709,276.56717790532895,-14.934970842584924,2184.638368506683,111.7931950231412,19.541783093814097,23.596929233860322,0.0555578779473647,4.248347012311862,558.6449957049914,600,15.872841572105415
2348,1883.050950405751,2010.882463828637,276.42816366050243,-14.824855225792987,2184.509317578515,103.45711174853228,21.115119885506623,23.596993372349143,0.0514181309832496,4.248347012311862,558.6449957049914,600,15.87290015453793
1983,1737.8554838600096,1681.4016439052907,276.4779726412972,-14.844461329617872,2175.1858099919627,123.55676036625027,17.6047494572067,23.601637222379075,0.0616708577784136,4.248347012311862,558.6449957049914,600,15.8771417267358
175,920.226418373083,141.22855865175896,276.71156516433086,-14.956229353296566,2172.9640590102063,95.29861085754276,22.801634141954747,23.602746768168185,0.0476150083472449,4.248347012311862,558.6449957049914,600,15.878155157087988
473,160.65179013212574,383.0352257116549,276.6786832063315,-15.066954159718415,2169.722391020099,109.35720313015896,19.84069022355716,23.604367698896148,0.0547208785463991,4.248347012311862,558.6449957049914,600,15.879635673182626
63,2595.047636618869,48.17492938074668,276.7181323852253,-14.71413648352237,2167.6423818978947,113.09320964968605,19.166865885337547,23.60540904150926,0.0566446286260368,4.248347012311862,558.6449957049914,600,15.880586808522438
194,2034.4932225670057,154.78239754516918,276.70468337168506,-14.795430668969331,2151.514218883298,117.8108355757798,18.262447663393186,23.61351757449767,0.0594498623629882,4.248347012311862,558.6449957049914,600,15.887992932292036
659,1174.6918271890097,533.804138031608,276.65179853500445,-14.921078145902676,2150.5930573008955,104.23948234834369,20.631271461173636,23.613982527336606,0.052623998576297,4.248347012311862,558.6449957049914,600,15.888417608158449
181,2529.867916258327,146.53709766692182,276.7037377874814,-14.723937718232987,2148.0626967736757,100.56157703386796,21.360670348777774,23.61526074290444,0.0508270565610841,4.248347012311862,558.6449957049914,600,15.889585097112757
1695,632.8792003576697,1419.8014573920343,276.52167758546415,-15.002935383761024,2145.7993229281856,135.69313905832394,15.813616943490954,23.61640536615748,0.0686560199276159,4.248347012311862,558.6449957049914,600,15.89063056631091
1228,1173.3637624265552,1017.7463774611537,276.57949160680494,-14.923240101879603,2138.3964948832872,120.97404331159623,17.676490231671924,23.62015754125272,0.0614205640243385,4.248347012311862,558.6449957049914,600,15.894057705745414
906,1506.422132916515,743.4355389021454,276.61905371987905,-14.874039166619845,2134.151985223172,115.193300447374,18.526702307641223,23.622314763972103,0.0586019023769929,4.248347012311862,558.6449957049914,600,15.896028057038453
2128,1585.8292148406993,1812.0306149146388,276.45909770003993,-14.866934842288304,2128.9137553015607,107.58334916601252,19.78850604489381,23.624982955871168,0.0548651827246024,4.248347012311862,558.6449957049914,600,15.898465114330293
2078,1059.8054407955165,1771.223909939949,276.46738069888494,-14.94270688635504,2117.57700487104,104.14750666025992,20.33247912289248,23.630780095356027,0.0533973252075101,4.248347012311862,558.6449957049914,600,15.903760071210392
1907,2551.5899831485726,1610.8207839504937,276.48508385603515,-14.726785882269755,2113.8956459813053,98.82152763767444,21.391044001382244,23.632669265376737,0.0507548860135038,4.248347012311862,558.6449957049914,600,15.905485590119326
1388,1115.8305692937977,1167.5172136112612,276.55735575200384,-14.932157463923152,2097.365443700517,105.47920099414218,19.8841612747616,23.64119285528574,0.05460124694211,4.248347012311862,558.6449957049914,600,15.913270816117375
1197,1556.269317082897,988.1862712480876,276.58227954585374,-14.86784131894236,2096.800370306708,123.375859145851,16.995224064279363,23.641485414365626,0.0638826529084679,4.248347012311862,558.6449957049914,600,15.913538031994605
1473,2303.5304215347437,1240.8394874534304,276.54136422992826,-14.761049430016469,2090.328947057249,102.51912215463176,20.389649297858423,23.644841539089903,0.0532476053972166,4.248347012311862,558.6449957049914,600,15.916603429290237
825,2391.0730355555825,669.0772780058827,276.6263420008194,-14.746087936561992,2082.8354798132204,107.62328204571033,19.35301953464481,23.64874070844822,0.0560997728574827,4.248347012311862,558.6449957049914,600,15.920164829472935
1810,2473.466021389272,1518.041584823395,276.4992626931105,-14.73767274663204,2080.6153505388647,101.63369894323596,20.47170743732275,23.649898630114212,0.0530341693932485,4.248347012311862,558.6449957049914,600,15.921222445096639
405,2807.737971793978,330.8390936845102,276.67500747776194,-14.684620654879394,2077.988033869304,104.19080538517991,19.944063453461663,23.651270520119272,0.0544372515928571,4.248347012311862,558.6449957049914,600,15.92247549385284
1202,248.41653698681577,992.0726869215474,276.58723563273395,-15.056744344163365,2072.519769632257,102.96034486093936,20.12930096952813,23.654131421086383,0.0539362992109631,4.248347012311862,558.6449957049914,600,15.925088566610302
2248,104.0730151903532,1934.220435896312,276.4469504582393,-15.081433883495489,2067.910399170534,107.78501954195404,19.185508412564,23.6565488329276,0.0565895871328074,4.248347012311862,558.6449957049914,600,15.927296567900271
381,1781.6396977570314,318.1244866027575,276.6813936898571,-14.832583354915508,2052.9972420911654,91.40064533149624,22.46151801932313,23.664407211063306,0.0483360028946395,4.248347012311862,558.6449957049914,600,15.934474206714167
704,691.3278524719265,567.5367639311804,276.6488292681916,-14.991025512104594,2049.666776471131,109.18722791943487,18.772037861273507,23.666169971981734,0.0578360222807661,4.248347012311862,558.6449957049914,600,15.936084266826985
701,319.11926338332853,565.6593024981479,276.6506979468329,-15.04479481341737,2049.3925332931103,101.54214286879366,20.182679579070985,23.666315252020507,0.0537936499336712,4.248347012311862,558.6449957049914,600,15.936216961847148
337,2755.0070080006712,277.52462846229326,276.6831959493505,-14.692006052661853,2047.984270865156,98.92754156352632,20.70186156956142,23.66706158394804,0.0524445589761037,4.248347012311862,558.6449957049914,600,15.93689864207666
2191,2701.66343173594,1875.338030259945,276.444973853551,-14.706228589675048,2046.6862294598832,103.5921566087009,19.75715436826786,23.667749957088724,0.0549522456403819,4.248347012311862,558.6449957049914,600,15.937527384253183
2324,1991.6779463249688,1994.9978212413437,276.4300837225846,-14.80911753087602,2044.9637125791637,103.17489787317884,19.820360908840488,23.668664111074367,0.0547770045658323,4.248347012311862,558.6449957049914,600,15.938362348798783
1294,2903.1315854912064,1080.7625608665776,276.5626844078654,-14.673931795629994,2044.1198534010327,106.06190835222344,19.272893399321728,23.669112235188067,0.0563330049881461,4.248347012311862,558.6449957049914,600,15.938771653743952
1082,164.7209664883468,889.1118663540404,276.60298434976335,-15.068421324389092,2043.3039401487915,103.68864402286997,19.706149688852257,23.66954569480195,0.055094476452403,4.248347012311862,558.6449957049914,600,15.939167564515252
973,2174.240801869557,795.4249590216922,276.6084169645089,-14.777881161264231,2042.2228592048632,97.5998932527162,20.924437426554547,23.67012029328393,0.0518866996453712,4.248347012311862,558.6449957049914,600,15.939692387868803
952,2573.5594165514976,776.3338893071158,276.60954078216434,-14.720207358576662,2041.2364187859348,100.56133722597995,20.298421591181693,23.670644855438017,0.0534869174493677,4.248347012311862,558.6449957049914,600,15.940171509337947
769,743.1926980042525,620.6335724165075,276.64067075130265,-14.9837493651956,2034.554774470569,106.25338098492428,19.14814150487353,23.674204659802513,0.0567000196715525,4.248347012311862,558.6449957049914,600,15.94342294233535
1397,1249.6862269876017,1173.965946702729,276.55582671177905,-14.912856642197848,2032.7446492958695,115.74742955274876,17.561898844323807,23.67517105954952,0.0618213331954653,4.248347012311862,558.6449957049914,600,15.944305626804596
1222,621.3448282882314,1013.0161423089704,276.5825338139021,-15.002946709195488,2014.964901625237,105.37232564818656,19.122334913179493,23.68470941187949,0.05677653931538,4.248347012311862,558.6449957049914,600,15.953017710484193
2346,1593.857088042796,2009.8424367379653,276.4295190062434,-14.866583610749876,2013.2431353863797,105.15232519433695,19.14596878067708,23.685637558607922,0.056706454107234,4.248347012311862,558.6449957049914,600,15.953865455638216
553,1882.4262049504428,449.0064451222327,276.66140836374694,-14.818572146520784,2000.53383151826,117.7628752362837,16.987814092550952,23.692513375365074,0.0639105180975622,4.248347012311862,558.6449957049914,600,15.960145648367696
2314,815.1322729522806,1990.8080672484125,276.4355766809204,-14.978935435969756,1995.180289782642,102.20752960186664,19.520873829497237,23.695422761466112,0.0556173872892637,4.248347012311862,558.6449957049914,600,15.962803006189223
661,2681.653473241057,534.6068191161334,276.64514917909383,-14.703632732665204,1989.2857288705416,100.57841593273584,19.778455550551943,23.698635208420054,0.0548930626673578,4.248347012311862,558.6449957049914,600,15.965737171935132
785,2918.808545341514,632.0960013096272,276.6295652496921,-14.669837733573983,1985.8302370734164,102.36932961783562,19.39868361438824,23.70052282806513,0.0559677152110838,4.248347012311862,558.6449957049914,600,15.96746127477116
333,2096.0421088432377,270.9688188754943,276.6870645048505,-14.787023869771254,1980.6627599005587,94.69639772070934,20.91592507818704,23.70335178565172,0.0519078164576265,4.248347012311862,558.6449957049914,600,15.970045171273178
1386,1521.4453561507328,1164.5642071817442,276.5560807353505,-14.873586848567744,1978.054346157645,108.37744985248112,18.25153063529443,23.70478257728024,0.0594854218911643,4.248347012311862,558.6449957049914,600,15.971352019244875
1877,2300.6880948602866,1581.8781152325032,276.4904650849745,-14.762852804164783,1974.6819096159888,103.79561245831142,19.02471465649959,23.706635257096476,0.0570678730063939,4.248347012311862,558.6449957049914,600,15.973044208947265
1168,906.5044789583418,963.8047108882688,276.5886838939588,-14.961557054322135,1955.2807260248228,107.45871586695368,18.19564574404264,23.717355327753406,0.0596681214435857,4.248347012311862,558.6449957049914,600,15.982835643503627
1264,2963.8611021972897,1053.674451325635,276.56646429752635,-14.665066333586552,1951.5384624078288,95.34228345284832,20.4687615162161,23.7194353381882,0.0530418022184619,4.248347012311862,558.6449957049914,600,15.984735471098109
168,342.28272251835847,136.30236736760827,276.7147999229962,-15.039703811691068,1944.240799248044,108.02179066150188,17.998598128599216,23.723502994920338,0.0603213645997716,4.248347012311862,558.6449957049914,600,15.988450763279015
475,1621.6774338021708,384.90945008363656,276.6721132517054,-14.855942356703435,1943.9652652709628,103.14196044180366,18.847472521795016,23.72365687422102,0.0576045408075012,4.248347012311862,558.6449957049914,600,15.988591312642022
1025,443.582260294539,841.4890868428218,276.60892785500107,-15.027931324070924,1937.3008531446103,99.5485076537976,19.460872883017107,23.727385451659128,0.0557888644834351,4.248347012311862,558.6449957049914,600,15.991996898588411
587,1302.1492542570422,475.3144432561901,276.6599891895164,-14.902436947902103,1926.1652477617024,99.75149007805804,19.309638846040592,23.73364426853024,0.0562258056018805,4.248347012311862,558.6449957049914,600,15.997713539621383
232,985.459976228384,188.0480721844468,276.7042849584448,-14.946998259530345,1923.1489444996116,98.70836647170158,19.483140216396485,23.73534582374912,0.055725103240098,4.248347012311862,558.6449957049914,600,15.999267696035353
1798,2058.747457161073,1509.2545942060744,276.50232946096025,-14.79745693058225,1920.9402986761413,97.42967100649808,19.716173510921784,23.736593457113596,0.0550664660867676,4.248347012311862,558.6449957049914,600,16.00040725199814
86,1254.933640458785,66.94012170267044,276.7212119800716,-14.90759232255259,1919.0253589483327,101.56047465968224,18.895395727311943,23.737676341571497,0.0574584420283243,4.248347012311862,558.6449957049914,600,16.00139633058176
1757,2852.150187918782,1470.3863807860096,276.5047647022992,-14.68287520950764,1914.978375988314,102.34078242790513,18.71178166277297,23.739968440304523,0.058022267444473,4.248347012311862,558.6449957049914,600,16.003489874128192
75,1471.4517299931324,55.71430713226502,276.72194430878744,-14.87628702960894,1911.0682549853227,104.35029264475703,18.313971207452497,23.742187629888654,0.0592826093096726,4.248347012311862,558.6449957049914,600,16.005516824348632
1599,1897.390710485004,1341.3948363182924,276.5280769155895,-14.820052384620515,1907.13135359413,97.6166019164969,19.5369569945236,23.744426610731956,0.0555716020823679,4.248347012311862,558.6449957049914,600,16.00756185139199
1510,2935.101853568655,1270.8619542744395,276.53418167476843,-14.670100502322528,1904.1646836921573,111.15289655802496,17.131039699879793,23.74611686073571,0.0633761884287512,4.248347012311862,558.6449957049914,600,16.00910568191562
1645,316.6992661509051,1377.4991239428114,276.52931903136715,-15.048443937714069,1903.994632778922,120.40007258667409,15.813899376250516,23.746213826444304,0.0686547937462227,4.248347012311862,558.6449957049914,600,16.009194247879435
1610,157.21098572349032,1350.359929385352,276.53404054537776,-15.071380866272143,1899.943368973094,110.09259074633496,17.25768606309543,23.74852648529944,0.0629110992070777,4.248347012311862,558.6449957049914,600,16.01130657050826
1032,973.2224796316184,845.8801112426843,276.60602452685856,-14.951441626532665,1893.3115697742323,99.46711739676452,19.034547489920705,23.752322903913747,0.0570383929838577,4.248347012311862,558.6449957049914,600,16.014774120825805
303,2810.308110722807,245.4755588146877,276.6877354482267,-14.683901575298313,1890.259599670884,108.9177760941853,17.35492283680403,23.754074495205327,0.0625586186818181,4.248347012311862,558.6449957049914,600,16.0163739788911
1465,2708.970610798636,1231.2057885096715,276.54106880966407,-14.70254004864834,1883.4882339612232,105.87966401433832,17.78895174531494,23.75797084711909,0.0610322640447849,4.248347012311862,558.6449957049914,600,16.019932805693
1447,2245.6122849535177,1220.6404545030107,276.5446267677126,-14.769321291179448,1878.491842493706,100.8146543781402,18.63312287366253,23.76085484234969,0.0582672055221946,4.248347012311862,558.6449957049914,600,16.02256697215188
1081,1144.882916812668,889.3478401828559,276.598798427412,-14.926829691300323,1875.0706423317897,107.72314900487316,17.40638534663488,23.762834040470487,0.0623736622152798,4.248347012311862,558.6449957049914,600,16.024374720392913
932,910.0770298124006,764.2941397522318,276.618486486543,-14.960229247187204,1874.764281900076,109.4303182647662,17.1320371870261,23.763011449140404,0.0633724984453214,4.248347012311862,558.6449957049914,600,16.02453676087164
569,1575.3079099368358,463.4278395706849,276.66058521538315,-14.862955151690487,1874.199656147044,94.34761048508892,19.86483437694747,23.763338491297635,0.0546543695959489,4.248347012311862,558.6449957049914,600,16.02483547269754
830,2585.7373437641686,672.757798984453,276.6249475091731,-14.718028219348628,1861.390203185496,113.22537435768211,16.439691312526044,23.770784566417028,0.0660413860187729,4.248347012311862,558.6449957049914,600,16.031636524627746
1731,1538.9448468954638,1449.334507638012,276.5134690904587,-14.872222117457234,1858.9459050537555,107.0602611152978,17.363547274107397,23.772211245771526,0.0625275459478836,4.248347012311862,558.6449957049914,600,16.032939616554987
238,1559.3305621710392,192.3187897897372,276.70115345398466,-14.86415742463713,1849.7544198798716,100.48339460833688,18.4085582208864,23.777592941668622,0.0589780028925981,4.248347012311862,558.6449957049914,600,16.037855118034877
957,2785.5191307221176,783.844355250791,276.6075006472855,-14.689674499577428,1849.0047258692207,107.0531937024718,17.271831525251624,23.778033073025615,0.062859575628253,4.248347012311862,558.6449957049914,600,16.038257122603326
91,954.2328115935022,70.1519950354589,276.7220406205179,-14.951028889833877,1848.9059879113336,122.1897041692346,15.131438450416171,23.778091053536222,0.0717512749073858,4.248347012311862,558.6449957049914,600,16.038310080498224
1741,2713.618429459932,1460.234561671363,276.5068697990881,-14.70280647072324,1844.7986462931149,105.3729164908668,17.507332127919348,23.78050569779174,0.062014017445217,4.248347012311862,558.6449957049914,600,16.04051555394718
1301,1856.920087916222,1089.5050433780282,276.5658650166921,-14.82486435829236,1840.45083675388,96.11203883849448,19.14901461872588,23.78306757396324,0.05669743439113,4.248347012311862,558.6449957049914,600,16.04285550521033
1713,1406.803182690014,1435.818645770257,276.51604377235986,-14.891241281133016,1835.315097191604,105.9726390606968,17.31876372485553,23.786101533203077,0.0626892321674107,4.248347012311862,558.6449957049914,600,16.045626644906534
1042,1250.4990723884182,850.5929319545984,276.60413917217056,-14.911422132259991,1826.3324083547925,100.6263713201968,18.149639944218357,23.79142856156177,0.0598193685018999,4.248347012311862,558.6449957049914,600,16.050492214474428
1215,2413.7316144464285,1007.8710322490264,276.57566979707144,-14.744203114500245,1815.0847663811876,95.46439311213062,19.01321222719369,23.798135846313944,0.0571023973764504,4.248347012311862,558.6449957049914,600,16.056618474440757
941,188.06095517308907,769.3679671055103,276.6207925772504,-15.064561801394328,1810.226965433918,97.306452624649,18.60335996849775,23.8010455511398,0.0583604253123352,4.248347012311862,558.6449957049914,600,16.059276123377266
1614,2935.786772664532,1350.964891627895,276.52222664979024,-14.670329487701268,1809.4787885891276,105.90282887745268,17.086217693797373,23.801494384694085,0.0635424421868469,4.248347012311862,558.6449957049914,600,16.059686076307067
1974,1811.0788908190675,1671.7599737098906,276.479105688568,-14.833855430231075,1808.1916765445492,97.5947172935477,18.52755688718097,23.802266961532585,0.0585991993769661,4.248347012311862,558.6449957049914,600,16.060391727957697
1865,227.53986070460957,1570.484518502661,276.5008331396222,-15.062112326898813,1807.2999509085205,109.64045853310034,16.483878078299885,23.80280253396762,0.0658643551500944,4.248347012311862,558.6449957049914,600,16.060880905931953
797,65.12280496312393,649.4699793316012,276.6392435885545,-15.081842862497824,1800.2300011184998,101.2146056244546,17.78626701168061,23.807058138429507,0.0610414765103322,4.248347012311862,558.6449957049914,600,16.06476786469555
1575,1455.9557272650952,1325.6825402983725,276.53228964706057,-14.8836969280641,1793.1623643045896,121.41203991193365,14.769230181827618,23.811329088153684,0.0735109404236836,4.248347012311862,558.6449957049914,600,16.068668839423804
794,383.76768714480846,645.6426664024559,276.6384634678568,-15.035778066144063,1783.8361033128458,101.57549504176616,17.561677672152737,23.816990752395665,0.0618221117747524,4.248347012311862,558.6449957049914,600,16.073840056730063
165,493.38829196137465,133.60133676441285,276.7145519382969,-15.017858743144776,1781.2557044221903,93.0482293134894,19.14335949823344,23.818562455531872,0.0567141833229527,4.248347012311862,558.6449957049914,600,16.07527560961891
2102,807.0207542914508,1787.7074671167327,276.46596423181046,-14.97927963552774,1777.1405561286956,106.01361703825098,16.76332348407169,23.82107368090132,0.0647663931935465,4.248347012311862,558.6449957049914,600,16.07756929775289
2053,3062.5768648963835,1744.1217657474808,276.46302803431445,-14.653662723778115,1770.846776416758,171.74977989103476,10.310620354449696,23.824925662898522,0.1052991927426995,4.248347012311862,558.6449957049914,600,16.081087598223558
1887,1707.1715070926498,1590.5387813606542,276.491671555949,-14.848518568257234,1767.938101286476,99.77059012955044,17.720032516504492,23.826710487191125,0.0612696392621613,4.248347012311862,558.6449957049914,600,16.082717810450223
2054,62.53655776866451,1746.7854100844131,276.47514977204366,-15.086674763019824,1766.694525349245,106.5871216920016,16.575121809315352,23.827474467845835,0.065501781072271,4.248347012311862,558.6449957049914,600,16.083415610569485
1833,239.62073487638935,1543.8722457383276,276.5047624054285,-15.060258361657072,1761.1236097050714,107.62173578283902,16.36401417329578,23.830903527737643,0.0663468014939598,4.248347012311862,558.6449957049914,600,16.086547624955863
2004,350.2540546400365,1697.436218807692,276.48134465347925,-15.044896655199455,1749.9589905513567,102.13524725490336,17.13374214666469,23.837808447651852,0.0633661923184332,4.248347012311862,558.6449957049914,600,16.092854399754327
1958,409.63538876156514,1657.6177446232691,276.48705264265175,-15.036154896172633,1746.8650430106209,102.5759510746344,17.029966816876986,23.839729740633683,0.0637523262185134,4.248347012311862,558.6449957049914,600,16.094609258942967
2363,490.536823850023,2028.0400738321844,276.4313429020483,-15.025974088346151,1746.4323838437558,101.23663947996684,17.250991269710685,23.839998686369924,0.0629355138510952,4.248347012311862,558.6449957049914,600,16.094854907004432
1717,1508.5847573942362,1437.3715281207567,276.5153837903289,-14.876555521287834,1738.9507882646867,104.07789936042931,16.708165700410362,23.84465989649503,0.0649802030616284,4.248347012311862,558.6449957049914,600,16.09911233546307
423,2272.265874040012,347.8524877635283,276.6748148233495,-14.76191449466867,1735.588804295112,98.15591585630744,17.681958230983017,23.846761026015955,0.0614015702230081,4.248347012311862,558.6449957049914,600,16.101031452683184
865,940.233537460011,704.8804851816658,276.6272374815911,-14.955632161997938,1735.5255224612774,95.31143210015829,18.20899638395419,23.846800614097265,0.0596243734199827,4.248347012311862,558.6449957049914,600,16.101067611410095
1412,2233.12415200207,1186.2113851250815,276.54982007098585,-14.770982093730485,1721.0739364601905,99.84716165902503,17.237084238184,23.85587930646365,0.0629862907785141,4.248347012311862,558.6449957049914,600,16.10935985359838
1049,683.5964122079783,857.6714951963426,276.6054921125866,-14.9933221456796,1703.2878052922897,104.67190637905364,16.27263574548922,23.867158033225667,0.066719369681765,4.248347012311862,558.6449957049914,600,16.119661550154643
1572,396.2232487490414,1323.7759529284383,276.5370200744378,-15.036734877643092,1703.2159420448588,103.68915647632804,16.42617222403288,23.867203842380935,0.0660957394816261,4.248347012311862,558.6449957049914,600,16.119703391049185
1999,1364.514160219997,1694.5879746265928,276.4775633951703,-14.898401172383522,1696.8047276202124,103.56364552009832,16.384173414317655,23.87129846211637,0.0662651677655729,4.248347012311862,558.6449957049914,600,16.123443310538132
2154,877.4333516602619,1840.5728189098816,276.45777243875995,-14.96932562657035,1693.1021397068398,105.43485645358945,16.058277088394515,23.873670229545272,0.0676099929041981,4.248347012311862,558.6449957049914,600,16.12560962140549
1024,2023.3160954317057,840.2101253722564,276.6023799171365,-14.79983798487285,1690.2257947093458,96.91532606703367,17.440232245003877,23.875516312877465,0.0622526113613551,4.248347012311862,558.6449957049914,600,16.12729578605041
390,1219.1330403388504,322.4061775993844,276.6831950099189,-14.913800900483375,1688.5985880484222,102.37893162552258,16.493614078968008,23.87656207147326,0.0658254761389404,4.248347012311862,558.6449957049914,600,16.12825095483429
1346,1945.615285382181,1128.2290292956145,276.55970404751366,-14.812224121704569,1681.814834182791,96.4244506181582,17.4417880879902,23.880932678991904,0.062247058301756,4.248347012311862,558.6449957049914,600,16.13224295440779
141,210.40954193008903,115.72445093684482,276.71844529227707,-15.05867777379396,1681.0761728797224,103.45688718536924,16.249050388183903,23.881409644395188,0.0668162122747497,4.248347012311862,558.6449957049914,600,16.13267860223898
1854,1596.5547079035548,1560.2610741422577,276.49665806008204,-14.864359521856992,1677.114879773464,108.48931679747248,15.458802113246756,23.883971095647073,0.0702318324567759,4.248347012311862,558.6449957049914,600,16.135018165391575
1804,1998.782684447514,1512.103317993464,276.50215725608865,-14.806119912565745,1676.455257163907,103.4473715735908,16.205875815523292,23.884398208323216,0.0669942194028186,4.248347012311862,558.6449957049914,600,16.13540827903452
372,2155.3909796922007,307.68810107822407,276.6813223228044,-14.778611154211832,1671.8498031099443,93.57317687069444,17.86676330782502,23.88738497999967,0.0607664623577624,4.248347012311862,558.6449957049914,600,16.13813631883395
1638,692.2514782812326,1370.453231286668,276.52880616236547,-14.994158081590768,1670.4460563784232,103.24115340140166,16.180040626664912,23.888296987076487,0.0671011912177002,4.248347012311862,558.6449957049914,600,16.1389693224487
1170,705.2106081739106,968.688422434728,276.58880585928074,-14.99065145828571,1668.7600249460666,99.24387913562803,16.814740006943058,23.889393406692083,0.0645683489338341,4.248347012311862,558.6449957049914,600,16.139970763694375
2052,1802.9600923505589,1745.2535190039632,276.468164333241,-14.8353270330853,1667.2159115235554,102.5172851656336,16.26277860196837,23.89039850984554,0.0667598094134167,4.248347012311862,558.6449957049914,600,16.140888798851456
60,2366.084345154517,44.82245042271552,276.71964367650065,-14.747145689897474,1633.8124120477005,98.89054526710598,16.521421816764484,23.912372648297552,0.0657146831574947,4.248347012311862,558.6449957049914,600,16.16095940710311
1239,1802.135091836176,1027.332220213139,276.57538383363845,-14.832516473478666,1629.080593344639,98.94431459000914,16.464620530194008,23.915521700671174,0.0659413922118013,4.248347012311862,558.6449957049914,600,16.16383566988324
1122,1815.754366896512,923.0090083827076,276.59090591082565,-14.830125652779271,1628.011215496168,106.18569583823049,15.331737506117358,23.91623464482904,0.0708138917436335,4.248347012311862,558.6449957049914,600,16.16448685458971
589,372.9931382616732,474.5905048436732,276.664085258713,-15.036640011457417,1621.8411848240066,97.82858441049108,16.578397761729047,23.92035731435921,0.0654888376792551,4.248347012311862,558.6449957049914,600,16.168252394033807
2273,431.46267935166463,1952.948228430581,276.442810589403,-15.034203021841442,1621.7643533643568,100.42578193119776,16.14888450134684,23.92040875014352,0.0672306498885078,4.248347012311862,558.6449957049914,600,16.168299374145416
1856,2118.821853710705,1561.4674521945428,276.49428014296643,-14.789003515243696,1616.7311337651918,105.4447391202805,15.332496881812103,23.923783621695478,0.0708103845295994,4.248347012311862,558.6449957049914,600,16.171381894307327
1848,2410.7114957031586,1555.018853652606,276.4940091728584,-14.746874316246446,1615.769335548859,101.10095773628328,15.981741140014831,23.924429721633203,0.0679337745798949,4.248347012311862,558.6449957049914,600,16.171972025236457
1919,2034.9896027378536,1625.5662132082143,276.48506299946206,-14.801359542508616,1613.0829577100812,98.02616888936784,16.455636040725043,23.92623636875565,0.0659773950586332,4.248347012311862,558.6449957049914,600,16.173622169870015
2071,1568.9126982487596,1765.9313268879905,276.46605379002824,-14.869188280232366,1612.475277498772,107.38066825240416,15.016439213328049,23.92664546409111,0.0723007621564752,4.248347012311862,558.6449957049914,600,16.17399582694119
2010,697.8360465017366,1701.0718559731142,276.4793647396773,-14.9946972057334,1611.495109554904,111.60805081067556,14.43887871752672,23.927305646244434,0.0751928194176267,4.248347012311862,558.6449957049914,600,16.17459882020088
1881,1114.0933508080832,1588.524519935599,276.4944544552535,-14.934123442806284,1606.868888973957,100.52194462568046,15.985254711869633,23.930427020108745,0.0679188426815513,4.248347012311862,558.6449957049914,600,16.177449802148335
1045,241.3544143842712,855.2456139578,276.6077255095517,-15.057208936292666,1606.699762251228,101.787976428394,15.784769661685065,23.930541302407434,0.0687814914800662,4.248347012311862,558.6449957049914,600,16.17755418463651
1363,926.01032234909,1144.5631796701691,276.5615868327816,-14.959475686455315,1606.369718233822,110.26214563929646,14.56864192983132,23.93076435437833,0.0745230753305068,4.248347012311862,558.6449957049914,600,16.177757914522775
1563,2492.704741620977,1312.1491086706717,276.52991266255634,-14.734056637363476,1591.470920605585,94.0831120781582,16.91558543772971,23.940881356983,0.064183412628355,4.248347012311862,558.6449957049914,600,16.18699852235833
428,408.2390773128874,352.419847241344,276.6822015029787,-15.031050810334978,1590.0280544944108,105.86205697914158,15.019810684461763,23.941866158232465,0.0722845329284459,4.248347012311862,558.6449957049914,600,16.187898014282755
1756,1607.7260178954994,1470.0643927455158,276.51008329696134,-14.862379214981198,1587.419533248176,114.12004597347206,13.91008494350924,23.943648825934112,0.0780512846908682,4.248347012311862,558.6449957049914,600,16.189526256735164
1095,690.2085994250136,906.1152052792488,276.5982226979123,-14.992564015319108,1587.0193119565374,96.25750376963808,16.487226967308093,23.943922596997115,0.0658509767684277,4.248347012311862,558.6449957049914,600,16.189776312124962
1016,483.4398382729566,834.7878205839609,276.6097610576105,-15.02214532160039,1586.7724619688815,102.28275803362212,15.513586966898972,23.944091488965068,0.0699838149820886,4.248347012311862,558.6449957049914,600,16.189930573668963
1738,2200.83491159058,1457.8008292699544,276.5094106961332,-14.776749109149634,1583.603267800354,96.1676106283834,16.467116708553856,23.946262152815716,0.0659313964439222,4.248347012311862,558.6449957049914,600,16.191913201742757
2033,2229.358520093204,1723.8909744951166,276.46956548159534,-14.773721884140857,1582.5303114465787,99.51241743271946,15.902842602698607,23.946998033077783,0.0682708134089036,4.248347012311862,558.6449957049914,600,16.192585335692048
134,1931.7229585890711,106.7538306063664,276.712306167928,-14.810063966132384,1580.6794161164437,94.63301395988712,16.70325555504825,23.9482686312825,0.0649993048613728,4.248347012311862,558.6449957049914,600,16.19374586714441
2326,2909.904714417418,1997.3857628855917,276.4258865409432,-14.676706783559665,1579.6735839415924,168.93899794538746,9.350556136554392,23.948959736640035,0.1161107408099121,4.248347012311862,558.6449957049914,600,16.19437710485696
319,1960.2220353437624,258.74195921255995,276.6894837438436,-14.806570908338829,1577.431463033834,99.05603754700198,15.924637226532957,23.95050187870882,0.0681773772648994,4.248347012311862,558.6449957049914,600,16.195785657433373
754,1184.0466990159898,610.4283196339417,276.64030873315266,-14.920039227032095,1573.1944922805417,102.66017135313008,15.324292484074208,23.953422082746854,0.0708482953538191,4.248347012311862,558.6449957049914,600,16.19845289607803
770,919.7945373081787,619.9103812216265,276.6400239772784,-14.958238382932064,1571.2253625746234,94.08489243204863,16.70008140477406,23.954781923856974,0.0650116591461422,4.248347012311862,558.6449957049914,600,16.199694939686033
618,992.886534338042,502.9231298375659,276.65719464683565,-14.947206348664915,1570.9869225176517,106.15281671085592,14.79929568705445,23.954946701395553,0.0733615992921681,4.248347012311862,558.6449957049914,600,16.199845443216933
2035,1507.522724778928,1727.9202088120787,276.4719875912777,-14.87789394728912,1567.271013340098,102.88964293491668,15.232544001843632,23.95751787246919,0.0712750279840711,4.248347012311862,558.6449957049914,600,16.202193884202668
1811,2585.833938455879,1519.615533587202,276.4985510192537,-14.721474850970546,1563.8367966087535,102.55717781186974,15.248438285591734,23.959899556628084,0.0712007341122847,4.248347012311862,558.6449957049914,600,16.204369252754056
880,1770.8979415877363,721.9947894995436,276.62111995940955,-14.835779380835184,1563.444383234484,106.2865324304141,14.70971295688918,23.960172034467725,0.0738083743157966,4.248347012311862,558.6449957049914,600,16.20461812694717
2221,2891.5301047180656,1906.213071289018,276.43956728586625,-14.678982160259212,1555.9012410544092,136.19448396528992,11.424113486497305,23.965423057927584,0.0950358206160364,4.248347012311862,558.6449957049914,600,16.20941427561135
1258,929.760962603172,1051.0572321876168,276.575545421596,-14.958553392196691,1555.225042677368,97.05257868073843,16.0245617769044,23.965895024028704,0.0677522427829994,4.248347012311862,558.6449957049914,600,16.20984535720958
1725,43.36723319673311,1445.6069410537934,276.5202693062364,-15.08822117611792,1553.5947253060876,101.49947293625858,15.306431455873089,23.96703378078504,0.0709309680136722,4.248347012311862,558.6449957049914,600,16.21088546810177
59,2038.7642232177973,44.21435874241869,276.721175634644,-14.794363888713947,1550.623096408206,158.48930970095802,9.783770901229644,23.969112504800172,0.1109694831328835,4.248347012311862,558.6449957049914,600,16.212784120713888
962,1126.356272020903,790.1700039426356,276.61369731794355,-14.929101113234417,1549.1212119658594,98.5829463792562,15.713886314639762,23.97016462412344,0.0690917560596396,4.248347012311862,558.6449957049914,600,16.213745099221303
2027,251.5601797689408,1716.6483369401813,276.4788789180564,-15.059235657577386,1546.487477563729,105.38719841544824,14.67433901665457,23.972012106651675,0.0739862966752908,4.248347012311862,558.6449957049914,600,16.215432541855602
645,1020.2629267569004,524.1503241431591,276.6539047349876,-14.94333910249605,1511.077971948136,116.2379928123885,12.999862913901651,23.997160939444537,0.0835162653014583,4.248347012311862,558.6449957049914,600,16.23840283359533
517,1880.2148441619777,418.7023324375531,276.6659437016156,-14.818767748483284,1511.0407541061286,99.62211902667585,15.167723482186892,23.997187681450523,0.0715796277058357,4.248347012311862,558.6449957049914,600,16.23842725905015
714,594.8289038486117,573.9181683990588,276.64828755766274,-15.004991969317786,1507.3814992728294,112.63400475769512,13.383005447738425,23.999820174235026,0.0811252752036704,4.248347012311862,558.6449957049914,600,16.24083170969646
250,2239.319295085746,203.92835228491973,276.696447106405,-14.766080329788895,1505.709050155303,92.5305280145595,16.272565200518283,24.00102547405208,0.0667196589241762,4.248347012311862,558.6449957049914,600,16.241932599294785
537,1001.069242496721,432.4375879155632,276.6676934156785,-14.94573789297752,1504.7637594981934,94.63694229936368,15.900384384125555,24.001707317994256,0.0682813681588684,4.248347012311862,558.6449957049914,600,16.2425553778707
54,2644.652565445733,41.60320827714897,276.71889397194656,-14.706956176897036,1502.8971510718693,105.9588362342483,14.183783103745515,24.003054972978664,0.0765451637309159,4.248347012311862,558.6449957049914,600,16.243786290987476
507,1054.617220183988,412.6335524280059,276.6704224287878,-14.93792422620382,1501.1038718089112,109.5604848258694,13.701143018805544,24.00435126311804,0.0792415638979769,4.248347012311862,558.6449957049914,600,16.24497028878674
380,1642.2937894090917,317.9032987361151,276.6820327434623,-14.852693758459646,1499.765133435896,98.47783340414765,15.229469227668138,24.00531999371852,0.0712894181517209,4.248347012311862,558.6449957049914,600,16.24585510219711
1314,2975.3870226671315,1102.245240816606,276.5591674256189,-14.663603476884107,1498.779464623367,94.63907126720846,15.836793879682542,24.0060337909086,0.0685555427600074,4.248347012311862,558.6449957049914,600,16.246507066041083
2329,1630.4542970335517,1999.5501065108624,276.4309045555084,-14.861259761476402,1497.057292281941,105.15705693037086,14.236393980417397,24.00728207325481,0.0762622895582557,4.248347012311862,558.6449957049914,600,16.247647214766957
1842,625.9869418533818,1550.6638439092433,276.5021449230889,-15.0044635741663,1495.451877720945,103.36222467941538,14.46806976493768,24.008447019980597,0.0750411089827003,4.248347012311862,558.6449957049914,600,16.24871124689811
277,737.0272204820612,224.5049394140881,276.69991028906134,-14.983029588252286,1490.3554308800958,110.42125216574895,13.49699810180546,24.012153489724046,0.0804401091124676,4.248347012311862,558.6449957049914,600,16.252096640249473
1009,46.07677423548797,827.3492944662215,276.6127209222353,-15.085318015094517,1484.3304110797471,101.20134529143084,14.6671015766174,24.016551662455228,0.0740228050053765,4.248347012311862,558.6449957049914,600,16.25611381717331
2296,1032.0583674159668,1968.304459916258,276.43804650284244,-14.947516786650745,1482.7977067198372,110.68914481803608,13.39605350784339,24.017673361752795,0.0810462573446965,4.248347012311862,558.6449957049914,600,16.257138348224974
375,281.54444815926945,311.88820861721695,276.6888052529394,-15.049193988201798,1471.4237009966746,104.72548712310086,14.050292258531789,24.02603375802706,0.0772724139841808,4.248347012311862,558.6449957049914,600,16.264774517388823
2290,664.5922325518861,1964.3604664831132,276.4401481490013,-15.00057121674221,1469.2004184682155,102.29512355735804,14.362370046353364,24.027675517528742,0.0755933732730735,4.248347012311862,558.6449957049914,600,16.266274057945264
1930,2495.4083269449247,1633.6683007346053,276.4819114379382,-14.734981135623258,1467.0446480088867,101.17993771695564,14.4993630270148,24.02926979757309,0.0748791514480432,4.248347012311862,558.6449957049914,600,16.267730231996566
879,705.0034904610773,720.9919788832905,276.6258321402627,-14.989673956791146,1460.472729962028,105.97150039241563,13.781750041792876,24.034144495430105,0.0787780939799109,4.248347012311862,558.6449957049914,600,16.272182654613587
2218,935.0777475467688,1905.6110679713493,276.4478149525896,-14.961265827822372,1455.3593030856573,101.1772924737706,14.384248357534846,24.037952560036352,0.0754783964385099,4.248347012311862,558.6449957049914,600,16.275660842078178
396,1835.7591905218487,324.7297624471169,276.68017159359044,-14.824800076178244,1451.30419055291,97.61611862539198,14.867464625615584,24.040982002802764,0.0730252283990248,4.248347012311862,558.6449957049914,600,16.27842785654467
1941,1349.1222890243807,1642.8459856063023,276.48535744876915,-14.900412144021653,1448.2672090430278,102.86565027592783,14.079211137616705,24.043256381688334,0.0771136954611922,4.248347012311862,558.6449957049914,600,16.280505215241934
1022,1854.535223799193,838.1232976795243,276.6034168391433,-14.824183216541549,1447.604286713933,93.68086211257904,15.452508165160827,24.043753474730803,0.0702604385253014,4.248347012311862,558.6449957049914,600,16.280959247136828
883,1081.0759376589497,723.9132742426273,276.6237915879516,-14.935369979665928,1445.7319955609855,100.94692259330664,14.321704499953183,24.045158644663385,0.0758080157291018,4.248347012311862,558.6449957049914,600,16.282242692915847
108,1357.9414504663912,87.38167184500479,276.7177086030989,-14.892803073830631,1437.2592810405183,95.33279182150532,15.076231940543035,24.0515403215462,0.0720140154570276,4.248347012311862,558.6449957049914,600,16.288071551097627
515,708.5564245083867,418.2860282761982,276.6710659761218,-14.987929984706629,1436.7095300710062,139.15637768439342,10.324424607612755,24.051955694556632,0.1051584026483621,4.248347012311862,558.6449957049914,600,16.288450942034338
1890,1864.6222096226625,1598.9785464209187,276.48974970768137,-14.825832121261572,1433.9476366509916,97.40033525048682,14.722204322636811,24.05404489464629,0.0737457500389823,4.248347012311862,558.6449957049914,600,16.290359163221275
1574,240.62582663231612,1326.1053088827196,276.5373203201941,-15.05922778091283,1429.2449254613605,100.09770398488608,14.27849859250682,24.05761147864633,0.0760374063817719,4.248347012311862,558.6449957049914,600,16.29361678856198
1011,1798.6923761219325,830.3403578029004,276.60481891616104,-14.83220998631473,1426.2557904247078,97.24957332912852,14.665933655027269,24.059884574427798,0.0740286998112689,4.248347012311862,558.6449957049914,600,16.295692975305226
1433,414.3524569197639,1207.1505789947885,276.55438093462004,-15.033641202989612,1423.823838297918,102.5467399889503,13.884632884978489,24.061737476421506,0.0781943612765302,4.248347012311862,558.6449957049914,600,16.29738536793876
1057,3026.553156846923,865.3059039823021,276.59429863738467,-14.655258896910166,1422.9883848557365,104.95005547070468,13.558719702181993,24.0623747380352,0.0800739320413327,4.248347012311862,558.6449957049914,600,16.297967426171905
1835,3062.879663267053,1548.2752659834018,276.49224506334235,-14.65281709581174,1415.8131645920805,128.69646657512368,11.001181324318884,24.067863260477814,0.0986894014372787,4.248347012311862,558.6449957049914,600,16.302980500248356
305,1624.1179563773185,248.8291711839774,276.6924297415602,-14.8550359072444,1411.896390308102,98.00047689364516,14.407035915145189,24.07087105621009,0.0753590125265582,4.248347012311862,558.6449957049914,600,16.3057277428752
1620,494.3517061873323,1356.8837550035942,276.53166095458533,-15.022691828697504,1410.078951919335,119.5322641679874,11.796638855076386,24.072269551017534,0.0920346899941585,4.248347012311862,558.6449957049914,600,16.307005091768012
1536,331.287181614934,1290.7880817768466,276.5422231462061,-15.045983474747295,1409.2253298408468,116.88029382077224,12.056996810786558,24.0729270241609,0.0900472992601855,4.248347012311862,558.6449957049914,600,16.307605610688256
2150,2396.941155886077,1836.871502636089,276.451995878284,-14.750012714103386,1407.9693296730984,99.081934914837,14.210151738389824,24.073895139687497,0.0764031250325707,4.248347012311862,558.6449957049914,600,16.308489862306086
1086,1003.5097856832276,894.9472752878826,276.59856291350286,-14.947267367784592,1406.4613255563308,105.06763172483248,13.38624752901818,24.075058639537914,0.0811056270733424,4.248347012311862,558.6449957049914,600,16.309552572898795
1707,2133.945970837572,1430.932762089378,276.5137053710944,-14.786288513560631,1404.7586406881455,110.6309483517263,12.697700432089132,24.076373845644113,0.0855036709840989,4.248347012311862,558.6449957049914,600,16.310753848051643
189,1944.901641820638,148.57906915665103,276.70600223144703,-14.808332701041302,1394.4942653921316,98.34822526416306,14.179150275935571,24.08433629434041,0.0765701737319631,4.248347012311862,558.6449957049914,600,16.318026542216938
1639,1973.4587148800315,1371.5295771366798,276.5232547789806,-14.809199717982878,1393.3216276052408,102.0068480561834,13.659098914984869,24.085249679889706,0.0794854775382672,4.248347012311862,558.6449957049914,600,16.318860804892704
1681,2156.6786204626583,1408.2667196639322,276.5169931095504,-14.782916539997936,1390.7939805066562,107.87446163022118,12.892708426894464,24.087221120094128,0.0842103896288546,4.248347012311862,558.6449957049914,600,16.320661467254094
955,266.03605685909633,779.0950555685705,276.6190082313542,-15.053332790955714,1383.2074426376494,107.16145061519867,12.907696141633505,24.09315983324744,0.0841126091044316,4.248347012311862,558.6449957049914,600,16.32608573385182
971,502.7765534317822,794.7804582409939,276.61566041989136,-15.019188923060728,1378.4905759499525,100.57637765569667,13.705907968458977,24.09686862246421,0.0792140150436214,4.248347012311862,558.6449957049914,600,16.329473245749966
2034,1445.9262064721229,1727.9717055088126,276.47223684553563,-14.886785234796871,1377.6927761723637,100.12970219170128,13.759081930901282,24.097497172902408,0.07890788102378,4.248347012311862,558.6449957049914,600,16.330047347421303
297,2004.2480010456072,239.46346543798575,276.692170325014,-14.800139762911137,1376.3276517764316,88.96035196329062,15.471247824473217,24.098573537541547,0.0701753350678401,4.248347012311862,558.6449957049914,600,16.33103047097153
768,2509.151152384515,619.6919135635071,276.6332011774421,-14.728856338982872,1374.302790848189,97.90201527562525,14.037533210926156,24.1001720548723,0.0773426487180056,4.248347012311862,558.6449957049914,600,16.332490515250356
650,1343.799498276648,529.7532476770364,276.65167600882774,-14.896645288863557,1371.6111987337936,92.10939613346945,14.891110530637782,24.102300570152885,0.0729092701156318,4.248347012311862,558.6449957049914,600,16.334434645913205
995,1472.849337446127,818.4130864645177,276.607996919965,-14.87919090840258,1368.3931801521685,105.72933207724262,12.942417711978567,24.10485087329475,0.0838869540576761,4.248347012311862,558.6449957049914,600,16.33676402667119
847,1554.5817544591066,688.4727837669684,276.62705739975286,-14.866863566892391,1368.3592985016294,97.89073053349942,13.978435864602725,24.104877756642775,0.0776696341791211,4.248347012311862,558.6449957049914,600,16.336788581224162
1290,1523.7352159806003,1076.1791705024566,276.5692738585727,-14.872896030791276,1367.8748572717886,92.7903782071619,14.741559240311526,24.105262208672734,0.0736489256191502,4.248347012311862,558.6449957049914,600,16.337139729739118
2252,2265.55504251496,1939.6719484728692,276.43720106470164,-14.7693829394503,1365.531320945127,98.60946417315384,13.847872842583492,24.10712396114901,0.0784019330868905,4.248347012311862,558.6449957049914,600,16.33884020617393
2269,1184.2448306934928,1951.3900032505392,276.43994565414187,-14.925473728172484,1358.3787380734575,99.68496903544498,13.626715754814136,24.112825937985104,0.0796743705185482,4.248347012311862,558.6449957049914,600,16.344048243958305
1262,1708.1104866012822,1051.9709229151374,276.57210504119337,-14.846186044494663,1353.0625069093076,93.64210730044782,14.449295791347884,24.117083475967735,0.0751386099141321,4.248347012311862,558.6449957049914,600,16.347936968749615
1674,2191.730034945626,1403.1301551789672,276.5176113532044,-14.777839190678332,1349.858438115567,98.84115541537788,13.656846001473934,24.119657561700993,0.0794985899293895,4.248347012311862,558.6449957049914,600,16.350288071909866
753,1304.0228718976664,611.2103264900528,276.63967674601656,-14.902719671835731,1345.412453545781,111.55359527519994,12.060682134239444,24.123239517641984,0.0900197839488508,4.248347012311862,558.6449957049914,600,16.353559737582827
876,1500.0499598314798,714.9879069325448,276.623330727515,-14.874843097349476,1345.379776712798,106.50567552496209,12.632000783821864,24.1232658878836,0.0859483797206919,4.248347012311862,558.6449957049914,600,16.353583823477713
1746,1372.6803982928186,1461.5150926006504,276.5123483074948,-14.896271940547244,1334.6773759177304,97.18968119257192,13.732706595396651,24.131937378920664,0.0790594332193726,4.248347012311862,558.6449957049914,600,16.361504138530915
1879,450.9571167390289,1586.7556778189326,276.4974757097,-15.029896437437978,1334.2549728180747,148.39573143972564,8.991195096201357,24.132281050683154,0.1207514672280542,4.248347012311862,558.6449957049914,600,16.361818039407037
468,494.9443695467901,379.7202390566709,276.67774792515604,-15.018633729295097,1333.9727023894666,105.32880304131804,12.664842510990846,24.13251076962945,0.0857255034208127,4.248347012311862,558.6449957049914,600,16.362027858735754
452,2245.87214302658,367.3119577961663,276.67202482188327,-14.765801268042765,1329.4062844687724,96.464822884419,13.78125460367686,24.136233807278316,0.0787809260638965,4.248347012311862,558.6449957049914,600,16.3654283847823
843,310.6799740550687,684.987943667312,276.63289087933225,-15.046499100987454,1327.9339927026303,99.06413801155112,13.404790263735906,24.13743690546771,0.0809934343349745,4.248347012311862,558.6449957049914,600,16.366527263471006
313,2889.408874528549,255.7779861546281,276.685849414866,-14.672539112343635,1327.5110279981163,109.06547472928754,12.171688898738523,24.137782782029515,0.0891987964063493,4.248347012311862,558.6449957049914,600,16.366843178153648
394,226.47051041496488,324.0316219613365,276.6872253329449,-15.0572023107818,1320.2548626558273,107.3834105807073,12.29477491463683,24.14373368665472,0.0883058053147018,4.248347012311862,558.6449957049914,600,16.372278580125666
1783,2911.2471974637783,1498.533479484367,276.500312883929,-14.674470872212774,1319.078089334711,95.02013807833548,13.88208979708334,24.144701859679824,0.0782086858585303,4.248347012311862,558.6449957049914,600,16.373162884261145
95,63.68327571299643,76.72822733333264,276.7249091644973,-15.079726142099451,1314.0845812488114,113.72789951224344,11.554636873490686,24.148819827078857,0.0939622778186024,4.248347012311862,558.6449957049914,600,16.37692412890059
1774,148.3851930681783,1493.0281331663189,276.5127428778165,-15.073236239728889,1310.839282482921,99.8363196709682,13.129883861935916,24.151504506973275,0.0826892310256825,4.248347012311862,558.6449957049914,600,16.379376245899834
2143,3053.983647211882,1829.240287992062,276.45036570965897,-14.655249948881895,1302.2412419781322,177.86652967421804,7.321451901958897,24.158649512623477,0.1482902591642396,4.248347012311862,558.6449957049914,600,16.385902308783905
2011,2872.3181449147955,1704.2960763404003,276.4697763196638,-14.680925015837389,1299.655275017547,97.85711985022436,13.281151918294142,24.160807691366976,0.081747427232159,4.248347012311862,558.6449957049914,600,16.38787353328458
1167,1095.035016202616,962.8315688333638,276.5880297389702,-14.934326815121649,1294.3241479740243,97.87975662439844,13.223614285646772,24.165270491450478,0.0821031207162814,4.248347012311862,558.6449957049914,600,16.39194973915618
885,1955.420348956682,725.7768645914874,276.61976029294664,-14.809167651527828,1294.0452267037472,90.23496588384565,14.340840205663715,24.16550448813237,0.0757068612738058,4.248347012311862,558.6449957049914,600,16.39216346565766
1297,1171.2567608533172,1083.6123887611163,276.56965876452114,-14.923812580489209,1291.4273287206306,112.92943141252026,11.43570203593049,24.1677031945824,0.094939514564893,4.248347012311862,558.6449957049914,600,16.39417170711456
1198,500.3266062359922,989.8508479819936,276.5865072483895,-15.020335943986616,1281.6689350664965,111.0024012992314,11.546317197332296,24.17593848079047,0.0940299821531703,4.248347012311862,558.6449957049914,600,16.401693603988164
2365,993.3138314821848,2029.2854104763328,276.4290938090568,-14.953360116574776,1275.140610131668,142.79877894915808,8.929632448647672,24.181482932980714,0.1215839516624697,4.248347012311862,558.6449957049914,600,16.40675776284579
1711,947.1170852288144,1432.719625466461,276.51843428866954,-14.95760075852285,1273.7308543275576,101.70435365903096,12.52385771604041,24.182683953192058,0.0866905409352781,4.248347012311862,558.6449957049914,600,16.407854743563227
1664,2404.970568997353,1389.120970968538,276.5187970361351,-14.74702423924258,1270.55912598758,105.75349559910562,12.014346370204764,24.185390926140002,0.0903669635072703,4.248347012311862,558.6449957049914,600,16.410327222459482
1556,190.7396479771883,1306.8879781496837,276.54040166668017,-15.066358753757584,1268.3773872011225,123.80677324142418,10.244814189024831,24.187256899046794,0.1059755677329023,4.248347012311862,558.6449957049914,600,16.412031553726084
837,1201.325185847745,680.3143764427448,276.6297920507592,-14.917828842835846,1265.859499313694,110.13065368752932,11.49416131593373,24.189414363451945,0.0944566523957649,4.248347012311862,558.6449957049914,600,16.414002125768636
1026,1600.9960933678549,840.9554792761982,276.6040809778091,-14.860785456777386,1257.6815706605555,97.70793702820797,12.87184653481597,24.196451383302122,0.0843468726156252,4.248347012311862,558.6449957049914,600,16.420429557223137
2049,2821.079153093886,1741.0680327803457,276.46450629126224,-14.688462342659044,1255.0533339680403,100.26107441038572,12.517852430255164,24.19872267166376,0.0867321296563542,4.248347012311862,558.6449957049914,600,16.42250409311598
921,2779.571562815285,755.1051521628762,276.6118153289091,-14.690414603545127,1254.233701895282,130.61154566595116,9.602778188561365,24.19943196018668,0.1130610307435054,4.248347012311862,558.6449957049914,600,16.423151938860283
2099,1381.8443114567897,1786.768371183669,276.4637204924508,-14.89627539751843,1253.5078711032984,107.12413360328672,11.701451661167406,24.20006046258093,0.0927833598290217,4.248347012311862,558.6449957049914,600,16.423725996649523
1271,3005.144455493644,1057.7647957306488,276.5656757454214,-14.659131984415566,1250.2669786912738,97.23576203273343,12.858098219772105,24.202871223455013,0.0844370591547124,4.248347012311862,558.6449957049914,600,16.426293272746197
2068,2429.2328305402107,1760.741131745179,276.4632236898004,-14.745044264491431,1248.0611664302414,101.85468073090568,12.253351122149688,24.204788450269028,0.0886043327394284,4.248347012311862,558.6449957049914,600,16.428044418002592
758,446.062216738436,613.6036372117156,276.64298875126786,-15.02664683777538,1239.6875564122456,101.8510483080067,12.171573852272186,24.21209752116684,0.0891996395188714,4.248347012311862,558.6449957049914,600,16.43472033382946
1421,2535.8490746730795,1196.698719772193,276.54696037277296,-14.727362869855684,1236.5229729930288,97.65155606786716,12.662603882457889,24.214872652457984,0.085740658878548,4.248347012311862,558.6449957049914,600,16.437255066788982
2016,83.09480330405287,1708.8592118420172,276.4807369087053,-15.083549409806311,1222.0708416751004,98.26719484574576,12.436203593614712,24.227637170814635,0.0873015620745744,4.248347012311862,558.6449957049914,600,16.448913846859785
2315,381.628421034536,1992.592312880526,276.43708784267943,-15.041564396462965,1215.5362950177514,96.63360295293651,12.578815835002594,24.233458298243967,0.0863117811915859,4.248347012311862,558.6449957049914,600,16.454230713706337
316,1051.4327862607438,257.5016293497377,276.6936195838357,-14.937753078549704,1201.8853678971063,127.72583084058658,9.409884907283695,24.24572050600983,0.1153786694202409,4.248347012311862,558.6449957049914,600,16.46543069630891
82,2232.635428272867,65.00810341163739,276.7172179605478,-14.766478208731844,1200.9074957268313,106.75743832161194,11.248935105664856,24.246604237016015,0.0965158025894604,4.248347012311862,558.6449957049914,600,16.46623787329397
602,655.390772741734,485.4081888900866,276.66126011778096,-14.99588308655128,1196.6597566807177,97.69097305784818,12.24944044699104,24.250451410763926,0.088632619971363,4.248347012311862,558.6449957049914,600,16.469751782034418
656,1240.068526513588,532.7692016092618,276.651671974302,-14.911634173601142,1190.2611068718252,91.987483847428,12.939381066733084,24.256272519043403,0.0839066408509534,4.248347012311862,558.6449957049914,600,16.47506863138999
1018,2780.653317245088,834.1211055343814,276.6000188019302,-14.690581497444114,1185.7493754929164,92.68914129644912,12.792753918180296,24.26039586448162,0.0848683564886735,4.248347012311862,558.6449957049914,600,16.47883478819097
1524,2380.9406906808144,1283.1023118297949,276.5347250892157,-14.750056805034948,1185.6618174671894,95.7488818957576,12.383035644823789,24.260476040301718,0.087676401097483,4.248347012311862,558.6449957049914,600,16.47890801870601
1201,300.7553845354507,994.7940636659844,276.58660860003204,-15.049192111673506,1183.6894583420944,113.45945272987193,10.432709041531004,24.26228367619549,0.1040669298528307,4.248347012311862,558.6449957049914,600,16.480559066457655
628,589.6136802359524,512.5613048133921,276.6574824283398,-15.005496019264536,1181.2421792371897,101.21257114111,11.670903781214175,24.264530760579305,0.0930262146233759,4.248347012311862,558.6449957049914,600,16.482611495064788
1109,1409.5684314086086,915.865587765689,276.5937086969293,-14.888722973882883,1179.834544774145,96.44534110636096,12.233193757622884,24.265825356273822,0.0887503313943234,4.248347012311862,558.6449957049914,600,16.483793945202056
531,2648.9272327464378,426.6377351668968,276.6614066961701,-14.707911030725622,1178.7919583170442,102.63078436289946,11.485754158799663,24.266785214848557,0.0945257912531764,4.248347012311862,558.6449957049914,600,16.484670655134167
1915,664.1517314753529,1620.4795998247007,276.4915506174765,-14.999234728944932,1176.2909681887832,103.40784999699213,11.375257954043128,24.269091219889994,0.0954439894362226,4.248347012311862,558.6449957049914,600,16.4867769003421
1682,2290.276013202149,1408.2682767066308,276.5164261075812,-14.763645219382422,1175.764804724662,97.85120256273676,12.015844199470385,24.269576986204488,0.0903556988570019,4.248347012311862,558.6449957049914,600,16.487220586697372
1726,2346.409676957461,1444.951879514732,276.5107116996193,-14.755698580160283,1174.739902732079,102.97059435692516,11.408498805591998,24.270523823933992,0.0951658950490342,4.248347012311862,558.6449957049914,600,16.488085403727094
603,2988.166430784149,486.6415426934022,276.65096589678296,-14.659244737823403,1171.9092615882982,103.20271653886198,11.355410990048934,24.273143159716955,0.0956108062448316,4.248347012311862,558.6449957049914,600,16.490477837109374
1659,1487.6397852373402,1384.1675456513212,276.5234194803158,-14.87936184970952,1171.796009226469,122.47780669087943,9.56741503531292,24.273248089454615,0.1134789277973964,4.248347012311862,558.6449957049914,600,16.490573677210822
1132,230.12373843073053,935.7747318129376,276.5957309977112,-15.05915909688302,1169.0239870175135,130.9309320760715,8.928554685139682,24.27581956977721,0.1215986280295728,4.248347012311862,558.6449957049914,600,16.49292240065654
402,1274.3415130112348,328.985626009537,276.68197298429646,-14.905856287459518,1168.861410342739,93.07762612970002,12.557920296699193,24.27597057408421,0.0864553982147324,4.248347012311862,558.6449957049914,600,16.493060324074865
2353,333.37805584128614,2017.3239673574944,276.4335876029593,-15.048636519510955,1168.6457814332098,98.45916844036088,11.869344419063289,24.276170886720983,0.091470932316722,4.248347012311862,558.6449957049914,600,16.493243284442997
269,155.00494921794,217.45162094630072,276.7034703954172,-15.067098081755052,1167.3310331871037,109.4227253588817,10.668085896768908,24.27739304775677,0.1017708341033166,4.248347012311862,558.6449957049914,600,16.494359574641283
634,1068.2712391580883,517.7177498564852,276.65465981034686,-14.93637997720036,1166.6011223774403,103.4293663786345,11.279205927905853,24.278072151145654,0.0962567761365073,4.248347012311862,558.6449957049914,600,16.494979850066887
625,1195.5705616484267,511.3560902391796,276.6550630344504,-14.917972037572682,1160.0573799320846,98.70691832675855,11.752543789198649,24.284179447780687,0.0923800004044936,4.248347012311862,558.6449957049914,600,16.50055809644529
237,2550.538593850315,192.2999754324752,276.69681581313995,-14.72114330578085,1158.0954821856576,95.99515521443745,12.064103439373188,24.2860172074528,0.0899942548947847,4.248347012311862,558.6449957049914,600,16.50223665847493
969,1049.87362616302,793.081124483311,276.6135885242564,-14.9401573160827,1157.704794810561,98.6794418816564,11.731975503053262,24.286383545980456,0.0925419593415827,4.248347012311862,558.6449957049914,600,16.50257126258658
2140,368.1611418437879,1829.478153092804,276.4615294714675,-15.042846478565906,1157.158783835359,100.08597165101423,11.561648098598766,24.286895735035944,0.0939052971290125,4.248347012311862,558.6449957049914,600,16.503039082788316
1651,1854.6413692481583,1380.4347381473287,276.5224278755572,-14.82638024747114,1149.0098462101887,97.52088028936468,11.782193134442984,24.294568750199165,0.0921475303970501,4.248347012311862,558.6449957049914,600,16.51004741586978
420,2015.1720517125384,345.9754454377988,276.676217188302,-14.798997672157528,1147.8798927934258,96.5918035473912,11.883822960508622,24.295637004728242,0.0913594895857934,4.248347012311862,558.6449957049914,600,16.51102313185578
300,649.8739429960646,242.04007138346543,276.6976650202095,-14.995690958340582,1144.4903514112812,106.36997650544384,10.759524341464042,24.298847786657916,0.1009059476556999,4.248347012311862,558.6449957049914,600,16.5139557768117
183,1479.5915880273765,146.30954961140628,276.7083742690783,-14.875480684933008,1135.5320079236408,94.6707250445935,11.994542213432528,24.307379674838998,0.0905161681605604,4.248347012311862,558.6449957049914,600,16.521748582236285
1529,1520.5687815565082,1286.7414937757076,276.53783388787866,-14.87421149019135,1135.1814320989652,112.69451613817016,10.073084929058709,24.307714928827174,0.1077822740149828,4.248347012311862,558.6449957049914,600,16.522054794535627
276,345.6779054572826,224.93102143449588,276.70153275656804,-15.03957308233403,1134.3066354960902,94.41693207519091,12.01380526315726,24.3085519443675,0.0903710336748604,4.248347012311862,558.6449957049914,600,16.52281930282555
2134,1401.2899135093655,1817.1225646610933,276.459105134819,-14.89359215958708,1128.9185098984162,104.0162290310936,10.85329203350516,24.313721641338766,0.1000341644404609,4.248347012311862,558.6449957049914,600,16.52754116998392
307,3008.9986824159823,251.4152243293108,276.6859729235914,-14.655280756395832,1121.1309666825691,161.63901234333164,6.936017180686646,24.321237255075445,0.15653075413699,4.248347012311862,558.6449957049914,600,16.534405736683954
2094,1789.3852919710569,1783.9918959417478,276.4624359695305,-14.837444067342265,1120.9996614819393,103.40703438401306,10.840651877888572,24.321364422340874,0.1001508038658152,4.248347012311862,558.6449957049914,600,16.534521887966626
637,1624.1120314790833,520.4056915894656,276.65186305153253,-14.85614287552138,1117.9859471631353,99.69755354416988,11.213775137098263,24.32428726446204,0.0968184208017694,4.248347012311862,558.6449957049914,600,16.53719153616801
443,113.8669933989096,361.3109518573236,276.6821320300845,-15.073627749374443,1117.1625331763062,103.10692328057742,10.834990489787504,24.325087220639727,0.1002031336366491,4.248347012311862,558.6449957049914,600,16.53792219539708
89,1333.4460597050215,69.39535811641517,276.7205027894172,-14.896266446360515,1111.1469331129338,97.29453884130768,11.420445035720562,24.330949396201795,0.0950663478178106,4.248347012311862,558.6449957049914,600,16.543276554543656
526,1277.750793238971,425.2280086843556,276.6675780697217,-14.905755735366071,1109.4677086691372,94.72356257955,11.71268983614708,24.332591459698776,0.0926943353907802,4.248347012311862,558.6449957049914,600,16.544776372761522
70,1021.4267972443612,52.12764779991025,276.724442288955,-14.94125126320833,1105.0502882215078,101.9639724189017,10.837654340119231,24.33692302049869,0.1001785041234352,4.248347012311862,558.6449957049914,600,16.548732708074656
157,2183.6587297156025,127.7288618774957,276.708068559517,-14.773799410867973,1093.9769982277649,91.6785040761562,11.932753585497116,24.347857649228317,0.090984867174291,4.248347012311862,558.6449957049914,600,16.558720114410917
2119,1163.3244033259198,1804.56366202629,276.46196968744005,-14.927895611969271,1093.9285628310172,101.86480693135684,10.739023572372522,24.347905720831392,0.1010985768569405,4.248347012311862,558.6449957049914,600,16.558764021766624
1899,548.7008499289353,1603.6329051677849,276.4945476184454,-15.01584392409978,1082.8857334222412,99.73997378818576,10.85708861044948,24.35892154571238,0.0999991838470453,4.248347012311862,558.6449957049914,600,16.56882559056205
427,157.9707750302671,353.0660117783401,276.6831765325296,-15.06721996568826,1081.2036552715,100.22391956000423,10.787880378437816,24.3606093627913,0.1006407154986658,4.248347012311862,558.6449957049914,600,16.57036719891523
1384,1979.559544985124,1163.683241560419,276.5542651341382,-14.807471116677002,1077.4638265733956,92.99343160356626,11.586450870709402,24.36437137941843,0.0937042768415524,4.248347012311862,558.6449957049914,600,16.573803327349758
1530,2427.1993904744822,1287.9071642705935,276.5338105701343,-14.743404698498704,1073.6266690000775,92.58476148280356,11.596148780914556,24.368244898759617,0.0936259115428815,4.248347012311862,558.6449957049914,600,16.57734129947194
384,188.78730651787177,319.0735738860566,276.6881281525046,-15.062628193839076,1073.0129400976002,96.50022518823992,11.119279131261177,24.368865727430308,0.0976412218079516,4.248347012311862,558.6449957049914,600,16.577908348281067
1031,839.5901097417656,844.4782305619574,276.60680211587794,-14.970735964262484,1066.6670877040017,105.16881959028198,10.142427117272367,24.375305888394074,0.1070453834616245,4.248347012311862,558.6449957049914,600,16.58379062430584
2095,2232.072875671467,1783.242730299913,276.4606936336554,-14.773572940671675,1065.50545499078,114.18874538847751,9.331089954319587,24.37648893225465,0.1163529668361414,4.248347012311862,558.6449957049914,600,16.584871185890634
2267,268.5287633472624,1949.2622620364468,276.4440288740059,-15.057729869787092,1064.6135212277875,100.8030496256855,10.561322551064118,24.377398181781214,0.1027996252127163,4.248347012311862,558.6449957049914,600,16.58570167083049
1888,2113.6789263429955,1590.5138706967068,276.4899651232971,-14.789864097075684,1063.545224341971,101.43638979687364,10.484848942985062,24.378488221428114,0.103549417440715,4.248347012311862,558.6449957049914,600,16.586697284778197
1487,593.9194189170064,1249.392676293439,276.5473138357626,-15.007870146233136,1062.7226686220963,106.77444376001588,9.952968437003998,24.379328264748153,0.1090830345611759,4.248347012311862,558.6449957049914,600,16.587464558563596
430,2174.2089411201537,354.6032328951619,276.67423517404137,-14.776087632623309,1059.4160806484288,87.63665206509918,12.088732918065627,24.382711724179163,0.0898109013871511,4.248347012311862,558.6449957049914,600,16.59055492267154
1561,1855.732361614252,1310.8908354982923,276.53280870626617,-14.825939013911258,1057.5031547332765,98.40430622988262,10.746512985548009,24.38467394687874,0.101028119675662,4.248347012311862,558.6449957049914,600,16.592347166003023
2082,719.0004876666312,1774.4041858295957,276.468316380994,-14.99193873231116,1050.16467120999,103.66579898094764,10.13029062172179,24.3922346159259,0.1071736281358006,4.248347012311862,558.6449957049914,600,16.599252885055325
1527,2228.362409729786,1286.5403898375907,276.5348619094501,-14.772078708871469,1032.3517984473146,97.14475940657074,10.626942768232208,24.41080882922086,0.1021648486943537,4.248347012311862,558.6449957049914,600,16.616218089831836
723,2133.9764722642617,583.7211095005514,276.6402003369761,-14.782826236281831,1030.0773259882117,96.54576420991302,10.669316612881982,24.413203556940164,0.1017590947380023,4.248347012311862,558.6449957049914,600,16.61840537203307
321,1100.265341467333,261.88602248426866,276.69275302930566,-14.930719014459845,1026.1700828572502,97.95183397145496,10.47627227843734,24.41732975344321,0.103634190783169,4.248347012311862,558.6449957049914,600,16.62217413292273
566,498.0034763798271,458.5910194946009,276.6659429792607,-15.018512203269522,1023.8666635235422,101.8929305808674,10.048456332414052,24.419769618798995,0.1080464465469961,4.248347012311862,558.6449957049914,600,16.624402642670663
1938,1256.8034725935745,1638.2169336749066,276.4864343716498,-14.913721090096942,1022.1925955092302,97.53000603405074,10.480801110094786,24.42154629916632,0.1035894096830334,4.248347012311862,558.6449957049914,600,16.62602541644716
68,2566.4004031739505,51.210679592146015,276.717805842531,-14.71828021474293,1021.1219045237522,107.37849893460758,9.509556518811136,24.422684144635944,0.1141693619310579,4.248347012311862,558.6449957049914,600,16.627064694993695
670,887.075465881252,540.5911412907574,276.6520190111265,-14.962641333248316,1020.1265511229284,130.01872160252552,7.845997395986651,24.423742997914157,0.1383762885972091,4.248347012311862,558.6449957049914,600,16.628031824120935
970,1716.0448374085229,795.7791874811628,276.6103355310746,-14.843996459288284,1016.868763222592,109.47679324519927,9.288441258459889,24.42721585939954,0.1168872117279255,4.248347012311862,558.6449957049914,600,16.631203845747066
1385,839.0866816879546,1164.323305581583,276.55899982567746,-14.972110200825952,1012.3901087389096,95.5401769058938,10.596485599310796,24.43200839255939,0.1024584981336279,4.248347012311862,558.6449957049914,600,16.635581221260306
1103,551.5500786831781,914.156865348992,276.597607183861,-15.0126276897403,1009.1930380904814,101.74644815250844,9.918705334831886,24.43544251126133,0.1094598501870306,4.248347012311862,558.6449957049914,600,16.638717856232677
1667,2761.8170016073027,1389.445319864771,276.5172282809269,-14.69556760539833,1008.4542141288985,93.74579822293845,10.757327082870177,24.4362376630987,0.1009265583946828,4.248347012311862,558.6449957049914,600,16.639444127301886
153,41.62526838302425,125.29339308924506,276.7177404346736,-15.083111532867054,1007.9432769836858,124.1216649992596,8.120607123580708,24.436787894857304,0.1336969001797085,4.248347012311862,558.6449957049914,600,16.63994669472216
1043,894.7744403048613,852.251823908197,276.6054058052161,-14.962797240376664,1005.5007883445942,96.4247396397059,10.427829954238712,24.43942208737516,0.1041156218277882,4.248347012311862,558.6449957049914,600,16.642352697860836
1003,1927.0766746269371,822.1554356628795,276.6054898035229,-14.813650477930263,993.9837992183166,91.82505469089524,10.8247558639012,24.45192986106096,0.1002978740260215,4.248347012311862,558.6449957049914,600,16.65377697400692
760,1987.444677741004,616.3134032195622,276.63596824490986,-14.804100509767744,992.9899551664712,92.1779802383718,10.772528890290328,24.453015987696077,0.1007841344457735,4.248347012311862,558.6449957049914,600,16.654769013911135
2212,291.4406884313821,1895.7311267314028,276.4519388193287,-15.054201406486108,989.5189777013728,103.11820184517688,9.59596812197182,24.456817806379348,0.113141267895011,4.248347012311862,558.6449957049914,600,16.658241496511643
1588,815.6181844092769,1331.841504858699,276.5340611619037,-14.976181684258902,988.6753680002876,100.54286809438604,9.833371443831844,24.457743840419095,0.1104097415826821,4.248347012311862,558.6449957049914,600,16.6590873119906
1567,1038.8973335716,1317.271143778269,276.5353020025008,-14.943876577094413,982.1649975847104,107.76100582690094,9.114289441232437,24.46491699426867,0.1191206409452354,4.248347012311862,558.6449957049914,600,16.665639084710065
1525,899.6358286207466,1283.0827319338962,276.54099605891423,-14.963848663104626,979.0850748812665,101.40115307296968,9.655561551422428,24.468327050316923,0.1124429681503152,4.248347012311862,558.6449957049914,600,16.668753741478525
822,1477.5753993796168,666.4598065195895,276.6306767547948,-14.877889670041126,978.787690294732,97.324033609022,10.05699881107268,24.468656878915148,0.1079546712091337,4.248347012311862,558.6449957049914,600,16.669054998367372
924,2118.7799488442465,757.5537109506546,276.61431072027625,-14.785727725607202,978.2061366804992,88.29810774791932,11.078449602489355,24.469302168464726,0.0980010776739048,4.248347012311862,558.6449957049914,600,16.66964438910898
1367,1603.2036222369975,1143.9970570929045,276.5588060023844,-14.861702144318414,976.8069601717872,103.09087757920378,9.475202686302822,24.470856262249747,0.1145833008479563,4.248347012311862,558.6449957049914,600,16.671063858073083
1735,695.3093834533158,1455.1561123833342,276.51613255489667,-14.994061105670564,975.0660282268656,102.4732795380343,9.515319824081134,24.472793061780347,0.1141002110357171,4.248347012311862,558.6449957049914,600,16.67283288054127
317,1762.8989744219853,258.1891658071576,276.69042714992105,-14.83504383949108,974.572482475196,94.27037055875344,10.338057193355356,24.47334276419933,0.1050197324017339,4.248347012311862,558.6449957049914,600,16.67333496447646
1099,2567.434727717063,906.5578068244469,276.59013033013053,-14.721622485548629,969.6169652303216,101.22289719287718,9.579027987933852,24.47887761178762,0.1133413537748917,4.248347012311862,558.6449957049914,600,16.678390350739715
458,2102.677108371557,372.5146021702486,276.6718727985535,-14.786480573710266,960.5112165168392,91.67557947521532,10.477285467025768,24.48912202403998,0.1036241690098955,4.248347012311862,558.6449957049914,600,16.687747331243617
1108,367.4722991199362,917.9476588209628,276.5978177643364,-15.039239263385175,959.4989946879796,98.93512217477657,9.6982646162093,24.490266815856444,0.1119478631450624,4.248347012311862,558.6449957049914,600,16.68879295440323
1190,1153.132019820482,981.4847140426716,276.58499578888615,-14.926013730426586,957.064595330914,98.8747369666054,9.679566537346735,24.493024999257216,0.1121641135283317,4.248347012311862,558.6449957049914,600,16.691312207599164
2129,2143.2432891296667,1814.7199254172851,276.4563669538068,-14.786515266987768,957.0168647773098,97.19764196384412,9.84609138083107,24.493079148248484,0.1102671057993329,4.248347012311862,558.6449957049914,600,16.691361665883655
1485,2958.032958209778,1246.627047234757,276.5376993083338,-14.666695722210289,954.4580878574634,106.238474846447,8.9841094691636,24.49598596991245,0.1208467020272267,4.248347012311862,558.6449957049914,600,16.694016681414855
338,46.29272916782125,277.65601214346907,276.69493238867494,-15.083055195601572,951.9151576063014,119.15204263954983,7.98907963740048,24.498882520295716,0.1358980069390408,4.248347012311862,558.6449957049914,600,16.69666231542461
699,2734.1675176258414,566.333533497186,276.6401848961036,-14.69619011664509,950.7620622395772,94.8340464492934,10.025535109354822,24.50019851601733,0.1082934714364457,4.248347012311862,558.6449957049914,600,16.697864311791708
897,1152.7020766476578,736.8057064964397,276.62155893078585,-14.925079625792817,948.5547474313644,92.52017309204248,10.25240999590119,24.50272212099921,0.105897052540237,4.248347012311862,558.6449957049914,600,16.700169307142666
1047,711.6261958645761,857.8580307399736,276.60534537499166,-14.989273911860185,947.1436778594508,102.43590215784272,9.24620819368588,24.504338464172964,0.1174211068210005,4.248347012311862,558.6449957049914,600,16.701645633084247
819,2476.2351202991204,664.06460302131,276.62672071714826,-14.733784667601157,946.7745133405552,88.01013860221192,10.757561894315211,24.504761729856366,0.100924355413073,4.248347012311862,558.6449957049914,600,16.702032232983782
2088,1836.388214908261,1778.6227100343929,276.4630413100852,-14.83063964974022,946.0671702827094,96.25535871053052,9.828722088375612,24.505573195505587,0.1104619695457716,4.248347012311862,558.6449957049914,600,16.702773404665702
712,1960.7613285149412,570.8118575450895,276.6428785275383,-14.807765116993547,940.5868842321216,86.88953100297853,10.82508874630568,24.51188082959303,0.1002947897651666,4.248347012311862,558.6449957049914,600,16.70853463407819
673,1841.761329489225,542.0542754711038,276.647688351077,-14.824819539801988,939.8117581040132,87.14037854006581,10.785031851472876,24.512775940373544,0.1006672965784268,4.248347012311862,558.6449957049914,600,16.709352205054035
2096,2555.486265720044,1784.1803261943426,276.45919358579886,-14.72693310182876,936.486514329794,96.79590211067443,9.674857033297076,24.51662430647628,0.1122187125105254,4.248347012311862,558.6449957049914,600,16.712867202860462
2139,1150.360407277359,1828.028885414867,276.4585174259458,-14.92986307256302,926.2960998090566,102.40440556089868,9.045471185887596,24.528503537338196,0.1200269148713743,4.248347012311862,558.6449957049914,600,16.723717384289923
482,2698.190937382484,393.3130501550143,276.6661646263773,-14.700671202440237,926.1925029627746,94.88278465601226,9.761438877669852,24.528624972737752,0.1112233568847758,4.248347012311862,558.6449957049914,600,16.723828300234945
1576,2006.8535366934889,1327.202471622844,276.5297321648464,-14.804200539907235,926.0232652571868,103.22160173435392,8.97121580849283,24.528823381052625,0.1210203859963099,4.248347012311862,558.6449957049914,600,16.72400952124483
850,1976.551642044755,693.7114111734656,276.62445750020913,-14.805987859782222,919.0733807333744,87.77905276726904,10.470304152975295,24.53700265659255,0.1036932627875458,4.248347012311862,558.6449957049914,600,16.731480259426565
1853,993.2786941785934,1561.677952535493,276.4989700052054,-14.951459733105938,917.9237780554104,100.58919228595856,9.125471208138382,24.53836157585437,0.1189746781548923,4.248347012311862,558.6449957049914,600,16.732721461042235
1254,1478.226253196158,1045.743248947971,276.57401392466835,-14.879341072247543,915.879266351345,95.67445987848096,9.572871041181012,24.540782557000266,0.1134142510987024,4.248347012311862,558.6449957049914,600,16.734932722442544
1002,2432.6893676123964,820.7220194270948,276.6035246579846,-14.740704644502747,915.3099725499052,96.504152123417,9.48466933712174,24.541457640599656,0.1144689352269471,4.248347012311862,558.6449957049914,600,16.735549326296663
1231,2614.1376780329488,1021.4281318715692,276.5727841276484,-14.715356983741378,906.521589240001,101.1096579700759,8.965726988299103,24.55193274725163,0.1210944747053879,4.248347012311862,558.6449957049914,600,16.745117017083047
1431,2396.3604188225504,1205.2077276288228,276.54628694687085,-14.747514594597428,898.4043612550595,99.05480299525163,9.069770814628,24.56169849716552,0.1197053401006506,4.248347012311862,558.6449957049914,600,16.75403679981916
977,433.4475928215127,799.3950971549036,276.6152642680974,-15.029224557116104,895.3324989225366,96.12690502829506,9.31406767604756,24.56541725378479,0.1165656121215471,4.248347012311862,558.6449957049914,600,16.757433415684293
1362,882.1624976257447,1144.4582817285564,276.5617873439802,-14.96580793205605,895.2932341050473,101.21324771329026,8.84561314188011,24.565464869803193,0.1227388065231663,4.248347012311862,558.6449957049914,600,16.757476906920772
511,2089.446467663646,411.8259088456268,276.6660605242005,-14.788549708784046,893.2000281571527,90.09848706489394,9.913596301720586,24.568006305733963,0.109516260997189,4.248347012311862,558.6449957049914,600,16.759798188598072
1425,2796.1969658201438,1200.5551406727511,276.54526879573785,-14.689838318234022,892.5383040973684,98.20913819770882,9.08813905179132,24.568810967636747,0.119463401012334,4.248347012311862,558.6449957049914,600,16.760533145914422
1138,2766.461113787201,936.6427065533508,276.5847805947623,-14.693046720654271,890.2838792860857,92.9670664170263,9.576336154273188,24.57155685218539,0.1133732131484894,4.248347012311862,558.6449957049914,600,16.763041165657746
630,422.3842699301348,516.5742136274213,276.6575969791777,-15.029673800043724,887.4263279002625,123.88184539840016,7.163489735290324,24.575047353231255,0.1515602087975908,4.248347012311862,558.6449957049914,600,16.766229298801008
368,2678.871605167564,300.91471844556816,276.68003979086217,-14.703079832719093,887.0106274175923,104.4948132301897,8.48856129790493,24.575556067921035,0.1279015326505285,4.248347012311862,558.6449957049914,600,16.766693945607194
642,2487.039074426254,519.6773713839352,276.64822656030594,-14.73163711403796,886.0171856628731,100.01715241711044,8.858652383621527,24.576772761517528,0.1225581446233645,4.248347012311862,558.6449957049914,600,16.767805241988203
2014,1157.4448692787196,1707.8028860450383,276.4764515094868,-14.928350090172104,884.5262325689546,105.16389976193356,8.410930315168178,24.578601332474477,0.129082034842455,4.248347012311862,558.6449957049914,600,16.76947541128369
1152,2506.3987445658377,950.4326200638066,276.5838447871012,-14.730603856503576,881.5670970010106,111.3317806646564,7.918377769025251,24.582239694698806,0.1371114174732849,4.248347012311862,558.6449957049914,600,16.77279859699318
664,324.57194580017045,536.9349846786423,276.65496979961046,-15.04389019308226,880.9979118080228,97.4908482423654,9.036724243262643,24.582940928400408,0.1201430928701234,4.248347012311862,558.6449957049914,600,16.773439085672564
155,2755.0458586172253,124.84964307708664,276.7059814367132,-14.691377295965784,879.1555648826179,132.97001226153543,6.611682964677995,24.58521380234648,0.164209325492496,4.248347012311862,558.6449957049914,600,16.775515069797112
2045,2344.263958031572,1739.2448288435692,276.4667900554564,-14.757210949515803,878.2550257099792,101.0495277394504,8.69133231354136,24.586326516784812,0.1249175570365025,4.248347012311862,558.6449957049914,600,16.776531394311334
1208,1467.9531923929226,999.2391020607848,276.5810046932085,-14.880634481390658,877.3933858433156,97.4265130062411,9.00569422809077,24.58739223548755,0.1205570578460747,4.248347012311862,558.6449957049914,600,16.77750479413931
1302,531.2402410067521,1089.3439901409477,276.5715029360577,-15.016274273016249,872.5401603676146,115.6728521768187,7.543171487064578,24.593414562598394,0.143931501737938,4.248347012311862,558.6449957049914,600,16.783005431557655
2325,987.2251521822078,1995.3411141473728,276.43419118893905,-14.954100988462512,869.951239799615,123.23264671163312,7.059421857872764,24.59664084751432,0.1537944638893074,4.248347012311862,558.6449957049914,600,16.78595223653921
268,1032.9200326419484,215.60802503487497,276.69996053878896,-14.940256204176505,869.5760192771559,102.64858951957008,8.471387900672227,24.597109239728578,0.1281608176523054,4.248347012311862,558.6449957049914,600,16.786380053841857
1723,919.2062059207276,1442.8938532645857,276.51703052077926,-14.96167300474218,865.9481768812984,103.1655963186777,8.393768928610575,24.601648370419007,0.129345948075761,4.248347012311862,558.6449957049914,600,16.790525978110498
1744,1477.2699323528905,1461.90192061473,276.51185116734086,-14.881175679746429,862.0401670290157,96.5506001170174,8.928377099513003,24.606559370003364,0.1216010466290922,4.248347012311862,558.6449957049914,600,16.795011557783933
1709,2742.02079841778,1432.7321068804547,276.51085304867377,-14.69859886162029,861.9888171541388,97.51550504891918,8.839505232749577,24.60662404689545,0.1228236164143643,4.248347012311862,558.6449957049914,600,16.795070631980035
1789,2176.8571556097304,1503.1236096154444,276.5027456946106,-14.7803931229893,860.0140112005756,95.03823337625896,9.049137180357263,24.60911430907831,0.1199782894613093,4.248347012311862,558.6449957049914,600,16.79734517288298
806,1213.4750145792273,653.6714824211547,276.6337209993685,-14.915966081543695,859.1408465621062,111.27993323563818,7.720537041865875,24.61021720744484,0.1406249324512808,4.248347012311862,558.6449957049914,600,16.79835253165176
1004,1687.1663230274062,825.3086373973355,276.6060488740681,-14.848284672967226,857.3461151595111,103.61266092390652,8.274530424318982,24.61248766520557,0.131209862593424,4.248347012311862,558.6449957049914,600,16.80042630889527
1944,2321.2530211702638,1644.3298163186803,276.4810555167899,-14.760141858728629,852.5856490823207,96.41895796507312,8.842510509096789,24.61853308038896,0.1227818727366034,4.248347012311862,558.6449957049914,600,16.805948034360384
739,840.9626609466987,592.7351792181754,276.6444228633817,-14.96951368889382,852.4020484332577,106.40424313366222,8.010977977283224,24.618766914184906,0.1355265241121278,4.248347012311862,558.6449957049914,600,16.806161612086065
2360,210.85336788055017,2026.7057961569144,276.43268514456025,-15.066379055914446,847.3760794945993,109.45699257206124,7.741634952529208,24.62518762551667,0.1402416939906601,4.248347012311862,558.6449957049914,600,16.812026123321317
1394,1046.390976230158,1171.6749531621308,276.55702750761475,-14.942201524079602,841.0434545166208,96.29037031326332,8.734450306717463,24.633332037863738,0.1243008960924551,4.248347012311862,558.6449957049914,600,16.81946501836673
1641,1011.7077086519377,1372.3015630767914,276.527192642333,-14.94802705820342,838.7189329240937,109.75081489325348,7.642029207162185,24.63633700914023,0.1420695957275943,4.248347012311862,558.6449957049914,600,16.822209681208903
162,2233.9946452248328,129.4096961728483,276.7075964587981,-14.766544654372517,837.7240311111673,89.88136579225196,9.32033045700983,24.637625691270742,0.1164872860471856,4.248347012311862,558.6449957049914,600,16.823386730050153
1492,1676.2470929008434,1252.3199979111116,276.54231665042244,-14.851601675815608,837.4569864845253,108.55050995386092,7.714906054706549,24.63797185090226,0.1407275723516631,4.248347012311862,558.6449957049914,600,16.82370290328133
614,1238.4888805868045,494.1031770057703,276.6574562203847,-14.911704871983607,834.9459431553842,95.12131840020234,8.777695233812151,24.641232228715015,0.1236885049070541,4.248347012311862,558.6449957049914,600,16.826680847830787
2104,1501.3744714191696,1787.3571954699848,276.4631349442875,-14.87902388415272,831.8234062128467,107.96289177262597,7.704715875568609,24.64530028453414,0.1409136972127314,4.248347012311862,558.6449957049914,600,16.8303965045274
1244,2493.606873826813,1033.297953096088,276.5715309933152,-14.732787149793706,825.185844277963,91.33719856018313,9.03449916667018,24.653998702902335,0.120172682510762,4.248347012311862,558.6449957049914,600,16.838341414306605
1506,2518.9475544504103,1267.2216648327656,276.53650651539823,-14.730088462161694,823.8891682071844,89.72907197937876,9.181964663543248,24.655706143055603,0.118242668076337,4.248347012311862,558.6449957049914,600,16.839900945867047
2050,712.3369287673705,1742.4297006567692,276.4731230467804,-14.992771034616924,822.6664490322582,108.05766498716125,7.613216971975127,24.65731866158409,0.1426072584029261,4.248347012311862,558.6449957049914,600,16.841373778476818
2162,170.1579256560425,1844.3166535215369,276.46012362799377,-15.071518028042677,814.1357509823865,99.61163080587036,8.173099309748553,24.66863606033603,0.1328382243814191,4.248347012311862,558.6449957049914,600,16.851710797025873
600,2244.6465271853203,482.35866522263785,276.654853588536,-14.766447307880592,812.8487057282473,89.47617751928532,9.084526499280209,24.670353829568924,0.1195109068244804,4.248347012311862,558.6449957049914,600,16.8532797628998
2380,1471.4729858059038,2051.498952209169,276.42380336575843,-14.884417760527802,812.7322366127628,102.87080097984636,7.90051432351525,24.670509410545964,0.1374214330285435,4.248347012311862,558.6449957049914,600,16.853421866529864
1544,1437.5089808407274,1300.0774517183472,276.5361925074351,-14.886255364481531,809.5219972208142,108.27049877555412,7.4768473995761475,24.67480649001815,0.14520825984245,4.248347012311862,558.6449957049914,600,16.85734670749238
2187,2959.6954197992927,1869.886859116713,276.44469983656126,-14.66900725205416,808.9992180860718,154.082894771664,5.250415494107446,24.675507871313684,0.2067836347844249,4.248347012311862,558.6449957049914,600,16.857987330980233
2193,647.9904129809491,1875.745897246661,276.4534617769208,-15.00260847277799,807.7701334383455,100.67390108914618,8.023630004394779,24.677158647234887,0.1353128196845231,4.248347012311862,558.6449957049914,600,16.859495106900464
1374,2542.025756847149,1151.38216205596,276.5536977566232,-14.72628694711266,801.4557398728211,91.14493612468613,8.793200960461819,24.68567926699962,0.1234703954659736,4.248347012311862,558.6449957049914,600,16.86727762004576
2226,1418.430979807002,1911.5558197735957,276.44492725502784,-14.89150307445406,800.1937117794296,96.20395288481352,8.317680176172324,24.687390290438096,0.1305291832583569,4.248347012311862,558.6449957049914,600,16.868840424485985
1537,2802.2727642775494,1292.9124094415529,276.5314606415982,-14.68934003282376,798.9490611082292,117.15225780155868,6.819749581451083,24.689080399153575,0.1591993939122012,4.248347012311862,558.6449957049914,600,16.87038412596057
480,1932.58653611744,393.2207926176457,276.6695214798086,-14.8111066480312,798.020282133657,88.1945810926935,9.048404927451594,24.690343302636194,0.1199879988467512,4.248347012311862,558.6449957049914,600,16.8715376292533
1926,1029.9591938146648,1629.0525390884673,276.48874914935374,-14.946437351804216,795.795921084471,105.26140025841832,7.560187486873441,24.693373853946525,0.1436075496652792,4.248347012311862,558.6449957049914,600,16.874305656235066
1469,1876.410187946497,1239.2950243312223,276.5434128270675,-14.822663100192376,791.6795177539461,90.94782192662656,8.704766106357608,24.69900460329502,0.1247247756843287,4.248347012311862,558.6449957049914,600,16.879448636679268
1200,2597.872270397864,992.0019172479044,276.5772460925515,-14.717582265618102,788.6675915700616,102.93049933340116,7.662137040795811,24.703143138739584,0.1416967608670226,4.248347012311862,558.6449957049914,600,16.88322866763815
1964,2729.8303693171247,1659.6674599533844,276.4770393234054,-14.70128486641824,787.6981034577475,93.7108801761194,8.405620585116207,24.704478626411838,0.1291635744209587,4.248347012311862,558.6449957049914,600,16.884448467447516
2319,758.5676486828168,1993.6395694159107,276.4353859490301,-14.987116627898605,783.726137815509,93.89306304717212,8.347007887278775,24.70996729837275,0.1300705611713458,4.248347012311862,558.6449957049914,600,16.8894616780901
2213,2776.4207239200155,1895.5385822589312,276.4416447960698,-14.695533041787224,782.8750857103732,107.67629516025758,7.27063542207873,24.711146945317616,0.1493267007589262,4.248347012311862,558.6449957049914,600,16.89053913702017
594,331.1893423937516,479.132247410348,276.6635846699488,-15.042699155009242,781.3521095265169,98.03453104362396,7.970172358745986,24.71326115341901,0.1362203916215963,4.248347012311862,558.6449957049914,600,16.892470199876545
1019,2113.391351413363,839.2719815099916,276.6021324166978,-14.786838541389129,772.3490570932627,88.2216917061601,8.75463893467068,24.725844074250112,0.1240142521127104,4.248347012311862,558.6449957049914,600,16.90396311347651
146,2089.965637336516,119.92231917726232,276.70964558177064,-14.787284927569557,769.4571579387994,89.32701155908522,8.613935969746878,24.729917015796183,0.126039943158749,4.248347012311862,558.6449957049914,600,16.907683232669424
599,1956.9053253866125,483.0157522714093,276.6560061634851,-14.807963582585955,766.0550140065607,95.1954219582592,8.047183343989552,24.734728227264192,0.134916771942435,4.248347012311862,558.6449957049914,600,16.912077668464992
1885,2765.0967635389134,1588.6719273432393,276.48748427784284,-14.695909742609226,765.6042635100312,96.25355529478897,7.954036203289001,24.735367267754082,0.1364967385427617,4.248347012311862,558.6449957049914,600,16.912661351477524
188,1205.7677625209765,147.97036135941664,276.7093180921867,-14.915021057283129,763.56379625923,107.41455277781176,7.108569337328719,24.738264804711555,0.1527311542561372,4.248347012311862,558.6449957049914,600,16.91530788659858
1455,1942.817248488453,1225.2966059520693,276.5452210448042,-14.813023954794556,760.5637107826769,95.12408606637275,7.995490335139664,24.742539126395425,0.1357890453857994,4.248347012311862,558.6449957049914,600,16.919211941187378
495,2482.764216505448,402.9120521877328,276.66567503418645,-14.731777125524234,759.1091513643623,89.37824361781598,8.49322072841726,24.744617558331733,0.1278313651224656,4.248347012311862,558.6449957049914,600,16.921110327022273
1602,517.4778550992636,1340.9930103435695,276.5339400525856,-15.019286080902306,758.0582246343838,107.70926083381546,7.038004149002482,24.74612171588196,0.1542624836550969,4.248347012311862,558.6449957049914,600,16.922484185524407
953,1929.3774957125831,780.0853649401485,276.6117624131665,-14.813146911685024,752.4483124496765,92.24862069705662,8.15674323110703,24.754186444659396,0.1331045944733814,4.248347012311862,558.6449957049914,600,16.929850299663592
2224,584.9491976386958,1908.1241950340036,276.4488813171618,-15.01184682500514,751.7435271390714,104.0296200604398,7.226245051191367,24.755203882680483,0.1502440053317876,4.248347012311862,558.6449957049914,600,16.930779601168915
510,1126.7261357261073,414.2266781252943,276.66987353941664,-14.927517712832074,748.6466190053616,115.36064618251304,6.489618806580898,24.759685956982693,0.1672979619232842,4.248347012311862,558.6449957049914,600,16.93487341161208
2087,1210.975896309325,1778.782739351698,276.4656238162536,-14.92091054516997,745.0385864333948,98.03239110425606,7.599922617832068,24.76493121106443,0.1428567177055947,4.248347012311862,558.6449957049914,600,16.939664290675886
713,2390.4314326780727,574.0458338199602,276.6405312292474,-14.745792626797714,739.4251942153205,91.47977346230212,8.082936437528785,24.77314251576847,0.1343199972424791,4.248347012311862,558.6449957049914,600,16.947164283465575
288,2118.8691254753435,232.35411703676183,276.6927305637187,-14.783573090453526,739.0057663026964,87.17939493573725,8.476839818026283,24.773758558173427,0.1280783904505571,4.248347012311862,558.6449957049914,600,16.947726960623697
1573,2946.78997927577,1323.9769452261507,276.52620635011914,-14.668632898953437,737.485942617408,108.60033075031012,6.79082593507941,24.775993759594197,0.1598774597345505,4.248347012311862,558.6449957049914,600,16.94976853564052
1658,48.627449942343176,1383.913028748315,276.529473861499,-15.087210215188914,734.3195195787121,98.70452602726505,7.439572926735617,24.780665444168115,0.1459357964081938,4.248347012311862,558.6449957049914,600,16.95403553118909
284,1305.393941169851,228.5533179276195,276.6968445262752,-14.90096418372756,733.5019159892108,90.5719427034465,8.098555624348988,24.781874994442504,0.1340609425137183,4.248347012311862,558.6449957049914,600,16.95514030304492
832,1058.2877810917837,675.7615569878807,276.631084679142,-14.938464774508834,731.9775739198085,92.18487930786355,7.940321443338586,24.78413368722049,0.136732499779443,4.248347012311862,558.6449957049914,600,16.95720333445827
1178,2174.691262323157,974.9031219008078,276.5816181805423,-14.778548639374906,731.7344246909488,103.19933338481982,7.090495652354512,24.784494408350888,0.1531204662172631,4.248347012311862,558.6449957049914,600,16.957532807784933
733,2171.910289092812,589.820469283085,276.6391251392965,-14.777378544011604,727.7524572386174,88.75229509027118,8.199815638552337,24.790418924713695,0.1324054159090433,4.248347012311862,558.6449957049914,600,16.962944107402347
991,1777.6940936896376,813.4078662244776,276.6074379336645,-14.835171254946315,717.5562900236109,93.0699785922919,7.709857688556934,24.805738186528558,0.1408197198777624,4.248347012311862,558.6449957049914,600,16.97693632390094
2172,1604.8156166860106,1855.427219218354,276.4525368682917,-14.8643717009713,717.4259212778416,111.13233968855508,6.455599902678243,24.805935465723415,0.1681795675642126,4.248347012311862,558.6449957049914,600,16.977116513601885
220,2505.135694820558,175.96989596276538,276.6994532060398,-14.727624711986486,716.2110680713085,93.14210538993188,7.689444693921711,24.807775555558308,0.1411935507980459,4.248347012311862,558.6449957049914,600,16.978797203941788
609,1752.9491327181488,492.182439961057,276.6555213399841,-14.837433101820924,715.7559493477456,92.62332499130692,7.727599386168897,24.808465709572,0.1404964136654418,4.248347012311862,558.6449957049914,600,16.97942757272154
1875,2265.83068656644,1580.3753907352263,276.4908366726404,-14.767874484830076,715.421394432662,95.89065664205424,7.460803997862119,24.808973317370548,0.1455205096275288,4.248347012311862,558.6449957049914,600,16.979891208521977
2061,1181.5597769198382,1755.5407270535627,276.4692185972909,-14.92506288713563,714.0923967603594,107.78183111631414,6.625350389433796,24.810992103496943,0.1638705783367307,4.248347012311862,558.6449957049914,600,16.981735115420776
129,534.5767230682475,103.21041394024697,276.7189177308364,-15.011784253553992,710.5565443340456,87.42500410839007,8.127612364228124,24.816381516658076,0.1335816659734496,4.248347012311862,558.6449957049914,600,16.986657665649517
954,1978.016353131152,781.2035578823869,276.61138605036126,-14.806133337979611,710.5378573923372,87.72972151742971,8.09916918807466,24.81641007083315,0.1340507865422297,4.248347012311862,558.6449957049914,600,16.986683746292595
867,75.64266779548865,708.4091627006006,276.63038432645646,-15.080561693974127,707.6473848013557,137.89261684799757,5.131872909348097,24.820835860910595,0.2115601884883616,4.248347012311862,558.6449957049914,600,16.990726148184365
1851,537.8085117307874,1556.9265684382633,276.50157489700035,-15.01722743802952,707.5146697288728,97.73167865189298,7.239358614200666,24.82103950339673,0.1499718494218949,4.248347012311862,558.6449957049914,600,16.990912149950557
1722,1268.804671896971,1439.526544337161,276.5160693812392,-14.911178525310335,702.4493803211371,99.54203581994646,7.056811472007072,24.82884054166679,0.1538513540154431,4.248347012311862,558.6449957049914,600,16.99803741601805
893,975.2769142208392,733.6264938080958,276.6227918079628,-14.950688127885233,696.6203478965908,102.82575708680996,6.774765074751395,24.83788773643398,0.1602564794528821,4.248347012311862,558.6449957049914,600,17.006300889115995
1323,1017.1629264121297,1105.3395724291522,276.5670638441055,-14.946152168367576,693.1327265165746,110.98050999184451,6.2455356041120185,24.84333711419695,0.1738361717584609,4.248347012311862,558.6449957049914,600,17.011278209457114
1918,2285.561479295612,1622.066576876623,276.4845295629252,-14.765198887170923,692.9216790155042,91.48165140782524,7.574433433940311,24.843667753331594,0.1433374534833301,4.248347012311862,558.6449957049914,600,17.01158020666891
1539,2144.582263280162,1294.2492253129271,276.5340674546109,-14.784195920189497,686.5675308418577,110.78999548055904,6.197017409954977,24.853669973667508,0.1751971840930955,4.248347012311862,558.6449957049914,600,17.020715975356598
463,2060.6158058817264,378.2369763762332,276.67120165101187,-14.792572404644554,684.3580241861637,93.89898531192064,7.288236629105334,24.85716971650776,0.1489660744087661,4.248347012311862,558.6449957049914,600,17.023912549715206
1546,1920.117323023859,1300.9829040101488,276.5340153181674,-14.816608194579594,681.4550549417036,92.40478403193067,7.3746728817225,24.861785082408716,0.1472200892721377,4.248347012311862,558.6449957049914,600,17.028128105248292
745,2351.701819344144,599.699815903178,276.63686981691046,-14.751483582831838,679.825933211192,94.27939337887008,7.21075845788752,24.864383807146087,0.150566685368916,4.248347012311862,558.6449957049914,600,17.03050171303599
1233,436.3486783971562,1026.8309940102922,276.5812480159583,-15.02972990917218,678.8598043127568,96.12346113930091,7.062373704261039,24.865927889447562,0.153730182720995,4.248347012311862,558.6449957049914,600,17.031912037770628
1939,1054.982784485141,1640.5964590278345,276.48691996881547,-14.94287095282738,674.6471843195613,106.71902132489116,6.321714497977752,24.872686345592356,0.1717413844531105,4.248347012311862,558.6449957049914,600,17.038085036360055
660,2017.0309080591687,534.4992356800547,276.6480572503101,-14.799498029350858,674.5958784235991,87.58485170162452,7.7021981006686655,24.8727689173251,0.1409597605527369,4.248347012311862,558.6449957049914,600,17.038160455239577
1383,2146.1442658528417,1164.380901969447,276.55345061167253,-14.783440327188538,673.2310192919686,89.94026743493706,7.485312624614831,24.8749678309729,0.1450440421726362,4.248347012311862,558.6449957049914,600,17.040168885945544
2370,1344.2210360283923,2034.8845541439189,276.42681091250483,-14.90271872435021,671.6875352792558,95.64553124175248,7.022675566321094,24.87745990337996,0.1545991965237198,4.248347012311862,558.6449957049914,600,17.042445080260336
846,1502.8231895820809,687.594106630706,276.6274110697313,-14.874331185644309,670.3716417544638,99.1280567342296,6.762683178101481,24.879589040043637,0.1605427862591063,4.248347012311862,558.6449957049914,600,17.044389778478386
743,369.0470459017721,597.3031319461661,276.6457538426321,-15.037708744566302,668.6270253568655,98.90276379222873,6.7604483405690505,24.88241830986247,0.1605958577458212,4.248347012311862,558.6449957049914,600,17.04697396016524
2272,2742.000151610149,1953.2605000912447,276.4331761447468,-14.700731876702324,667.8704114854918,96.70878477848352,6.905995282799628,24.88364761736174,0.1572112281489811,4.248347012311862,558.6449957049914,600,17.04809677775795
1558,445.263325928719,1306.9743859155972,276.53932735325026,-15.02958102171285,665.9759558236692,100.85039520558624,6.603602836320665,24.886731751387718,0.1644102510266835,4.248347012311862,558.6449957049914,600,17.050913745802738
781,1469.3546039361008,630.2654821573227,276.6361191667614,-14.878928955200044,661.8110136936302,95.43663268498136,6.934559561401812,24.893543150198372,0.1565636563341489,4.248347012311862,558.6449957049914,600,17.05713510085031
1149,423.28583301170414,945.3741249459858,276.5934816725548,-15.031286169083351,661.0540286030155,115.3340639373414,5.731646020573352,24.894785735318962,0.1894220257327396,4.248347012311862,558.6449957049914,600,17.058270045878036
1920,3041.9710253138405,1624.080085153276,276.48102462786886,-14.656141197469363,659.5909472709754,113.48220492260889,5.812285262881478,24.897191409897072,0.1867939976954533,4.248347012311862,558.6449957049914,600,17.06046732665624
2361,2659.5597787073766,2026.989885591323,276.42251944679504,-14.712919989857117,657.2206199297216,98.77900927456372,6.65344413510898,24.901100174150404,0.1631786452178901,4.248347012311862,558.6449957049914,600,17.06403749056724
2043,219.8047229796925,1739.7448678663636,276.4755561481464,-15.063918378369696,654.5751768073533,100.32414246192404,6.5246027600563234,24.90547929668833,0.1664009350341855,4.248347012311862,558.6449957049914,600,17.068037267538546
489,190.4742621799456,399.336198827298,276.6761180250277,-15.062710267609628,649.3106876638485,104.89354471853008,6.190187293281013,24.9142467473956,0.1753904928173088,4.248347012311862,558.6449957049914,600,17.076045229666192
1868,2465.4323825493466,1574.359577295154,276.49089063168805,-14.739061567620714,642.8943658968783,92.93555899690334,6.9176359709452,24.925029076529007,0.1569466801317754,4.248347012311862,558.6449957049914,600,17.085893529500545
490,1564.877732017601,399.94922313845376,276.6701128580949,-14.86420215356186,640.9191914963885,86.24451675752465,7.431419591558784,24.928369935545543,0.1460959089476292,4.248347012311862,558.6449957049914,600,17.088944983494578
2286,2486.9921610011397,1960.793284334994,276.4331216406957,-14.737532853268943,637.2525412096875,92.08982067271162,6.919902075545255,24.93459918594267,0.1568952837984275,4.248347012311862,558.6449957049914,600,17.0946346192769
690,225.7216929730313,558.5070743183503,276.65216500621005,-15.058262695560716,637.0939562482527,93.81250456443524,6.791141108599908,24.934869412973374,0.159870039900236,4.248347012311862,558.6449957049914,600,17.094881437639497
1223,856.992474195765,1013.6133453706702,276.5814492562581,-14.968910684957097,634.468300038483,101.3545485663437,6.259889753474446,24.939353305202555,0.1734375592473335,4.248347012311862,558.6449957049914,600,17.09897690853002
2091,2377.270353116386,1779.567350301629,276.46063219995733,-14.752615378841544,631.2169350775075,92.94662710566888,6.791176342094604,24.94493152057591,0.1598692104739452,4.248347012311862,558.6449957049914,600,17.104071905803586
1404,1835.437469561956,1177.2869044896622,276.5528471333931,-14.82832244182733,631.0686654904275,93.54037745065752,6.746484060568557,24.94518658434187,0.1609282687475145,4.248347012311862,558.6449957049914,600,17.104304874433364
236,2817.1500244673693,190.58229953710145,276.69589732019466,-14.682691007211814,630.2003686955431,110.4115187463402,5.707741147401184,24.946681493659487,0.190215353493095,4.248347012311862,558.6449957049914,600,17.10567028583965
1444,1477.5851212596294,1217.5841185419006,276.5483463854557,-14.8801340451579,626.818765685719,95.61347490681231,6.555757609444012,24.952523151235752,0.1656101498377511,4.248347012311862,558.6449957049914,600,17.111005904390044
2019,277.9794262364453,1710.9333046206712,276.47962460338465,-15.055394821294978,625.6666941438452,110.75279867779813,5.649217912443314,24.954520533523013,0.1921858949021192,4.248347012311862,558.6449957049914,600,17.112830261577198
2166,389.8165900014612,1847.2138549226383,276.45878888883385,-15.03978976424815,622.6013884735294,98.33962920355334,6.331134187874614,24.959852913772117,0.1714858614242188,4.248347012311862,558.6449957049914,600,17.117700719423013
2135,562.7462356432885,1818.6235561858232,276.462351432666,-15.01468989707483,618.7457078294246,104.02218839160332,5.948208910007607,24.966597627710954,0.1825255327151264,4.248347012311862,558.6449957049914,600,17.123861166237866
125,1291.7150513500617,100.63883175528689,276.7160164578527,-14.90241870530117,617.3345504177851,89.33540786920763,6.910300911387786,24.96907666634593,0.1571132739257168,4.248347012311862,558.6449957049914,600,17.126125455843212
464,1101.2329027941034,379.12005452037897,276.6752296697723,-14.931056196484445,616.320230377547,99.29408639986691,6.207018491469529,24.970862067344992,0.1749148969818773,4.248347012311862,558.6449957049914,600,17.127756194818602
1060,2267.451537445503,866.6951402714204,276.5973745788275,-14.7647258982515,614.3362191834021,88.73634183263401,6.923163683512041,24.974362824442743,0.1568213680380928,4.248347012311862,558.6449957049914,600,17.13095369557371
702,1414.626913626765,567.8814189835177,276.6456745220812,-14.886575336676929,613.6824244397576,94.05452117469542,6.524751992516269,24.975518912250383,0.166397129154529,4.248347012311862,558.6449957049914,600,17.132009636198745
1038,1497.490127733818,849.6407391935147,276.6032265211905,-14.875761207465755,612.1581075828872,107.74788728301137,5.681393139291803,24.978219111515813,0.1910974955229616,4.248347012311862,558.6449957049914,600,17.13447592818904
675,1396.3639934105856,543.2426719696584,276.6494341914942,-14.88911152221928,610.8739170171903,91.6714883283082,6.663728582974823,24.98049917070535,0.16292680388782,4.248347012311862,558.6449957049914,600,17.13655847512865
499,1155.1597453829866,404.5783556625673,276.67119267121546,-14.92337264234454,604.4534871414071,106.35504306835172,5.683355200683243,24.991970907446095,0.1910315230463651,4.248347012311862,558.6449957049914,600,17.147036461994546
1824,1957.088224286575,1535.1088482954208,276.49889793527376,-14.812229543463522,603.7673036025371,98.49242958945425,6.1300884354180205,24.993204149577114,0.177110006068936,4.248347012311862,558.6449957049914,600,17.14816287337787
65,1539.7265451627136,49.69645843190947,276.7225448733884,-14.866406678631185,600.626637409674,89.2544283465639,6.729376329402,24.998866653523223,0.161337388021585,4.248347012311862,558.6449957049914,600,17.153334857648108
546,2084.9482764972845,439.9075869124024,276.6618869584795,-14.789313188379776,599.2212535327417,92.88660073372463,6.45110542101236,25.00141010401573,0.168296738178187,4.248347012311862,558.6449957049914,600,17.15565797937386
354,2344.365281221408,294.4399262247028,276.6824736044862,-14.75129644024824,595.7050436001737,90.8102318320883,6.559889029924026,25.00779993317191,0.1655058485055766,4.248347012311862,558.6449957049914,600,17.161494283630738
2318,1217.9391484949283,1992.7537505932503,276.433626489518,-14.92077772088421,591.1649437109008,99.70257898812211,5.929284374693338,25.016106445122087,0.1831081006392365,4.248347012311862,558.6449957049914,600,17.169081236250236
1142,2007.7088979798336,939.539980864587,276.5876147129044,-14.802495043258515,587.0168843581923,88.1619801644852,6.6583904225266455,25.02375164337612,0.1630574254592916,4.248347012311862,558.6449957049914,600,17.176064162088167
114,266.52684944844844,90.9879096090965,276.7219026019929,-15.05046734575164,586.769876821374,93.5857208068797,6.269865442744329,25.024208600360815,0.1731616108694013,4.248347012311862,558.6449957049914,600,17.176481534748657
411,2741.223654783337,339.5763733679968,276.6739957704738,-14.69424678975573,586.7136844420456,114.18126918395583,5.138440732313104,25.02431258153742,0.2112897776892845,4.248347012311862,558.6449957049914,600,17.176576508459036
1689,1290.5699669501232,1412.2719708889306,276.52004993665435,-14.90792513225065,586.6907773900894,94.00201288590416,6.241257600538734,25.024354972744316,0.1739553259116054,4.248347012311862,558.6449957049914,600,17.17661522748817
744,694.6727558259189,599.0667471026619,276.6441017712912,-14.990670511703994,585.0907617654884,111.4090224367703,5.251735891476421,25.02732002367473,0.2067316450094327,4.248347012311862,558.6449957049914,600,17.179323428121407
2023,1840.900209780267,1714.3310818597377,276.47262331998047,-14.829726065451602,572.6066897180281,94.63954612153007,6.05039556067527,25.050737082102067,0.1794428131371344,4.248347012311862,558.6449957049914,600,17.20071196206223
1131,2037.116169721142,931.0975843647263,276.58874920245046,-14.798217710434574,568.6287165197427,90.882900352501,6.25671841803291,25.05830615504075,0.1735254693372217,4.248347012311862,558.6449957049914,600,17.207625357011125
255,380.7375978107135,207.6808675365071,276.7039612898585,-15.034436834985382,568.397435244231,90.0052683076117,6.315157389472078,25.05874785193115,0.1719197057241926,4.248347012311862,558.6449957049914,600,17.208028791497195
1505,98.47503394526302,1261.0980283551112,276.54763341326617,-15.079506759034862,566.0804954511113,97.31455888125136,5.817017535288572,25.063182647614802,0.1866420366474175,4.248347012311862,558.6449957049914,600,17.21207941887615
1648,165.3311117621252,1382.1481764228895,276.5292532634937,-15.07033657014531,563.2779287408339,109.48312716483876,5.144883447590583,25.068571290094493,0.2110251886286068,4.248347012311862,558.6449957049914,600,17.21700126518445
679,503.5003021238202,543.6834702525799,276.6531975691354,-15.018063791956918,560.9169968632632,98.97429517451218,5.667299735494457,25.07313162554271,0.1915727155209791,4.248347012311862,558.6449957049914,600,17.221166557328992
948,57.48632376581727,773.6992613476476,276.6206965339257,-15.08345105194121,555.128307431587,110.42122304847148,5.027369667766702,25.08439469171393,0.2159578610184634,4.248347012311862,558.6449957049914,600,17.23145394990771
1056,400.1626231757455,864.377315385951,276.605689386417,-15.034298002125013,554.9926191183622,95.3975549647036,5.817681798277801,25.084660107330265,0.1866207258570584,4.248347012311862,558.6449957049914,600,17.231696373649193
97,240.15447435250067,79.34723889076312,276.7237570870568,-15.05423135239814,552.4883765608538,93.14981826707428,5.931180402057126,25.08957026191503,0.1830495662589261,4.248347012311862,558.6449957049914,600,17.236181181521914
1828,1405.9428874267928,1538.8202071399924,276.50066017959097,-14.891785445349027,549.9510450857924,98.45331492784166,5.585906838066978,25.09456804674787,0.1943641438129874,4.248347012311862,558.6449957049914,600,17.240746028590895
860,383.42604019106926,701.5307093630743,276.6301085918425,-15.036054525189256,549.7926451723906,104.76513614790038,5.247858833459924,25.094880811483005,0.2068843759816221,4.248347012311862,558.6449957049914,600,17.241031699789676
477,1370.6966964431074,387.5846209077623,276.67280071356186,-14.892183331422986,547.1114505745936,98.1100239777879,5.576509192357955,25.10018861524775,0.1946916901863701,4.248347012311862,558.6449957049914,600,17.245879710111968
1858,1303.799820202374,1566.1727704818688,276.4970015477922,-14.906642489834972,541.2088986552553,91.68483533086156,5.902927094782945,25.11196580412601,0.1839257003461131,4.248347012311862,558.6449957049914,600,17.25663668903961
1371,739.2750255620133,1149.1006600688136,276.5616951732626,-14.986464906032516,538.6873729568324,99.40345073350554,5.419201938985194,25.117036136878156,0.2003431524095058,4.248347012311862,558.6449957049914,600,17.261267799496842
2055,567.2404710386436,1746.5849139252675,276.4731015353402,-15.013747424496588,538.3976447739988,100.78679467643173,5.341946298644412,25.117620247473045,0.203240530567578,4.248347012311862,558.6449957049914,600,17.261801310967666
570,1730.173020966629,463.4174028257684,276.6599163376289,-14.840602973355807,535.4887687739101,95.91929630197728,5.582701181293712,25.123502209797905,0.194475750132914,4.248347012311862,558.6449957049914,600,17.26717374283029
1427,121.16671705336236,1200.9613679257911,276.55653194045084,-15.075982886767298,529.6603681318229,99.5104906966609,5.322658590302739,25.1353844308562,0.2039770129119343,4.248347012311862,558.6449957049914,600,17.278026655427585
2375,126.03070875924772,2042.7825888132345,276.4306270286383,-15.078702123667007,529.6582811386907,98.73633967473084,5.364370229679922,25.135388708934386,0.2023909524352089,4.248347012311862,558.6449957049914,600,17.278030562913266
1656,1108.9768864913915,1382.4578727313965,276.5252669734311,-14.93402262285081,525.6087362706312,101.62291508795876,5.172147795757438,25.143721688144314,0.2099127950076307,4.248347012311862,558.6449957049914,600,17.285641690041498
2345,1245.8571978126672,2008.783844733534,276.4311163077812,-14.91681249137657,525.3657040137914,101.45718601166038,5.178201019230039,25.144223829613725,0.2096674107413149,4.248347012311862,558.6449957049914,600,17.28610033303865
1817,1470.1611985270144,1524.1461399282591,276.5025829767448,-14.882455637880238,518.9713525061379,97.14826432479316,5.342054807804646,25.157519662898107,0.203236402294827,4.248347012311862,558.6449957049914,600,17.29824440238694
370,1718.2204805537988,307.0277104326487,276.6833270696532,-14.84169091186046,508.2904464624589,92.4285797026557,5.499277908387621,25.180098258389485,0.1974259199274265,4.248347012311862,558.6449957049914,600,17.318867106024197
1054,1109.3925878274529,861.3928497001983,276.60312678723415,-14.931840596374425,507.6726571776089,94.66070670181496,5.36307698163292,25.18141869271184,0.2024397568258347,4.248347012311862,558.6449957049914,600,17.320073156494114
1534,2986.8867821964955,1290.2746708894083,276.5310630133237,-14.662714973371983,494.585746123048,95.43389314680908,5.182495755069015,25.209774136177494,0.2094936592930295,4.248347012311862,558.6449957049914,600,17.345972283271887
982,2665.2262755299894,803.4396728422266,276.6050979788043,-14.707099444893691,486.9009573864169,90.53405041315136,5.37809757946815,25.22677655472464,0.2018743587220979,4.248347012311862,558.6449957049914,600,17.361501851483887
622,1123.707937121986,507.03519227609615,276.65601785643395,-14.928331178693146,479.9031065606978,90.79484303637165,5.285576696998669,25.242494222800268,0.2054080495353511,4.248347012311862,558.6449957049914,600,17.375857961930006
1411,1415.7908310099097,1186.327892843454,276.55327719701614,-14.888926829216242,458.3036928487127,87.60401621087723,5.231537464509624,25.292494734334394,0.2075298145842042,4.248347012311862,558.6449957049914,600,17.42152713260422
