ID,X_pix,Y_pix,RA_deg,Dec_deg,Fluxo,Erro_Fluxo,SNR,Mag_Inst,Erro_Mag,Std_Fundo_Local,Area_Ap,Exptime
486,2204.844014859281,1270.3620057698313,276.5308418632585,-14.793600429865808,4442835.957734531,2119.5149033567736,2096.156979457048,-10.624300673662733,0.0005179478496315,6.2786552804884215,352.1809355185953,250
193,289.1672453270022,504.8703878943148,276.65310214473146,-15.066602528247996,631078.6697513051,803.5118926457624,785.4005342389171,-8.505358731855175,0.0013823520008833,6.2786552804884215,352.1809355185953,250
509,1749.7749027951834,1318.2261027456432,276.5256101250376,-14.859401273797303,495457.4641649537,712.2851904679947,695.5886080397403,-8.242665917142096,0.0015608363728952,6.2786552804884215,352.1809355185953,250
53,1920.2134818221275,136.2320665434027,276.70115888882606,-14.829945350148115,436561.1919155735,677.217302173845,644.639749330424,-8.105262794578971,0.001684196485134,6.2786552804884215,352.1809355185953,250
716,2517.769424869656,2058.10469467402,276.41207886305176,-14.751642218229318,375066.4547549338,622.1597599872609,602.845890840985,-7.940420536815233,0.0018009577845598,6.2786552804884215,352.1809355185953,250
591,294.8752661630573,1556.710563059171,276.4960812997516,-15.07001128076072,370665.7207607696,620.2717750612043,597.5859867623265,-7.927606038937315,0.0018168096709935,6.2786552804884215,352.1809355185953,250
208,39.42846444001863,555.5950626363939,276.6465851293698,-15.102794449660673,272990.5735182645,637.21322062472,428.41322917096136,-7.595519105631666,0.0025342354672403,6.2786552804884215,352.1809355185953,250
375,1121.1244062649712,1007.8023386714024,276.57455097583744,-14.948759364361488,225864.55462681784,489.43449858845,461.4806583479931,-7.389770182249817,0.0023526446457942,6.2786552804884215,352.1809355185953,250
197,513.7250972977309,515.3462384612,276.6505897653912,-15.034286000943691,208862.14223467515,470.8670451005125,443.5692504029262,-7.304799298608753,0.0024476448694623,6.2786552804884215,352.1809355185953,250
697,2231.69366657358,1960.2423565019928,276.42785557414595,-14.79249674315881,178759.47547410388,435.6370502142669,410.3403863059432,-7.135822657468427,0.0026458521662318,6.2786552804884215,352.1809355185953,250
402,1818.3247732005,1066.943827363843,276.56279995955805,-14.84849940725943,173927.410718447,430.6424634971779,403.878914554804,-7.106070057329919,0.0026881819299647,6.2786552804884215,352.1809355185953,250
8,1100.9471987593208,35.212828109604885,276.719729402943,-14.947648597998889,158451.2505711135,416.3477509968751,380.5742920232629,-7.004889156305641,0.0028527938506514,6.2786552804884215,352.1809355185953,250
306,2663.974177481219,819.0878012130122,276.5961861783611,-14.725537987488824,155646.7408996354,408.0737781666559,381.4181386486191,-6.9855000567813885,0.0028464823509618,6.2786552804884215,352.1809355185953,250
658,1347.5136783276546,1807.2254530271316,276.45433914034794,-14.91933234694952,155603.180460093,409.323707527278,380.147002479018,-6.985196152148041,0.0028560004233097,6.2786552804884215,352.1809355185953,250
683,1446.288642701757,1914.8317128510143,276.4378769862292,-14.905521819294334,153067.70102166673,406.6602162547526,376.4019564819622,-6.96735887688281,0.0028844164630478,6.2786552804884215,352.1809355185953,250
106,2755.5965559994333,289.5085150426884,276.674732747619,-14.710102969267291,144645.40330232776,399.0780164714033,362.4489381331096,-6.905911570131719,0.0029954564237163,6.2786552804884215,352.1809355185953,250
648,2020.3432432043555,1763.9170407245808,276.45801025170806,-14.82218457590873,142782.0897132652,392.4310853088904,363.8399073327194,-6.891834312982495,0.0029840047177869,6.2786552804884215,352.1809355185953,250
367,1468.7848280681949,992.0682309623892,276.5754375019166,-14.89858374114804,132972.48746959277,380.4480484815221,349.51549364052283,-6.814554460885106,0.0031063000632431,6.2786552804884215,352.1809355185953,250
398,684.7244951387097,1058.0133238186108,276.56888854494224,-15.011853908440145,129239.59637966804,377.5198597736576,342.33853672533616,-6.783638960892437,0.0031714220969258,6.2786552804884215,352.1809355185953,250
68,283.7280169031367,201.69945939546128,276.6983715504881,-15.066135529975073,128126.4357431891,377.81528710598513,339.12454078981443,-6.774246840794619,0.0032014787177342,6.2786552804884215,352.1809355185953,250
401,820.5588716893594,1066.275724901492,276.5670867659952,-14.992313042320172,127151.63308836608,373.8464679313134,340.1172513196716,-6.765954834481475,0.0031921344647689,6.2786552804884215,352.1809355185953,250
487,2765.8829131642983,1275.2208608752137,276.52776168874,-14.71271813905259,125452.80159991371,373.88483940070864,335.53861611773056,-6.7513508892738425,0.0032356931448363,6.2786552804884215,352.1809355185953,250
596,431.883185471063,1591.0768062475718,276.4903842880332,-15.050409606383278,122382.89871087816,365.9786298776617,334.399029669541,-6.724451817076115,0.0032467199473422,6.2786552804884215,352.1809355185953,250
562,785.1790079061436,1464.585198094543,276.5077970113876,-14.999007363664868,111125.54802023944,351.0182553668192,316.58053768204064,-6.619684767631815,0.0034294590815637,6.2786552804884215,352.1809355185953,250
292,284.3206248578461,782.731449065245,276.61165159321286,-15.068434955172169,103955.86998387711,342.3982742808142,303.61096358394275,-6.5472725215225545,0.0035759578217597,6.2786552804884215,352.1809355185953,250
364,312.2889776000241,988.3824276908788,276.58083973083603,-15.06523708049314,103564.20730573343,339.07814557574045,305.4287297988072,-6.543174191759146,0.0035546754253117,6.2786552804884215,352.1809355185953,250
10,1006.0524140151398,37.240710900225785,276.71983249701987,-14.9613374047324,101930.7853644812,339.94260091294325,299.84704797438707,-6.525913404349431,0.0036208460524605,6.2786552804884215,352.1809355185953,250
61,393.54027463453775,176.90647181212887,276.70160478495023,-15.050207307126444,101409.40530090002,335.7163729321797,302.0686909464091,-6.520345568003966,0.0035942155957918,6.2786552804884215,352.1809355185953,250
234,1018.7342425405462,624.5773207700588,276.6321565743187,-14.961951239314011,101327.87545221212,338.34282134404737,299.4828589821796,-6.519472320489431,0.0036252492168996,6.2786552804884215,352.1809355185953,250
343,320.34358526497584,925.0207694037116,276.59026308378463,-15.063820913030272,100350.98166756806,337.26799790645487,297.54077555677713,-6.508954041472902,0.00364891164234,6.2786552804884215,352.1809355185953,250
693,1056.9748356680252,1947.8928865404048,276.43455069681926,-14.961751458241594,90765.25893166116,325.5843461517252,278.77648297428823,-6.39994910564134,0.0038945178890865,6.2786552804884215,352.1809355185953,250
112,1837.2743783230533,296.1193124927228,276.67767193855923,-14.842578608126043,89282.81031688314,317.3864478266183,281.30630947940324,-6.38206960809628,0.0038594939516615,6.2786552804884215,352.1809355185953,250
263,1985.9391504352636,715.7760850843196,276.6144615961957,-14.822890096448129,81697.28982467376,304.8844080817054,267.9615213473949,-6.285669102707502,0.0040517011343298,6.2786552804884215,352.1809355185953,250
491,1450.507809016773,1283.7644081988465,276.53200213552094,-14.902400481539194,81004.01108246803,303.6738953379572,266.74670535088,-6.276416289339137,0.0040701533635508,6.2786552804884215,352.1809355185953,250
547,2689.212264469245,1410.304704718308,276.5079461831956,-14.72432512663619,79322.92853914041,304.07042369392497,260.87025359291863,-6.253646827406176,0.0041618390178521,6.2786552804884215,352.1809355185953,250
679,1600.2806648222063,1898.94278344232,276.439610870662,-14.883266352622163,78696.36279299477,297.6418952124421,264.3994815878497,-6.2450366295658855,0.0041062864173554,6.2786552804884215,352.1809355185953,250
622,2550.25369615723,1671.166441858256,276.4696362572739,-14.745416153816093,77777.87029354196,300.98203305966285,258.4136651044691,-6.232290096227086,0.0042014032019594,6.2786552804884215,352.1809355185953,250
494,2914.071028695214,1290.14492095468,276.52491410922363,-14.69140728335838,76824.04067597649,296.6958003287562,258.9320124883837,-6.218892842823469,0.004192992552625,6.2786552804884215,352.1809355185953,250
139,1905.324922800036,360.8519293215521,276.6677290283652,-14.833036971251952,74263.39091550783,293.4689315354845,253.0536725879221,-6.182086917109757,0.0042903941638024,6.2786552804884215,352.1809355185953,250
472,1968.1985044848943,1235.2988458181987,276.53706305184016,-14.827577019271263,71155.86760538927,286.8908968659716,248.02413873254244,-6.135676774281869,0.0043773965128884,6.2786552804884215,352.1809355185953,250
248,746.1589155256687,679.5575231750372,276.62510427249833,-15.001462567946932,67894.26103174919,282.9702629868309,239.93426134289209,-6.084732642755362,0.0045249894447063,6.2786552804884215,352.1809355185953,250
334,962.595433244095,885.6191290826818,276.5934465101956,-14.9711108224289,67640.7851244146,281.5507240647971,240.2436908982962,-6.0806715781335,0.0045191613396399,6.2786552804884215,352.1809355185953,250
706,1849.680655286352,2016.2385793654908,276.42108378497073,-14.84778309663066,65189.51919435107,276.9747000328499,235.36272152878735,-6.040594423096694,0.0046128800387244,6.2786552804884215,352.1809355185953,250
582,899.991961620117,1529.6530624809968,276.4976101927877,-14.982722323436278,62351.60787579074,272.705562408882,228.64076304502967,-5.992269121355905,0.0047484970988579,6.2786552804884215,352.1809355185953,250
165,1746.996717568304,418.6017727688357,276.6597915003423,-14.856108702342048,60813.95237846783,269.08829710329144,225.9999897175906,-5.9651580525636,0.0048039825194536,6.2786552804884215,352.1809355185953,250
313,2278.639091238302,834.3459223516929,276.5955430569781,-14.78117319681407,59566.20275220164,272.8768976372202,218.2896510037017,-5.942649766869494,0.0049736668458991,6.2786552804884215,352.1809355185953,250
231,2485.403641860264,614.4156966178816,276.627454693021,-14.75044125231985,57719.35071908752,271.013618577002,212.9758313333172,-5.908453571072116,0.0050977615309824,6.2786552804884215,352.1809355185953,250
90,524.5072385157331,247.5377865626228,276.6905080256497,-15.0316259224612,57411.17091842703,265.65368160609086,216.11283747821668,-5.90264098963744,0.0050237644957552,6.2786552804884215,352.1809355185953,250
575,929.5077658245788,1502.0530949279262,276.5016060670799,-14.978359556753482,54196.34214129738,260.3818804030288,208.1417572429013,-5.840074917845856,0.0052161565962614,6.2786552804884215,352.1809355185953,250
482,1681.5260972179035,1254.9884110965183,276.535327797961,-14.868984079642,54178.71671694255,253.3976384745624,213.80908300130565,-5.839721763499891,0.0050778946561094,6.2786552804884215,352.1809355185953,250
677,1674.4930844782343,1877.8223216285492,276.4424544764708,-14.872487153740051,53896.93889328369,256.17259464223525,210.3930710018178,-5.834060228044297,0.0051603410455975,6.2786552804884215,352.1809355185953,250
668,2655.124164846529,1841.616497027882,276.44378705752365,-14.730977830893323,50860.96790985737,251.34160234745409,202.3579361109797,-5.771111530223014,0.0053652454698122,6.2786552804884215,352.1809355185953,250
255,1844.7097813880468,695.5373150935359,276.6180777398267,-14.843170103997284,50525.09158936469,252.7579398776606,199.89517090469937,-5.763917751958455,0.0054313468158648,6.2786552804884215,352.1809355185953,250
462,2465.0918009051147,1207.8348886552574,276.53907192612047,-14.755819892026912,50403.4409414767,246.11103165479247,204.79960041846095,-5.761300442989548,0.0053012798744803,6.2786552804884215,352.1809355185953,250
43,2707.6700830674727,120.0565649679826,276.7001943008871,-14.716297583138942,50311.75864258857,251.3380239497942,200.17567518012527,-5.7593237241001365,0.0054237359210755,6.2786552804884215,352.1809355185953,250
108,1792.7284388108976,293.5207098524874,276.67824947324107,-14.848991193061533,48647.36242244564,245.30425799936037,198.3143823886355,-5.722798224649433,0.0054746407543571,6.2786552804884215,352.1809355185953,250
399,541.6920684533296,1058.88894900226,276.569356568921,-15.032467691551998,48301.589320743165,247.3976601986352,195.2386666954,-5.715053530968502,0.0055608861624416,6.2786552804884215,352.1809355185953,250
598,1732.128789233492,1600.650750949746,276.4835590449078,-14.86307901067021,47206.23833497983,243.22879704002693,194.0816174295815,-5.69014846512938,0.0055940382936777,6.2786552804884215,352.1809355185953,250
393,1327.1166497639313,1054.2925251460151,276.5667506113896,-14.91925761537268,46945.86999600826,242.0076884649204,193.98503532590527,-5.684143457746527,0.0055968234775222,6.2786552804884215,352.1809355185953,250
611,1422.6850406004353,1645.2720485460438,276.4781890430788,-14.90785749858903,46811.95572288547,243.016603850664,192.62863105292948,-5.681041942274735,0.0056362337938313,6.2786552804884215,352.1809355185953,250
256,1142.591510413709,704.2627536067613,276.619745204618,-14.944425969895384,46555.803930583934,243.2346404234098,191.4028521987744,-5.675084554551107,0.0056723292653574,6.2786552804884215,352.1809355185953,250
634,1430.3745112624188,1707.392122406609,276.4688898404441,-14.906995903721576,43386.77639024367,235.3212683591265,184.3725248158641,-5.5985434371335385,0.0058886214260194,6.2786552804884215,352.1809355185953,250
150,2660.9411878663154,379.7279207511926,276.6616903446632,-14.724138119505325,43358.639937783824,232.8282998914505,186.2258151521896,-5.597839105597106,0.005830018781836,6.2786552804884215,352.1809355185953,250
699,2347.6243689711746,1961.690110493721,276.4271596099673,-14.775789781777592,43278.74830320568,236.37977473108265,183.0898957088936,-5.595836707637831,0.0059298739332192,6.2786552804884215,352.1809355185953,250
454,1412.606977915314,1198.113916595432,276.5449375138704,-14.907517744953523,40017.39303639848,229.85685550964945,174.0970176750658,-5.510771960260757,0.0062361780488758,6.2786552804884215,352.1809355185953,250
510,1029.9418915746091,1319.6746912283795,276.5284011790196,-14.963158525612304,39362.56271849177,225.68678950360228,174.41234732910004,-5.492858392394772,0.006224903320356,6.2786552804884215,352.1809355185953,250
436,1786.0681978078042,1154.938276480662,276.5498118778267,-14.853507906252014,38240.777388763,222.2639991360701,172.0511533014934,-5.461466759258565,0.0063103325910142,6.2786552804884215,352.1809355185953,250
502,2229.257933313361,1310.9744669559027,276.5246836805875,-14.790245228398035,37005.40876072415,242.64654937062977,152.50745933419535,-5.425812992761848,0.0071189960460941,6.2786552804884215,352.1809355185953,250
293,2093.364255431383,791.7953599055875,276.6026713361141,-14.80771424339051,36848.64816417769,219.4325831353096,167.92696707879327,-5.421203878033697,0.0064653105983303,6.2786552804884215,352.1809355185953,250
274,753.6318123760425,740.3363702305892,276.616003625799,-15.000634158685235,36244.25298245973,222.1686803326523,163.13844475374006,-5.4032478610444095,0.0066550836722691,6.2786552804884215,352.1809355185953,250
395,274.8972517798207,1054.486823311389,276.57112947755843,-15.0708903539132,34882.34327566816,221.21489604780172,157.68532724907695,-5.361664107439525,0.0068852316124825,6.2786552804884215,352.1809355185953,250
25,1292.1651046226386,84.70508627319323,276.7115295496362,-14.920288769280685,32600.98055883957,212.0941919737931,153.7099165962443,-5.288226635306383,0.0070633048539857,6.2786552804884215,352.1809355185953,250
452,2493.980403384236,1184.6769061032207,276.5424030548775,-14.751559465707064,32019.019671008224,213.31447922052453,150.10242055771076,-5.268670055711185,0.007233061238893,6.2786552804884215,352.1809355185953,250
171,544.7099222940343,431.5049052090289,276.66297008849256,-15.029475517880352,29954.016894875294,205.1560582190626,146.006007109431,-5.196287654340407,0.0074359954189163,6.2786552804884215,352.1809355185953,250
599,133.8236880370687,1602.1266994209668,276.4899680673301,-15.093389335957026,29837.672728860896,211.2872522194436,141.21851846448072,-5.1920623436501065,0.0076880851874471,6.2786552804884215,352.1809355185953,250
536,2159.8382251952758,1379.9924097638798,276.51468282141,-14.8005337697886,29389.12966234185,205.4215095762868,143.06744080968645,-5.175616790691033,0.0075887287411832,6.2786552804884215,352.1809355185953,250
236,356.15368572953986,633.4610342779511,276.6336278075105,-15.057476525592394,29192.354565405665,204.5463765582483,142.7175345591742,-5.168322791459947,0.0076073343289842,6.2786552804884215,352.1809355185953,250
583,2066.882428182775,1531.6358066600644,276.49245754571297,-14.814546579785684,28373.46752718996,202.37616435752557,140.20162709015622,-5.137431013958711,0.0077438473613565,6.2786552804884215,352.1809355185953,250
661,338.6638680368966,1826.4179089406211,276.45564060691817,-15.064761494303957,27887.994031311973,210.8321781667441,132.2757952500769,-5.118693170361588,0.008207850861508,6.2786552804884215,352.1809355185953,250
478,603.6644950744025,1249.3190135327543,276.54067791489746,-15.024302749573849,27432.45494394144,198.63647422976345,138.10381527518575,-5.100811664748268,0.0078614772360679,6.2786552804884215,352.1809355185953,250
626,801.1476174465861,1686.4619551344638,276.4746197184733,-14.997585085749169,27193.87563789109,200.27317450183097,135.78391467321788,-5.091327746112003,0.0079957924516529,6.2786552804884215,352.1809355185953,250
329,102.04043238322946,880.2723158629194,276.59785741811413,-15.095092384708286,27121.806905957437,200.48818674071396,135.27882787943685,-5.0884465275119295,0.0080256461193439,6.2786552804884215,352.1809355185953,250
338,1161.3183924789353,907.1449301996954,276.58939915796634,-14.942556701136876,27079.59459367077,204.14712197737188,132.6474472496964,-5.086755374009094,0.0081848540813323,6.2786552804884215,352.1809355185953,250
499,1615.8301106308304,1298.076850913933,276.5291758004622,-14.878628221010128,27026.309090810595,201.06180316913708,134.41791859429182,-5.084616826663662,0.0080770481447263,6.2786552804884215,352.1809355185953,250
32,1756.2836687492024,103.82584605283732,276.7066927764457,-14.853448419662456,26810.012015860964,196.40001339769444,136.50718017810323,-5.075892499888531,0.0079534277873403,6.2786552804884215,352.1809355185953,250
426,1445.018834946172,1126.7715037731705,276.5554439731294,-14.902557066646674,26741.45012079473,194.44830903335472,137.52472445624423,-5.073112363942904,0.0078945804421184,6.2786552804884215,352.1809355185953,250
328,2777.2939822197523,878.8672971334922,276.58679526014555,-14.709441611556556,26426.19919119915,193.57410604982164,136.5172219077568,-5.060236738874399,0.0079528427609931,6.2786552804884215,352.1809355185953,250
407,2929.911576407155,1080.7922695370291,276.55605216015715,-14.68826339369246,25922.87487799957,191.5805055965785,135.3106089644986,-5.039357887444411,0.0080237610953687,6.2786552804884215,352.1809355185953,250
355,1255.969116986268,962.5889001175952,276.58072976595264,-14.929139902550752,25420.542123401683,192.78476386614668,131.85970516348243,-5.018111998732239,0.0082337511573677,6.2786552804884215,352.1809355185953,250
538,647.6747982273039,1385.0105367253996,276.52024407722564,-15.0185032280595,25134.241635837592,194.68045982277985,129.10510720345337,-5.005814443294426,0.0084094271986395,6.2786552804884215,352.1809355185953,250
635,445.42587576246734,1709.830041242296,276.47260297409923,-15.04892581524066,25070.748161137308,198.55688218390847,126.26481583205027,-5.003068214233127,0.0085985948884139,6.2786552804884215,352.1809355185953,250
228,2666.82295333088,609.0341807968791,276.6274853344986,-14.724252279711935,24859.70372985408,190.227374102263,130.6841554596129,-4.993889849697784,0.0083078166299626,6.2786552804884215,352.1809355185953,250
298,707.4022982572536,807.8726763747069,276.60612059795113,-15.007571950302909,24478.623113499227,196.99069252290684,124.26284105099413,-4.9771174426586615,0.0087371252002395,6.2786552804884215,352.1809355185953,250
533,3032.0877705971266,1369.705621133353,276.5125594199318,-14.674711060942045,24101.818250429,186.5385242743053,129.20558015666097,-4.960274496203271,0.0084028878527041,6.2786552804884215,352.1809355185953,250
81,2596.387994975492,232.73681710323737,276.68387644600864,-14.732828763165356,23347.771302595764,186.9257275169024,124.90400124554596,-4.925763554902884,0.0086922755810332,6.2786552804884215,352.1809355185953,250
13,782.7787051051866,40.8482612850487,276.7202479988043,-14.993538044812144,23263.89632771624,203.96431189377935,114.05866110455452,-4.921856112847273,0.0095187861183533,6.2786552804884215,352.1809355185953,250
288,1498.2648120217448,777.5466845571291,276.6073115693766,-14.893456171891794,23079.573060026247,185.49767466794248,124.41974327355186,-4.913219405106515,0.0087261070585313,6.2786552804884215,352.1809355185953,250
144,787.7875728494397,373.1954960349272,276.67064033956103,-14.994201134777745,22972.415812321124,187.704576793621,122.38601852302745,-4.908166649893902,0.008871111366334,6.2786552804884215,352.1809355185953,250
568,1082.2768262619388,1485.892625442793,276.5033822944677,-14.956280902421245,22590.2406910134,185.57287451550204,121.73245012231732,-4.8899521238171495,0.0089187394068638,6.2786552804884215,352.1809355185953,250
625,1818.6072503271407,1682.2799776972208,276.4710240452868,-14.850939380720591,22517.831433542044,181.89006852218327,123.79912557345467,-4.886466387618705,0.008769851927232,6.2786552804884215,352.1809355185953,250
46,1981.7528202588935,124.11298592366472,276.7027024508208,-14.82101933336538,22395.226041948743,182.49340609627657,122.7180012747084,-4.880538603998575,0.0088471128010765,6.2786552804884215,352.1809355185953,250
318,1627.55994689954,852.4281869770942,276.5955970654979,-14.87512401113001,22007.91307567217,186.9949392704143,117.69255981760244,-4.861597133466259,0.0092248821988628,6.2786552804884215,352.1809355185953,250
687,2202.5233580189847,1921.0342972255496,276.4338233355142,-14.796546519040026,21245.438910155324,194.5054351451124,109.22799609329677,-4.823314247372033,0.0099397593916549,6.2786552804884215,352.1809355185953,250
438,2132.8298082849624,1158.2639023318711,276.54785963689187,-14.803527522217502,21238.29438498121,180.02221207587684,117.97596607706149,-4.822949069026402,0.0092027218432847,6.2786552804884215,352.1809355185953,250
16,2649.628440381231,44.183588997725735,276.7117523035389,-14.724347374262685,21225.387898523128,187.505066371556,113.1990100814842,-4.822289067853554,0.0095910732719171,6.2786552804884215,352.1809355185953,250
592,535.1203399670894,1560.9491790621505,276.4944533791587,-15.0354177174903,20612.53913923964,183.193138404666,112.51807419613831,-4.790478711557125,0.0096491164442384,6.2786552804884215,352.1809355185953,250
692,1624.5678784801175,1940.56925702648,276.4333008963513,-14.879930066199371,20494.313460091536,181.91390049730023,112.65941417377113,-4.784233414435491,0.0096370108788721,6.2786552804884215,352.1809355185953,250
371,860.1824067005209,1003.7515343003896,276.5762502934132,-14.986350054796109,20075.001906585327,188.45321798100483,106.5251213094636,-4.761788966312449,0.0101919621085993,6.2786552804884215,352.1809355185953,250
361,414.1092073875808,977.4512390108736,276.5820448456017,-15.05052250907675,20031.46110924261,181.33205459109175,110.4683954219459,-4.759431548825268,0.0098281503578743,6.2786552804884215,352.1809355185953,250
671,2707.633406823652,1853.0555639243703,276.4418633867466,-14.723452278849804,19804.7786367909,183.3234439593964,108.03189275222968,-4.747074959679965,0.0100498100360978,6.2786552804884215,352.1809355185953,250
76,670.1414790890498,217.28172351836648,276.6944035839429,-15.010510403580268,19792.929039103765,180.08680854499707,109.90771172536073,-4.746425147437798,0.0098782877284622,6.2786552804884215,352.1809355185953,250
339,1828.432501027327,906.9165359049176,276.58662330753083,-14.846387603120586,19786.878317801107,181.49232794233492,109.02322176443698,-4.746093185880981,0.0099584288780773,6.2786552804884215,352.1809355185953,250
678,440.62733142280587,1886.399259908829,276.4462672479103,-15.05030774077442,19463.888394136564,181.46133432629827,107.26190494740432,-4.728223992537313,0.0101219533676226,6.2786552804884215,352.1809355185953,250
601,1591.63549166094,1607.9666175878422,276.48305213448185,-14.883358595577494,19436.915619584062,173.72812961921113,111.88122304768484,-4.7267183515455615,0.0097040412182235,6.2786552804884215,352.1809355185953,250
631,1721.8183357532355,1700.8801396042843,276.4686517772774,-14.864964672348831,19210.01760437162,174.35048587554306,110.18046498639724,-4.713969385460859,0.0098538338909174,6.2786552804884215,352.1809355185953,250
432,844.2215650129053,1143.5655175513689,276.55545468711205,-14.989214786584949,19067.01400871211,180.86611607935689,105.42059741221104,-4.705856692440329,0.0102987464181666,6.2786552804884215,352.1809355185953,250
477,283.1617116759364,1242.793736732751,276.54298770058483,-15.070453692340696,18850.672860629973,179.86177699710126,104.80644178742756,-4.693467119905648,0.010359096077339,6.2786552804884215,352.1809355185953,250
251,451.5080809507011,684.8872387114462,276.6255510294433,-15.043946191060188,18746.952783273475,177.2122069293237,105.78815708079404,-4.687476692218104,0.0102629635486589,6.2786552804884215,352.1809355185953,250
180,823.3070970073035,468.6766875429852,276.6562435688414,-14.989476518412324,18382.424341324484,176.3136961135116,104.2597639691575,-4.666156946248146,0.0104134131775051,6.2786552804884215,352.1809355185953,250
660,613.1028977143371,1818.978337133796,276.45561964006794,-15.025197931993276,18123.82883507904,174.7192851725613,103.731129721479,-4.650774858234917,0.0104664819800491,6.2786552804884215,352.1809355185953,250
542,1964.6001309108567,1396.9235275238525,276.5129746033024,-14.828749758140123,18054.944858922303,169.02966915655242,106.81524106989832,-4.646640394316975,0.0101642798267855,6.2786552804884215,352.1809355185953,250
481,1754.0921067462536,1253.9029913923227,276.53518578264857,-14.858518918031235,17916.610228322097,179.02181808558183,100.08059587327516,-4.638289592864245,0.010848256752735,6.2786552804884215,352.1809355185953,250
50,784.2745846588042,129.71677178925705,276.7069826572021,-14.99369442278949,17909.27128159409,196.44306658613937,91.16774438939518,-4.637844765831775,0.0119088171729111,6.2786552804884215,352.1809355185953,250
418,574.4045688689508,1104.061918955519,276.5624781442303,-15.027935971257294,17890.760326414136,180.1079002771931,99.33356781617884,-4.6367219726323325,0.0109298399712082,6.2786552804884215,352.1809355185953,250
161,1331.323581523386,404.3232239454024,276.66368860570384,-14.91598004685767,17691.000176674133,180.2267687282045,98.15967018391972,-4.624530945406465,0.0110605506107115,6.2786552804884215,352.1809355185953,250
480,978.4057878056936,1251.5375020119814,276.5387829402202,-14.970312021400176,17685.8833050651,169.8562264837221,104.12266698247883,-4.624216866140402,0.0104271243857276,6.2786552804884215,352.1809355185953,250
417,1191.55735207087,1099.4836257261345,276.5605774803714,-14.938979576734743,17394.869703748205,169.96385350572288,102.34452411472596,-4.606202928353573,0.0106082861725259,6.2786552804884215,352.1809355185953,250
564,59.76418002408446,1469.517325101231,276.5100713992917,-15.103534934684674,17283.08688472741,194.5063149789972,88.85617357253227,-4.599203261361452,0.0122186220309583,6.2786552804884215,352.1809355185953,250
117,824.4333708340082,309.5908633693754,276.6799746857597,-14.98865535292283,17221.8937083731,173.51091744133709,99.25538958778031,-4.595352239534195,0.0109384488289154,6.2786552804884215,352.1809355185953,250
408,348.42613922689765,1081.436141005366,276.56679969797403,-15.06040490907308,16945.918003167113,170.3525604006154,99.47556974380466,-4.577812729918315,0.0109142375640187,6.2786552804884215,352.1809355185953,250
702,1084.428706943839,1982.5243947901308,276.42926991413066,-14.957931182910638,16837.820355875592,174.25333072772793,96.6283989267603,-4.570864657529171,0.0112358272729211,6.2786552804884215,352.1809355185953,250
258,1664.214156485706,709.1164827462794,276.6168165587953,-14.869249947315344,16456.20348575557,171.66850146665573,95.8603549583146,-4.5459741005644085,0.0113258499874335,6.2786552804884215,352.1809355185953,250
300,2764.5858676313424,807.047836695812,276.5975543640016,-14.71097654111619,16452.59500837457,174.00045864987476,94.55489448726468,-4.545735996790853,0.0114822189362839,6.2786552804884215,352.1809355185953,250
35,519.695528810171,107.91544928576832,276.7113630301576,-15.03173833827937,16398.3130360496,171.19622704109932,95.7866497379807,-4.542147909899763,0.0113345649207888,6.2786552804884215,352.1809355185953,250
372,472.88022129871774,1007.3925384891309,276.5773300636995,-15.042175171432207,16021.415866338968,165.58638554960734,96.75563491020932,-4.516902212086023,0.011221051890234,6.2786552804884215,352.1809355185953,250
563,118.67678363414606,1466.4475456696975,276.5102855017976,-15.095036721489668,16010.342162395536,169.9977275309252,94.17974225263104,-4.516151511998918,0.011527956798689,6.2786552804884215,352.1809355185953,250
143,2488.6619201307662,368.1532782705576,276.66415163605814,-14.748939168427988,15961.898378411075,165.2608865412884,96.58606287594368,-4.512861332172401,0.0112407522128165,6.2786552804884215,352.1809355185953,250
369,2996.6884228570407,995.0234821696204,276.5685535908107,-14.678277587726368,15893.113901112609,169.86556053069037,93.56289674881523,-4.508172467968363,0.0116039588098125,6.2786552804884215,352.1809355185953,250
420,761.7497921726526,1109.1786803804305,276.5609309363714,-15.000960783792989,15872.568232484193,167.28027923183205,94.88606968718985,-4.506767985023678,0.011442143231132,6.2786552804884215,352.1809355185953,250
368,1328.9196506050027,993.1494533539048,276.575864165289,-14.918749185885732,15737.416288958746,166.44592726471174,94.54972282938664,-4.497483560837267,0.011482846987919,6.2786552804884215,352.1809355185953,250
373,963.1971381031666,1007.571017821202,276.57524826621284,-14.971519488440045,15709.281965268252,168.10813402662112,93.4474828135358,-4.495540815577954,0.0116182904805086,6.2786552804884215,352.1809355185953,250
544,2234.7390228816216,1401.2877216142967,276.51119389755405,-14.789820797620614,15642.770943241863,167.65289804619374,93.30450666550232,-4.49093419328299,0.0116360938908583,6.2786552804884215,352.1809355185953,250
651,781.3738262909598,1784.481183292853,276.46007353729703,-15.000819805760944,15541.236378964417,170.70175185919,91.04321548957628,-4.483863893375752,0.0119251060516893,6.2786552804884215,352.1809355185953,250
229,2452.249405019489,612.5233934299152,276.6278777325924,-14.75521505142144,15522.067819724558,166.54837732122948,93.19855329353604,-4.482523919928735,0.011649322458692,6.2786552804884215,352.1809355185953,250
645,2819.724657992881,1756.3664854811975,276.45581136285824,-14.70690200960804,15476.122453194024,159.05332686267704,97.30146962946428,-4.479305371750637,0.0111581048481022,6.2786552804884215,352.1809355185953,250
397,2564.1552679074457,1055.0130776798126,276.5614382216603,-14.74090820102411,15389.589843839727,162.93844432335712,94.45033004794462,-4.473217591749999,0.0114949307159528,6.2786552804884215,352.1809355185953,250
247,175.8185552284315,679.9651679382921,276.6274465334995,-15.083650516264578,15379.513864563574,168.01525748366387,91.53641219791557,-4.472506498180733,0.011860853773169,6.2786552804884215,352.1809355185953,250
287,732.45005986624,776.5873830712382,276.6106835649457,-15.003834744080804,15196.52625280252,170.74553440938595,89.00101724690938,-4.459510790015109,0.0121987369760956,6.2786552804884215,352.1809355185953,250
606,392.2196001665905,1623.2297047678242,276.48574921426143,-15.056250221371275,15072.466435095295,164.4980008395045,91.62704931472707,-4.450610791838016,0.0118491210632655,6.2786552804884215,352.1809355185953,250
215,1717.7219753418829,571.162614665416,276.6371641613224,-14.860964523649796,15017.91961911248,161.74672016423943,92.84837184867251,-4.446674417094799,0.0116932583564255,6.2786552804884215,352.1809355185953,250
356,1389.4034305414289,963.7638139042602,276.57999343238924,-14.909911099197512,14857.64634689549,161.7064566114422,91.88035319205784,-4.435025020132506,0.0118164543591877,6.2786552804884215,352.1809355185953,250
331,2045.574781960959,881.5478168837112,276.5894900415533,-14.814975177627316,14707.535446846625,159.8341326379161,92.01748840571292,-4.423999737720501,0.0117988440981246,6.2786552804884215,352.1809355185953,250
260,799.4213844071592,711.5121201130227,276.62011160218424,-14.993917197910518,14673.897957635929,170.0257215968539,86.30398871312566,-4.42151371497773,0.0125799515895941,6.2786552804884215,352.1809355185953,250
422,440.8911027831616,1111.980154215829,276.561854493086,-15.047205268677889,14598.1839255527,162.4683292405737,89.85248998244178,-4.415897056108291,0.0120831375982141,6.2786552804884215,352.1809355185953,250
109,706.0689036329313,294.6134555020322,276.68271224338963,-15.005653548462265,14510.942258412715,163.90604316896986,88.53207592506803,-4.409389013263788,0.0122633518829821,6.2786552804884215,352.1809355185953,250
376,2929.0462478307063,1008.041450200668,276.5668993160615,-14.688088063739766,14486.1571892816,157.06523007568936,92.23019749374674,-4.407532961868372,0.0117716326051845,6.2786552804884215,352.1809355185953,250
121,2836.8164517716,310.6558295962432,276.6712331694053,-14.698475900124654,14339.010989625938,163.89989621570098,87.48639456583327,-4.396447972311764,0.0124099296283493,6.2786552804884215,352.1809355185953,250
505,896.8376982572895,1315.4054675494651,276.529593349201,-14.982322595519726,13915.597603578906,165.23829067859674,84.2153325747359,-4.363904632800259,0.0128919517005589,6.2786552804884215,352.1809355185953,250
297,1671.8082304400582,801.6203899042786,276.60298810740545,-14.868536124935243,13410.723825951049,159.9709096266512,83.83226586164774,-4.323780525695517,0.0129508607317352,6.2786552804884215,352.1809355185953,250
254,507.1422843099904,692.2094929293401,276.6242238927625,-15.0359591239974,13279.183022818876,158.5753070536913,83.74054743796107,-4.31307837004225,0.012965045407714,6.2786552804884215,352.1809355185953,250
600,2524.124391225751,1606.6556602159385,276.47936342843394,-14.748924341101048,13253.055644565027,161.93695850728088,81.84083341277004,-4.310940031846918,0.0132659939387981,6.2786552804884215,352.1809355185953,250
674,1363.7088005526475,1870.9808854359544,276.4447603182125,-14.917249826062724,13126.447124850034,155.62557345372963,84.34633738877608,-4.300517962075356,0.0128719282142116,6.2786552804884215,352.1809355185953,250
182,1563.3047814714232,471.4083821986965,276.65269702715864,-14.882814020561208,13065.756389545915,160.7387852161976,81.28564846357494,-4.295486369639251,0.0133566013253436,6.2786552804884215,352.1809355185953,250
207,2351.1312692804013,547.5296421727074,276.63799708303367,-14.769527302445368,13023.436757499032,159.2655407228708,81.77184278776535,-4.291963991869524,0.0132771864126613,6.2786552804884215,352.1809355185953,250
335,1509.4571456203853,893.3707155007648,276.589988234164,-14.892317629121392,13000.976676751365,155.72752852620792,83.48541070285711,-4.290089926277568,0.0130046674126602,6.2786552804884215,352.1809355185953,250
469,1375.2641922381845,1229.669185571308,276.5403865454401,-14.913027670920703,12984.00752945844,155.9521255523252,83.25636783387111,-4.288671874986668,0.0130404439714016,6.2786552804884215,352.1809355185953,250
565,2567.939436389294,1473.4457212105033,276.49904081126425,-14.742068898775823,12957.464403481776,156.5817461898901,82.75207499453975,-4.2864500393875264,0.013119912703961,6.2786552804884215,352.1809355185953,250
590,2922.595011647285,1554.6753144607446,276.4854476427651,-14.691254176852336,12930.078453302762,155.84314151830236,82.96854341699883,-4.284152878249644,0.0130856822994142,6.2786552804884215,352.1809355185953,250
623,761.0243365168348,1672.102590592785,276.47692870955666,-15.0033094443607,12888.66263376712,164.94797391059217,78.13774445482576,-4.280669618307852,0.0138946933722623,6.2786552804884215,352.1809355185953,250
657,1052.137740668764,1806.5535156055123,276.4556609682103,-14.961893758251051,12834.322085498134,160.8028984487111,79.81399719353757,-4.276082313292247,0.0136028771666119,6.2786552804884215,352.1809355185953,250
577,540.41049115958,1504.0143307618482,276.5029290353923,-15.03443032690394,12776.456533026649,166.55400838591368,76.71059169841762,-4.27117603276305,0.0141531954839868,6.2786552804884215,352.1809355185953,250
653,2439.1511927720207,1788.526256776313,276.45260043179513,-14.761905248417234,12731.528355768358,159.15708626872473,79.99347471260019,-4.267351332433361,0.01357235704413,6.2786552804884215,352.1809355185953,250
633,1374.6912192469415,1707.3113777127292,276.4691327972322,-14.915020537000524,12716.654480497731,157.9140971022536,80.52893765566324,-4.266082156804657,0.0134821100539334,6.2786552804884215,352.1809355185953,250
685,2257.4911017354816,1919.3987566782696,276.4338394864822,-14.78861592715343,12666.33870977332,156.11647172353858,81.13390323222085,-4.261777721540479,0.0133815822578203,6.2786552804884215,352.1809355185953,250
272,1528.9169549878357,726.3228410200477,276.6148223994797,-14.888826563789154,12573.636197587795,156.2877972117315,80.45181019829471,-4.253802204392819,0.0134950350691178,6.2786552804884215,352.1809355185953,250
100,2827.2706285210093,272.80713498088136,276.6769150071548,-14.699692699825611,12514.656592386978,155.93795560703902,80.25407633227987,-4.2486973205161895,0.0135282847877386,6.2786552804884215,352.1809355185953,250
51,1158.0603405972895,130.30149241763837,276.7053010624222,-14.93981420722033,12359.449555530737,154.77232178832404,79.85568357909798,-4.23514780157754,0.0135957761719565,6.2786552804884215,352.1809355185953,250
503,2152.8804003719165,1311.81254031128,276.5248788187161,-14.801260851242883,12332.831581692968,161.22646782900765,76.49383967632926,-4.232806980255532,0.0141932998081146,6.2786552804884215,352.1809355185953,250
673,2179.734363251549,1867.9943555991476,276.4418274981424,-14.79962127128232,12254.061741424955,153.5248540423195,79.81809732284191,-4.225850138746461,0.0136021784083457,6.2786552804884215,352.1809355185953,250
358,2098.8391212232477,969.3334875258768,276.5761750859148,-14.807655754319496,12248.348620418665,152.87491272885362,80.12006942004231,-4.225343825911152,0.0135509118733789,6.2786552804884215,352.1809355185953,250
589,406.3395674179716,1554.35871528414,276.4959706784043,-15.053944620579085,12159.06098028412,158.13098015665625,76.89233930149838,-4.217400069685583,0.0141197420947608,6.2786552804884215,352.1809355185953,250
691,1039.6108785462388,1924.7811095468708,276.43807100821823,-14.964162886807795,12033.98137448277,159.69219057294015,75.35735674554601,-4.206173315769075,0.014407352472115,6.2786552804884215,352.1809355185953,250
557,326.5231935890932,1446.5084863560876,276.5123998099998,-15.0650166727801,12031.364839804211,155.29541203422255,77.47405208051384,-4.205937219731444,0.0140137242191966,6.2786552804884215,352.1809355185953,250
447,2597.676498990655,1175.6959427280208,276.54330569024705,-14.73656894911907,12001.746728986822,151.43072353160136,79.25569163963107,-4.203261122512906,0.013698700718386,6.2786552804884215,352.1809355185953,250
411,2588.1469968960378,1093.6676389052238,276.55557449827654,-14.737607017960707,11996.645465630718,153.90688808099,77.94742402508818,-4.202799539390651,0.0139286193684932,6.2786552804884215,352.1809355185953,250
102,544.2692679256472,278.7046121457768,276.6857733112511,-15.028907107352088,11794.85713297024,159.77809132532133,73.82024052944118,-4.184381690306022,0.0147073484482483,6.2786552804884215,352.1809355185953,250
124,2664.065822427798,328.4199129170066,276.6693246868856,-14.723470945047312,11501.702325256369,156.14870958249898,73.65864473685967,-4.157055286975938,0.0147396141196812,6.2786552804884215,352.1809355185953,250
133,412.4916787394488,346.349898853666,276.6762379058137,-15.04817837902784,11494.59780835602,159.6649158762799,71.99200741923087,-4.15638442849726,0.0150808407616368,6.2786552804884215,352.1809355185953,250
305,93.84117929338392,818.7004023461404,276.6070826873798,-15.096024748291208,11439.877709529012,153.4821244156229,74.5355705303526,-4.151203433177322,0.0145661996315957,6.2786552804884215,352.1809355185953,250
492,1349.1325859642895,1288.0806002636773,276.53178204366475,-14.917029544925647,11434.318940866971,151.83568438835317,75.30719136893528,-4.150675733201553,0.0144169498326006,6.2786552804884215,352.1809355185953,250
380,2794.784551097004,1018.240733684249,276.5659464093314,-14.707495136914458,11327.35386512798,150.14906561350375,75.44072165114592,-4.14047114839038,0.0143914317922422,6.2786552804884215,352.1809355185953,250
686,1658.143116544748,1920.9127242367017,276.4360943341417,-14.87501364216455,11317.151501709654,154.39709644671646,73.29899176967542,-4.139492802791088,0.014811936341656,6.2786552804884215,352.1809355185953,250
63,2609.035020304424,178.98934747433148,276.6918336170448,-14.730776617508283,11308.547826052672,160.13550788070464,70.61861529472368,-4.138667076039424,0.0153741332291617,6.2786552804884215,352.1809355185953,250
643,381.269312670038,1741.4340936054066,276.46815051144256,-15.058291862455103,11169.245080419758,155.86523352551012,71.65963074499042,-4.12520952962112,0.0151507897642341,6.2786552804884215,352.1809355185953,250
617,1052.2197855998563,1652.8111809223626,276.4786012158692,-14.961275155347147,11157.915237384295,153.3722608532663,72.75054286419662,-4.124107623094845,0.0149235999795448,6.2786552804884215,352.1809355185953,250
125,501.3928691150605,333.56633937731976,276.67776861406924,-15.035313659344997,10822.11171234469,149.8052881387369,72.24118618778111,-4.090930009991144,0.0150288229927159,6.2786552804884215,352.1809355185953,250
314,1181.2150750448322,838.7591478265823,276.5995175864668,-14.939409729883083,10817.954045494494,162.67224108038943,66.50153691648272,-4.090512808903806,0.0163259384721213,6.2786552804884215,352.1809355185953,250
116,2589.081984136967,307.60994909302207,276.6727472657949,-14.734199238301402,10779.459718812052,148.8281697203453,72.42889393229208,-4.08664246323456,0.0149898740827788,6.2786552804884215,352.1809355185953,250
493,126.80178662813468,1289.0545106759398,276.5367331392584,-15.093163319590891,10763.9668209246,166.74238973683725,64.55447134896492,-4.085080854358477,0.0168183547523917,6.2786552804884215,352.1809355185953,250
230,594.8252540063685,615.1062714869815,276.635360245526,-15.0230080024597,10622.491673308308,146.94595619980413,72.28842458832132,-4.07071597664408,0.0150190020903485,6.2786552804884215,352.1809355185953,250
166,2126.9064169150624,419.0386310496736,276.65810869619816,-14.80132694352827,10515.836048713623,159.00176292131746,66.13660034648433,-4.0597594944394695,0.0164160237192735,6.2786552804884215,352.1809355185953,250
48,1808.937520481898,127.01852120108478,276.7030089724771,-14.845953395770763,10406.233717152034,147.66489637780847,70.47195354085464,-4.048383917413496,0.0154061288987907,6.2786552804884215,352.1809355185953,250
554,2899.377857076431,1427.363422107317,276.50452217724467,-14.694085870568822,10301.353623168194,145.3328473975609,70.88111055161973,-4.03738571786123,0.0153171979325765,6.2786552804884215,352.1809355185953,250
442,893.2693267783967,1165.703163290361,276.5519462598087,-14.98223579960102,10108.47396531637,155.8612724875896,64.85558473880197,-4.016863970545189,0.0167402700071632,6.2786552804884215,352.1809355185953,250
666,724.2291391557125,1840.181676314968,276.4519966798891,-15.00927129304969,10098.100411468911,149.0160094170535,67.76520489961047,-4.015749190398525,0.0160214966015138,6.2786552804884215,352.1809355185953,250
196,689.2851720389917,509.8963494956988,276.6506605637174,-15.008962590973018,10070.8371013914,151.5276077869106,66.46206093053195,-4.012813906294155,0.016335635470811,6.2786552804884215,352.1809355185953,250
621,1313.5485470372498,1665.6383781734714,276.4756035998727,-14.923666878891042,10057.037767335016,145.37019518468992,69.18225400026292,-4.011325180928794,0.0156933308359087,6.2786552804884215,352.1809355185953,250
529,422.01691510117695,1364.357135389689,276.52426513097936,-15.050933230637524,10045.644039850216,158.71044342166851,63.295419149958086,-4.0100944412811526,0.0171529000768252,6.2786552804884215,352.1809355185953,250
250,2755.465103230127,682.5349397121499,276.61615252279177,-14.71177364439101,10022.733096508831,146.1829098982188,68.56296063258867,-4.007615391649092,0.0158350804863574,6.2786552804884215,352.1809355185953,250
512,1191.779084402773,1326.408834635192,276.5267211357687,-14.93986231241446,9895.58074940255,147.01704832820573,67.30906967545239,-3.9937531959644095,0.0161300699182885,6.2786552804884215,352.1809355185953,250
11,598.975829515572,38.34877321632427,276.72140542640625,-15.020020911319351,9851.138164901087,155.5246314819602,63.34133745267066,-3.988866003848248,0.0171404653526813,6.2786552804884215,352.1809355185953,250
517,410.5199067567325,1337.3876938654787,276.52833832326064,-15.05248231009261,9776.985538264242,155.99250217469077,62.675996614986815,-3.980662410304454,0.0173224210006481,6.2786552804884215,352.1809355185953,250
528,2133.4182438610032,1361.6420546522097,276.5175298031138,-14.8042686771039,9758.033814487368,145.85315149048515,66.90314000602135,-3.9785557751656864,0.0162279378800798,6.2786552804884215,352.1809355185953,250
195,1110.9959691068311,507.57110436086055,276.6492218983778,-14.948169867031307,9753.00231174071,149.1714058558671,65.38117848915554,-3.9779957962099672,0.0166056963959448,6.2786552804884215,352.1809355185953,250
172,2566.74642091322,436.2733680486412,276.65366387638164,-14.73796298047506,9714.1490335298,146.74449297378493,66.19770757097629,-3.973661883549497,0.016400870057863,6.2786552804884215,352.1809355185953,250
638,1038.694190330083,1724.6432451833932,276.46793888516305,-14.963508076996904,9647.25935992904,145.0130395127826,66.52684056786946,-3.966159864293649,0.0163197288602994,6.2786552804884215,352.1809355185953,250
181,647.082461991682,470.3868275379965,276.65673464075337,-15.0148821097551,9592.259573199177,150.50740860668404,63.7328066571547,-3.959952284719413,0.0170351826154531,6.2786552804884215,352.1809355185953,250
284,347.57343345834704,768.3757785864126,276.6135283183057,-15.05926269580408,9587.061212304803,149.62023807266323,64.07596549638451,-3.95936372907349,0.0169439506933572,6.2786552804884215,352.1809355185953,250
413,2176.696511004284,1094.7505789946724,276.5571458520948,-14.79694324317316,9568.17733679124,150.95544461883102,63.384115498127926,-3.957223018173888,0.017128897223975,6.2786552804884215,352.1809355185953,250
170,982.4198248876947,427.9404646625976,276.6616468099272,-14.966373994566553,9564.596299407043,152.76133996475164,62.61136686555637,-3.956816588655832,0.0173403018389822,6.2786552804884215,352.1809355185953,250
330,1587.47732262185,881.4444074364102,276.59143830114795,-14.881021442846288,9544.700397323671,146.9677817819393,64.94416858985764,-3.9545557300416574,0.016717436277559,6.2786552804884215,352.1809355185953,250
5,1294.4472920681326,32.697286739471465,276.71927707935566,-14.919740787168353,9425.138549136202,155.88157026241666,60.46345654120358,-3.940869335907869,0.0179563005839756,6.2786552804884215,352.1809355185953,250
27,2403.262482230697,92.46259333774636,276.7056141426801,-14.760091275355348,9388.922254646835,154.73560134674017,60.67719498893869,-3.93668933552332,0.0178930486189732,6.2786552804884215,352.1809355185953,250
282,931.8989485703736,760.1744314706291,276.6122923905718,-14.975023105920997,9309.23671105114,141.76645165117523,65.66600632677941,-3.927435162038521,0.016533668799609,6.2786552804884215,352.1809355185953,250
676,1956.211682859264,1871.5431618871212,276.4422246772153,-14.83185648807935,9100.504828949022,140.47845648921512,64.78220971660299,-3.9028136894373984,0.0167592307324729,6.2786552804884215,352.1809355185953,250
158,678.294303227931,392.5036476789671,276.6682238050689,-15.010062221508973,9097.731212232,150.3645314374422,60.504502792382446,-3.9024827325134086,0.0179441190307027,6.2786552804884215,352.1809355185953,250
705,2529.520767226148,1995.7523697850236,276.4213271821161,-14.749700987308918,9093.677535195571,158.2984031135039,57.446426219948535,-3.901998853111346,0.0188993479915202,6.2786552804884215,352.1809355185953,250
711,2322.004698704789,2044.1771740221727,276.4149653084083,-14.779809607944106,9026.20161748561,147.61334568362892,61.14759865162153,-3.8939125535468766,0.0177553988045482,6.2786552804884215,352.1809355185953,250
276,3090.88828075876,745.3480634496293,276.6053650000828,-14.663651598014113,9001.805049626419,165.82906992038014,54.28363708455022,-3.89097398649894,0.0200005021459588,6.2786552804884215,352.1809355185953,250
64,2725.800413246924,183.48455058134724,276.690662840821,-14.713951776313362,8982.688539087569,164.39516190109134,54.64083270584337,-3.888665831941776,0.0198697557528967,6.2786552804884215,352.1809355185953,250
249,889.773298995653,681.9951262054348,276.6241346314539,-14.980774454655617,8977.726861911302,146.60603172856037,61.237090698515566,-3.8880659490812337,0.0177294510176055,6.2786552804884215,352.1809355185953,250
459,959.2748948088076,1203.1438797500937,276.5460836840578,-14.972874453565618,8915.092086576013,142.59222381852857,62.52158671655121,-3.880464562040928,0.0173652022768095,6.2786552804884215,352.1809355185953,250
224,2735.462046393413,597.0910421442171,276.6289734461058,-14.71430183057164,8835.827675551205,141.95082614659046,62.24569391675523,-3.870768071497496,0.0174421704006058,6.2786552804884215,352.1809355185953,250
14,1338.8584029962808,42.4549104926039,276.7176316848963,-14.91337876510021,8800.257413058629,146.59082527717345,60.03279807190614,-3.8663884176259833,0.0180851140521481,6.2786552804884215,352.1809355185953,250
608,251.43848348779625,1633.4192321018334,276.4848104373608,-15.076570342742173,8799.143328441045,148.2981547906594,59.334138990886906,-3.866250958172237,0.0182980661464852,6.2786552804884215,352.1809355185953,250
559,1654.5922292740238,1453.100348508372,276.5058905348794,-14.873664646824178,8763.751750543714,140.6479052184839,62.30986332096458,-3.861875145493654,0.0174242076957775,6.2786552804884215,352.1809355185953,250
198,2471.2342781099164,515.8455427055832,276.6422092776063,-14.752072874770056,8754.583185681113,144.7459053692243,60.48242375733899,-3.860738662630169,0.0179506695094748,6.2786552804884215,352.1809355185953,250
270,1813.1419077994517,722.9035076722749,276.6141302641337,-14.847834763934795,8694.203772070527,147.43989533608928,58.96778312445276,-3.853224515405969,0.0184117486273582,6.2786552804884215,352.1809355185953,250
217,1349.6017631400705,577.645196165705,276.63775780044364,-14.914063642870303,8687.15880311295,145.5954949630063,59.66639836844011,-3.8523443797728256,0.0181961712067117,6.2786552804884215,352.1809355185953,250
484,2888.090158435172,1263.0232686092784,276.5290660510576,-14.695043452555057,8652.622629401681,143.99384664823535,60.09022490064661,-3.848019385954208,0.0180678305297592,6.2786552804884215,352.1809355185953,250
302,300.1263335709503,810.8764687330221,276.6073844316099,-15.066271808450722,8490.719648138329,152.47257030914787,55.68686637158967,-3.827511231600597,0.0194965181332936,6.2786552804884215,352.1809355185953,250
82,2835.5302900490374,233.95014315000947,276.682670809157,-14.69833637988173,8456.323211076611,140.42104150071444,60.22119705637981,-3.823103913034891,0.0180285356829349,6.2786552804884215,352.1809355185953,250
377,621.8718404043593,1013.4835028204866,276.57579700441147,-15.020731141066207,8421.651098554896,143.08585158498556,58.85732939537262,-3.818643090885934,0.0184463007607232,6.2786552804884215,352.1809355185953,250
17,753.6574410244062,47.64000430724943,276.71935900528035,-14.997764186112764,8392.643976747757,157.7485901633865,53.20265599873293,-3.81489697920604,0.0204068759278833,6.2786552804884215,352.1809355185953,250
556,2456.993538416071,1444.8452236723467,276.5037691870273,-14.757950967966591,8337.034815574152,147.61930896142565,56.4765874751026,-3.807679016121556,0.0192238952199196,6.2786552804884215,352.1809355185953,250
615,707.7595127704279,1650.591929673466,276.48035942492885,-15.01089890818816,8315.729920887243,141.6526689163237,58.70507053982488,-3.8049009178914446,0.0184941435214437,6.2786552804884215,352.1809355185953,250
525,1362.921618066117,1357.211449871432,276.52141141650264,-14.91532008392716,8164.610423531529,135.5120205129183,60.25008255819785,-3.784988646057666,0.0180198923205006,6.2786552804884215,352.1809355185953,250
327,925.4432363967296,877.5158700910815,276.5948117809189,-14.976432304452103,8061.525035136146,148.08100387448098,54.43996747867402,-3.7711929958890487,0.0199430684896221,6.2786552804884215,352.1809355185953,250
49,385.36853354735047,128.89867180889075,276.7088037813272,-15.051185263446008,7996.070070457878,144.91159331173853,55.17895351034111,-3.762341456404796,0.0196759802593307,6.2786552804884215,352.1809355185953,250
93,485.2171825622007,250.363693066166,276.6902532555053,-15.037300138561246,7952.637428534537,145.5322722296723,54.64518148925795,-3.756427935402329,0.0198681744741469,6.2786552804884215,352.1809355185953,250
570,316.0187317604049,1496.892311585635,276.50492273692856,-15.066729290002089,7942.075033287372,147.7030393377439,53.77055928501712,-3.754984942753748,0.0201913466111654,6.2786552804884215,352.1809355185953,250
98,254.24294387073147,271.21986477172743,276.6881213519441,-15.07067251239209,7937.895560745237,142.48594017183925,55.71002690631839,-3.754413429760862,0.0194884127739824,6.2786552804884215,352.1809355185953,250
612,2564.121756232369,1646.0938275257793,276.4733165923176,-14.743315777806457,7881.000579599146,141.9649946464579,55.51368912615093,-3.746603376933464,0.0195573383266391,6.2786552804884215,352.1809355185953,250
665,1276.275733959905,1837.124911983214,276.45017292395937,-14.929716175464588,7837.345793025801,139.65104658657225,56.12092415052032,-3.740572500270324,0.019345725617206,6.2786552804884215,352.1809355185953,250
146,160.61612629725636,374.0600046211219,276.67316930573674,-15.084588447654175,7797.842839557823,168.7632334747753,46.20581556185549,-3.735086173364477,0.0234970422402041,6.2786552804884215,352.1809355185953,250
132,1935.431439881456,345.88125180293866,276.6698330185308,-14.828632792416926,7703.948020768119,149.91368240128074,51.389225435384965,-3.7219333380757513,0.0211269967741607,6.2786552804884215,352.1809355185953,250
162,207.6148515895327,407.19151955885616,276.66802543545856,-15.077952567934318,7701.925731730676,143.32643876340558,53.73695040622993,-3.721648294530371,0.0202039749519193,6.2786552804884215,352.1809355185953,250
341,1367.6273186731376,915.0344687226236,276.58735405321994,-14.912851259985125,7678.484872837347,135.3576582728966,56.727376720396855,-3.718338810859097,0.0191389072220155,6.2786552804884215,352.1809355185953,250
281,1309.2373053771576,758.0549366966557,276.6110170614354,-14.920625474284876,7665.379586080875,143.3555194009599,53.47111585317549,-3.7164841427859634,0.0203044201093761,6.2786552804884215,352.1809355185953,250
237,224.34253126517547,634.2966501373648,276.6340585884716,-15.076472802019763,7647.605225069274,140.69005358866443,54.35782438059609,-3.713963631445859,0.0199732055572768,6.2786552804884215,352.1809355185953,250
264,1425.948221839399,716.5057245411969,276.6167219005953,-14.903630309480032,7647.237352944008,141.0977909794978,54.19813662465622,-3.713911403110306,0.0200320540080354,6.2786552804884215,352.1809355185953,250
506,2517.2514643677096,1315.4509706755753,276.5228084133287,-14.748736985525358,7626.2033600194845,140.7167745759054,54.19541048324527,-3.710920933246237,0.0200330616618477,6.2786552804884215,352.1809355185953,250
168,850.6844724992148,426.20893001490833,276.6624638260792,-14.985355012239229,7552.976045878982,150.29861342212143,50.2531319079176,-3.7004452466763977,0.0216046236081246,6.2786552804884215,352.1809355185953,250
521,82.58762007695866,1349.2724486886602,276.5279275360394,-15.09977160967723,7538.965530847752,149.38007008923674,50.46834913348295,-3.69842937248164,0.0215124928522716,6.2786552804884215,352.1809355185953,250
479,927.4333357533426,1252.4936283096758,276.5388531271412,-14.977661419981567,7352.123291470809,139.72164983731852,52.61978583870913,-3.671181931676793,0.0206329231997998,6.2786552804884215,352.1809355185953,250
540,2946.32190533344,1389.1254423557791,276.51002493776497,-14.687159904713326,7351.512219223543,133.66856710535555,54.99806258437103,-3.671091686884956,0.0197406953805774,6.2786552804884215,352.1809355185953,250
516,2951.195173836732,1335.3960151984295,276.5180131429252,-14.68623791662104,7259.194924605923,134.63393167563166,53.9180192857713,-3.657371124013421,0.0201361254434379,6.2786552804884215,352.1809355185953,250
360,2429.14429310388,975.9487536641656,276.5737951067123,-14.760053160082842,7252.107310537423,145.57201622949978,49.81800416299931,-3.656310532801586,0.0217933258917339,6.2786552804884215,352.1809355185953,250
296,1786.3862167930786,798.9668540701368,276.60289984043226,-14.852006038888875,7242.851949080592,133.86944723294775,54.103845939374224,-3.6549239980473303,0.0200669653173376,6.2786552804884215,352.1809355185953,250
31,2468.4153721714206,99.60227769834673,276.70427023907416,-14.750723693210697,7228.893159165775,152.54872471083303,47.38743750803985,-3.6528294934562338,0.0229111354631867,6.2786552804884215,352.1809355185953,250
655,1630.1076481005723,1791.820365621316,276.45546709147874,-14.8785441835348,7213.284835963306,135.635429679058,53.181420614300094,-3.650482682857428,0.020415024410011,6.2786552804884215,352.1809355185953,250
362,839.0675473271048,978.2709056384564,276.5801409383033,-14.989289749448025,7152.666713302227,149.74194581830972,47.76662059661598,-3.641319950987618,0.0227292612799348,6.2786552804884215,352.1809355185953,250
588,1455.578407158057,1553.382699906108,276.49176047001947,-14.902750843419533,7113.268183582666,136.5379377181545,52.09737529701143,-3.635322935132183,0.0208398214652913,6.2786552804884215,352.1809355185953,250
639,2212.2486266950173,1730.567894666218,276.4621862041083,-14.794386639596729,7095.406932994549,132.8505336753805,53.40894565265455,-3.63259324830614,0.0203280552861098,6.2786552804884215,352.1809355185953,250
59,799.086431759296,168.5257890674147,276.70112929791327,-14.991721502559113,7093.970626395603,138.5705367147932,51.19393194670568,-3.632373443022306,0.0212075915780457,6.2786552804884215,352.1809355185953,250
616,2034.3642731102768,1651.097985882687,276.4747773965265,-14.819713264962392,7085.272646121215,135.88068734443289,52.14333828148319,-3.631041395451752,0.0208214517094995,6.2786552804884215,352.1809355185953,250
550,1191.3780382691357,1416.2755072299,276.513315101418,-14.940280185766133,7049.278362638346,142.48604941711733,49.47346348274495,-3.625511629250476,0.0219450979084709,6.2786552804884215,352.1809355185953,250
28,1808.8195697491017,96.26645297738044,276.707595120371,-14.845840572907177,7019.080382882385,147.1079516477415,47.713806794686256,-3.62085051833048,0.0227544200082754,6.2786552804884215,352.1809355185953,250
267,852.3485996810812,717.8465529552137,276.6189432737761,-14.98631514708187,6986.744172910112,136.0176729697045,51.36644393604853,-3.615837081794416,0.0211363667952506,6.2786552804884215,352.1809355185953,250
548,591.1560478393235,1412.142193105271,276.5164299502838,-15.026754522772537,6977.180587487208,150.43803732169502,46.37909874194438,-3.614349887793789,0.0234092517847509,6.2786552804884215,352.1809355185953,250
7,529.3583793783132,34.81651687292185,276.7222294985268,-15.030040241284752,6889.974939020525,144.58118307947575,47.6547140663051,-3.6006940839362525,0.022782635910676,6.2786552804884215,352.1809355185953,250
157,1646.2051664473988,390.4869460608006,276.6644132384142,-14.870524267675442,6818.238446004078,132.72938407573773,51.36947250590322,-3.589330441354748,0.0211351206667585,6.2786552804884215,352.1809355185953,250
269,1075.104011693904,722.1464134935733,276.6173620772529,-14.954226967653934,6765.462754428474,154.60808776319763,43.758789415924085,-3.580893747032954,0.0248110154437889,6.2786552804884215,352.1809355185953,250
301,1164.8450524162306,810.159847556872,276.6038531319044,-14.94165234664896,6721.307250989397,144.09064654242505,46.64638137361971,-3.5737843501946025,0.0232751173409134,6.2786552804884215,352.1809355185953,250
78,1042.6383125122752,217.9913748552038,276.69271212866244,-14.956820430117588,6666.264608637022,135.0683237291083,49.35475931430686,-3.5648563493622563,0.0219978785244583,6.2786552804884215,352.1809355185953,250
175,1478.1119168897562,441.671094834756,276.6574942104163,-14.894973030975384,6652.51437374152,133.5108478040352,49.82751950991997,-3.562614532274708,0.0217891641140966,6.2786552804884215,352.1809355185953,250
609,2266.080809691409,1637.4938063740644,276.47584126150235,-14.786253237288395,6595.2311579542,135.12280290751343,48.80916481926735,-3.553225032940434,0.0222437733573228,6.2786552804884215,352.1809355185953,250
514,2701.8904533943805,1332.5232637774602,276.5194883420546,-14.722180470093887,6593.880901836936,131.40455075725706,50.18000414626262,-3.553002725032109,0.0216361082162417,6.2786552804884215,352.1809355185953,250
326,1680.1231236342662,874.5590543993042,276.5920745945593,-14.86763692343354,6552.656476906734,138.35039426514354,47.36275969224059,-3.5461934799688395,0.0229230730441974,6.2786552804884215,352.1809355185953,250
73,741.2532493279546,212.85551918766683,276.6947614665331,-15.00024234967788,6529.004204546916,140.38114843286758,46.50912374939849,-3.542267349023489,0.023343806816271,6.2786552804884215,352.1809355185953,250
347,1641.469255872851,934.7004046658632,276.5832675834719,-14.873455838523366,6473.077342272358,135.70544933583352,47.699465083773305,-3.532926968644523,0.022761261538116,6.2786552804884215,352.1809355185953,250
185,394.082280487664,478.1027672319587,276.6566535927504,-15.05137430612352,6468.404458221863,129.80160439061558,49.83300852550569,-3.5321428977486296,0.021786764077154,6.2786552804884215,352.1809355185953,250
405,934.838945409279,1073.135742195333,276.5655844235065,-14.975871737828596,6467.537190322444,137.5020195888208,47.03594325132566,-3.531997315125483,0.0230823477738888,6.2786552804884215,352.1809355185953,250
640,960.5926869120836,1731.1226067530922,276.46729528195294,-14.974787450988597,6458.547488599317,136.63918214066885,47.26717027587518,-3.5304871213666056,0.0229694308684718,6.2786552804884215,352.1809355185953,250
226,1736.7894994305957,604.4910263084242,276.6321128680662,-14.858353528997933,6425.6420552778,137.45353567239377,46.74773932765652,-3.524941301376,0.0232246524776372,6.2786552804884215,352.1809355185953,250
614,2173.4903565807917,1646.802126067919,276.47483887205897,-14.799639290200629,6420.494193904917,133.42225209080812,48.1216145979539,-3.524071122255931,0.0225615871177806,6.2786552804884215,352.1809355185953,250
9,2288.288814086987,35.31607710933373,276.71462668771744,-14.776432198357217,6388.052512525552,144.7530798692133,44.13068459957645,-3.5185711722389703,0.0246019296970167,6.2786552804884215,352.1809355185953,250
537,1923.0636126200757,1382.6570767683777,276.5152759054347,-14.834680253283436,6380.110095148761,133.24009314463623,47.88431128026122,-3.5172204107431297,0.0226733970056607,6.2786552804884215,352.1809355185953,250
184,209.83269265782909,473.9884879415268,276.6580464717881,-15.077907483929284,6371.755960425857,145.70848697570983,43.72947720943704,-3.5157978130172425,0.0248276464591646,6.2786552804884215,352.1809355185953,250
607,157.26358301100643,1624.2451979420357,276.486569225083,-15.09009985568273,6308.760295364365,144.95921828207292,43.52093209476536,-3.5050100445055614,0.0249466164381756,6.2786552804884215,352.1809355185953,250
67,1677.4855583825392,200.1932006523917,276.6926589216856,-14.865216927995924,6288.802233658353,129.3308047086649,48.62571023063475,-3.5015698221211773,0.022327694440872,6.2786552804884215,352.1809355185953,250
669,2450.391574554088,1843.752789976948,276.4443191446104,-14.760505012235573,6275.095823257434,135.23161358528827,46.40258040920171,-3.49920088346124,0.0233974057137715,6.2786552804884215,352.1809355185953,250
214,2564.903297856421,570.4688809429477,276.63366774045454,-14.738791437916731,6215.792927570408,134.87628411370395,46.08514364415871,-3.488891323275234,0.0235585682098142,6.2786552804884215,352.1809355185953,250
566,194.54191270123397,1474.720650794319,276.5087359909771,-15.084141054444927,6152.793855762022,135.3529777696385,45.45739559741091,-3.477830889961324,0.0238839024042511,6.2786552804884215,352.1809355185953,250
647,1610.7375764501246,1764.5092930305566,276.4596213771204,-14.88122773998842,6114.672251303098,140.07276314680564,43.65354201583438,-3.4710829374476533,0.0248708340690014,6.2786552804884215,352.1809355185953,250
24,1668.1083774790943,74.88185705098037,276.7113864554436,-14.866041189060448,6112.406257258495,131.3536434343997,46.533968129411946,-3.4706805074149294,0.0233313436107715,6.2786552804884215,352.1809355185953,250
534,1171.152967988681,1372.657284043593,276.5199071059803,-14.943020361525406,6079.764214781899,140.0789244441423,43.402419306883374,-3.4648668203320265,0.0250147346009307,6.2786552804884215,352.1809355185953,250
403,1174.050691496211,1067.5697608952548,276.565412105612,-14.941373546385188,6064.727613756724,135.52419410384246,44.75014704097601,-3.46217822854861,0.0242613727951746,6.2786552804884215,352.1809355185953,250
186,503.81610823683695,481.772626078074,276.6556418430742,-15.03557592554106,6044.412089589285,146.1217667621743,41.36558312648302,-3.4585351421952604,0.0262464570287881,6.2786552804884215,352.1809355185953,250
324,591.076144752468,871.452485323427,276.5971218098735,-15.024593749893906,6026.70278314114,143.25747767760444,42.06902760569335,-3.4553494134254867,0.0258075848621009,6.2786552804884215,352.1809355185953,250
444,2098.7093853379606,1170.7538216365365,276.5461405333389,-14.808497998628184,5957.723617798736,129.64575414581148,45.953866033268895,-3.4428508587630957,0.0236258685877265,6.2786552804884215,352.1809355185953,250
463,1196.5306196355225,1209.8003743725887,276.54409844956007,-14.93870844602853,5922.104402773461,136.7185905424194,43.316014151974606,-3.436340126931128,0.0250646330521273,6.2786552804884215,352.1809355185953,250
141,1569.7095700583486,367.46438362605295,276.6681723613316,-14.881457563821122,5895.666474201571,130.54817827166383,45.16084829566141,-3.431482245624256,0.0240407353044407,6.2786552804884215,352.1809355185953,250
325,1360.78324103255,874.5447337140946,276.593422763497,-14.913672381865634,5895.594800072868,133.9901880694687,44.0001979623779,-3.431469046154807,0.0246748889840977,6.2786552804884215,352.1809355185953,250
91,1568.3812664433062,248.30324321316036,276.68594977590755,-14.881150647867504,5889.067675921309,131.66614780732667,44.72727252975504,-3.4302663412418077,0.024273780594999,6.2786552804884215,352.1809355185953,250
350,1319.3017191536492,943.6366266648477,276.5832907190938,-14.919933865003946,5875.185427929391,137.8488780491106,42.62048056594464,-3.427703923362615,0.0254736686584316,6.2786552804884215,352.1809355185953,250
246,2002.3702667003715,666.8371737478357,276.62168954715776,-14.820318134847977,5862.686547123711,125.1972081174095,46.82761409204672,-3.4253916656437395,0.0231850377400371,6.2786552804884215,352.1809355185953,250
37,411.5661673856716,111.54445758142091,276.71128201087845,-15.047337409336404,5849.570930399495,137.6265690262698,42.5032097492959,-3.422960007032257,0.0255439531838647,6.2786552804884215,352.1809355185953,250
289,86.57326159234076,780.2761688624744,276.6128487872205,-15.096916239071309,5780.150638766587,142.0566371732958,40.6890572224045,-3.4099978705358454,0.0266828497417773,6.2786552804884215,352.1809355185953,250
55,1761.067117375601,143.83512381194925,276.70070609155573,-14.85292739814379,5750.283628487843,128.2232672677417,44.84586729864506,-3.4043731445001955,0.024209588651055,6.2786552804884215,352.1809355185953,250
584,464.98091173286656,1533.556586786729,276.49883257366605,-15.045414322959866,5738.988581454207,135.5120506982064,42.35039283875413,-3.4022383799606235,0.025636125835567,6.2786552804884215,352.1809355185953,250
602,1794.1941078678085,1608.737364737872,276.4820946388142,-14.854164974620163,5738.482943985669,129.4231873811705,44.33890912518624,-3.4021427162240228,0.0244863940367734,6.2786552804884215,352.1809355185953,250
273,1587.2171227306658,739.3829564255442,276.61262803073834,-14.880475428622006,5669.148347183276,130.80664551260702,43.339910789447536,-3.3889445321221494,0.0250508129856222,6.2786552804884215,352.1809355185953,250
159,270.61224241806224,397.53410180562304,276.66920019063934,-15.06883505662413,5660.2386674315785,131.05328104299196,43.19036213656292,-3.3872368379881284,0.0251375525995161,6.2786552804884215,352.1809355185953,250
303,1569.681354711314,814.0581062182671,276.60156421837627,-14.883310573542596,5629.912363536219,131.9370208471235,42.671210304647126,-3.3814040647693826,0.0254433842454607,6.2786552804884215,352.1809355185953,250
352,1810.1915209179656,948.7499188828856,276.580461363872,-14.849188961009112,5620.146256118518,138.82064411587427,40.48494582280827,-3.379519022313166,0.0268173756425861,6.2786552804884215,352.1809355185953,250
23,1143.3033891580692,73.17205123143572,276.71388600748645,-14.94170184342812,5603.200122781011,139.92283366378973,40.044930309548526,-3.376240313119653,0.0271120461843111,6.2786552804884215,352.1809355185953,250
323,1035.2258007736243,867.0460219412039,276.5959120909348,-14.960567209057542,5562.25310582621,127.62432555353288,43.58301665220621,-3.368276846311714,0.0249110796681174,6.2786552804884215,352.1809355185953,250
475,1186.063253001488,1240.506218936324,276.539561147517,-14.940340759336427,5540.2141503271705,137.3715744581432,40.33013505290544,-3.3639663587817203,0.0269203164972239,6.2786552804884215,352.1809355185953,250
531,2473.344205324536,1368.1780226221513,276.5151314063494,-14.755282598544428,5524.80285586603,129.48130165741438,42.66873120015216,-3.3609419420692976,0.0254448625366232,6.2786552804884215,352.1809355185953,250
412,32.817146968774445,1094.859009821978,276.5661142350601,-15.105927617308756,5444.629003837821,152.64015633339514,35.66970274811378,-3.3450707091759666,0.0304375959527,6.2786552804884215,352.1809355185953,250
392,1424.5542373752112,1053.490497671481,276.56646116688256,-14.905209469062754,5443.272687277611,127.96993633071156,42.535558298713305,-3.344800206733177,0.0255245268529328,6.2786552804884215,352.1809355185953,250
467,1597.7410631600112,1214.1315444500876,276.5417727964038,-14.880896515404304,5388.350664793688,141.41090521067056,38.10420884277809,-3.3337896061316408,0.0284929154277867,6.2786552804884215,352.1809355185953,250
370,680.8479369072716,1003.1540323630056,276.5770913435116,-15.012190988756531,5383.541258183919,131.23715371980742,41.02147224007792,-3.3328200926489693,0.0264666268837438,6.2786552804884215,352.1809355185953,250
641,663.3248270983764,1739.496585678299,276.4672748224554,-15.017650820166244,5365.547290558345,136.2683127454235,39.3748714022919,-3.329185045774281,0.0275734233874045,6.2786552804884215,352.1809355185953,250
169,2029.4604473384989,425.3556223820432,276.65758193699014,-14.815406063284971,5324.690082773537,130.81491805777972,40.70399738676343,-3.320885816456842,0.0266730559577192,6.2786552804884215,352.1809355185953,250
220,1262.0750404448022,580.1027860268799,276.6377618923996,-14.926691380543147,5291.351976614882,127.45365937073586,41.51588901204832,-3.314066606879482,0.0261514332424609,6.2786552804884215,352.1809355185953,250
80,942.7605083790578,231.0012573012007,276.69119656518745,-14.971272258022752,5262.950530047383,137.6250184330475,38.24123397017185,-3.308223197858437,0.0283908202556132,6.2786552804884215,352.1809355185953,250
113,1082.0623754385272,300.6673407383926,276.6802107437019,-14.951482067272655,5242.311258323287,128.8839184350304,40.67467316309058,-3.303956986538048,0.0266922857780993,6.2786552804884215,352.1809355185953,250
135,992.0709535995508,350.9204780926073,276.6730963617348,-14.964663378172895,5220.139217824792,133.6444068249929,39.05991535179287,-3.2993551921123654,0.0277957591618325,6.2786552804884215,352.1809355185953,250
290,2324.854085399957,779.4472267467945,276.603532507861,-14.77428153519562,5169.450169523392,130.1183957122207,39.72881882863453,-3.288760861663821,0.0273277694130056,6.2786552804884215,352.1809355185953,250
321,2473.067689389294,858.7066290205839,276.59108849577314,-14.753235146471454,5143.818640369631,126.36006227318612,40.70762983045127,-3.283364098135978,0.0266706758541821,6.2786552804884215,352.1809355185953,250
543,973.830958804213,1398.055724649818,276.5169397933442,-14.971558119715642,5129.381771393295,127.8725586526676,40.11323324909702,-3.2803125385399285,0.0270658810587012,6.2786552804884215,352.1809355185953,250
345,498.2185726344797,930.4509686482388,276.58870683456354,-15.038213330380758,5093.241376034799,148.94462979988515,34.19553550119822,-3.2726356245800825,0.0317497586771804,6.2786552804884215,352.1809355185953,250
354,53.70252782478988,953.4699972577076,276.5871333746408,-15.10235136741254,5081.864632611192,146.1789456728137,34.76468248707799,-3.270207709359532,0.031229970255116,6.2786552804884215,352.1809355185953,250
628,2169.2186616232325,1689.1486121657788,276.46854177081065,-14.800424566697782,5070.501534702111,127.60343084946793,39.73640442852759,-3.267777274572886,0.0273225525966449,6.2786552804884215,352.1809355185953,250
488,766.1958026210899,1282.629387478851,276.53502907334985,-15.001016747620604,5036.162751810276,136.72240993619047,36.83494720551442,-3.260399369812072,0.0294747266486502,6.2786552804884215,352.1809355185953,250
357,1788.5643004349868,968.428422494428,276.57761766835307,-14.852387555550928,5031.033069582452,133.90278377686334,37.57228137964783,-3.25929290833174,0.0288963022774577,6.2786552804884215,352.1809355185953,250
437,2456.0069006406397,1155.5329930649898,276.5469078404601,-14.756916239422036,5023.563757733937,134.42000781323108,37.37214302735268,-3.257679774771109,0.0290510501151988,6.2786552804884215,352.1809355185953,250
291,504.767676130296,780.3231913186812,276.61108419701395,-15.036660459594373,4953.215124724084,129.19436551486777,38.33925036114725,-3.242367954268233,0.0283182375704518,6.2786552804884215,352.1809355185953,250
511,1553.4132007377884,1322.7808362195317,276.5257518724802,-14.887724901339622,4947.878140596033,129.08304119239784,38.33096969896484,-3.241197465858928,0.0283243551761572,6.2786552804884215,352.1809355185953,250
585,867.5015631465676,1539.823289639524,276.4962274606803,-14.987444326088411,4913.012204803847,134.8998478415449,36.419701603924224,-3.233519585823854,0.029810787902859,6.2786552804884215,352.1809355185953,250
439,353.85680656594263,1159.8048888304286,276.5550799484548,-15.059936838136773,4895.755834903481,127.45756668544264,38.41086851270197,-3.229699353799344,0.028265437414959,6.2786552804884215,352.1809355185953,250
453,1467.48074219991,1195.2011516431553,276.54514219870214,-14.899596428690083,4893.403431569022,140.8031272976149,34.75351382804061,-3.2291775338047857,0.0312400065608333,6.2786552804884215,352.1809355185953,250
578,30.38476900242689,1506.7768634326676,276.504630641752,-15.107913709407024,4880.789362126787,248.59148790598852,19.633775087152568,-3.226375141878366,0.0552975673389694,6.2786552804884215,352.1809355185953,250
173,1833.853054362065,439.6454319813461,276.65628378629594,-14.843672502210849,4873.278054615686,130.36207332032805,37.38263691649779,-3.224702957388863,0.0290428950323955,6.2786552804884215,352.1809355185953,250
127,689.1325543287785,341.69066313749147,276.67575975953565,-15.00828981449638,4861.663368841633,136.10206420047643,35.720717370461564,-3.222112188675053,0.0303941264320126,6.2786552804884215,352.1809355185953,250
627,595.7705347572161,1688.4137659934988,276.4751780785882,-15.027182485585682,4846.307708005159,139.0605301406153,34.85034684611562,-3.2186774419724573,0.031153205010957,6.2786552804884215,352.1809355185953,250
561,556.1585523796126,1459.543336981735,276.50950092678306,-15.031985153764714,4843.985091912211,131.73441449106932,36.77084010754532,-3.2181569729872104,0.0295261135406372,6.2786552804884215,352.1809355185953,250
675,936.8121038476056,1871.603482169257,276.446430384484,-14.978766221862884,4814.121855687146,128.19944074962976,37.55181635377805,-3.2114426758132253,0.0289120502127394,6.2786552804884215,352.1809355185953,250
192,785.3469619269346,500.8638000583571,276.65160181065994,-14.995080503985037,4797.414156451385,126.67808260288496,37.8709091413271,-3.2076680091612326,0.0286684429979848,6.2786552804884215,352.1809355185953,250
312,1416.1168849763608,834.4253268744377,276.5991740920431,-14.905531767048323,4792.210293951415,129.34164191344811,37.05079217378601,-3.2064896475883438,0.0293030171907673,6.2786552804884215,352.1809355185953,250
232,1801.501343241061,622.3356867333365,276.62917729008774,-14.84909708601316,4771.610912106553,130.38801986175417,36.59547032898976,-3.201812536051225,0.0296676061337553,6.2786552804884215,352.1809355185953,250
451,1043.919415820985,1185.3167821187826,276.5483896887424,-14.960604241615403,4757.418505735259,133.7789535436832,35.561785914118445,-3.198578372287379,0.0305299627702039,6.2786552804884215,352.1809355185953,250
84,754.3438485345462,238.423798672515,276.6908908901712,-14.998461966310428,4720.741910584678,132.5670962494456,35.61020829559296,-3.190175622337661,0.0304884484524164,6.2786552804884215,352.1809355185953,250
174,308.6045212245073,441.9239136595327,276.662414467963,-15.063543070534102,4666.156205978652,133.13399971521807,35.04856923069878,-3.177548161581176,0.0309770134368008,6.2786552804884215,352.1809355185953,250
216,291.17487057618854,574.9734737150463,276.6426309242368,-15.066600480882514,4659.033509056346,131.42033651690318,35.45138927914025,-3.1758895633833277,0.030625033942995,6.2786552804884215,352.1809355185953,250
652,2043.9537920151508,1787.0584703575462,276.4544609744489,-14.818873130543734,4633.754682810686,135.12201208109957,34.29311487775603,-3.169982573145039,0.0316594162959583,6.2786552804884215,352.1809355185953,250
211,1114.882956925417,563.9327928243018,276.64079726466366,-14.947842369188244,4623.432726328232,130.43260039097555,35.44691060723589,-3.167561335245007,0.0306289033769383,6.2786552804884215,352.1809355185953,250
316,1735.7181540030872,845.630218078259,276.5961545526948,-14.859503020395833,4576.703504198144,127.62664371941848,35.86009449766479,-3.156531923654296,0.0302759938368456,6.2786552804884215,352.1809355185953,250
149,1061.5438172072086,376.8183908731631,276.6689376782832,-14.954756548767852,4553.9675208820845,132.1514090663633,34.46022674336518,-3.1511248005218944,0.0315058867164603,6.2786552804884215,352.1809355185953,250
644,594.4169331970504,1742.2262191756854,276.4671521320949,-15.027589000750552,4509.415116420307,132.21699675941414,34.106168094452855,-3.140450519165853,0.0318329516524192,6.2786552804884215,352.1809355185953,250
684,260.9648487194711,1919.283474483044,276.4420976598377,-15.076315109160584,4506.876716595463,141.8689570029566,31.76788503845516,-3.1398391741216054,0.0341760239526728,6.2786552804884215,352.1809355185953,250
187,885.4026502372545,483.63205035423766,276.6537491686064,-14.98058825075407,4497.386626594438,129.46464226641868,34.73833896161004,-3.137550538677924,0.0312536532388559,6.2786552804884215,352.1809355185953,250
483,114.82580025941162,1257.6850338970626,276.5414657592869,-15.094763713120631,4494.249124144553,141.76823964258,31.70138202657564,-3.1367928344659117,0.0342477182568837,6.2786552804884215,352.1809355185953,250
384,764.4706093186464,1031.5841809806657,276.5724984144815,-15.000255582030334,4491.751074661559,132.23652622832446,33.96755195237007,-3.1361891792745404,0.0319628568323789,6.2786552804884215,352.1809355185953,250
541,1788.545381613029,1390.9656866845692,276.5145989803623,-14.854105663146369,4484.416207061615,128.98725060457744,34.766352380120225,-3.134414762013149,0.0312284702211329,6.2786552804884215,352.1809355185953,250
199,193.9160294281732,518.5401058444916,276.65146419600825,-15.080383625355957,4464.448828229943,134.70987822221227,33.141213451812035,-3.1295696018718964,0.0327598143495448,6.2786552804884215,352.1809355185953,250
504,2436.8192677002044,1311.6655210170452,276.52371025151825,-14.760319782742704,4449.805108034809,122.85198836221994,36.22086355586602,-3.126002453885404,0.029974437200412,6.2786552804884215,352.1809355185953,250
191,1589.5733379959722,493.9337356657955,276.6492259351294,-14.879120323445203,4393.017178120936,133.8673298689269,32.81620080435052,-3.1120572320719537,0.0330842685438488,6.2786552804884215,352.1809355185953,250
138,1340.056193393177,360.894505125296,276.67012934940163,-14.914540328526948,4376.399826428329,128.033640328447,34.18164019394803,-3.107942458662218,0.0317626653911191,6.2786552804884215,352.1809355185953,250
304,614.6659026024688,817.5147180209345,276.60507182241435,-15.020975230145847,4356.936036963161,133.3385208460225,32.67574898325512,-3.1031029388674325,0.0332264763251906,6.2786552804884215,352.1809355185953,250
490,871.4082488436239,1284.7047303124284,276.5342805282058,-14.985864071085048,4351.45427224951,126.764219483889,34.32714917479183,-3.1017360384437342,0.0316280269728103,6.2786552804884215,352.1809355185953,250
446,1502.0947985650512,1174.372162559118,276.5481041918745,-14.894522734683678,4338.53134261581,128.29053839486593,33.8180149284449,-3.0985068264427627,0.0321041906894067,6.2786552804884215,352.1809355185953,250
501,1663.08977852976,1306.6175310267834,276.52770420301226,-14.871850271091931,4336.769051576557,125.86771099160492,34.45497671651318,-3.0980657159050256,0.0315106873800224,6.2786552804884215,352.1809355185953,250
340,2943.48343110591,913.6211055898244,276.5809113395269,-14.685614900888668,4312.320939277735,122.7034495815682,35.144251885201335,-3.091927666379404,0.030892676376963,6.2786552804884215,352.1809355185953,250
605,1164.9904638254482,1619.6285939248648,276.4830845772721,-14.94489309773946,4289.228333409759,131.75117263813834,32.55552301754729,-3.0860978936963206,0.0333491800888842,6.2786552804884215,352.1809355185953,250
689,1878.9747781820968,1922.3033383188624,276.43497360657835,-14.843190356577432,4289.057134407834,128.6334155603074,33.34325778201068,-3.086054557074957,0.0325613054098677,6.2786552804884215,352.1809355185953,250
221,1404.7468736339388,580.2262582359315,276.6371391939307,-14.906124522502845,4279.798411061143,126.56723761831536,33.81442537260384,-3.0837082612350724,0.0321075986960176,6.2786552804884215,352.1809355185953,250
268,984.2502665355158,718.5001748291846,276.6182894205023,-14.967307164909991,4270.146734610869,129.93957195660374,32.86255811306644,-3.081256975564484,0.0330375984810603,6.2786552804884215,352.1809355185953,250
637,1485.254108133088,1716.6623160431222,276.4672792892092,-14.899123366013402,4231.023111310205,124.4533907629979,33.99684882324765,-3.071263472330652,0.031935312759269,6.2786552804884215,352.1809355185953,250
595,827.0674063360979,1581.5838954835235,276.490163427647,-14.993436006486371,4228.967458400206,128.01293056252334,33.03547102481743,-3.070735836557459,0.0328646744338648,6.2786552804884215,352.1809355185953,250
573,2504.0475066827244,1499.4330081630665,276.49543358207086,-14.751386868913238,4218.564067590778,129.93377522069474,32.46703222795978,-3.0680616011953967,0.0334400752239073,6.2786552804884215,352.1809355185953,250
539,857.4267517439603,1388.9291950709833,276.5187863385324,-14.988295579670888,4174.305152140383,130.28252807051504,32.04040644560607,-3.056610463075097,0.0338853379354958,6.2786552804884215,352.1809355185953,250
70,830.6190667349051,206.71877485181545,276.6952967203768,-14.987335654848671,4170.704550082359,125.29192325118018,33.28789631332499,-3.055673542832842,0.0326154584771822,6.2786552804884215,352.1809355185953,250
308,414.9188547809796,827.7015485125747,276.6043910963174,-15.049799805230252,4098.061641680339,131.77455810133395,31.09903535801616,-3.0365961948885856,0.0349110506966302,6.2786552804884215,352.1809355185953,250
129,1525.7866878071595,343.855616287902,276.6718804229213,-14.88769182499126,4090.855399340653,126.86798438766316,32.244978266860954,-3.0346852999096976,0.0336703591801084,6.2786552804884215,352.1809355185953,250
473,2153.6087838682324,1238.6804682529516,276.5357809891213,-14.800858925229749,4075.4611457574074,125.68334172435937,32.426422546079706,-3.0305918709649493,0.0334819543678357,6.2786552804884215,352.1809355185953,250
119,1462.6418864027744,312.06880535645786,276.676890207624,-14.896663166119408,4068.7610066302,127.73847504413118,31.85227477644869,-3.028805430189542,0.0340854776501789,6.2786552804884215,352.1809355185953,250
202,1647.8564986597694,530.2904722508945,276.6435561953535,-14.870868157450303,4053.1753722787535,127.75187423678784,31.72693470442713,-3.024638466187097,0.0342201353554808,6.2786552804884215,352.1809355185953,250
107,661.025396843266,291.6025757457126,276.6833528357582,-15.01213315478324,4038.05994922854,138.82655658585895,29.08708570273551,-3.0205818838495357,0.0373258431970685,6.2786552804884215,352.1809355185953,250
286,1544.4489353971046,770.8898323204882,276.60810943822446,-14.886770794896126,4027.944568286068,127.69884408314287,31.542529591446662,-3.017858691456621,0.0344201943871492,6.2786552804884215,352.1809355185953,250
54,557.02816010305,145.15075559317654,276.7056478595906,-15.02651297375532,4005.9715689304,131.3865401472941,30.489969249813612,-3.0119196350844573,0.0356084321077705,6.2786552804884215,352.1809355185953,250
546,337.98675857841874,1405.9463227398303,276.51840673382384,-15.063204418276342,4001.458421689575,127.60914523875354,31.35714461689204,-3.010695749797574,0.0346236882619451,6.2786552804884215,352.1809355185953,250
75,1466.4847433767434,212.1171189232088,276.6917813908203,-14.895690737455777,3982.0354975861264,135.005707300972,29.495312288604683,-3.005412796313489,0.0368092390199731,6.2786552804884215,352.1809355185953,250
434,314.6329698973291,1146.9107982567127,276.5571682134564,-15.065536310310836,3970.223874206451,127.83112479161358,31.05835046573039,-3.002187469781351,0.0349567824343393,6.2786552804884215,352.1809355185953,250
710,1296.8860509040558,2039.2666096354628,276.4199282709856,-14.927539525692156,3949.044654103811,128.23232142471306,30.79601624791881,-2.996380089770177,0.0352545599164428,6.2786552804884215,352.1809355185953,250
210,896.2943967200341,563.7374039134179,276.641751365991,-14.97934870280474,3945.435908331303,126.11660093250818,31.284033023080912,-2.9953874605070085,0.0347046047163735,6.2786552804884215,352.1809355185953,250
104,448.94493368619806,282.42207514357244,276.6856233011431,-15.042660504705546,3936.6441742640745,126.04685053737713,31.231594898888236,-2.992965382111965,0.0347628740547812,6.2786552804884215,352.1809355185953,250
151,726.5550031488692,384.32230601446327,276.6692399035119,-15.00307270542049,3930.972666152637,140.94004442888792,27.891098531163237,-2.991400038276927,0.0389263979253785,6.2786552804884215,352.1809355185953,250
406,1027.9259052390871,1073.74579460546,276.56510331861324,-14.962458761627234,3926.6538097184384,127.90470865753956,30.699837800591983,-2.990206512654308,0.0353650076932675,6.2786552804884215,352.1809355185953,250
593,1402.292494405072,1565.8121884453367,276.4901278474358,-14.910480261944455,3917.3483842920978,123.64587102943656,31.68199917779292,-2.9876304700230816,0.0342686707965388,6.2786552804884215,352.1809355185953,250
241,713.1604760880236,656.4383953662287,276.62869322901463,-15.00612355029761,3876.261544643552,128.3322671313406,30.204886357040856,-2.9761826600789765,0.0359445153067732,6.2786552804884215,352.1809355185953,250
515,664.7226196315795,1336.086885471696,276.52747438207604,-15.015851828392876,3875.486629872176,125.97526124854792,30.763870552535547,-2.975965585683177,0.0352913980100763,6.2786552804884215,352.1809355185953,250
110,1158.5810223466235,294.7534363161828,276.6807674073352,-14.94042676022413,3868.474909887329,133.07864134999804,29.069089304219787,-2.9739994394706715,0.0373489512739016,6.2786552804884215,352.1809355185953,250
183,1699.0848618854684,472.3836413296603,276.6519746650633,-14.863241167648384,3867.407822959911,125.260090849155,30.875020102111,-2.97369990677141,0.0351643495748126,6.2786552804884215,352.1809355185953,250
189,565.4858752988354,491.3436222633976,276.6539527254449,-15.026727915999128,3852.9692563387216,131.55083013145864,29.288825106526904,-2.969638837566842,0.0370687453679408,6.2786552804884215,352.1809355185953,250
558,936.9415915113094,1450.0463518463305,276.5093355247122,-14.977081344027171,3843.2144292080775,126.64135846472088,30.34722997131069,-2.966886518991478,0.0357759176381629,6.2786552804884215,352.1809355185953,250
118,853.3911287433298,311.31810023506654,276.67959394412253,-14.98448859650599,3829.2073084573785,147.21788901989152,26.010475587922546,-2.962922176170003,0.0417408746076186,6.2786552804884215,352.1809355185953,250
92,2091.443862923801,247.65849505663687,276.6838125023989,-14.805721360702128,3808.437764660979,126.6445106254234,30.071873986904965,-2.957017135800526,0.0361035032426903,6.2786552804884215,352.1809355185953,250
18,493.9651523186657,53.45283579085113,276.7195995699845,-15.0352193460178,3792.2113689751714,134.63051452780977,28.167547173652363,-2.9523813180633383,0.0385443572103272,6.2786552804884215,352.1809355185953,250
366,810.4369708523265,991.2404529372023,276.578325781384,-14.993468271407066,3789.182749476109,134.883178718455,28.09232986260922,-2.951513857022766,0.0386475598609947,6.2786552804884215,352.1809355185953,250
545,747.2118900375528,1404.6908903618098,276.516892965471,-15.004239642845592,3783.741405178822,123.21494557545398,30.708461441162964,-2.9499535969694044,0.0353550763876655,6.2786552804884215,352.1809355185953,250
476,482.6749394124509,1240.9378468332636,276.5424332520913,-15.041701777860563,3772.7542312847218,128.95493513210852,29.25637725628496,-2.9467962654587927,0.0371098578094376,6.2786552804884215,352.1809355185953,250
513,743.581546343342,1329.1501124665103,276.52818110316144,-15.004461370333429,3771.7242424636206,128.06250359042485,29.452213854310678,-2.9464998112600287,0.0368631032414256,6.2786552804884215,352.1809355185953,250
522,1783.0819884546816,1350.7958316875154,276.520613079488,-14.854731324233748,3752.899311279878,125.2475408215123,29.963856269466064,-2.9410672598947496,0.0362336539808581,6.2786552804884215,352.1809355185953,250
464,1238.482298564422,1210.854007135796,276.5437657563617,-14.932666348519003,3750.303495365515,129.7522054560247,28.903581886602755,-2.940316014991957,0.0375628184859413,6.2786552804884215,352.1809355185953,250
275,680.3672790629367,745.0640529975627,276.61560679834554,-15.011211908849484,3731.557662072126,123.25759143397852,30.27446519649778,-2.934875370730876,0.0358619051716757,6.2786552804884215,352.1809355185953,250
190,980.4204470900604,491.0306294386702,276.65224280140524,-14.96692318265131,3727.4760997179255,127.33766392232052,29.2723769613976,-2.933687147000094,0.0370895742915495,6.2786552804884215,352.1809355185953,250
374,1006.0557288646056,1007.4275284903767,276.5750898488085,-14.965342120369655,3708.628330665611,127.49791568868676,29.08775653808345,-2.9281832573619795,0.0373249823711407,6.2786552804884215,352.1809355185953,250
209,622.6913295799445,557.2618014012719,276.64387432686544,-15.018754795883815,3706.880911704968,125.37875583493668,29.565462561976137,-2.927671563288502,0.0367219013646114,6.2786552804884215,352.1809355185953,250
62,1264.4169069074642,177.55960524327344,276.6977979302417,-14.924679133183576,3703.1935648568615,148.608772110075,24.919077873235462,-2.92659101104423,0.043569027936066,6.2786552804884215,352.1809355185953,250
619,1886.4937782170289,1662.6804318297957,276.47366511025933,-14.841075611360685,3694.212258376501,122.14794187092568,30.243753613795583,-2.9239545910245157,0.0358983218109792,6.2786552804884215,352.1809355185953,250
620,1235.7955246146362,1664.1125942135866,276.476153772564,-14.934865946350104,3652.7372582756216,126.51936341285167,28.87097405285064,-2.911696064554024,0.0376052431765045,6.2786552804884215,352.1809355185953,250
101,898.3739259799246,274.855515246157,276.6848427725846,-14.977853093380697,3648.35777084704,127.47843105255016,28.619412246633985,-2.910393528808134,0.0379357895488469,6.2786552804884215,352.1809355185953,250
507,239.0962175601696,1316.312793099686,276.5321971087444,-15.077094798940305,3610.219687561359,128.57076153087948,28.079632138557997,-2.8989840538546083,0.0386650364450164,6.2786552804884215,352.1809355185953,250
203,78.57376782277665,538.6949915262041,276.6489426495133,-15.097085311146246,3592.539930776198,211.1575602947869,17.013551045772772,-2.89365398826833,0.0638138385736795,6.2786552804884215,352.1809355185953,250
131,751.8180572796604,345.9080557192937,276.6748644252513,-14.99927243519678,3589.87502973582,124.98832816065918,28.72168211676068,-2.892848303915556,0.0378007108214053,6.2786552804884215,352.1809355185953,250
36,1430.8607947831556,108.60347713239936,276.7073722225838,-14.900392264642402,3584.517683345708,126.91709777805136,28.24298495711114,-2.8912267963536102,0.0384414041804967,6.2786552804884215,352.1809355185953,250
239,1462.1740281444804,651.147899230963,276.62631744722654,-14.898138608316868,3583.3682849594043,135.75143917899717,26.39653993085479,-2.8908785923063043,0.0411303906816563,6.2786552804884215,352.1809355185953,250
474,641.014609900489,1240.410390199312,276.5418516311067,-15.018885379860576,3570.459253228095,129.00697634356342,27.6764819579948,-2.886960181285911,0.0392282516848705,6.2786552804884215,352.1809355185953,250
115,1569.5721286544672,308.3567697508188,276.676988327955,-14.881230408070476,3534.1778117888025,121.95383943160262,28.979635477331023,-2.8758709682530266,0.0374642393569538,6.2786552804884215,352.1809355185953,250
458,805.2188991318947,1201.9365139530832,276.54690758516244,-14.9950699944019,3528.681838739838,131.0994832134415,26.91606215559853,-2.8741812339472905,0.0403365096173317,6.2786552804884215,352.1809355185953,250
294,871.5477131837241,794.3615653070988,276.6074457484352,-14.983860845224552,3506.6687867158325,119.90497172293944,29.245399388597324,-2.8673868474757267,0.0371237877648308,6.2786552804884215,352.1809355185953,250
336,1442.4455392391783,893.5218066720778,276.59024800535417,-14.901978299363131,3470.855611288105,129.36888458489403,26.829137643298388,-2.8562413464619,0.0404671970614454,6.2786552804884215,352.1809355185953,250
194,1714.103095766519,506.2573625586658,276.64685913314537,-14.86121670763962,3449.966411284404,118.18245018073412,29.191867371241987,-2.849687145376389,0.0371918653299159,6.2786552804884215,352.1809355185953,250
245,1739.2923096337354,665.6330019712132,276.6229838525211,-14.85824580115932,3432.1622668714263,121.33589707388064,28.28645396491036,-2.844069509260512,0.0383823296248735,6.2786552804884215,352.1809355185953,250
204,1071.4898919405891,539.0248205714773,276.64469686424155,-14.953994456867994,3428.676861504675,125.43993858032634,27.333215404192003,-2.842966369819498,0.03972090308239,6.2786552804884215,352.1809355185953,250
134,1204.850112322728,347.8994238136928,276.6726427204196,-14.933978023841222,3419.1112359501712,126.66804979202196,26.992688697458103,-2.839933053778419,0.0402220027863411,6.2786552804884215,352.1809355185953,250
450,1310.946384275079,1182.8122807920834,276.547645867775,-14.922108871375617,3414.9332613568986,125.8757343784831,27.1294008985789,-2.838605529836955,0.0400193135137337,6.2786552804884215,352.1809355185953,250
670,881.0117286671793,1849.4856430215168,276.4499612707358,-14.986719278836848,3412.6191762083618,136.0966970120177,25.07495957750553,-2.8378695454133003,0.0432981754823632,6.2786552804884215,352.1809355185953,250
22,898.6682892019065,72.02907549955327,276.71510130734595,-14.976963446214206,3410.528724315081,130.89677809026716,26.05510062259257,-2.83720425736475,0.0416693842686058,6.2786552804884215,352.1809355185953,250
470,1805.7730630102928,1234.5665365756888,276.53785320084296,-14.850990316618654,3375.710714658664,122.89959426649544,27.46722423947775,-2.8260630338004384,0.0395271102217732,6.2786552804884215,352.1809355185953,250
389,438.05730492564055,1051.965504256203,276.57082346014045,-15.047372271124695,3375.390267507668,126.56245074148212,26.66976064174261,-2.825959962886604,0.0407090267732174,6.2786552804884215,352.1809355185953,250
105,604.9662000273665,288.7478212110959,276.6840169040016,-15.020200929652386,3363.1999141161505,121.36833350276216,27.71068710471837,-2.822031686464537,0.039179829641075,6.2786552804884215,352.1809355185953,250
695,418.2648217751019,1954.0469748897224,276.4362615983697,-15.053792347217064,3302.448175110738,137.27714367908044,24.05679552038928,-2.8022400058530987,0.045130699102456,6.2786552804884215,352.1809355185953,250
379,205.67421347453885,1018.7939291872364,276.5767465832311,-15.080720006389456,3299.152861088689,125.95960903096928,26.19214910612764,-2.8011560742379253,0.0414513522964788,6.2786552804884215,352.1809355185953,250
603,1429.9392639519292,1610.1462960691922,276.48339906017435,-14.906672294778812,3291.2935360879346,135.74411641705055,24.24630711784221,-2.798566520441679,0.0447779529774685,6.2786552804884215,352.1809355185953,250
243,527.4922762248337,666.4239263424796,276.62798619370847,-15.032921271298427,3276.72746221305,135.1455048254498,24.245922692324697,-2.793750780754226,0.0447786629437571,6.2786552804884215,352.1809355185953,250
317,1584.495813240432,847.1191282177875,276.5965705766037,-14.881310554027944,3238.174752875552,130.51047487698804,24.81160807918043,-2.7809006842997053,0.0437577442193687,6.2786552804884215,352.1809355185953,250
205,150.17912792437104,540.0360422088655,276.6484403768919,-15.086773605944847,3228.375309922761,126.00489077491486,25.621031771613332,-2.777610021414102,0.0423753426356113,6.2786552804884215,352.1809355185953,250
219,1953.622738580826,578.1787605680938,276.63511671237814,-14.826979280264403,3211.1844906980987,124.01877193683836,25.892729306604696,-2.771813122328392,0.0419306897756452,6.2786552804884215,352.1809355185953,250
416,1689.4329143413604,1097.9116204812217,276.5587229304574,-14.867207144448573,3205.719718198874,123.08711380044204,26.04431625065337,-2.7699638496590757,0.0416866386335929,6.2786552804884215,352.1809355185953,250
667,645.1336020350288,1840.490973473877,276.45227675845246,-15.020667638740566,3201.3203460175428,129.89192860668211,24.64602982153931,-2.7684728153098925,0.0440517198048326,6.2786552804884215,352.1809355185953,250
471,172.38164611742263,1234.318391408396,276.5447142259839,-15.086379252740242,3190.8528282426414,130.64105422549184,24.424579602175424,-2.764916912529719,0.0444511233226425,6.2786552804884215,352.1809355185953,250
164,731.3756400472029,416.0143338081192,276.66449070740856,-15.00250899216719,3175.2157564111403,128.46757698057436,24.71608658806779,-2.759583080842801,0.043926856953323,6.2786552804884215,352.1809355185953,250
382,1251.010923086708,1027.557585377623,276.57105843435727,-14.93011874704149,3170.2295720051334,123.13996988510182,25.744927296662315,-2.7578767602404595,0.0421714144883506,6.2786552804884215,352.1809355185953,250
201,1423.6995636557735,530.1382946451185,276.64452992207873,-14.903184885051758,3165.744094005757,119.61132707449282,26.466925595049712,-2.7563394916437547,0.0410210092630881,6.2786552804884215,352.1809355185953,250
177,1027.840805184218,458.8253780147133,276.6568464965484,-14.959954715834812,3152.6470749577275,120.86039984371772,26.085029331645067,-2.7518383685759606,0.0416215748196565,6.2786552804884215,352.1809355185953,250
223,148.21012469858732,586.9381439043581,276.64144808370685,-15.087249058920642,3149.4972428465558,125.59491152422932,25.07663092894464,-2.750753059552772,0.0432952896693484,6.2786552804884215,352.1809355185953,250
672,188.89786385780104,1860.5137622128575,276.45116745507545,-15.08646688213398,3134.476522024983,186.86242011323895,16.774247706550543,-2.745562531365276,0.0647242141044585,6.2786552804884215,352.1809355185953,250
87,1002.8160393603304,241.82465417688053,276.6893262069072,-14.962660401238129,3125.6239793279965,122.06619405820008,25.605975540105124,-2.74249180350234,0.0424002592011982,6.2786552804884215,352.1809355185953,250
485,235.83812444511088,1268.351921098532,276.5393697732161,-15.077373257136466,3122.967958608875,121.8347426813323,25.632819423087117,-2.7415687993895244,0.0423558556739226,6.2786552804884215,352.1809355185953,250
656,1703.8639322482113,1796.7481096824663,276.45442637235686,-14.86793318366359,3105.8270217895333,120.29703714489548,25.817984345272144,-2.735593138695776,0.0420520822028779,6.2786552804884215,352.1809355185953,250
489,1394.5604199921993,1282.9373994837722,276.53235941692685,-14.910461187425932,3102.791158717824,120.47196009260232,25.75529738482568,-2.7345313414917887,0.0421544346305884,6.2786552804884215,352.1809355185953,250
238,1239.1832077152178,634.7509986732947,276.6297067240112,-14.930216717358714,3068.84049653128,128.91468253366827,23.80520539799491,-2.722585769555477,0.0456076720132583,6.2786552804884215,352.1809355185953,250
523,2076.33959191488,1353.1644104131817,276.51903294600777,-14.812463663594064,3060.0365240775864,121.35714255817892,25.215133279943515,-2.7194665037646137,0.043057476157129,6.2786552804884215,352.1809355185953,250
646,433.4784077017208,1762.7776168164364,276.46474916639806,-15.05085453227037,3029.470952759788,127.32003208746325,23.794142234261106,-2.708566960171358,0.0456288774485303,6.2786552804884215,352.1809355185953,250
586,758.1935838412522,1543.4921068700817,276.4961336475574,-15.003208851226582,3011.436296405969,118.63034634881258,25.385041762850012,-2.702084179784407,0.0427692816164233,6.2786552804884215,352.1809355185953,250
455,117.61203674505651,1200.81067700229,276.5499442465645,-15.094135675860356,3007.6561280527385,126.9830048245842,23.685501317342027,-2.7007204306038464,0.0458381684834795,6.2786552804884215,352.1809355185953,250
309,158.61259725578165,830.4698409844567,276.60505407588767,-15.086740537472176,2998.3410954921565,127.81049459459796,23.45927151759011,-2.6973525715015354,0.0462802094764931,6.2786552804884215,352.1809355185953,250
154,884.4412553041752,388.8437648018878,276.6678954780667,-14.980334722588346,2998.160049976316,127.25848433329404,23.55960834897293,-2.697287010713153,0.0460831090193963,6.2786552804884215,352.1809355185953,250
348,1130.9970872077802,939.8683365452038,276.58464469229466,-14.947060296014524,2992.201652212505,126.50596616517169,23.652652463092192,-2.6951271243391397,0.0459018286297545,6.2786552804884215,352.1809355185953,250
257,1232.409711835646,703.8801933061479,276.61942295107866,-14.931477579073132,2974.829335173621,123.66103192266496,24.05631983593682,-2.6888051169952814,0.0451315915071146,6.2786552804884215,352.1809355185953,250
365,1958.591344647808,987.7501053876848,276.5740199409027,-14.827952883942384,2973.825356945977,118.26866189515422,25.14466054906657,-2.688438628914427,0.0431781529872473,6.2786552804884215,352.1809355185953,250
387,1722.6109123660965,1044.5508740782388,276.5665421410654,-14.862206814343333,2970.4640290005773,118.19483439654849,25.131927669821422,-2.6872107223982997,0.0432000288343864,6.2786552804884215,352.1809355185953,250
122,1275.6039247385652,315.89454206417696,276.6771158350392,-14.923644625968988,2970.080588811281,130.64553038901008,22.733885958192143,-2.687070561883316,0.0477569035930159,6.2786552804884215,352.1809355185953,250
466,448.52812302940265,1212.7230956917551,276.54678669681965,-15.046508767211597,2955.791514804325,128.95150271407607,22.92172989529401,-2.681834473496971,0.0473655350167485,6.2786552804884215,352.1809355185953,250
38,744.8934562568375,112.84148079838054,276.7096683237097,-14.999300338326616,2944.1703424782027,135.37526259807106,21.748215190683982,-2.677557312335937,0.0499213379342074,6.2786552804884215,352.1809355185953,250
445,414.4175719272679,1174.0048137411266,276.5527077912186,-15.051268348793348,2908.411458167917,126.45446286622666,22.99967428784748,-2.664289595695233,0.0472050163151075,6.2786552804884215,352.1809355185953,250
524,472.5558512662079,1353.5963710081933,276.525661026212,-15.043609143787624,2905.2892463459284,125.86274691254242,23.082995704556737,-2.663123419824733,0.0470346229707817,6.2786552804884215,352.1809355185953,250
279,230.092142401012,750.529131104582,276.61668591829687,-15.076117628868117,2893.019617021608,123.67722971465685,23.39169161288838,-2.658528424637712,0.0464139155888067,6.2786552804884215,352.1809355185953,250
495,420.8338021301929,1291.3483036680088,276.5351670527032,-15.050812928415924,2891.395053169923,127.55057423211797,22.66861651213055,-2.6579185624692263,0.0478944094104293,6.2786552804884215,352.1809355185953,250
496,1147.1720381061994,1294.5224624759724,276.5316646730861,-14.94616302845514,2886.565006775578,125.62182375353298,22.978212865616005,-2.656103334462063,0.0472491053307549,6.2786552804884215,352.1809355185953,250
20,819.2076064327202,62.01860497744488,276.7169339701357,-14.98837569260292,2875.845162120968,120.7292577459028,23.82061495129639,-2.652063727236543,0.0455781684150397,6.2786552804884215,352.1809355185953,250
508,1590.0720793982773,1316.812945826072,276.52648881726594,-14.882416703695403,2849.507631345943,129.51563058144575,22.00126439220812,-2.6420745393388656,0.049347163901385,6.2786552804884215,352.1809355185953,250
307,1289.3088450878945,823.2716931367202,276.6013725025559,-14.923765457980965,2835.283272599103,146.38216864620853,19.36904814856041,-2.6366411175040554,0.0560533481910257,6.2786552804884215,352.1809355185953,250
429,1876.1897050416237,1135.0460738424465,276.5524002124774,-14.84043451134184,2834.4739956544654,124.05865512353026,22.847853644971924,-2.636331170801625,0.0475186867383898,6.2786552804884215,352.1809355185953,250
448,1812.379358645405,1179.60183786134,276.54602308239504,-14.849814976940031,2830.6040296145075,140.91515536654833,20.087293110890336,-2.6348477797960204,0.0540490943207966,6.2786552804884215,352.1809355185953,250
353,188.2900372216769,949.8473598014313,276.5871107085181,-15.082947000619866,2822.7425973869103,123.00645786086623,22.94792197479372,-2.63182817117988,0.0473114733958284,6.2786552804884215,352.1809355185953,250
708,543.0635142676762,2035.937534147659,276.42352535029295,-15.036133225106816,2793.96380795454,126.910959470157,22.01514998877255,-2.620701918603329,0.0493160392072592,6.2786552804884215,352.1809355185953,250
468,1674.70436860118,1222.17030304267,276.5402513181733,-14.86983466051143,2781.5596829192946,131.258609885087,21.19144553911143,-2.615870935510705,0.0512329372716083,6.2786552804884215,352.1809355185953,250
663,1708.2234147129227,1827.4180997779647,276.4498334434879,-14.867426318549526,2760.1365571460337,120.64199916788832,22.87873689248933,-2.607476401370529,0.0474545428404491,6.2786552804884215,352.1809355185953,250
285,786.7796821938894,770.0673961083668,276.6114276802818,-14.995978401798023,2743.6576981376274,126.94999921687428,21.612112761422832,-2.600974796669199,0.0502357179043574,6.2786552804884215,352.1809355185953,250
713,425.99812411695854,2049.8322632918757,276.4219319166984,-15.053050021351396,2741.840332018939,125.44952986905744,21.856122815931123,-2.600255379670521,0.0496748672737427,6.2786552804884215,352.1809355185953,250
79,1347.5550526658806,217.34058642717577,276.6915096262484,-14.912859603187991,2732.434503624303,146.8976534675744,18.600940444752915,-2.596524380120866,0.0583680165647894,6.2786552804884215,352.1809355185953,250
456,1163.1063832840523,1199.509512148445,276.5457735939556,-14.943484203525724,2713.5136075975606,122.23601406817744,22.19896998673477,-2.588979987820008,0.0489076745744857,6.2786552804884215,352.1809355185953,250
332,257.7495437195772,883.2700683848062,276.5967571007199,-15.072670758061609,2691.380540732731,116.56380248887945,23.089333766282177,-2.580087748422421,0.0470217118860947,6.2786552804884215,352.1809355185953,250
701,382.353776621874,1981.3154330774569,276.4323387841388,-15.0590710634181,2680.676013522054,127.09087425536131,21.092592440082058,-2.575760799138653,0.0514730469042228,6.2786552804884215,352.1809355185953,250
363,1702.8878316981345,982.1087284750316,276.5759381096868,-14.86479530440487,2680.663428360742,120.86852121786924,22.17834222964277,-2.575755701843312,0.0489531628991139,6.2786552804884215,352.1809355185953,250
212,692.8374732184407,568.643813494834,276.6418794789433,-15.008692277977453,2654.617723742209,127.18079931061668,20.87278691541145,-2.5651549524826702,0.0520150952721302,6.2786552804884215,352.1809355185953,250
200,1003.425958310686,529.7001011589061,276.6463762089475,-14.963766848971485,2642.7339933938056,119.76766448148648,22.06550494939572,-2.5602836059607896,0.0492034967017481,6.2786552804884215,352.1809355185953,250
520,786.5121280343452,1345.6682737432575,276.5255372703992,-14.998341347688411,2634.935002686718,124.40794643786268,21.1797966137378,-2.557074745101517,0.05126111547718,6.2786552804884215,352.1809355185953,250
322,68.77144990141998,861.4296538945508,276.60080957173653,-15.099809315468663,2631.052351278806,128.380538881364,20.494168151998117,-2.5554737021500045,0.0529760462560734,6.2786552804884215,352.1809355185953,250
425,485.627015835225,1122.365754249399,276.5601175299137,-15.040801285912927,2624.507994750573,123.823205531353,21.195606942077,-2.5527697284443454,0.0512228785411516,6.2786552804884215,352.1809355185953,250
39,1220.7232985136598,113.31260826168696,276.7075676815086,-14.930708944459823,2599.022859092074,125.4388956171858,20.719433524221763,-2.54217522645094,0.0524000812440541,6.2786552804884215,352.1809355185953,250
240,617.9121003989078,652.1977467426593,276.62972785371244,-15.019832836794755,2597.5693883996573,123.51228428077562,21.030858618845595,-2.541567872354522,0.0516241404916826,6.2786552804884215,352.1809355185953,250
532,1895.2183280261115,1369.8689027834937,276.5172995474452,-14.838642884885944,2595.777372451237,124.05243668327714,20.92483986492432,-2.5408185841742714,0.0518857017309808,6.2786552804884215,352.1809355185953,250
414,311.68513377936665,1096.0600367333004,276.5647704997522,-15.065757123462388,2586.330847120844,119.75251873991382,21.597298113937818,-2.5368601774847344,0.0502701770504961,6.2786552804884215,352.1809355185953,250
409,1349.4487824008145,1086.821242778483,276.5618043565118,-14.91617068436174,2567.1292163537582,119.89156927898112,21.412091207015475,-2.5287693018655166,0.0507049960465459,6.2786552804884215,352.1809355185953,250
449,287.87308093721066,1182.8219412403105,276.5519197004551,-15.069535371882624,2550.031232767331,120.3500522949482,21.18845138943384,-2.521513727576793,0.051240177021215,6.2786552804884215,352.1809355185953,250
400,897.9001479303997,1064.0261308712318,276.5670984417515,-14.981158297745727,2536.039214009332,127.4528718271183,19.897858539031645,-2.515539889885348,0.0545636606004757,6.2786552804884215,352.1809355185953,250
461,1560.01612761122,1206.7328628769644,276.5430344314659,-14.886304570356735,2534.8283498369565,122.8059582744144,20.64092317225187,-2.5150213675301774,0.0525993915552931,6.2786552804884215,352.1809355185953,250
682,615.0857722335255,1914.8139596374072,276.44130777669443,-15.025286808413195,2514.0730304422323,123.06541253735006,20.42875393343533,-2.506094701330199,0.0531456790530457,6.2786552804884215,352.1809355185953,250
433,1405.421373281536,1143.689807864502,276.5530862653533,-14.908333283058091,2463.102223940717,120.26140203329852,20.481236558831423,-2.483856069196704,0.0530094946602162,6.2786552804884215,352.1809355185953,250
415,1497.3034354034585,1096.5476882441567,276.55973302753915,-14.894897825962085,2450.695345160464,124.51589975996424,19.681786421531683,-2.478373293027704,0.0551626756203519,6.2786552804884215,352.1809355185953,250
271,1715.036082675746,723.3507749522066,276.61447864923616,-14.861981427726326,2449.605811231566,121.32835019356432,20.189888079113608,-2.4778904874144745,0.0537744437089353,6.2786552804884215,352.1809355185953,250
148,461.8340673660283,376.02374607934246,276.6716004859028,-15.041190140476806,2426.042594900442,126.83035007580256,19.12824961415364,-2.46739603247381,0.0567589832786714,6.2786552804884215,352.1809355185953,250
342,570.5536173585489,918.1763517318368,276.5902352130419,-15.027740491982446,2420.139722629916,128.50011551180378,18.83375523041928,-2.464751078204337,0.0576464962359941,6.2786552804884215,352.1809355185953,250
549,300.62189992113946,1413.1656450521298,276.51748431243504,-15.068615921535809,2414.462902125349,126.9707696331364,19.01589561992567,-2.4622013206086084,0.0570943394778817,6.2786552804884215,352.1809355185953,250
551,656.9773577278072,1417.1838681916984,276.5154038665924,-15.017290949508473,2356.5345871697064,130.00628750740168,18.126312444969564,-2.435834524169816,0.0598963525149487,6.2786552804884215,352.1809355185953,250
359,1297.5453336370033,970.14868794889,276.57942722198345,-14.923177895025606,2312.5455787418177,122.17093582644,18.928770276648244,-2.4153757312000064,0.0573571333019657,6.2786552804884215,352.1809355185953,250
206,932.4867159553372,540.9665553244545,276.64499561778734,-14.97403834754473,2286.1408436174097,123.68651375855232,18.48334773247932,-2.4029074351146287,0.0587393591092908,6.2786552804884215,352.1809355185953,250
500,1253.3816630827862,1300.3270878542137,276.53035510803863,-14.930879221740357,2276.619625587162,116.75140923496772,19.49971859444846,-2.3983761667286263,0.0556777265651975,6.2786552804884215,352.1809355185953,250
213,1202.589539613514,568.5785494014264,276.63973288558174,-14.935218783040204,2258.665958050493,116.6135211953606,19.368817053955425,-2.389779994197053,0.0560540169787128,6.2786552804884215,352.1809355185953,250
526,134.06398869714815,1359.4907053647132,276.5261883075464,-15.092396897748168,2248.2304338601243,118.53746313132302,18.966412596238857,-2.3847520345137934,0.0572432975656819,6.2786552804884215,352.1809355185953,250
630,1085.732810833809,1702.0144683878252,276.4711206201965,-14.956640595790882,2236.1193253678503,118.091048971113,18.935553074093207,-2.378887415718676,0.0573365877274219,6.2786552804884215,352.1809355185953,250
311,963.7311425549744,833.1102169561325,276.6012761666779,-14.970733144200176,2227.007866466389,121.63762974405712,18.308543755352108,-2.374454356060941,0.059300183264582,6.2786552804884215,352.1809355185953,250
114,202.33514483647627,305.1463200633404,276.68327807235704,-15.078292716995303,2223.06968709518,134.18528241393733,16.567164797085656,-2.372532670432355,0.0655332407987507,6.2786552804884215,352.1809355185953,250
460,766.2616407991477,1205.8195465350452,276.5464908660092,-15.000699327362604,2142.7016928890957,122.35306262936074,17.51244837556618,-2.332554260159243,0.0619959001001137,6.2786552804884215,352.1809355185953,250
698,1263.442597413026,1960.6121268927843,276.4318015263683,-14.932050744707196,2130.094092031388,118.53660305104042,17.96992690193927,-2.3261469478879717,0.0604176080361703,6.2786552804884215,352.1809355185953,250
178,860.6455498882649,464.977953710354,276.6566372420264,-14.984079550633307,2081.0628068730875,139.95204819198244,14.869827442741972,-2.300862947069535,0.0730136246826411,6.2786552804884215,352.1809355185953,250
235,558.9875404478175,631.0090398327211,276.63313834984405,-15.028237712586796,2064.1239362170745,116.12232226465322,17.77542763494473,-2.291989403536388,0.061078699331296,6.2786552804884215,352.1809355185953,250
443,967.4512196358256,1171.081609537336,276.5508334945665,-14.971567079792012,2060.031405542104,121.10470990721484,17.0103326874769,-2.289834581608894,0.0638259121645103,6.2786552804884215,352.1809355185953,250
587,1576.4566442708142,1550.131919926102,276.4917424167546,-14.885315561433137,2012.653362072626,116.52568754619467,17.272186111536506,-2.2645724360305053,0.0628582851637312,6.2786552804884215,352.1809355185953,250
280,809.709986110694,751.0818953965846,276.6141639671066,-14.992596189486855,1934.74545020322,127.9725965844284,15.118435523239498,-2.22170956340728,0.0718129860944343,6.2786552804884215,352.1809355185953,250
636,493.5113976876027,1716.093298693185,276.47146946180294,-15.042023219293696,1875.5823717101305,123.57777302450214,15.177343998084938,-2.1879903338790845,0.0715342552779322,6.2786552804884215,352.1809355185953,250
707,331.8008017665915,2022.056770267361,276.4264646873641,-15.06651071358948,1825.5609744618705,146.43681850686977,12.466543544690763,-2.1586408361605205,0.0870890953942383,6.2786552804884215,352.1809355185953,250
688,816.7878122640544,1921.86093947727,276.4394252519968,-14.996255761682889,1782.3441954886075,118.44007548749984,15.048489188751963,-2.1326289186030807,0.0721467774194574,6.2786552804884215,352.1809355185953,250
295,1474.1057757548947,798.6949504883341,276.6042591059664,-14.89702578601917,1728.475196913059,140.2038062800315,12.328304364724206,-2.0993078581474736,0.0880656388648698,6.2786552804884215,352.1809355185953,250
299,806.1470912267217,808.0177173771694,276.60568343558367,-14.993342043784388,1727.6906700539694,123.42790472541684,13.997569462897925,-2.0988149482224667,0.0775634657772383,6.2786552804884215,352.1809355185953,250
