ID,X_pix,Y_pix,RA_deg,Dec_deg,Fluxo,Erro_Fluxo,SNR,Mag_Inst,Erro_Mag,Std_Fundo_Local,Area_Ap,Exptime
736,2008.2346608360435,1328.3908041816749,276.53084121960944,-14.793650964834558,1980849.9965642279,1411.1765282178917,1403.6868931385573,-10.134533850912817,0.0007734630887465523,3.344222022651961,399.56645685892516,175
769,1553.526625777577,1376.1919972247156,276.52560855238994,-14.859468867536332,514938.5918873254,720.3655655200618,714.8295484051488,-8.671793481010491,0.001518823616654205,3.344222022651961,399.56645685892516,175
209,3052.9592104401177,409.09287015864476,276.6636697096942,-14.638984189453007,382807.2225074894,628.5136804836791,609.0674465715626,-8.349855186061676,0.0017825612025587634,3.344222022651961,399.56645685892516,175
914,398.4619626886507,1648.593485834326,276.48978001220013,-15.027221876243422,269155.85827038455,524.1669699186726,513.4925962850074,-7.967414470344875,0.002114344019475203,3.344222022651961,399.56645685892516,175
536,126.788051121174,983.7579165269697,276.5902598257935,-15.063771461153435,249087.8264871017,505.7987703431413,492.46427846812844,-7.883286135918521,0.002204626908934807,3.344222022651961,399.56645685892516,175
298,95.55830420534257,564.1539244037978,276.6531052578363,-15.06659239948782,216817.82443069722,470.6502650167134,460.67715360363763,-7.7326423341781485,0.002356748085958103,3.344222022651961,399.56645685892516,175
90,1724.2240933813553,195.60953798970183,276.70118873437264,-14.829961633269454,204143.41484051791,459.29824451337794,444.4680929638777,-7.667243316343613,0.002442695026228206,3.344222022651961,399.56645685892516,175
608,490.359294528917,1116.6083827737612,276.5688619802481,-15.011840836009434,202696.60994890795,455.1962824107426,445.29495907878777,-7.659521091496875,0.0024381591973240886,3.344222022651961,399.56645685892516,175
364,823.8626407750378,683.9524002445806,276.63208255273423,-14.961959848399976,188240.1852090859,439.01847205872065,428.7750907754696,-7.57918573195806,0.002532096717737115,3.344222022651961,399.56645685892516,175
1063,1250.715799391167,1972.2005022399374,276.43789448875424,-14.905562693912403,167896.82634621736,413.6844634041557,405.8572201735985,-7.455011095798061,0.002675078687858776,3.344222022651961,399.56645685892516,175
572,1272.9658535917915,1050.536647888691,276.57541676516973,-14.89863333241049,153295.19654703548,395.7348892525629,387.3684143355897,-7.35622624477767,0.002802758200774272,3.344222022651961,399.56645685892516,175
614,1622.1749658755573,1125.341785110016,276.56277368977527,-14.848538180516538,151938.97316582585,394.1899543958269,385.44608118870514,-7.346577845855835,0.0028167363815237946,3.344222022651961,399.56645685892516,175
908,101.22768251464169,1614.755866126816,276.49608703327135,-15.069966283453928,125018.57639893744,358.2569378074828,348.96344831183393,-7.134841251367239,0.003111214097786591,3.344222022651961,399.56645685892516,175
411,1789.6045676517795,774.4265024357223,276.6144654890847,-14.822927407959847,120163.91748493523,351.5293400711792,341.83182962936723,-7.091840074287799,0.0031761231865890765,3.344222022651961,399.56645685892516,175
638,472.8263151573346,1168.955595023753,276.5611157526292,-15.014580822217608,111902.68316730738,345.74753773811716,323.6543169602176,-7.014506128358157,0.003354504924256735,3.344222022651961,399.56645685892516,175
1017,1152.0524225397494,1864.7343785679511,276.454348262143,-14.919366754026957,111339.51393148815,338.77215667006936,328.6560354483968,-7.00902818078581,0.003303453711168706,3.344222022651961,399.56645685892516,175
585,925.9813341811196,1066.4422817868276,276.5745089446456,-14.948774969721581,109708.65788385647,337.45544526217765,325.1056085303974,-6.993007133702652,0.0033395302065312945,3.344222022651961,399.56645685892516,175
1054,1404.48719165899,1956.2624308224135,276.43963499970465,-14.883315283529914,99602.81468796596,320.64651560423243,310.6312086388106,-6.88808390672754,0.003495141408223435,3.344222022651961,399.56645685892516,175
143,1095.94408862843,303.1820600036244,276.6878090009708,-14.921122149666028,88028.82930884694,306.45322612065365,287.25045718457903,-6.753967193867577,0.0037796284491284898,3.344222022651961,399.56645685892516,175
385,1235.3880123244196,725.3682536594952,276.624142522106,-14.90272824154361,87489.86897415295,304.53841124882007,287.28681093259604,-6.747299293601326,0.003779150168695805,3.344222022651961,399.56645685892516,175
36,906.0653234846986,95.03136831105294,276.71972866866247,-14.947677082966264,87203.50965529663,302.43686858030816,288.33624043472355,-6.743739788816823,0.0037653955616647216,3.344222022651961,399.56645685892516,175
1081,862.0519629121912,2005.22111728531,276.4345815378122,-14.961760730638806,84854.82799683188,298.214085013944,284.5433272974488,-6.714096271958319,0.00381558763057922,3.344222022651961,399.56645685892516,175
167,2558.8840526212907,348.16417078651534,276.67485372428723,-14.710075880065459,82182.2822221739,293.67284912365164,279.84296971073024,-6.679350372178785,0.003879675809337905,3.344222022651961,399.56645685892516,175
478,2467.3355730266385,877.3510047727256,276.59624264488883,-14.725515191432649,81999.13414470264,292.92193607751204,279.9351091377612,-6.676928044665412,0.003878398830872291,3.344222022651961,399.56645685892516,175
518,767.686591342233,944.5859055030277,276.59338350556675,-14.971126278397374,75869.99064740672,283.0855017757758,268.01086658087223,-6.5925799546043145,0.004050955149135307,3.344222022651961,399.56645685892516,175
66,3031.1646690706293,159.23654883486628,276.70105620933333,-14.641067372833726,75738.9609139082,300.0860201162312,252.3908340834155,-6.590703234799642,0.00430166176177846,3.344222022651961,399.56645685892516,175
306,319.77604016309186,574.7721142802724,276.650554880391,-15.034274073883173,74830.81365489398,280.81430383621205,266.47792734425616,-6.577606046898095,0.004074258648062102,3.344222022651961,399.56645685892516,175
389,551.7528238917756,738.8315537693927,276.62504477521435,-15.00145733036444,74772.47495242677,279.7926953581626,267.24241266095436,-6.576759268124613,0.00406260364584198,3.344222022651961,399.56645685892516,175
125,1111.0433025132222,271.48083206262504,276.6924807912074,-14.918811377250298,70667.4368814572,291.629883216393,242.31891499617367,-6.515453227470093,0.004480459150360358,3.344222022651961,399.56645685892516,175
119,90.03542598928293,261.3962723176592,276.69838577754973,-15.066164150518468,70385.7365062534,277.72912390342435,253.43304122015252,-6.511116526699199,0.004283971792994714,3.344222022651961,399.56645685892516,175
253,1550.9358158379223,477.8580558307521,276.6597696001506,-14.856155860030292,64090.819381108915,263.34741473650075,243.3698445273772,-6.409394438131443,0.004461111449976159,3.344222022651961,399.56645685892516,175
1090,2035.2439770508338,2017.5479743897101,276.42787806800214,-14.792561276423344,63147.8401437001,257.05924478930626,245.6548108023037,-6.393301130527915,0.004419616275594708,3.344222022651961,399.56645685892516,175
612,626.0586807798097,1124.9185711242494,276.56704474364597,-14.99229261460921,60547.63110147102,254.71671247338057,237.70576541104901,-6.3476477688776995,0.004567411304149776,3.344222022651961,399.56645685892516,175
1093,2151.1651069151117,2018.9644841649006,276.42718859878767,-14.775841941956317,58792.45558863829,249.1674487017526,235.95560292874146,-6.315708877724646,0.004601289338011106,3.344222022651961,399.56645685892516,175
183,2320.578683798946,370.19538110382433,276.6725750519021,-14.744580776011476,58276.17971096077,249.57190369197536,233.50456861877342,-6.306132563035413,0.004649587827861932,3.344222022651961,399.56645685892516,175
940,1227.0735174503643,1702.9176559934174,276.4781941754969,-14.907894879725674,57026.95933610358,246.54082106807073,231.30838572310202,-6.282605417594369,0.004693733850616577,3.344222022651961,399.56645685892516,175
854,590.7616415312134,1522.5746012577695,276.5077935497715,-14.998978345184542,56398.376696650754,244.28775822989954,230.86861619800925,-6.27057138816138,0.004702674698187765,3.344222022651961,399.56645685892516,175
147,330.4698992932168,307.2514771263306,276.6904929466892,-15.031644106840414,55839.09752290291,247.20006055628573,225.8862615051372,-6.259750854686344,0.0048064012072523,3.344222022651961,399.56645685892516,175
105,1165.3035971847023,229.23847825092298,276.6985594769938,-14.910802843853544,55734.333459302696,249.12884922093895,223.71689843866665,-6.257711907434555,0.0048530084565679395,3.344222022651961,399.56645685892516,175
37,811.3196179763173,97.03125609709403,276.7198383567256,-14.961364740567783,55320.98329839131,242.95099698137204,227.70428599077934,-6.249629605380257,0.004768026193604298,3.344222022651961,399.56645685892516,175
609,347.751344321453,1117.439540403263,276.56934352732276,-15.032422185197294,53198.32130834696,238.54234880490316,223.01415901566526,-6.207149698776383,0.004868300760776973,3.344222022651961,399.56645685892516,175
108,199.73472173216558,236.6551696040088,276.70161003835653,-15.050228516697414,52867.358528293524,240.32426622670948,219.9834388693033,-6.200373907784625,0.004935371524240226,3.344222022651961,399.56645685892516,175
570,118.73958294119313,1047.0863006699233,276.58083060642673,-15.06518601463251,51917.423702402564,238.64384225785915,217.5519100396683,-6.18068771162913,0.00499053306312978,3.344222022651961,399.56645685892516,175
1022,418.8721851930351,1876.5426815697667,276.45564797449674,-15.025178995644929,50096.600456228305,232.01077294702932,215.92359621880973,-6.141925517643292,0.005028167458362392,3.344222022651961,399.56645685892516,175
722,409.59440767453015,1307.5935075111554,276.5406718378788,-15.024259254977244,49783.35934458586,231.28489639256793,215.24691028715867,-6.135115376120735,0.005043974840575314,3.344222022651961,399.56645685892516,175
999,1823.9872689092276,1821.4614476487927,276.4580142097782,-14.822248322816877,49060.20860786893,230.15666232177756,213.16006285874448,-6.119228354605806,0.005093355600666457,3.344222022651961,399.56645685892516,175
738,2569.326106346438,1332.9571173932568,276.52781933284473,-14.712686014038429,48966.98009866953,229.28198657949696,213.56662522501145,-6.117163180655455,0.005083659484978603,3.344222022651961,399.56645685892516,175
712,1771.7434203967423,1293.3214478305804,276.5370661268526,-14.827638687147438,46106.81917972825,221.95504114319147,207.73044370721468,-6.051817783575716,0.005226484768550527,3.344222022651961,399.56645685892516,175
745,1254.7665851743527,1341.9225757431834,276.53197936631415,-14.902443267362223,45154.61318532957,221.10969817284195,204.21814854105634,-6.029160193954981,0.005316373729545047,3.344222022651961,399.56645685892516,175
171,511.83012415540895,354.2280144343848,276.6826904110463,-15.00565592045946,44284.29094174586,218.56166415899963,202.61691871786738,-6.008029116684654,0.005358387674978792,3.344222022651961,399.56645685892516,175
891,705.221129986071,1587.46534707933,276.4976202545137,-14.982723651134979,44064.906713134056,220.01062490153782,200.28535773149406,-6.002637015892562,0.005420765712965937,3.344222022651961,399.56645685892516,175
958,2353.688538163705,1728.6691568661543,276.4696668008678,-14.745436509073032,43513.70109257649,217.27530857155162,200.26988514549438,-5.988969938603118,0.0054211845141432435,3.344222022651961,399.56645685892516,175
915,238.04104677562415,1649.0428132028453,276.49038821853077,-15.050365661320464,43117.773107524845,216.04601358347782,199.57680492384836,-5.979045685442019,0.005440010929197238,3.344222022651961,399.56645685892516,175
749,2717.4995038442644,1347.844931385607,276.52498154106786,-14.691360290974922,42758.49380216657,217.11714769197653,196.9374333474016,-5.969960874482948,0.0055129184002555955,3.344222022651961,399.56645685892516,175
588,2598.4228461700827,1075.8771614858415,276.5660626805744,-14.707418442988542,42354.12433101435,213.68835272868083,198.20511408401933,-5.959644146178254,0.005477658863735327,3.344222022651961,399.56645685892516,175
530,966.0966161782476,965.9327091251619,276.5893522860165,-14.94257800530979,42067.223424685915,217.16221110036417,193.7133685070283,-5.952264498525727,0.005604672554958998,3.344222022651961,399.56645685892516,175
173,1641.2599826852577,355.39924600304903,276.67767557729377,-14.842606811938063,41901.55853516198,212.42646732522178,197.25206120860315,-5.9479803205826105,0.0055041249929034825,3.344222022651961,399.56645685892516,175
875,2307.4186483677668,1557.5792053811297,276.4953886899977,-14.751412627825127,40557.7560270215,210.1970474099216,192.95112146807026,-5.9125896743217385,0.005626813628961793,3.344222022651961,399.56645685892516,175
231,2464.349647139961,438.25687213168186,276.6618036766113,-14.724106635570381,40034.44895364987,208.17622391274787,192.31038108573514,-5.8984895160912405,0.005645561065764708,3.344222022651961,399.56645685892516,175
457,90.77358700835023,841.7158196535328,276.6116411439393,-15.068399462136004,37902.32001730593,204.73041666257575,185.1328231299125,-5.839069363618451,0.00586443819980067,3.344222022651961,399.56645685892516,175
682,2297.4544171381945,1242.6410347391932,276.5424315917529,-14.751554277708177,37548.88569214122,206.81922431902862,181.5541365449677,-5.828897511599123,0.005980034499137351,3.344222022651961,399.56645685892516,175
369,162.42007412367772,692.6529489493479,276.6336122108239,-15.057460739373324,36442.02134133302,201.52765529419514,180.8288856838732,-5.796411023586633,0.0060040186383608606,3.344222022651961,399.56645685892516,175
971,1234.741551090286,1764.8932164681607,276.46890933396423,-14.907037325279102,36039.44110268832,199.31837038073155,180.81344451014192,-5.784349996655845,0.006004531371775856,3.344222022651961,399.56645685892516,175
826,2492.5915841457886,1467.994228390338,276.5079878247171,-14.724319422704692,35398.71420719725,197.1405169368739,179.56082675045548,-5.764873596706033,0.006046419030520787,3.344222022651961,399.56645685892516,175
603,81.34668008521712,1113.1612475416832,276.57111613554724,-15.070845184444217,35351.42769790621,197.8946965418827,178.63756995844702,-5.763422272895334,0.0060776688814819044,3.344222022651961,399.56645685892516,175
658,1589.807230439888,1213.167306977372,276.54979653497963,-14.853568694345153,34705.80064924946,195.6009797658751,177.4316298966939,-5.743410047928804,0.006118976648256727,3.344222022651961,399.56645685892516,175
141,987.8872355812894,299.46802766216854,276.68882754966086,-14.93670713581247,34333.27095954568,197.68809855453068,173.67393996191998,-5.7316928307759705,0.006251369665696836,3.344222022651961,399.56645685892516,175
793,383.0935335540796,1417.5438303044755,276.5243584692145,-15.028521216875559,33884.417932932236,196.4941009035752,172.44496286206683,-5.717404952590847,0.006295921794296866,3.344222022651961,399.56645685892516,175
918,1535.9826178882468,1658.3923769055132,276.4835522389039,-14.863144544129444,33720.77193497948,192.8668448183715,174.83965150534473,-5.712148648093718,0.006209689796635239,3.344222022651961,399.56645685892516,175
216,1709.243109386981,420.00993288423746,276.6677354024254,-14.833059920106496,33463.6908285135,193.2335162609458,173.1774667047075,-5.70383947613074,0.006269291384492157,3.344222022651961,399.56645685892516,175
1049,1478.879080136699,1935.2402259856901,276.4424641161438,-14.872498593051008,33301.05954999206,190.75256778909588,174.57725437704786,-5.698550007800387,0.006219023227706003,3.344222022651961,399.56645685892516,175
281,1367.5275195656204,530.6157798331685,276.6526707718831,-14.882852295625007,32855.33201963341,194.77640178772035,168.68230297960443,-5.683919529065756,0.006436359836344381,3.344222022651961,399.56645685892516,175
68,1560.4608870466843,163.22123847315677,276.706727849594,-14.853473131197529,32745.670953318477,190.3384600122436,172.0391714381429,-5.680289611977391,0.006310772081289442,3.344222022651961,399.56645685892516,175
877,734.7833467140684,1559.892936847184,276.50161393606993,-14.978348509117238,32585.918860079575,190.05906178090777,171.4515401409446,-5.674979807712424,0.006332401558524831,3.344222022651961,399.56645685892516,175
1073,2773.5507680177434,1981.4173104107429,276.4302294930189,-14.685884713775344,31137.154786446656,190.7028457664855,163.27577420933676,-5.625602192297427,0.006649486154682189,3.344222022651961,399.56645685892516,175
81,1785.6571987782047,183.41422039242875,276.70274763988147,-14.821039857297697,30368.247306429374,183.9777638334775,165.0647701855773,-5.598454196974267,0.0065774180570413706,3.344222022651961,399.56645685892516,175
30,1943.6247426752723,75.90205039295418,276.71813051313865,-14.797777860983556,29214.258917896077,186.78426005733823,156.4064279770041,-5.556392063230416,0.006941530562667327,3.344222022651961,399.56645685892516,175
770,835.0292194826454,1377.8443390859786,276.5283813578735,-14.963155508457271,28972.52890682392,181.18411641241795,159.90656068811012,-5.547370890400037,0.006789590091413476,3.344222022651961,399.56645685892516,175
835,1913.1670927045614,1479.16736832246,276.5087323860801,-14.80798810516189,27957.776336699666,178.71180048738086,156.44057225350272,-5.508661443759405,0.006940015523854562,3.344222022651961,399.56645685892516,175
604,1131.5430727266385,1112.807014416678,276.5667143359594,-14.919296979682972,27760.331926679617,176.22147623140373,157.530923700959,-5.500966514825559,0.006891980155343879,3.344222022651961,399.56645685892516,175
661,1936.2928771018896,1216.338759055187,276.5478688969979,-14.803574330627926,27570.24225132531,175.73279691817785,156.88728987886174,-5.493506333624106,0.006920254667145489,3.344222022651961,399.56645685892516,175
697,2268.439019915946,1265.840701673565,276.53909019328694,-14.755838048949213,27385.7663855851,177.13403778750808,154.60476556424103,-5.486217125997433,0.007022422601513356,3.344222022651961,399.56645685892516,175
113,1111.3615646229352,247.18682413228532,276.6961092869942,-14.918665088098852,27252.61819222127,186.6530322116235,146.0068334776517,-5.4809254578262685,0.0074359533327334375,3.344222022651961,399.56645685892516,175
290,2863.7415159177376,546.077984777597,276.6440214895722,-14.66688928607165,27021.42063506131,174.73241970895705,154.6445741441086,-5.4716753234327795,0.007020614890686492,3.344222022651961,399.56645685892516,175
360,2288.880110783253,672.9953365139571,276.6275002284718,-14.75042642172068,26987.64598761566,177.0287883822473,152.44778114474187,-5.47031738986318,0.007121782894099193,3.344222022651961,399.56645685892516,175
635,380.42355853353007,1162.5712747182558,276.5624616915246,-15.027888469763036,26941.396946190915,176.04774178102366,153.03460682672016,-5.468455155034276,0.007094473743637145,3.344222022651961,399.56645685892516,175
473,969.4802397570364,869.2044952875609,276.60378698141574,-14.941696487432063,26764.759688486374,185.95252955280432,143.93329175382942,-5.461313249177058,0.007543077676962213,3.344222022651961,399.56645685892516,175
486,2082.036574805379,892.6829911584113,276.5955744205503,-14.781201884637758,26552.93299572938,176.75860612457532,150.2214436847024,-5.452686127186555,0.007227330355570008,3.344222022651961,399.56645685892516,175
470,2568.1889880771246,865.1436169070118,276.5976412401805,-14.710904009788011,26552.66966577369,176.26792687158513,150.63812309495117,-5.452675359702434,0.007207338870756208,3.344222022651961,399.56645685892516,175
77,2510.992681110237,178.99785867371276,276.7003142097229,-14.716276869730343,26431.72617788741,173.36196464861874,152.46554358945426,-5.447718694650373,0.007120953196634887,3.344222022651961,399.56645685892516,175
433,903.4564939020115,807.2728415337357,276.6133194659436,-14.950973774435328,26019.051999151357,187.16163985844767,139.01914953742573,-5.430633550908363,0.007809715450084204,3.344222022651961,399.56645685892516,175
160,2632.367347923752,332.4383679314595,276.6768900952234,-14.699397832607795,25767.80798099769,176.84251341432577,145.7104826407103,-5.420098567051181,0.007451076822503535,3.344222022651961,399.56645685892516,175
17,2204.8697908939016,57.2980916545215,276.71979214556654,-14.759971998659788,25746.058156184707,171.00828039494417,150.55445325059173,-5.4191817430804505,0.0072113443113695,3.344222022651961,399.56645685892516,175
1024,144.8986723463843,1884.156292310644,276.45565957661677,-15.064727127353388,25588.08101964672,179.32206588390702,142.6934320297895,-5.412499171174553,0.007608619293516909,3.344222022651961,399.56645685892516,175
156,60.749846050887186,330.9558550136302,276.68811379899506,-15.07067351365301,25525.271149831067,179.30495045121293,142.35675638401426,-5.409830788800628,0.007626613780601124,3.344222022651961,399.56645685892516,175
1034,2458.6024182763535,1898.9718998390276,276.4438240173402,-14.73099367217554,25203.386994041502,169.1356847210379,149.01282976215478,-5.396052148291693,0.007285949818770158,3.344222022651961,399.56645685892516,175
688,1216.8188495512322,1256.4124420126716,276.5449082170124,-14.907573015414062,25080.24840103899,168.22467343164743,149.08781149294086,-5.390734462136533,0.007282285447267477,3.344222022651961,399.56645685892516,175
44,559.2045220548725,107.49374381921565,276.71936310840397,-14.997806901978938,24992.616503190453,171.0958261508684,146.07379423243518,-5.3869341914108615,0.00743254466487271,3.344222022651961,399.56645685892516,175
407,947.4321228098506,763.5863454014215,276.61965862553353,-14.944448628572458,24863.706126149016,169.40877544817025,146.76752169639488,-5.381319538422011,0.007397413184136833,3.344222022651961,399.56645685892516,175
623,2733.414713747816,1138.7469821241607,276.55611664414147,-14.688193306424768,24731.989794400404,168.3258204229627,146.92926927226497,-5.3755525248248635,0.007389269717173647,3.344222022651961,399.56645685892516,175
591,640.7418220075965,1084.2431980847114,276.5730589662747,-14.99001002039068,24708.272995935957,173.5029924510993,142.408339169711,-5.3745108560603505,0.007623851287993385,3.344222022651961,399.56645685892516,175
67,2657.916200648468,162.4387497648827,276.702162018707,-14.694988030671235,24620.401861541817,167.73814524288485,146.77878920081938,-5.370642721627275,0.007396845320167959,3.344222022651961,399.56645685892516,175
616,541.9401915477993,1129.2846626810363,276.5667492650444,-15.004448613761548,23935.871343890205,169.97215904177224,140.82230571659528,-5.340027982892418,0.007709716116883997,3.344222022651961,399.56645685892516,175
340,578.2611807332052,638.7574210443216,276.6398850512434,-14.997225404550365,23835.692515897303,173.6415875946822,137.26949198100556,-5.335474314092298,0.007909259255874802,3.344222022651961,399.56645685892516,175
718,990.6692060020762,1298.5839681583466,276.5395630670068,-14.940378203295595,23392.587885596266,164.90874284311388,141.85171436211135,-5.315100552758415,0.007653767209527578,3.344222022651961,399.56645685892516,175
134,2985.347903125607,285.7958843344152,276.6823586365938,-14.648224045009863,23261.719609256717,168.99156824252532,137.6501789478222,-5.30900941965727,0.007887385314708137,3.344222022651961,399.56645685892516,175
972,251.53856888344586,1767.5972109492009,276.47262224124916,-15.048886595307286,22900.67712222843,162.81264231319707,140.65662713203307,-5.292025687419992,0.0077187973445493165,3.344222022651961,399.56645685892516,175
71,325.5843571749684,167.5807510597505,276.71139145032885,-15.031779708952659,22708.506711183174,165.87914092895454,136.8979040041517,-5.282876319247976,0.00793072770469206,3.344222022651961,399.56645685892516,175
402,1648.5523885993184,754.3454496732231,276.6180612851393,-14.843206400135822,22660.356764420896,162.28283100486993,139.6349609142626,-5.280571736056774,0.00777527341928811,3.344222022651961,399.56645685892516,175
278,2984.534297150301,528.9180174190591,276.6460739252799,-14.649373869322744,21973.10440214508,181.09948956427525,121.3316749539841,-5.247133426306619,0.008948199226720965,3.344222022651961,399.56645685892516,175
728,1485.4994602091315,1313.2011204057333,276.5352987197627,-14.869029829911879,21740.717464885412,160.50872018737022,135.44882445954548,-5.2355895586051275,0.00801557344134992,3.344222022651961,399.56645685892516,175
212,1243.93115988067,412.0988952622276,276.6709028897011,-14.900206525343709,21538.55615474921,159.09008892161685,135.3859080772856,-5.225446345391809,0.008019298429347786,3.344222022651961,399.56645685892516,175
1056,2823.533872367163,1957.1703311296426,276.43364095863615,-14.678572621449788,21425.832618797314,165.9880890058281,129.0805427493356,-5.219749147855561,0.008411027540443065,3.344222022651961,399.56645685892516,175
302,495.06316243607455,569.3436285466087,276.65061417447856,-15.008951982946861,21420.51184026699,162.02383552860545,132.2059298891562,-5.219479488355294,0.008212188370901896,3.344222022651961,399.56645685892516,175
28,1788.4977429043936,74.19954335821954,276.7190489799475,-14.820172349634529,21414.795201787754,158.90060086877128,134.76849731659135,-5.219189691837801,0.008056036993938788,3.344222022651961,399.56645685892516,175
960,1622.4061296519576,1739.9158590661266,276.4710229213651,-14.851004044276202,21302.980130423995,157.2448086053032,135.47652427684366,-5.213505784024999,0.008013934560214972,3.344222022651961,399.56645685892516,175
170,1596.7906588346364,352.77748936591905,276.6782569716233,-14.849016523463439,20851.928492242587,154.68294395796053,134.80431622706695,-5.190270445600489,0.008053896421025766,3.344222022651961,399.56645685892516,175
583,768.2776564635722,1066.3215394557274,276.5751952760277,-14.971533210356535,20848.736391176004,158.19692751375197,131.78976810003869,-5.190104223804568,0.008238120573790444,3.344222022651961,399.56645685892516,175
361,400.6907012717889,674.41745897509,276.6353163831675,-15.022998990599664,20530.53630151003,156.74766009484162,130.97826333795248,-5.173405613832555,0.008289161669510438,3.344222022651961,399.56645685892516,175
84,1613.0868921133217,186.3853214351939,276.7030421446489,-14.845970825626592,19919.613275576063,154.4554433157701,128.96672883746947,-5.140607134950042,0.008418450322704977,3.344222022651961,399.56645685892516,175
263,350.7179194389063,491.13017603141526,276.6629226263657,-15.029468985411134,19603.68325246917,153.2204489875358,127.94430105125129,-5.12324907018832,0.00848572379605322,3.344222022651961,399.56645685892516,175
255,776.5060544621019,478.2982431809625,276.66301289325304,-14.967956142720713,19571.92524312329,152.56049070836963,128.2896059933134,-5.121488748936644,0.008462883579645478,3.344222022651961,399.56645685892516,175
909,341.0643433212886,1618.9230886534085,276.4944535345255,-15.035384521988258,19534.068927942426,152.61219765828042,127.99808421396223,-5.119386667878184,0.008482158203126998,3.344222022651961,399.56645685892516,175
462,1897.0066397401954,850.3527266070314,276.60267453184434,-14.807737017821665,19304.31142518515,150.66391375549918,128.12830188728952,-5.1065406662256425,0.008473537727480824,3.344222022651961,399.56645685892516,175
61,1096.9599403362085,144.45928834050702,276.7115205997802,-14.920319605422218,19246.50058295764,156.2521235767914,123.17592966023778,-5.103284321250536,0.008814222088639719,3.344222022651961,399.56645685892516,175
64,1195.0576206096741,157.23588266936432,276.7091898419583,-14.9062087607983,19178.044480098237,152.63488284347093,125.6465371665111,-5.099415682190509,0.008640906661527753,3.344222022651961,399.56645685892516,175
763,2240.26049675953,1369.4216851917333,276.52374834797916,-14.76033189552699,18776.658174613258,148.68736156339375,126.28281231964505,-5.076450628531486,0.008597369507830516,3.344222022651961,399.56645685892516,175
54,2845.2930577764605,121.79814579891935,276.7074335326999,-14.667753183639775,18702.610552785016,157.66140732768952,118.62516559878723,-5.072160454724437,0.009152358140194662,3.344222022651961,399.56645685892516,175
552,488.67776171632806,1004.5825302809535,276.58560629168653,-15.0116331973927,18347.25050122026,152.1441430049599,120.59123761748845,-5.05133235471145,0.00900314169959683,3.344222022651961,399.56645685892516,175
809,1963.348108994893,1437.9626326962373,276.5146733844885,-14.800577858255728,18126.042189052823,146.67012476037348,123.58373744255529,-5.038162344521839,0.008785136478856368,3.344222022651961,399.56645685892516,175
817,2749.5822571276067,1447.1673508470737,276.5100287312529,-14.687141370668904,17912.91296124141,145.63487417711985,122.99878763554864,-5.025320417463649,0.00882691627186588,3.344222022651961,399.56645685892516,175
427,559.2367091832975,799.5329357094801,276.61594279358434,-15.000622985084986,17463.344593917427,147.78790017521,118.1649145377514,-4.99772343770155,0.009188006475925136,3.344222022651961,399.56645685892516,175
919,2120.1014251307506,1659.2388482947674,276.48099561832265,-14.778860737365408,17378.713906540186,143.54431496825126,121.06863243162199,-4.992448962771938,0.008967640735623155,3.344222022651961,399.56645685892516,175
378,1213.2880952484481,715.8763166204744,276.62565432844616,-14.905879397726082,17310.855183322274,190.7546219414257,90.74933549257774,-4.988201186364404,0.011963723966758941,3.344222022651961,399.56645685892516,175
42,2453.486221696526,103.52876784185048,276.7118277653862,-14.724262387012706,17131.463352917985,144.7054081833555,118.38854931538421,-4.976891032188638,0.009170650424203794,3.344222022651961,399.56645685892516,175
539,304.40120492362814,989.3635682942903,276.58866480703114,-15.038164157130128,17114.18974092597,151.84032432778244,112.71175701641044,-4.975795734781646,0.00963253549354151,3.344222022651961,399.56645685892516,175
1088,2925.726311688198,2015.609531991628,276.4245053872352,-14.664066200001287,17095.001132067147,168.36479111804337,101.53548742908816,-4.974577713015549,0.010692813197535957,3.344222022651961,399.56645685892516,175
615,978.7202695637058,1125.8735121795619,276.5654087361802,-14.941404607526957,16717.3445033991,143.23660973168924,116.71139476642196,-4.950323109021414,0.009302433598474633,3.344222022651961,399.56645685892516,175
471,513.0473435158179,867.0122571698016,276.6060572424265,-15.007561823614388,16655.887064099952,144.48416223498782,115.27828937410426,-4.946324296848158,0.009418078685021572,3.344222022651961,399.56645685892516,175
813,453.4804181183101,1443.1447165008224,276.52023686179456,-15.018468044561816,16592.051407999912,144.75545064358226,114.62125491117402,-4.9421550898938005,0.009472065201531476,3.344222022651961,399.56645685892516,175
961,606.5728350623991,1744.1651326438741,276.4746316208693,-14.99757888721971,16481.06259141254,142.33145204723849,115.79353933621523,-4.934867900132112,0.00937617077968045,3.344222022651961,399.56645685892516,175
725,732.7258031497256,1310.7411934894878,276.53883550418675,-14.977647624903131,16287.64592221781,142.75047086836406,114.09871941674575,-4.922050677319957,0.009515444218391962,3.344222022651961,399.56645685892516,175
893,1870.4006639956551,1589.2871116438216,276.49247396024873,-14.814608600527668,16271.06039370576,142.3642768772169,114.29173631625899,-4.9209445209411715,0.009499374451672845,3.344222022651961,399.56645685892516,175
801,2835.4499897713335,1427.4183172552641,276.5126192021007,-14.674665531335354,16214.77400423243,140.70005960874994,115.24354751036691,-4.917182128306162,0.00942091790347164,3.344222022651961,399.56645685892516,175
627,525.0190890682887,1147.6798493309786,276.56407288991625,-15.006964195190337,15862.094928072853,142.62964232066741,111.21176965732595,-4.893306239839596,0.009762455928408841,3.344222022651961,399.56645685892516,175
1018,1735.6889207054435,1865.5921695951736,276.4517940510585,-14.835166787615917,15728.266115329985,138.63662121670885,113.44957758848189,-4.884106999837839,0.009569890193317275,3.344222022651961,399.56645685892516,175
1084,2689.5583836365895,2008.679719920206,276.4265078024467,-14.69811626379283,15673.93159390695,141.1694120523813,111.02923335893115,-4.880349745871364,0.009778505778655517,3.344222022651961,399.56645685892516,175
1089,957.5187752059957,2017.198946868834,276.43239580864565,-14.948037248233996,15672.946155421349,138.40858325739526,113.23680791006097,-4.880281482215233,0.009587871823994933,3.344222022651961,399.56645685892516,175
353,1540.5372929143764,663.6715142454858,276.63206106422325,-14.858425159557308,15259.348137072724,138.97666509839738,109.79791554408719,-4.8512448318400905,0.00988816586016206,3.344222022651961,399.56645685892516,175
756,1419.825318778267,1356.217007685219,276.5291516759789,-14.878682102169929,15027.375296216342,139.13365913493055,108.00675688147416,-4.834612710005708,0.010052148877976584,3.344222022651961,399.56645685892516,175
762,2032.7496769325521,1368.9320898309525,276.52468737094216,-14.790279115944784,15019.380755006336,146.17473495616846,102.74949880709552,-4.834034946268274,0.010566474898707977,3.344222022651961,399.56645685892516,175
606,2367.5352795894196,1112.929893578672,276.5614984470512,-14.740901866145757,14888.945272388635,138.02547254932074,107.87099654426727,-4.824564712220508,0.01006479994420427,3.344222022651961,399.56645685892516,175
766,45.746317687065876,1374.4094033184324,276.53223064551713,-15.077019872920687,14585.463596501359,136.5088794544515,106.8462627104638,-4.802205472419318,0.010161328739612284,3.344222022651961,399.56645685892516,175
453,1302.4830129425789,836.4844224185218,276.6072608130701,-14.893498699631168,14496.38010408607,137.33247923783648,105.55682227931536,-4.795553798166691,0.010285455516339005,3.344222022651961,399.56645685892516,175
1076,1428.880054218909,1997.9631940750862,276.43330928823457,-14.879963315390125,14482.19157879788,136.04329527170938,106.45281378897542,-4.794490598986476,0.01019888494588988,3.344222022651961,399.56645685892516,175
463,539.7591190519822,852.7910399862777,276.60806822560414,-15.00364937607877,14424.134883716993,158.38950994706292,91.06748855109053,-4.790129315610216,0.01192192754268064,3.344222022651961,399.56645685892516,175
921,1395.7747717815466,1665.6719434974032,276.48305044286684,-14.883404309202755,14286.562036276824,132.65046025381812,107.70081015128335,-4.779724206680452,0.01008070411424907,3.344222022651961,399.56645685892516,175
495,1431.6192163164058,911.1237334007758,276.59556641059373,-14.875164824534751,14116.686429981695,135.62033222906746,104.08974965595955,-4.766736798180137,0.010430421857949386,3.344222022651961,399.56645685892516,175
651,529.5712752184222,1197.554315376836,276.5566026710971,-15.0065074547374,14112.557847752876,145.54304114005555,96.96484103401696,-4.76641921608775,0.01119684195242601,3.344222022651961,399.56645685892516,175
512,2580.9270524676454,937.0135404005996,276.5868608382349,-14.709365221545843,13982.79293956593,131.817524738701,106.07688899699578,-4.7563896947009185,0.010235028668975656,3.344222022651961,399.56645685892516,175
79,1202.1979667938388,181.61110393005208,276.70551718362475,-14.905278812089085,13899.980478592945,134.59882371824287,103.26970247295712,-4.7499403540912075,0.010513248067934626,3.344222022651961,399.56645685892516,175
224,1258.6596309847641,432.5197771718101,276.667789228478,-14.898164455207223,13882.6788338779,133.3988029326371,104.06899109048445,-4.748588069971383,0.010432502406562402,3.344222022651961,399.56645685892516,175
865,887.4859227465703,1543.6384009879337,276.5033998889939,-14.956251778386484,13752.942057895794,131.28052773359565,104.75995408705472,-4.738393911487901,0.010363692972772703,3.344222022651961,399.56645685892516,175
558,1193.7522207759716,1022.5082138413956,276.5799376616618,-14.909951741918626,13634.296826492326,132.2162250737169,103.12120784639365,-4.728986739799986,0.010528387154049119,3.344222022651961,399.56645685892516,175
557,1060.6723375338424,1021.3820186045579,276.5806690764062,-14.929153773579019,13588.621555478749,130.8619513052182,103.83936216712132,-4.7253433874422,0.010455572697496456,3.344222022651961,399.56645685892516,175
86,589.8511362754225,189.48700542195658,276.7069758286332,-14.993718903679135,13388.20925283336,140.37864438663328,95.3721223860755,-4.709211107292581,0.011383829706598982,3.344222022651961,399.56645685892516,175
21,129.54205579504918,64.73302564578253,276.7276154336346,-15.059660770683305,13345.205869656056,152.4953781205675,87.51219895402292,-4.70571807281863,0.012406270359751835,3.344222022651961,399.56645685892516,175
467,1590.0571272670102,857.7283615888277,276.6028701343264,-14.852076136820784,13245.375694598857,131.66187669933066,100.60144991588285,-4.697565581352318,0.010792090977891472,3.344222022651961,399.56645685892516,175
418,880.2122497000048,781.3997051164,276.6172836782333,-14.954223390793588,12972.660216955876,145.6831497744749,89.04708771768202,-4.674977486011787,0.012192425691024742,3.344222022651961,399.56645685892516,175
78,69.95084139214634,181.8511585893515,276.71036438471566,-15.068740166588878,12919.87228399195,141.87110656754598,91.06767823679937,-4.670550429724556,0.011921902710387554,3.344222022651961,399.56645685892516,175
1005,586.7224294168003,1842.7899349740685,276.4599858996398,-15.000833436785426,12887.904079136817,128.23652423347158,100.50104021591135,-4.667860616028376,0.010802873260491008,3.344222022651961,399.56645685892516,175
573,1133.2711969916184,1051.9065929436051,276.5758027110898,-14.918800191621546,12880.07279865042,133.3215182405157,96.60910683160999,-4.667200672482493,0.01123807098115894,3.344222022651961,399.56645685892516,175
75,482.9937984464921,173.751217548327,276.7097889486225,-15.00908093038662,12879.082234567322,129.76583564788817,99.24863636307126,-4.667117168866998,0.010939193119271618,3.344222022651961,399.56645685892516,175
634,996.3737787256305,1157.9966254285691,276.56053619498937,-14.938987001362317,12877.704398563597,131.27826211993505,98.09472025763566,-4.667001007914454,0.011067873960479434,3.344222022651961,399.56645685892516,175
236,2688.6214867400636,447.4244758295556,276.659486328197,-14.691760220497567,12862.794868934317,133.04282244928422,96.68161447670431,-4.665743237600324,0.011229642842400014,3.344222022651961,399.56645685892516,175
1050,246.6369581946823,1944.0904614142214,276.44628092711474,-15.05028812530062,12860.256209923566,129.36850544421085,99.40793677538038,-4.665528930673824,0.010921663151034107,3.344222022651961,399.56645685892516,175
10,1727.5950043991093,36.51713605958124,276.72493896971014,-14.82880917770178,12851.022325933765,136.6259208356466,94.05991372159043,-4.6647490734936135,0.011542642950041208,3.344222022651961,399.56645685892516,175
529,1632.2546968455206,965.4579674587736,276.58660471886117,-14.846427879871866,12473.706241329754,127.60158001768525,97.75510804490767,-4.632393658534101,0.011106324996349459,3.344222022651961,399.56645685892516,175
357,2470.211910341417,667.4696564181919,276.62756008560734,-14.724222537533537,12467.93052310322,125.21821173035397,99.56962610160711,-4.631890812104386,0.010903927658542008,3.344222022651961,399.56645685892516,175
905,1259.9476290919633,1611.1424472879364,276.49175907874525,-14.902782646025987,12310.464097489807,123.22532761186203,99.90206020198696,-4.618090943021081,0.010867643748335898,3.344222022651961,399.56645685892516,175
358,2255.770933894264,671.0099519040516,276.6279364360047,-14.755198359307824,12267.156468366215,126.6358415302364,96.86954593686043,-4.614264640192392,0.011207856808863947,3.344222022651961,399.56645685892516,175
244,1136.0014399022862,463.71770370698397,276.6636527069975,-14.916000584275892,12261.866122153908,129.93329228393702,94.37047200619405,-4.613796303511934,0.01150465793928359,3.344222022651961,399.56645685892516,175
1069,2006.095073921398,1978.3686997189532,276.43384464972416,-14.796608301425524,12119.997969092306,128.7433307988496,94.14078301289845,-4.601161245926749,0.011532727530545883,3.344222022651961,399.56645685892516,175
130,847.5134251443071,277.6076515160195,276.6926970393622,-14.956882771240268,12043.42263277978,128.35520691058628,93.82885916867687,-4.59427969594067,0.011571066829750416,3.344222022651961,399.56645685892516,175
101,2090.352026253232,215.61341289553263,276.6966376504481,-14.777176382322516,11998.392761170602,125.61712083073712,95.51558483288154,-4.590212563881712,0.011366731428170499,3.344222022651961,399.56645685892516,175
149,794.9505653102219,311.310406413236,276.68788662867155,-14.964609472518916,11995.53998393743,128.35333860159307,93.45717154402516,-4.5899543849851,0.011617086009162562,3.344222022651961,399.56645685892516,175
12,528.349961020994,45.82140922001265,276.72871471705304,-15.002008174385576,11964.663035720005,127.71763092232234,93.68059013713537,-4.587156058184416,0.011589380451283304,3.344222022651961,399.56645685892516,175
223,593.3419330529852,432.81773715394195,276.6705949512417,-14.994210272606848,11890.437002229708,132.32970943747495,89.8546294159882,-4.580399418987705,0.012082849899404483,3.344222022651961,399.56645685892516,175
566,220.4886666193595,1036.2000351090212,276.58202376100274,-15.050460501229349,11827.199967574299,125.47943807556068,94.25608011132665,-4.574609727477524,0.011518620323672178,3.344222022651961,399.56645685892516,175
542,1365.7479327176122,993.4435430975614,276.5835511446766,-14.885009232962231,11813.690578521113,129.30265241505717,91.36464223950769,-4.573368857606979,0.011883152753489622,3.344222022651961,399.56645685892516,175
822,1768.3070003099772,1454.9390497042662,276.51295374897353,-14.828794304340622,11806.945703798847,122.34087289955299,96.50859458468018,-4.572748793456798,0.01124977526273442,3.344222022651961,399.56645685892516,175
966,1525.7108504547937,1758.5017017526845,276.46865102331117,-14.865030772805829,11747.084157026897,124.17369473465936,94.6020345301689,-4.56723007849214,0.011476497364903573,3.344222022651961,399.56645685892516,175
653,649.8945576155818,1201.8609009774125,276.5554496786529,-14.989162468716387,11699.128948316124,126.55523243959185,92.44287037993807,-4.562788697815865,0.011744550937652608,3.344222022651961,399.56645685892516,175
328,1520.9688496789695,627.4579885554894,276.6375528306319,-14.861100639475884,11648.855932654842,123.43266485210066,94.37417515543977,-4.558113063677931,0.011504206507890415,3.344222022651961,399.56645685892516,175
168,411.6047353822943,348.2165442330616,276.6840203654947,-15.020099113629557,11585.868021099683,123.41417889407046,93.87793302943035,-4.552226320740323,0.011565018156712478,3.344222022651961,399.56645685892516,175
39,588.49171861044,100.72226573335361,276.72024867431685,-14.993550849437703,11539.97506917559,132.78393601307292,86.90791533728486,-4.54791705472454,0.012492532996407265,3.344222022651961,399.56645685892516,175
710,1132.239200001638,1288.644519425638,276.54045098636163,-14.919909030525668,11415.868683242705,120.08218116706364,95.0671329608882,-4.536177289397122,0.011420350716231976,3.344222022651961,399.56645685892516,175
59,1472.6939205831554,134.5683872049623,276.7113845631588,-14.866026773718234,11387.304214704025,126.36978032704316,90.11097578261074,-4.533457186013051,0.012048476787325105,3.344222022651961,399.56645685892516,175
304,2972.3955120431115,572.9905705428365,276.6395472246767,-14.651313342241576,11286.561779988697,132.62982992734482,85.09821498053283,-4.5238090361543035,0.012758199455163263,3.344222022651961,399.56645685892516,175
394,257.7868636715103,744.3013137778345,276.625484680818,-15.043905576135142,11208.113298738288,122.72647112937963,91.32596411838949,-4.516236159346186,0.011888185473657458,3.344222022651961,399.56645685892516,175
753,951.8798880108698,1352.6752663753512,276.5316480818378,-14.946193460088452,11199.48866001144,124.46323412628631,89.98230472340055,-4.515400364155041,0.012065705622203918,3.344222022651961,399.56645685892516,175
277,628.9289206592456,528.2878487911718,276.6561755223178,-14.989462649073822,11190.326794852095,123.68098364626829,90.4773431205625,-4.514511802185258,0.011999689232179239,3.344222022651961,399.56645685892516,175
723,783.5170387382906,1309.8464133094878,276.5387547278975,-14.970315165216713,11139.53397683159,122.3885241158761,91.01779809261204,-4.509572434479987,0.011928436226234383,3.344222022651961,399.56645685892516,175
52,1776.395747216146,120.09626862260119,276.7122450507607,-14.822112230075323,11094.997387845302,122.09172290912659,90.87427979129558,-4.505222889083668,0.011947274877924196,3.344222022651961,399.56645685892516,175
136,2399.9232570416766,291.43738393307325,276.6839977168506,-14.732791611083758,10985.924476860411,119.17674419447027,92.18178052367159,-4.494496401090023,0.01177781546236461,3.344222022651961,399.56645685892516,175
645,1249.3070176151393,1185.1605100546067,276.5554117764726,-14.902595451707485,10966.448846040119,119.76042932630084,91.5698858774194,-4.492569921184749,0.011856517998213727,3.344222022651961,399.56645685892516,175
103,1091.6283383117432,217.769384595922,276.7005894696087,-14.921392573975838,10961.286195278226,147.13250632587375,74.49941871445336,-4.492058671214087,0.014573268070202641,3.344222022651961,399.56645685892516,175
129,475.88526651128456,277.0042252130798,276.6943869020407,-15.01052942074118,10947.760840737465,125.5780104501972,87.17896390848796,-4.490718131942938,0.012453692396937213,3.344222022651961,399.56645685892516,175
395,82.6091630660274,746.0681370294807,276.62597112181356,-15.06919370052634,10858.702097329136,131.9036041961879,82.32301280546025,-4.481849674921507,0.013188292835754775,3.344222022651961,399.56645685892516,175
574,2800.331847323794,1053.1689100983017,276.5686078471568,-14.678175905910713,10811.399683007417,121.59801200885758,88.91099043806638,-4.477109685613426,0.012211088805227933,3.344222022651961,399.56645685892516,175
780,1362.7050199285811,1391.764080753742,276.5240837708383,-14.88706909788319,10810.231195197935,118.72733048077995,91.05090758313595,-4.4769923337329915,0.011924098603945039,3.344222022651961,399.56645685892516,175
219,2292.4211793934596,426.85361856092777,276.66423476216795,-14.748884629755988,10764.49410759483,117.44258029343374,91.65750684887394,-4.472388939195657,0.011845183633350579,3.344222022651961,399.56645685892516,175
505,2982.3642940432696,928.5897974672432,276.5864375578098,-14.651373588233636,10736.007571021444,117.50467596138286,91.36664122668414,-4.469511901006876,0.011882892765055648,3.344222022651961,399.56645685892516,175
342,1208.7795676411554,639.5373569064936,276.6370767547362,-14.906217081863057,10734.235973379662,121.70006266813442,88.20238657272509,-4.469332723933236,0.012309190739468406,3.344222022651961,399.56645685892516,175
578,665.6702527144229,1062.579510483043,276.57618954486895,-14.986325364215233,10667.654593641812,126.2003254738563,84.52953313382481,-4.462577241511299,0.012844031662651561,3.344222022651961,399.56645685892516,175
672,1700.3144943726395,1230.8679291466035,276.5466896266011,-14.83769218989748,10661.394137285533,118.82443462686072,89.72392059566748,-4.461939875597304,0.012100452062194277,3.344222022651961,399.56645685892516,175
906,212.57576232322535,1612.4287709554092,276.4959650563116,-15.05389447699061,10642.74605219916,118.32286266331326,89.94665792090416,-4.46003912709315,0.012070487387699558,3.344222022651961,399.56645685892516,175
596,1526.4373665026342,1103.1017209337447,276.56649762705075,-14.862264969393449,10615.870789589739,118.94454671871146,89.25058846703503,-4.4572939380350265,0.012164625675280635,3.344222022651961,399.56645685892516,175
184,2640.12809999976,369.5474048201084,276.67131722534765,-14.698433969504284,10286.216822768241,120.36853807800821,85.45602519573653,-4.4230440646797975,0.012704780002500825,3.344222022651961,399.56645685892516,175
33,335.39552130381963,94.8179742376348,276.7222258158678,-15.030065901322066,10279.96298915203,130.9974941060433,78.47450105290058,-4.4223837559742405,0.013835067256663627,3.344222022651961,399.56645685892516,175
455,310.88474814545566,839.3965102667167,276.61104658554484,-15.036625746083063,10275.630505662266,118.57832166634864,86.65690626466666,-4.421926076729688,0.01252871867689421,3.344222022651961,399.56645685892516,175
907,2725.6106054666006,1612.402421738363,276.4854754116128,-14.691284615335116,10254.440152301308,117.45212432207504,87.30740471055059,-4.419684765202884,0.012435371359387111,3.344222022651961,399.56645685892516,175
727,1557.9747088703157,1312.036542364824,276.53516841622326,-14.858565876725256,10202.756504341,121.95066134637469,83.66298625771499,-4.414198683398284,0.012977064871383098,3.344222022651961,399.56645685892516,175
973,1071.8975347766846,1771.3400281986926,276.4686264854215,-14.930557111404795,10202.26635421862,118.31197105294909,86.2319025151962,-4.414146522345837,0.01259046789334925,3.344222022651961,399.56645685892516,175
408,1468.2244723363538,768.0276956274498,276.61678222863105,-14.869293692926275,10129.069609425234,119.54572226380662,84.72967010122693,-4.406328767585904,0.012813693228156196,3.344222022651961,399.56645685892516,175
922,1597.9858317804337,1666.9161626883292,276.48202136035616,-14.85423249611386,10105.178008339164,117.0891623141932,86.30327357901206,-4.403764798929028,0.012580055830744636,3.344222022651961,399.56645685892516,175
624,154.7834794135767,1140.0145199080498,276.5667909162791,-15.060356189370578,10089.173960562417,118.74658564976102,84.96390784927569,-4.4020439041205774,0.012778367044110197,3.344222022651961,399.56645685892516,175
582,279.22579207410917,1065.649565729069,276.57737319884126,-15.04210278499732,10069.782717982976,117.43944881741072,85.74446507867214,-4.399955127310046,0.012662041788981367,3.344222022651961,399.56645685892516,175
639,247.01230286845816,1170.5873332220444,276.5618306142004,-15.047170618364136,10064.394116295734,120.74059992930752,83.35550860429998,-4.3993739662193585,0.013024934022704687,3.344222022651961,399.56645685892516,175
925,2823.0315947434215,1668.8835790031014,276.47664668353093,-14.677457775823923,10023.057265680749,116.82724559945083,85.79383357239627,-4.3949054074357825,0.012654755648421317,3.344222022651961,399.56645685892516,175
959,566.764043796158,1729.7907815142025,276.476945365263,-15.003264633294153,10014.5283288098,118.33703599678303,84.62716886944881,-4.393981126806817,0.012829213295258279,3.344222022651961,399.56645685892516,175
1100,889.4952682717694,2039.8670271952253,276.42929451255645,-14.957939465657214,9997.817962617148,121.1678583137819,82.5121290559278,-4.392167940734324,0.013158065516211542,3.344222022651961,399.56645685892516,175
182,629.8358711794828,369.2987257533439,276.6799305847506,-14.988682868194719,9938.808152040234,123.91129732453501,80.20905572483505,-4.385740647117923,0.013535878089932878,3.344222022651961,399.56645685892516,175
837,2702.5177564040796,1485.0143063683333,276.50457702818244,-14.694091078408686,9787.889656595478,115.05126683348567,85.07415803392712,-4.369127540046521,0.012761807170245856,3.344222022651961,399.56645685892516,175
100,601.9465454275575,212.97834199812877,276.7034127044668,-14.992069053819073,9722.329316260235,119.65997894250779,81.24963251858381,-4.361830696980087,0.013362521975119992,3.344222022651961,399.56645685892516,175
849,1507.4232753127949,1513.2062075903143,276.5053458563596,-14.866677994596325,9708.353530721593,117.30298847245552,82.7630536710602,-4.360268835352738,0.013118172322581148,3.344222022651961,399.56645685892516,175
719,89.69936326270411,1301.1185667151228,276.54299509709676,-15.070387936879616,9642.624002636061,120.87774580743127,79.77170601772801,-4.352892959616968,0.013610088767046306,3.344222022651961,399.56645685892516,175
23,541.3693252351295,66.92607625346459,276.72550382821896,-15.000215217599738,9630.364350886113,119.14717651679202,80.82746593268081,-4.351511674129341,0.013432315209587948,3.344222022651961,399.56645685892516,175
581,2731.931079101232,1066.1032575808113,276.56696335757647,-14.688104473548234,9625.317502573627,112.2028562264522,85.78495972640336,-4.350942538629496,0.012656064693189306,3.344222022651961,399.56645685892516,175
857,2371.5421119885905,1531.100380676083,276.4990737292938,-14.742049641796344,9592.012689642492,114.11669926950768,84.05441754838336,-4.347179239874377,0.012916632244522426,3.344222022651961,399.56645685892516,175
1074,844.8730720083919,1982.167082129576,276.43809525654217,-14.964147342611808,9567.76375918201,117.00545894305328,81.7719433401706,-4.344430986954498,0.013277170086119847,3.344222022651961,399.56645685892516,175
521,1313.3828561602347,952.083688622118,276.5899495000289,-14.892398258243954,9492.649657174741,113.4014805236185,83.70833972663766,-4.335873510215173,0.012970033852606788,3.344222022651961,399.56645685892516,175
211,797.534325404495,410.3746066930125,276.6730722737307,-14.964642650856216,9291.32111443393,115.0587379883369,80.75285090799238,-4.312598552912154,0.013444726567449827,3.344222022651961,399.56645685892516,175
421,1333.225067995843,785.3085153784248,276.61477395882036,-14.88885157003653,9284.174437756068,115.20255121926628,80.59000724806343,-4.311763107529401,0.013471893564398325,3.344222022651961,399.56645685892516,175
537,335.3285790187242,985.1006147099664,276.5891700176229,-15.033684102164278,9261.247326838726,116.46621898902771,79.51874292159539,-4.309078584374182,0.013653384851298371,3.344222022651961,399.56645685892516,175
194,2467.8814732527526,386.9401490433437,276.66945022562925,-14.723380588628931,9239.370973416662,116.23068899487619,79.49166483753669,-4.306510890730311,0.01365803574775959,3.344222022651961,399.56645685892516,175
561,1584.763570155884,1026.1620372431166,276.5777405631457,-14.853531705614921,9112.041926596896,113.63913371788858,80.18401433099378,-4.291444151694915,0.013540105332196383,3.344222022651961,399.56645685892516,175
927,198.51213786053887,1681.3211700267439,276.4857329184807,-15.056195339690202,9068.727664404054,114.39710339478293,79.27410218690584,-4.286270778655259,0.013695519344264885,3.344222022651961,399.56645685892516,175
270,3011.811047047768,503.33666792862795,276.6497770796234,-14.645326529188617,9067.18890039128,139.75478148650558,64.87927499830687,-4.286086537423525,0.016734157402781294,3.344222022651961,399.56645685892516,175
636,567.3009666684937,1167.922733320317,276.5608694566408,-15.000944259165301,9050.862178012118,111.7904325559359,80.96276193835634,-4.284129757600621,0.01340986861128371,3.344222022651961,399.56645685892516,175
1042,1168.2546932584296,1928.606126220346,276.4447452884691,-14.917284536592438,8988.254176440823,109.79025657129979,81.86750315683695,-4.276593241330468,0.013261672313617284,3.344222022651961,399.56645685892516,175
87,963.0371115192131,190.32666996760923,276.70524281599467,-14.939844929540342,8937.61024572709,112.06971442029582,79.75045079715568,-4.270458407982808,0.013613716150162776,3.344222022651961,399.56645685892516,175
700,1408.086021390283,1270.1034038971982,276.54205902716484,-14.880026408714494,8900.72877031233,114.72012467938393,77.58646353626094,-4.265968796011068,0.013993420379220991,3.344222022651961,399.56645685892516,175
1028,2824.7929354910425,1888.784068880211,276.44383638691085,-14.678109897805694,8878.190372191573,126.15479532879694,70.37536979115512,-4.263216011350809,0.015427272399731708,3.344222022651961,399.56645685892516,175
514,1849.0826855710402,940.0560133023191,276.58948309966036,-14.81502533741915,8783.400013278064,108.63688102212642,80.85099581871391,-4.251561532848588,0.013428406032677486,3.344222022651961,399.56645685892516,175
767,702.1530039519207,1373.7065930764002,276.52955962058115,-14.982311569098332,8776.595421903912,114.47544013329103,76.66793341597783,-4.250720075729699,0.014161070367050443,3.344222022651961,399.56645685892516,175
667,698.5613456666241,1224.0121205282874,276.551934794114,-14.98222896624512,8774.071549643617,114.72275212874719,76.48065781926978,-4.250407807311351,0.014195746100479424,3.344222022651961,399.56645685892516,175
254,1930.5042652183324,478.1877051550901,276.65810554063296,-14.801356065024665,8758.776289881906,111.92148593103566,78.25822018909695,-4.24851346343188,0.013873302988192178,3.344222022651961,399.56645685892516,175
911,382.34883657268546,1626.3291393259876,276.49317344667446,-15.029458124339055,8737.925693604193,222.90520343421517,39.200187160202255,-4.24592574627156,0.027696296335601434,3.344222022651961,399.56645685892516,175
920,2327.681502010822,1664.2773491926484,276.4793827560526,-14.74892588764388,8718.112559784146,110.52135592417494,78.88170106929701,-4.243461058048064,0.013763648416331951,3.344222022651961,399.56645685892516,175
240,1453.1778286659166,451.5732857998315,276.6641124816123,-14.870160591688803,8648.648705989966,109.82386077836588,78.75017910218703,-4.23477552111507,0.01378663531153605,3.344222022651961,399.56645685892516,175
409,605.081448296546,770.8539286661534,276.62003227140167,-14.993890298053735,8630.281092727237,120.5911102012697,71.5664784769215,-4.232467231138993,0.015170510315805363,3.344222022651961,399.56645685892516,175
644,1143.3617170780994,1184.8226564565612,276.5559090369807,-14.917883524598235,8599.398984551342,114.05615016053495,75.39618839008347,-4.228575126505394,0.014399932187325236,3.344222022651961,399.56645685892516,175
995,2623.433342608025,1813.8599213720252,276.4558421910858,-14.706859660120713,8488.313036119274,109.12166175127196,77.78760788547405,-4.214458346561417,0.013957235985434413,3.344222022651961,399.56645685892516,175
846,2584.390394627599,1509.2072446892867,276.5014571500111,-14.71124033634511,8485.595668746333,114.9008602100846,73.85145466475429,-4.214110713707378,0.014701132224524103,3.344222022651961,399.56645685892516,175
35,39.29857895774918,95.15386816499732,276.7234588482753,-15.072812250026372,8454.742912577844,140.6495012493605,60.112142862051456,-4.210155894119164,0.018061242675901975,3.344222022651961,399.56645685892516,175
321,2154.6829854693156,606.1666571462313,276.6380450135839,-14.769522652818338,8437.362105235807,107.32855119847092,78.6124662172465,-4.20792159845988,0.013810786663271128,3.344222022651961,399.56645685892516,175
944,513.6699611500247,1708.1698502526165,276.4803973501157,-15.01083818300225,8431.395327761042,109.36148051136269,77.09657265370522,-4.207153510279585,0.014082338068083003,3.344222022651961,399.56645685892516,175
316,152.47709931156987,598.7543440593278,276.6476889748362,-15.05851713853281,8413.572936018754,112.44807774328893,74.8218476017558,-4.204856038074548,0.014510467661513916,3.344222022651961,399.56645685892516,175
350,794.4113459579395,661.9874240228767,276.6354900247768,-14.966121332493929,8363.081644336518,136.01506916595585,61.48643452243137,-4.198320719765476,0.01765755338446104,3.344222022651961,399.56645685892516,175
1095,3065.7363002684015,2020.913948321885,276.4231408462722,-14.64388434128575,8355.498809937999,297.64200386249036,28.07231070046892,-4.197335832510458,0.038675120533696025,3.344222022651961,399.56645685892516,175
164,2465.4625271916257,339.8282924103335,276.67649437424086,-14.723531351382162,8339.967011173372,130.1457753847643,64.08173439757847,-4.195315710246205,0.016942425329253052,3.344222022651961,399.56645685892516,175
401,313.45349857149495,751.5140423642522,276.62416852198464,-15.035900877131997,8319.73835372564,111.89378268971524,74.35389307372438,-4.192679049383688,0.01460179090990558,3.344222022651961,399.56645685892516,175
1067,2060.930509918793,1976.7138960642428,276.433865134509,-14.788689882988177,8232.191084436112,109.0061174192561,75.52045040530801,-4.181193484915417,0.0143762384118897,3.344222022651961,399.56645685892516,175
997,2142.869692481244,1817.0860609376996,276.4573459502225,-14.776218730234296,8231.847053452337,113.05124672087709,72.81518154131217,-4.181148110033317,0.01491035216857931,3.344222022651961,399.56645685892516,175
315,3001.3775705464427,595.535774909486,276.6360605324222,-14.647223706428719,8229.069569040556,131.44435840343735,62.60496585013846,-4.180781713011596,0.017342074790024007,3.344222022651961,399.56645685892516,175
562,1902.275758631013,1027.6464537594245,276.5761815722428,-14.807708148715037,8224.52356497015,106.58411472297185,77.16462801559993,-4.180181751496611,0.014069918146699422,3.344222022651961,399.56645685892516,175
824,2038.1702185803329,1459.2753393779524,276.5111801529038,-14.789866944577312,8213.180013746896,111.56392479995607,73.61860053304731,-4.1786832324182335,0.014747631605855242,3.344222022651961,399.56645685892516,175
51,2575.8271604365113,119.9860283231064,276.7088495304235,-14.70666341025322,8198.481793585961,108.85918077360489,75.31272728054415,-4.176738469696667,0.014415890105210324,3.344222022651961,399.56645685892516,175
708,1179.6352341235465,1288.0680387227314,276.5403375081396,-14.913067153490523,8190.304736110964,106.91335529507211,76.60693758517253,-4.175655030349938,0.014172345667687153,3.344222022651961,399.56645685892516,175
646,184.35723935667576,1187.0289131984289,276.5596401994267,-15.05627658760698,8137.399399735063,115.56966855873722,70.4112030536741,-4.168618959671888,0.015419421241423422,3.344222022651961,399.56645685892516,175
484,769.0125513820839,892.0330785851954,276.6012289061295,-14.970722029675587,8082.3895656595705,110.0035974859998,73.47386585868902,-4.161254326555939,0.01477668266548146,3.344222022651961,399.56645685892516,175
346,2538.729276716208,655.5128722440057,276.6290561159015,-14.71427959272493,8078.147313576075,106.63607239632609,75.75435902733408,-4.16068430009989,0.014331848542316256,3.344222022651961,399.56645685892516,175
841,815.5467641749688,1501.7657530712397,276.5099555841506,-14.966463566952513,8047.270312077104,108.7338768011951,74.00886042893907,-4.15652635266906,0.01466986511760243,3.344222022651961,399.56645685892516,175
878,346.4716123838372,1562.0663615646856,276.5029238436589,-15.034379057438649,7982.34781721083,110.36046368382777,72.32977780955594,-4.147731497040939,0.015010415251912492,3.344222022651961,399.56645685892516,175
747,1153.5052206014511,1346.3970749806274,276.53173697847694,-14.917073754221612,7928.6323903762095,104.80301009509125,75.65271630254034,-4.140400584114569,0.014351104006077088,3.344222022651961,399.56645685892516,175
548,1339.1661473180025,999.2690828148146,276.5827935010074,-14.888869622755003,7857.604431502725,108.88375272447223,72.16507729473842,-4.130630282582753,0.015044673139692719,3.344222022651961,399.56645685892516,175
250,643.7893689928711,467.07599023796104,276.6652589041045,-14.98706800276078,7840.442362352158,120.55791398717889,65.03465515491563,-4.128256294596382,0.016694176318976572,3.344222022651961,399.56645685892516,175
1007,2242.6354329560672,1846.0874626187353,276.4526058570828,-14.761941123290802,7761.381699380057,107.81397243282366,71.98864418260807,-4.117252483942879,0.015081545323259433,3.344222022651961,399.56645685892516,175
847,1458.7262088691139,1510.9392173464323,276.5058880029154,-14.87369577079534,7757.732598915085,105.75926179977776,73.35274912945154,-4.116741892876084,0.014801081253055388,3.344222022651961,399.56645685892516,175
844,132.80453801279302,1504.5176901190234,276.51242291834495,-15.064975487499074,7709.877173430956,107.5739421021964,71.67049029500555,-4.11002352661332,0.015148494108678625,3.344222022651961,399.56645685892516,175
355,614.5278615399027,665.9515704257751,276.6356664114694,-14.992101310736228,7705.023556989967,107.66244440164718,71.56649284541123,-4.10933980540612,0.015170507270003996,3.344222022651961,399.56645685892516,175
268,3057.5954488947377,503.54123097442897,276.64955375262946,-14.638715777092687,7693.734164436843,114.27029886084071,67.32925564329129,-4.107747819267698,0.016125233965930227,3.344222022651961,399.56645685892516,175
1068,1462.4099791858673,1978.231892407553,276.436115373717,-14.875047039361604,7678.0271587410825,103.84697999414784,73.9359696273668,-4.105528988213936,0.014684327607683623,3.344222022651961,399.56645685892516,175
775,996.6677900624645,1384.5776973409957,276.5266950530399,-14.939859225120323,7630.271271026024,104.61284556355555,72.9381867964809,-4.09875482389737,0.014885206881128316,3.344222022651961,399.56645685892516,175
575,502.87280326516367,1054.9938981657879,276.5780141647615,-15.009787550916649,7603.7932031645905,109.87774937065979,69.20230207404485,-4.09498062090555,0.015688784440123487,3.344222022651961,399.56645685892516,175
157,575.5450132220437,331.62408417282296,276.6857944269471,-14.9963660618013,7588.150624937407,109.67502963663527,69.18758672851729,-4.0927447359245015,0.01569212125088478,3.344222022651961,399.56645685892516,175
979,2129.363755668038,1780.293102959926,276.46289224429495,-14.778017773817231,7572.974811510037,108.80238183615266,69.60302415910625,-4.090571159081967,0.015598460169175803,3.344222022651961,399.56645685892516,175
232,243.3669902496031,441.4853893113923,276.67080442407723,-15.04476252623571,7572.706641306257,112.97393547988332,67.03056425483814,-4.090532710881373,0.016197088776880413,3.344222022651961,399.56645685892516,175
1026,2726.1697309878787,1884.5093112066922,276.4448796615305,-14.692324222605208,7454.328490104381,107.18333844416792,69.54745577352361,-4.073426195551083,0.01561092333176796,3.344222022651961,399.56645685892516,175
180,1374.079766304414,368.4340227794682,276.676869570006,-14.881236222437078,7407.645556091447,102.20631316355392,72.47737763749964,-4.066605362983168,0.01497984661407315,3.344222022651961,399.56645685892516,175
1106,2333.0879225828453,2052.858116820731,276.42138251867016,-14.749731298108598,7376.830278842244,110.7681164106263,66.59705444024833,-4.062079357328006,0.016302522823649853,3.344222022651961,399.56645685892516,175
970,1179.257678670783,1765.051322992373,276.46911722313223,-14.915042865074357,7371.594567926979,103.19121002547269,71.43626444643208,-4.061308481631623,0.015198163123634973,3.344222022651961,399.56645685892516,175
1070,622.2051550627383,1979.2687891186938,276.43945672962434,-14.996254936252718,7357.98823857581,104.9912530912168,70.08191655911719,-4.059302601521319,0.015491870846371106,3.344222022651961,399.56645685892516,175
629,1980.2848654332663,1152.87370785706,276.5571586474554,-14.796963886383889,7329.646753878304,104.29629477503825,70.27715384988484,-4.055112490010498,0.015448832807303269,3.344222022651961,399.56645685892516,175
568,1506.9184758701288,1040.594948828558,276.5759137042095,-14.86482651992338,7277.7548040145775,108.63305148380796,66.99392776515484,-4.04739842731621,0.01620594636286871,3.344222022651961,399.56645685892516,175
990,187.43104805052917,1799.2356931051124,276.4681657347037,-15.058258468103295,7267.648683870619,103.229473207696,70.40284579626042,-4.045889691954593,0.015421251623008527,3.344222022651961,399.56645685892516,175
586,427.8433683275863,1072.2045862238313,276.57576166738914,-15.020683655622092,7267.062121057475,102.80012912786037,70.69117697331757,-4.045802060010416,0.015358352293523113,3.344222022651961,399.56645685892516,175
1015,857.279853539282,1864.0750085696225,276.45567623356015,-14.961888621266185,7256.395130099438,102.99737620393378,70.45223283874579,-4.044207186260839,0.015410441319652688,3.344222022651961,399.56645685892516,175
314,2502.51696901559,595.7720653280135,276.6381269167135,-14.719257498194544,7251.132324874285,102.81672160735762,70.52483498321726,-4.043419454727685,0.015394576963680429,3.344222022651961,399.56645685892516,175
948,857.2860489045381,1710.4017518312166,276.4786231586125,-14.961275587256157,7182.388892316201,103.84141484387766,69.16690130921944,-4.0330771693204195,0.015696814219654572,3.344222022651961,399.56645685892516,175
198,307.35770535425246,393.04311738232445,276.6777694017011,-15.035329327157994,7157.949894477584,103.96547344888704,68.84929830090829,-4.029376513311635,0.015769223896152287,3.344222022651961,399.56645685892516,175
120,1424.1311889221606,261.9015106521715,276.69257010114075,-14.873568208741242,7120.191840162355,103.28830958743214,68.93511829753793,-4.023634115888176,0.015749592179038544,3.344222022651961,399.56645685892516,175
469,1476.0200116276799,860.4780263063067,276.6029420686716,-14.868548230282611,7107.689356733434,103.43174628463738,68.71864405318594,-4.021725974793346,0.015799205804464134,3.344222022651961,399.56645685892516,175
1045,1760.065143685553,1928.7610710906567,276.44226529361725,-14.83190477291519,7093.027379468986,101.14614791911502,70.12652014331942,-4.019483968914103,0.015482017327840113,3.344222022651961,399.56645685892516,175
956,1118.1954406959978,1723.1611054771827,276.47562656908684,-14.923684709976756,7054.673340469133,102.66161361837831,68.71773286842452,-4.013597150754633,0.015799415299087585,3.344222022651961,399.56645685892516,175
889,274.87488481774864,1581.7316234927519,276.5002880703153,-15.044785773940346,7031.277258645248,108.6816946461543,64.69605835221535,-4.00999043692069,0.016781547866321026,3.344222022651961,399.56645685892516,175
450,1348.6881498997668,830.0190482881671,276.6080305345663,-14.88680286028262,7024.519913527765,104.23017844586677,67.39429998362745,-4.008946498292741,0.016109670999828716,3.344222022651961,399.56645685892516,175
776,549.3979889541445,1387.1481662153249,276.5281965520596,-15.004405671534427,7018.854212470178,103.70876128476719,67.67850782825917,-4.008070432891062,0.01604202035238528,3.344222022651961,399.56645685892516,175
25,2920.8531849730493,70.31328886026988,276.7147987230626,-14.65662030332608,7009.075117791683,122.23726628407397,57.3399203930404,-4.006556664377953,0.018934452516815428,3.344222022651961,399.56645685892516,175
1035,2253.7468103640886,1900.8555270728727,276.4443880436328,-14.760560910047737,6966.008137177501,103.07037903228132,67.5849667244919,-3.9998648218675936,0.016064223341646724,3.344222022651961,399.56645685892516,175
605,1227.864155478272,1112.5442549466266,276.5663467732827,-14.905394943251316,6953.6275407362555,101.77356686615174,68.32449480601747,-3.9979334400917432,0.015890348008901493,3.344222022651961,399.56645685892516,175
248,3011.2010099375407,466.1810891242409,276.6553251711167,-14.64525702640779,6945.105444298242,131.04665842320864,52.99719602059116,-3.9966019878201275,0.020485989477220076,3.344222022651961,399.56645685892516,175
20,2116.9185800454165,61.60656449936546,276.71952451884016,-14.772691814781973,6925.92585322191,102.56604143811252,67.52650054648892,-3.9935994728306667,0.01607813215868554,3.344222022651961,399.56645685892516,175
123,636.4205712852447,266.5916589079695,276.69525147952993,-14.987311974326937,6923.765470785176,102.25933266272982,67.70790783097553,-3.993260749693546,0.016035054615929304,3.344222022651961,399.56645685892516,175
466,1278.319191477712,857.7223376649425,276.6041912213184,-14.897073439182412,6902.089452320564,110.39126851577461,62.52387118220563,-3.989856337100589,0.017364567795811588,3.344222022651961,399.56645685892516,175
1041,1983.2403967972562,1925.4843086217502,276.4418306804272,-14.799691686063571,6883.425559669995,101.68791988496146,67.6916743646359,-3.9869164286044527,0.01603890005957958,3.344222022651961,399.56645685892516,175
942,1977.3231968099415,1704.2650863615634,276.4748687298567,-14.799647444182101,6875.298370550823,100.54731557810337,68.37873623001117,-3.9856337537661988,0.015877742992323546,3.344222022651961,399.56645685892516,175
832,2196.1466998135515,1475.4970467159987,276.50810092885735,-14.767134444768512,6857.814888907567,99.84575587819053,68.68409006061249,-3.9828692736513127,0.015807154161056644,3.344222022651961,399.56645685892516,175
416,657.6094033568439,777.2757815151457,276.6188486107814,-14.986335104467303,6830.442219513963,105.18360123645567,64.93828067513051,-3.9785269329776867,0.016718952037419615,3.344222022651961,399.56645685892516,175
764,1956.4479154024152,1369.8522688194926,276.5248687738498,-14.801294949946968,6799.957394365832,101.13678812603071,67.23525158710919,-3.9736703573109633,0.016147779243353914,3.344222022651961,399.56645685892516,175
317,876.9133688421002,598.6509735479133,276.64460062209656,-14.953954335969355,6798.32227460976,104.86714817266733,64.82795034547989,-3.973409249469375,0.016747405929296053,3.344222022651961,399.56645685892516,175
887,1835.2743459536762,1578.7731882566727,276.494189602204,-14.819634677449569,6787.026218480023,106.20770307093703,63.90333301857503,-3.9716036955016243,0.01698972414606943,3.344222022651961,399.56645685892516,175
825,144.71343267316684,1463.9816470919332,276.51842867871096,-15.063096972561791,6759.713522596721,99.86003277581536,67.6918816737443,-3.9672256054934687,0.016038850939803485,3.344222022651961,399.56645685892516,175
778,2505.2016309445007,1390.2488800555775,276.5195367891667,-14.722178484126847,6721.5534712972,100.22109555387455,67.06725200069263,-3.961079022988283,0.01618822849620837,3.344222022651961,399.56645685892516,175
205,218.71090384643705,405.92325107316844,276.67622609831153,-15.04817715053163,6686.976998606842,107.73348374720192,62.06962557989793,-3.9554794516514047,0.017491647321159584,3.344222022651961,399.56645685892516,175
72,1235.3340041292959,168.07741130630316,276.70739696986345,-14.900438385581172,6668.222493284004,106.44224552060763,62.64639063813258,-3.9524300836762216,0.01733060738121981,3.344222022651961,399.56645685892516,175
873,2575.7375080043607,1555.9265813576571,276.49452207975304,-14.712681881496094,6647.5564289428,103.12218763224165,64.4629112470885,-3.9490599597936376,0.016842242756280053,3.344222022651961,399.56645685892516,175
417,2940.775934754824,779.5466705267843,276.608853193933,-14.656751084217571,6644.107601234544,103.65645586260325,64.09738347644566,-3.948496521358486,0.016938288914694472,3.344222022651961,399.56645685892516,175
670,1902.3951509530914,1228.8500963500433,276.5461432475364,-14.808518173522607,6634.867779303313,102.41069808139858,64.78686215018038,-3.9469855597778167,0.016758027229089645,3.344222022651961,399.56645685892516,175
391,2558.8602501670216,741.0948020617259,276.6161963659403,-14.711731791537531,6564.193087088584,101.84770963840911,64.45106237924742,-3.9353582468602104,0.01684533908241029,3.344222022651961,399.56645685892516,175
439,1160.502473992318,815.4774479474094,276.61100105029743,-14.913906275113048,6563.33753434557,107.45271574759296,61.08116941188241,-3.9352167267805744,0.017774708808845983,3.344222022651961,399.56645685892516,175
554,132.4295626895729,1014.4635057232578,276.5856472170608,-15.063080222923478,6519.470981726918,147.22260747146686,44.28308324175316,-3.9279357698234123,0.0245172630386388,3.344222022651961,399.56645685892516,175
400,2678.8934218031472,748.8473064447217,276.6145343839856,-14.69443376685343,6507.584227921179,102.95123852180176,63.21035396328023,-3.9259543730552204,0.01717598355216771,3.344222022651961,399.56645685892516,175
628,2391.576067905748,1151.606341105814,276.55562527309746,-14.737591896850338,6478.772547008353,99.66708998662936,65.00413073038953,-3.9211367114192552,0.016702015515029933,3.344222022651961,399.56645685892516,175
163,350.1342261004524,338.30748175522075,276.6857662601402,-15.028932019941879,6468.837347501365,116.03314563191974,55.7499093235118,-3.9194704567187695,0.01947447113680094,3.344222022651961,399.56645685892516,175
128,1187.0299618739803,272.4295281493446,276.69201311924684,-14.907844640963154,6464.300909358892,111.94380102434269,57.74594796859899,-3.918708789250889,0.018801319195424424,3.344222022651961,399.56645685892516,175
442,737.149025799504,819.4748752678528,276.61220466588276,-14.97502650699712,6431.024136342196,99.51605311260877,64.62298227467966,-3.91310522713644,0.016800524546905584,3.344222022651961,399.56645685892516,175
783,216.8070115431925,1395.620233340116,276.5283369438147,-15.052424912094615,6425.349055079365,110.9753019431405,57.89891032124849,-3.9121466921747583,0.018751648243050884,3.344222022651961,399.56645685892516,175
40,1143.3447198487254,102.33335194022769,276.7176156421542,-14.913447818434562,6396.60109192034,101.56923621160752,62.977741395965374,-3.907278047957793,0.01723942421456154,3.344222022651961,399.56645685892516,175
488,986.0280818538461,897.9689277585538,276.59941987368575,-14.939425167723018,6385.634421276947,120.20186029202605,53.12425619506454,-3.905415006978388,0.020436992021374712,3.344222022651961,399.56645685892516,175
14,482.9772653495181,50.42562669842937,276.72822283806033,-15.008577705531899,6368.388598023681,101.15007700565738,62.9597997999299,-3.902478768574149,0.01724433691736753,3.344222022651961,399.56645685892516,175
870,122.47615070007892,1554.8682142078926,276.50494427712243,-15.066664577668202,6363.792537144647,101.80217100521713,62.51136369988138,-3.901694910748155,0.017368042156502502,3.344222022651961,399.56645685892516,175
1033,529.8767402729559,1897.7726455066613,276.4520126823176,-15.009250872129078,6354.855441389576,100.74575173530262,63.07814803036258,-3.9001690677434473,0.0172119828165754,3.344222022651961,399.56645685892516,175
774,2960.610113692449,1383.9779060604474,276.5185813446718,-14.656419046262561,6352.80781243596,100.1913342773719,63.40675925972507,-3.8998191710136263,0.017122780168479908,3.344222022651961,399.56645685892516,175
937,2521.350449257331,1698.4074182645923,276.4734884551848,-14.721117214151665,6328.018571268563,98.44350669431296,64.28071067112982,-3.89557424089723,0.016889981281548228,3.344222022651961,399.56645685892516,175
58,948.2745950494648,132.8421879183585,276.7138964197717,-14.94173902932722,6313.833351411129,102.38208341586223,61.66931889601415,-3.893137665412926,0.017605188762189684,3.344222022651961,399.56645685892516,175
110,2412.2981712115466,238.01730163393478,276.69192147489383,-14.730779218731588,6302.422404898738,107.20464918132176,58.78870415628213,-3.89117364670932,0.018467833499337012,3.344222022651961,399.56645685892516,175
379,2981.4599699221135,715.6194865641764,276.6182228144627,-14.650607211170346,6269.471642814926,102.03128514079232,61.44656155377953,-3.8854822342372057,0.01766901145558436,3.344222022651961,399.56645685892516,175
750,227.08317458395499,1349.2335266527743,276.53522372143794,-15.050757963683596,6267.327268241963,100.80843194755222,62.170665163234325,-3.8851108116516393,0.01746321994705064,3.344222022651961,399.56645685892516,175
1107,3030.6544809022635,2056.6750474465657,276.41795115690803,-14.649093880148753,6265.999758083228,190.10365556301392,32.96096405682335,-3.8848808127305414,0.0329389637429384,3.344222022651961,399.56645685892516,175
269,472.3206052962267,503.66623177233106,276.6605267473046,-15.011967740832175,6261.30558595818,116.84859277428585,53.584775283113785,-3.8840671289053126,0.020261352114732813,3.344222022651961,399.56645685892516,175
430,2893.9047001755093,803.9756819253085,276.6054039966277,-14.663621430006646,6230.409457792441,99.87550336264908,62.38175776866679,-3.8786963510383,0.01740412644392216,3.344222022651961,399.56645685892516,175
447,2998.8873104825025,829.4381192842583,276.6011643262581,-14.648570800974436,6215.416049765161,104.23779563520452,59.62727830044414,-3.8760803905633336,0.018208109290675324,3.344222022651961,399.56645685892516,175
693,764.4950545705068,1261.7741381564256,276.546015431946,-14.972866707432546,6213.229084045073,99.92960374987544,62.17606045548658,-3.8756982945488754,0.01746170458608069,3.344222022651961,399.56645685892516,175
1008,2874.6573472972273,1845.7818900674667,276.4500457124878,-14.670737029338827,6175.723186410003,109.71240072568041,56.290110740092935,-3.8691244318896993,0.019287579749362696,3.344222022651961,399.56645685892516,175
225,2797.1220978766873,432.2931230477427,276.6612866281744,-14.676028217326035,6156.062272376497,109.45021507876932,56.24531909732742,-3.8656623891314945,0.01930293964767619,3.344222022651961,399.56645685892516,175
11,2407.1578311983794,44.67140832921637,276.7208141668718,-14.730703939875117,6131.257049788983,99.56934388775173,61.57775888029332,-3.861278688486859,0.017631365930523592,3.344222022651961,399.56645685892516,175
148,291.361158395449,309.97817273054466,276.6902540728831,-15.037300569404083,6126.111623460747,109.05730488026448,56.17332676785557,-3.860367142765986,0.019327678499206802,3.344222022651961,399.56645685892516,175
24,393.6620527599105,70.12741745810301,276.7256644155857,-15.021553027576342,6119.6073107288685,107.45649017074871,56.9496295756989,-3.8592137652432568,0.019064215309019,3.344222022651961,399.56645685892516,175
798,228.26288409138172,1422.4468944593864,276.5242805747277,-15.050878688026593,6118.211023256852,99.48810586058123,61.49690930723594,-3.858966008686357,0.017654545768729435,3.344222022651961,399.56645685892516,175
1044,742.3623982464993,1929.037779039213,276.446455835583,-14.9787238577291,6094.710909407877,97.23925473041356,62.67747450661643,-3.854787654636016,0.017322012549905633,3.344222022651961,399.56645685892516,175
657,412.36946664075543,1206.2739639469362,276.5557968446402,-15.023453835820705,6090.744038940291,102.1238309946023,59.640771205128544,-3.8540807503707835,0.01820398995623048,3.344222022651961,399.56645685892516,175
179,2392.8559284966304,366.4752050898684,276.672823833609,-14.73412824726337,6076.243010984181,98.49350397338418,61.69181484929361,-3.8514927146560556,0.017598769020691758,3.344222022651961,399.56645685892516,175
676,2401.1793283730817,1233.746704799295,276.54332586786086,-14.736545808206362,6067.089848073927,96.62594383490558,62.78944978214251,-3.849855944527599,0.017291121418757455,3.344222022651961,399.56645685892516,175
472,106.52176229591741,869.7062122247789,276.6073906246598,-15.066239136290024,6056.9003616865375,115.63990384291947,52.37725179981111,-3.848030951816117,0.020728464413322188,3.344222022651961,399.56645685892516,175
279,452.9784892029557,529.9227098698447,276.6566858556538,-15.014866294925099,6049.652453171962,98.84287666582023,61.20473884653669,-3.846730942186035,0.01773882252356731,3.344222022651961,399.56645685892516,175
513,1391.5918337248243,940.1157752883964,276.5914059811659,-14.88106101567787,6043.678744356759,96.62420263868778,62.54829100071564,-3.8456583059770475,0.017357788400446914,3.344222022651961,399.56645685892516,175
267,1282.6231402830138,500.7488565379951,276.65749436872204,-14.894986290904844,6021.864349853655,98.20268592697,61.320770333429685,-3.841732298913944,0.01770525702949493,3.344222022651961,399.56645685892516,175
239,484.19876070980877,451.9734365648082,276.66820107585494,-15.010042901882109,6013.388360466604,101.9292109537012,58.9957314905345,-3.840203009867567,0.018403026330374325,3.344222022651961,399.56645685892516,175
876,1804.3446177743517,1558.3324556702887,276.49736959574045,-14.824014795907452,6010.944860262214,98.66345892921838,60.92371913065093,-3.8397617385511356,0.01782064548081374,3.344222022651961,399.56645685892516,175
233,1931.8926526943173,442.17774723502424,276.6634772366898,-14.801005461704285,6006.938485484687,117.25547366867352,51.22949315320131,-3.839037839644517,0.021192870223275966,3.344222022651961,399.56645685892516,175
802,1699.2393203187319,1427.6654223123953,276.51731390725564,-14.838650418625953,5986.191705550562,100.68953179357273,59.45197677374318,-3.835281430397357,0.0182617981590731,3.344222022651961,399.56645685892516,175
32,1099.037566324107,92.47031828547381,276.71928010319823,-14.919804328348476,5967.782537538034,106.71305120922197,55.92364260897741,-3.8319373515822095,0.019413971432284936,3.344222022651961,399.56645685892516,175
506,206.14779341190507,930.539069942418,276.59787398223733,-15.0521065212867,5951.631279275112,105.25059521538626,56.54724580982761,-3.8289949222227198,0.01919987409557109,3.344222022651961,399.56645685892516,175
227,268.15214908542066,435.63100326555303,276.67157275947164,-15.04116129082259,5947.13344619883,101.06745320511388,58.84321072313231,-3.82817408736143,0.018450726713544068,3.344222022651961,399.56645685892516,175
444,153.92449130419902,827.4566497851359,276.61350195263196,-15.059228998440554,5906.972528610495,98.08840527097607,60.220904930527425,-3.820817256037902,0.01802862313763792,3.344222022651961,399.56645685892516,175
917,2706.813959253571,1654.7853551646328,276.4792299606012,-14.69417225471186,5879.8758299105975,96.81323638565057,60.73421413667459,-3.81582526534789,0.017876250074739933,3.344222022651961,399.56645685892516,175
285,200.4437437540406,537.4510818390653,276.65664546594,-15.051346511373895,5878.226893892977,97.62572438540771,60.21186455617846,-3.8155207418057087,0.018031330004521413,3.344222022651961,399.56645685892516,175
154,464.92408859962944,325.76103012471737,276.6871469219651,-15.012310791614343,5861.696186928981,110.38765077023965,53.10101398144153,-3.812463141039637,0.020445937254219768,3.344222022651961,399.56645685892516,175
301,916.0077104519847,567.1574759428802,276.64913891975914,-14.94818240005002,5832.291183912079,103.1197665228547,56.55842115022102,-3.8070028745534708,0.019196080405362543,3.344222022651961,399.56645685892516,175
150,1376.624371329376,319.32120685980175,276.68419552851526,-14.880665455283285,5831.966279222164,98.13839958897462,59.42593626600528,-3.8069423887855347,0.018269800498222473,3.344222022651961,399.56645685892516,175
41,1814.8697185401763,102.53225960303386,276.7147039099938,-14.816482848329656,5824.118984181259,100.45982189437781,57.97460989234745,-3.805480475384933,0.01872716352927647,3.344222022651961,399.56645685892516,175
674,220.82231357523136,1232.36880951106,276.55271082385065,-15.051195983419028,5823.928100232559,100.70875705856626,57.82941097014738,-3.805444890086809,0.018774183962559445,3.344222022651961,399.56645685892516,175
765,2320.931260007843,1373.2880398375087,276.5228350621528,-14.748704638846291,5810.878523804247,97.86611403371916,59.37579703841256,-3.8030093698441423,0.0182852282268753,3.344222022651961,399.56645685892516,175
137,2638.7221987936096,292.8214473130255,276.6827776711752,-14.698312538854404,5791.49634351104,100.77480790805569,57.46968378044492,-3.7993818444990524,0.01889169956368246,3.344222022651961,399.56645685892516,175
181,195.99722172045432,369.2405776457891,276.68180713509554,-15.051306850044213,5779.745208182489,100.32160470543634,57.61216863658571,-3.7971766122597344,0.018844977123644385,3.344222022651961,399.56645685892516,175
729,2556.0766623754325,1313.7222620352295,276.53074482306346,-14.714518784067558,5773.151598883851,99.43399992062479,58.06013640698742,-3.7959372830711473,0.018699577148587932,3.344222022651961,399.56645685892516,175
980,843.8880208577655,1782.3828504746016,276.4679305435019,-14.963495412507156,5757.230409937212,94.33761935084563,61.027938266343426,-3.7929389050061335,0.017790212660661973,3.344222022651961,399.56645685892516,175
733,2691.532838799251,1320.9119495026823,276.5291082747981,-14.694996612800521,5745.950602959201,96.91053764328392,59.29128805485898,-3.79080959855946,0.01831129050519971,3.344222022651961,399.56645685892516,175
318,737.9950917957152,600.7086666193077,276.6448870444203,-14.974014796364397,5743.751527498331,104.76276249183466,54.826270240306094,-3.7903939888514095,0.01980255077066754,3.344222022651961,399.56645685892516,175
189,1109.018309373569,375.6895152385984,276.6769197141682,-14.919533559593154,5743.285769594106,99.7161167836454,57.59636410687094,-3.7903059434822737,0.01885014821396481,3.344222022651961,399.56645685892516,175
264,2370.205636566286,494.8934799932669,276.6537464842535,-14.737938600805581,5741.892084388703,100.85921940293885,56.92976922069451,-3.7900424430798934,0.019070865996156854,3.344222022651961,399.56645685892516,175
412,506.99556549622014,775.2832054018661,276.61978924025095,-15.008064515766895,5732.491020755522,104.80563616278458,54.69640021889464,-3.7882633361178653,0.019849569544888434,3.344222022651961,399.56645685892516,175
820,3005.755651915579,1449.6922983591792,276.5085906390319,-14.650176122970834,5729.7941501650785,105.62637093726485,54.24586776315738,-3.787752427507591,0.02001442773005807,3.344222022651961,399.56645685892516,175
665,571.4913322609312,1222.0862955346936,276.5527602858854,-15.000556995153287,5707.9825030986685,110.51828418861297,51.6474042734621,-3.783611461246365,0.02102138559087012,3.344222022651961,399.56645685892516,175
851,362.1976693427685,1518.6256035194444,276.50934670653385,-15.031937883030437,5697.571844181628,95.29040586977305,59.79166309741732,-3.7816294037160505,0.01815804986442828,3.344222022651961,399.56645685892516,175
523,212.9692221126199,953.0488862564831,276.5944811225999,-15.051212433279462,5692.738496204809,99.38981218922405,57.27688151142338,-3.780707964168439,0.018955291757346577,3.344222022651961,399.56645685892516,175
610,1830.0422076078398,1121.5896937916377,276.56245979417514,-14.818520755711669,5670.582624132658,94.93969881476092,59.72825588162719,-3.776474085237246,0.01817732635876228,3.344222022651961,399.56645685892516,175
307,2275.1033426927756,574.3716575015814,276.6422827327783,-14.752003291532471,5648.422544791509,95.83812804894696,58.93711260623451,-3.7722228227240198,0.018421329990386266,3.344222022651961,399.56645685892516,175
543,1445.4881407596367,993.689742992056,276.58317744571514,-14.873501070582392,5639.7103319870075,95.55502921315032,59.02054950354061,-3.7705468738586276,0.01839528789773246,3.344222022651961,399.56645685892516,175
866,219.57103404203747,1547.4457566796368,276.5056432118201,-15.052628247283591,5598.157560106716,96.16057416933609,58.21676511881592,-3.762517672077808,0.01864926705879604,3.344222022651961,399.56645685892516,175
234,557.6378254258731,442.3637947627771,276.66932171004606,-14.999403057976597,5590.471998638473,101.8000319497795,54.916210649092854,-3.7610260696239806,0.019770118643791284,3.344222022651961,399.56645685892516,175
487,2904.5244776519075,893.2334582113601,276.5920392144162,-14.662463352556196,5582.663199467497,93.83221195489163,59.49623357649583,-3.7595084477200666,0.018248213958016145,3.344222022651961,399.56645685892516,175
565,2232.3248567178257,1034.031623639786,276.57384172676035,-14.760092658784878,5576.403415561188,97.92850998977991,56.943615461351925,-3.758290339616871,0.01906622878093986,3.344222022651961,399.56645685892516,175
595,661.6327955633707,1100.0849594656963,276.5706037510363,-14.987059137435958,5573.923662040936,106.76567661963101,52.20707476897176,-3.757807419573097,0.02079603204746619,3.344222022651961,399.56645685892516,175
38,404.8906828905897,98.16317316949981,276.7214250006354,-15.020046818294428,5537.865655978792,100.26242845204101,55.233707595939045,-3.7507609180690866,0.01965647513548093,3.344222022651961,399.56645685892516,175
246,2842.9164856275693,464.52453234618685,276.65628214032597,-14.669551599738053,5536.844242993597,105.09541185532711,52.68397682874624,-3.750560644640473,0.020607783720070348,3.344222022651961,399.56645685892516,175
951,812.7547364115765,1715.8631893627864,276.47799410640846,-14.967721811131199,5523.071087657299,95.1186612759293,58.06506329641717,-3.7478564609852327,0.018697990467307246,3.344222022651961,399.56645685892516,175
294,785.3943547055588,550.6675112658414,276.6521613246718,-14.966968821974998,5479.9038362618885,99.24967320610966,55.213318686519905,-3.73933722169078,0.019663733784310074,3.344222022651961,399.56645685892516,175
932,57.68154939271072,1691.4248145163485,276.48481687470706,-15.076549969651355,5476.907203617186,97.23812073803963,56.32469202456126,-3.7387433349067525,0.019275737886441772,3.344222022651961,399.56645685892516,175
533,1172.2848594254142,973.9079536352923,276.58728723118554,-14.912852127386435,5438.22574976983,92.58786423817585,58.735837515166914,-3.7310479580589586,0.01848445592896582,3.344222022651961,399.56645685892516,175
930,596.6049190184484,1687.350566885369,276.48315858152563,-14.998791227238847,5429.132651859662,93.54279529329303,58.03902518453955,-3.7292310109125304,0.018706378967391912,3.344222022651961,399.56645685892516,175
833,462.68941718540475,1475.6347112228502,276.5153447147957,-15.0172688354217,5417.966690506291,98.01574611873053,55.27649286006846,-3.726995704974636,0.019641260576144584,3.344222022651961,399.56645685892516,175
1072,2225.479137274992,1981.0647883585953,276.43253703060043,-14.76496584008973,5407.0047091249435,95.0447299092186,56.88905333614406,-3.7247967478244384,0.019084515145380496,3.344222022651961,399.56645685892516,175
792,1167.2587668913775,1415.2482067393314,276.52139766410653,-14.915367198225287,5395.98329768487,94.20099427342319,57.28159600972739,-3.7225813700840957,0.018953731663056837,3.344222022651961,399.56645685892516,175
85,191.4108547219619,188.4692792826899,276.70884924192933,-15.051233902629814,5390.413311453507,122.36980951023767,44.05018960990158,-3.721460043571067,0.024646885963822435,3.344222022651961,399.56645685892516,175
413,1230.2953029929035,775.6656011143406,276.61665127520234,-14.903669423407694,5347.3109938475245,96.05780964080188,55.66763404082639,-3.7127434856195802,0.01950325388723639,3.344222022651961,399.56645685892516,175
814,916.3888867982181,1446.4815338153023,276.5177879218701,-14.951691794184944,5343.578526899393,96.72448633060039,55.245354404212165,-3.711985368223374,0.019652331163563342,3.344222022651961,399.56645685892516,175
60,1438.321128121296,140.13535157274674,276.7107003342437,-14.871013160562612,5327.22106939365,94.63227604278566,56.29391252288044,-3.7086566771384226,0.019286277171776285,3.344222022651961,399.56645685892516,175
203,1739.468161632538,404.75816394744425,276.6698845836464,-14.828632540576063,5325.227880542807,103.43764259682416,51.48249463978317,-3.708250371070455,0.02108872166348023,3.344222022651961,399.56645685892516,175
991,2908.957278306433,1798.7031188549902,276.45692704892434,-14.665593017497724,5310.775337216328,101.11824047115637,52.52044846183027,-3.7052997026893064,0.020671948389569497,3.344222022651961,399.56645685892516,175
842,2260.805098508565,1502.4765632645128,276.50380549022714,-14.757913663368523,5305.085711166612,93.96229830109189,56.45972700845445,-3.704135890624125,0.019229636017145887,3.344222022651961,399.56645685892516,175
53,624.4799258189106,121.98389834711371,276.7169154035827,-14.988442502691617,5300.258883594244,105.90102168366256,50.04917610168741,-3.7031475848195416,0.02169266478621205,3.344222022651961,399.56645685892516,175
62,2206.816191429917,151.29521029894096,276.7057462751006,-14.760087392600022,5295.050576885376,97.15138084964947,54.503091264137,-3.702080160099977,0.01991997104785119,3.344222022651961,399.56645685892516,175
192,2561.744798393308,380.0214545141529,276.6700854802896,-14.709797229036068,5294.891336518922,99.73772081613654,53.08815253839511,-3.702047507790352,0.020450890605296274,3.344222022651961,399.56645685892516,175
828,397.1007754180907,1470.3079640655021,276.5164171827995,-15.02671033248122,5258.127044620662,103.19560139856127,50.95301518048975,-3.694482566121663,0.021307865612155606,3.344222022651961,399.56645685892516,175
684,1295.1313685476919,1244.9197231372746,276.5462947202513,-14.896224994267381,5254.786624966655,98.21563240907284,53.502548383338976,-3.6937925928576396,0.0202924913449187,3.344222022651961,399.56645685892516,175
335,738.938757579683,634.3792152995402,276.639852051795,-14.974015771464334,5237.817788075074,95.68173288863514,54.74208743869029,-3.690280843838551,0.01983300328501276,3.344222022651961,399.56645685892516,175
912,632.5202181774706,1638.3694540333051,276.49032314100145,-14.993415094266329,5229.066783722345,92.36937122017869,56.61039708993949,-3.6884653495713886,0.01917845582808931,3.344222022651961,399.56645685892516,175
592,1055.6380781515877,1086.3297797721768,276.5709897107994,-14.93014396631368,5226.172590127302,94.04076511116416,55.57348011736743,-3.687864247915536,0.019536296767938145,3.344222022651961,399.56645685892516,175
115,2845.171246281967,248.36022401061138,276.68854018116195,-14.66830929552913,5225.040411838447,109.42299062043914,47.75084634601881,-3.6876290126441797,0.02273676977644857,3.344222022651961,399.56645685892516,175
773,1608.8269501632603,1381.849221509437,276.5245322343865,-14.851511424640828,5212.063348012278,97.53162883210939,53.43972422509528,-3.6849290921274678,0.02031634735663841,3.344222022651961,399.56645685892516,175
415,530.6355291729284,776.7596176581803,276.6194676735497,-15.004658670910363,5208.295190578268,110.08139708295722,47.31312763639166,-3.6841438552060106,0.022947119631231402,3.344222022651961,399.56645685892516,175
511,730.78301564552,936.5733756047784,276.5947373815528,-14.976419742338694,5163.289451680932,99.87540671911867,51.69730588634037,-3.674721058491026,0.021001094377857462,3.344222022651961,399.56645685892516,175
153,1114.1658573347495,324.0906093964685,276.6846069190768,-14.918577687931444,5162.566431640531,102.72584078513076,50.25577198670927,-3.674569011233194,0.02160348865573344,3.344222022651961,399.56645685892516,175
359,2885.5267843520596,670.4810159491855,276.62536227559224,-14.664268785147048,5156.342211948417,94.05557653100655,54.8222912678502,-3.6732592096409737,0.019803988029166785,3.344222022651961,399.56645685892516,175
796,1937.176844761971,1419.5812159147622,276.5175263379049,-14.80427964922501,5155.281072292069,94.94125305845344,54.29969487676833,-3.6730357496258996,0.01999458749195491,3.344222022651961,399.56645685892516,175
611,703.2477927157206,1122.7489090340816,276.56704165020477,-14.981145163686463,5138.40582177497,98.74512736731621,52.03705700495899,-3.669475880930988,0.020863977759090716,3.344222022651961,399.56645685892516,175
654,1209.637990960729,1202.1371669038324,276.5530437486993,-14.908389195105022,5120.747268849023,95.22427955954355,53.77564726700852,-3.6657382333883213,0.020189436207234263,3.344222022651961,399.56645685892516,175
590,576.449789082611,1080.5831533920923,276.5738786147084,-14.999272981589154,5108.0660919792135,94.65493579067325,53.96513186882889,-3.663046147920586,0.020118546224235534,3.344222022651961,399.56645685892516,175
647,283.2836848336593,1186.8191388546138,276.5592512983099,-15.042001878955785,5108.0578586180345,97.73329253283947,52.265279581179264,-3.663044397891248,0.02077287271205875,3.344222022651961,399.56645685892516,175
576,739.6576961053023,1059.107834963234,276.5763942630437,-14.975634257281715,5068.509682141215,101.95964809039498,49.71093738620593,-3.654605579394685,0.02184026407639753,3.344222022651961,399.56645685892516,175
262,656.0450165009257,486.08923907435576,276.662365106482,-14.985376497869218,5057.023816208763,129.2483050372114,39.126422700497415,-3.6521423756856217,0.027748511748972072,3.344222022651961,399.56645685892516,175
191,2716.4285976872156,378.69246187214634,276.66962907752463,-14.6874542246116,5048.867198363441,94.38214553972354,53.49388032547401,-3.6503897470033424,0.020295779505884626,3.344222022651961,399.56645685892516,175
748,689.5331886576175,1346.8277463009092,276.53362768135185,-14.984024726226828,5018.899320706405,97.63191316775287,51.40633997495106,-3.643926087802116,0.021119963034307302,3.344222022651961,399.56645685892516,175
742,667.9797875664392,1338.2831817850595,276.5349949711928,-14.9871004026339,4998.33275938264,97.03290475422206,51.51172967606284,-3.6394677920505982,0.02107675294204919,3.344222022651961,399.56645685892516,175
178,134.58531150589812,365.29325666635816,276.6826620808854,-15.060155168434651,4991.601448208094,95.02946565749548,52.52688114861961,-3.6380046333947185,0.020669416806379945,3.344222022651961,399.56645685892516,175
509,1165.320433494774,933.2670150827404,276.59338685620827,-14.913691668434184,4951.91911579005,95.06785519099888,52.088259547259696,-3.629338734139873,0.020843468555806596,3.344222022651961,399.56645685892516,175
261,1833.5035758620957,484.363502502003,276.65759546870737,-14.815386836923066,4947.612921312626,93.89155770448876,52.69497111640838,-3.6283941659469052,0.020603484108598937,3.344222022651961,399.56645685892516,175
69,2774.429025770261,166.42235036739817,276.7010724180711,-14.67817778049081,4941.485336130601,102.77527736933219,48.080486500395715,-3.6270486556166177,0.02258088632258462,3.344222022651961,399.56645685892516,175
811,321.080883373493,1440.1342853246044,276.52124575952877,-15.03755792840606,4914.814153931802,92.96808914092237,52.865603664090116,-3.6211726290516077,0.020536982929365104,3.344222022651961,399.56645685892516,175
587,2352.58578398731,1073.7743037123823,276.5674053244752,-14.742897493442555,4910.017668547051,88.34138660735557,55.58003849736073,-3.62011251558694,0.019533991507608536,3.344222022651961,399.56645685892516,175
1000,1414.6735099259322,1822.0767278794106,276.4596229534214,-14.881307153299293,4908.421483279963,97.9635296625093,50.10457973686526,-3.6197594989572197,0.02166867790732468,3.344222022651961,399.56645685892516,175
567,644.4697133570011,1037.165880453423,276.58007614891926,-14.98928232993939,4903.030369174783,101.28653330418138,48.40752476393003,-3.618566336427336,0.022428331241778125,3.344222022651961,399.56645685892516,175
228,36.15812957654541,436.4844981775532,276.67244476535825,-15.074650091943786,4895.074125660525,109.11919391103623,44.85988165978782,-3.616803059960853,0.024202025503183983,3.344222022651961,399.56645685892516,175
98,2585.0057484287004,208.80673111117457,276.69554893198114,-14.70571431379732,4887.57757130501,91.4306248455152,53.45667908934511,-3.6151390362748286,0.02030990361719645,3.344222022651961,399.56645685892516,175
962,401.6006246017741,1746.2237022771014,276.4751842942859,-15.02715563087723,4876.013207366836,96.42786558655506,50.56643302956919,-3.61256706152316,0.021470764990782067,3.344222022651961,399.56645685892516,175
338,1154.1143921502073,636.9171743231188,276.6377010332471,-14.914097349714375,4862.304535982723,102.02858605348979,47.65629637789548,-3.6095102685400864,0.022781879468577054,3.344222022651961,399.56645685892516,175
969,2854.0882613796844,1760.6909414180332,276.46282316958246,-14.673354662469976,4839.912849736313,91.40398283122678,52.95078726134929,-3.604498732178674,0.020503944438848638,3.344222022651961,399.56645685892516,175
903,1380.3925046513702,1607.9943385404647,276.4917255573684,-14.885391168479794,4819.763994800072,91.10911437208807,52.90100807166491,-3.5999693108806623,0.020523238395177727,3.344222022651961,399.56645685892516,175
1039,620.9977722253855,1921.8566457661984,276.44803507474916,-14.996202141913486,4815.501159765525,90.11698821085484,53.436108500411294,-3.5990086077635923,0.02031772205102929,3.344222022651961,399.56645685892516,175
1011,1434.3161388081785,1849.305911348765,276.455476586728,-14.878582639060786,4812.975911723042,94.30416794894096,51.03672527314942,-3.5984390985321273,0.021272916594654443,3.344222022651961,399.56645685892516,175
327,2582.0996045251395,624.3221770416457,276.6335292759635,-14.707886552558524,4808.14237464621,89.40412045316197,53.77987446523959,-3.5973481761493704,0.020187849279970672,3.344222022651961,399.56645685892516,175
544,2942.8382230978805,993.6578402178889,276.57689317551325,-14.657353350127178,4783.82678616207,88.67338357753545,53.94884680338291,-3.591843493874844,0.020124619233416505,3.344222022651961,399.56645685892516,175
984,2015.5529300129572,1788.0843001622757,276.4622010992678,-14.794471874455208,4749.164178906154,89.17037857711048,53.25943721097128,-3.5839478368573956,0.020385119649299434,3.344222022651961,399.56645685892516,175
953,1690.0924806915095,1720.3362336127866,276.47366387184496,-14.841158486463707,4745.554390002682,91.39012973534709,51.926333880312214,-3.5831222665860025,0.020908466261116917,3.344222022651961,399.56645685892516,175
896,348.63971542938697,1590.800920496687,276.4986224006336,-15.0341802325605,4729.386544867157,122.50565638922339,38.60545450930862,-3.5794169069484525,0.028122968989737294,3.344222022651961,399.56645685892516,175
325,701.7492705464418,623.471802251277,276.641640816162,-14.979339282148612,4717.333181312861,95.43084613696826,49.431953841656735,-3.576646256250411,0.02196352593057067,3.344222022651961,399.56645685892516,175
70,125.98155487765064,166.29046909972686,276.71244802995136,-15.060588634095703,4715.797058116179,112.94192438479485,41.75417661602247,-3.5762926462520293,0.026002189193772313,3.344222022651961,399.56645685892516,175
94,1752.5222301212802,201.76807950069033,276.70014783187906,-14.825901209342685,4708.623972373171,127.09874331917334,37.046975047965375,-3.5746399016707553,0.029306036419824426,3.344222022651961,399.56645685892516,175
560,32.33633053585816,1024.5549331254192,276.584566146951,-15.077563485216848,4696.0874847777595,95.06569397545809,49.39834012036023,-3.571745325566681,0.0219784712877936,3.344222022651961,399.56645685892516,175
419,1616.982128096103,781.7774305170502,276.6140983796528,-14.847876825736495,4692.644136126648,94.72780204334902,49.53819295816888,-3.5709489307788234,0.021916423171042768,3.344222022651961,399.56645685892516,175
9,137.32108330218728,36.77475152537596,276.73176155694165,-15.058423664164955,4653.218721796293,120.51797702585519,38.610162870540215,-3.5617885452056015,0.028119539501564643,3.344222022651961,399.56645685892516,175
29,1124.230144416371,75.98211643521695,276.7216354192327,-14.916098480381608,4648.162572284375,98.31780420342841,47.2769160168275,-3.5606081516814765,0.02296469591234677,3.344222022651961,399.56645685892516,175
1029,1080.9957486602184,1894.4978329018727,276.45020073801146,-14.929736541614146,4615.058053481625,88.44191670187242,52.18179598072776,-3.552847799407482,0.020806106413067505,3.344222022651961,399.56645685892516,175
305,1980.6618270066863,573.9844473706025,276.6435873751372,-14.794513382012505,4604.511050888541,88.32570553289762,52.13104184232702,-3.5503636773335012,0.020826362981268526,3.344222022651961,399.56645685892516,175
989,469.06803390426074,1797.1261538633917,276.46729854808757,-15.01762460106215,4582.173703169217,95.86684179746646,47.79727398186088,-3.545083749790248,0.022714684532260658,3.344222022651961,399.56645685892516,175
941,2367.4454214171406,1703.58434902755,276.47335282498835,-14.74334858224828,4566.266339268826,91.10049580800614,50.12339723037524,-3.541307976382975,0.021660542979757485,3.344222022651961,399.56645685892516,175
957,2283.0676802660787,1724.9559401354284,276.47051321636104,-14.755612316258375,4557.062687317783,92.76971137374625,49.12231179591044,-3.539117385316941,0.02210197281656413,3.344222022651961,399.56645685892516,175
510,1484.1367939278973,933.4866646209352,276.5920046284963,-14.867676103171469,4552.496302041953,93.53186313988203,48.673213055036065,-3.5380288825167723,0.022305903634764587,3.344222022651961,399.56645685892516,175
397,2773.9663077361083,746.0787220452127,276.614548108562,-14.680695172757018,4547.981099413504,86.90238007060101,52.33436754803085,-3.5369515062096784,0.020745449899696955,3.344222022651961,399.56645685892516,175
208,654.4768025097634,408.76882921676855,276.6739262673978,-14.985287165994503,4539.459310540464,121.12312668898136,37.478055881077424,-3.5349151974134694,0.028968951950044113,3.344222022651961,399.56645685892516,175
695,571.6906115994794,1264.2025205496452,276.54646791389496,-15.000697112852471,4537.582047538512,102.10608493053523,44.43987888308045,-3.5344661056101545,0.024430759652978206,3.344222022651961,399.56645685892516,175
214,2674.94184426806,417.0671656296354,276.66407591667615,-14.693607410606461,4527.937566215696,90.68750139126549,49.929014436953075,-3.5321559530883007,0.021744871438849397,3.344222022651961,399.56645685892516,175
547,1650.0505633216671,998.9677933299874,276.581525911413,-14.843996801856733,4524.305655682721,92.01328324032048,49.1701360537927,-3.531284722196019,0.022080475815894257,3.344222022651961,399.56645685892516,175
190,2495.113366783235,377.5711876751843,276.67073359769574,-14.719408750093828,4486.98827890525,91.08034996122886,49.26406498015515,-3.522292215916024,0.022038376257366266,3.344222022651961,399.56645685892516,175
80,1455.2075289509362,180.79784251290528,276.7045531494006,-14.86874412262577,4465.344933238201,87.70233719081419,50.914776917779726,-3.5170424091429595,0.021323868348736053,3.344222022651961,399.56645685892516,175
831,996.3356187451087,1474.4138721224288,276.5132804458565,-14.940268598422639,4436.7379699749,89.15646901732897,49.76350026953792,-3.5100643292990337,0.021817195215759314,3.344222022651961,399.56645685892516,175
964,1851.6989804614593,1750.6402497523954,276.4684690832649,-14.817962848026282,4426.729605320579,93.82751187333032,47.17944147657655,-3.5076123660280807,0.02301214185714818,3.344222022651961,399.56645685892516,175
781,2754.7791354447722,1393.1407993962541,276.51806814532637,-14.686167261937413,4413.395856360701,91.9032666114909,48.02218701341442,-3.504337085596335,0.02260829977811554,3.344222022651961,399.56645685892516,175
499,2276.4325159058317,916.8151321032217,276.5911539353849,-14.753239147071733,4399.711713031924,86.03597605925182,51.13804613551314,-3.5009654299876845,0.021230768127568894,3.344222022651961,399.56645685892516,175
423,773.9019166826585,787.0432321449268,276.6168934347843,-14.969590339265169,4378.61785009288,97.15983287537621,45.06613196534819,-3.495747486275911,0.024091262166338258,3.344222022651961,399.56645685892516,175
142,1838.446811037945,299.08848337459466,276.68524497884397,-14.81390074917183,4345.116069847805,89.616689339661,48.48556783189289,-3.487408333595308,0.02239223027694124,3.344222022651961,399.56645685892516,175
63,1612.7710654618252,155.48469834397733,276.707659475092,-14.845887513045323,4342.040498305374,96.80319759164578,44.85430860064995,-3.4866395528124916,0.02420503255698981,3.344222022651961,399.56645685892516,175
926,969.8104640276104,1677.3805454599838,276.4830829116126,-14.9449095959511,4335.766514361254,95.04002765711695,45.62042563796093,-3.485069595634795,0.02379855042598693,3.344222022651961,399.56645685892516,175
235,532.0245848191387,444.01449687911713,276.66918504258524,-15.00310699997783,4334.923658477113,104.19430313694602,41.60422909858689,-3.484858512287692,0.026095904755915222,3.344222022651961,399.56645685892516,175
363,1605.2749213375432,681.5624419977825,276.62911427970545,-14.849153482516193,4323.254273206898,87.12353321369642,49.622118315643014,-3.4819318268241073,0.02187935615916141,3.344222022651961,399.56645685892516,175
280,57.71963150135415,531.0327831050276,276.658218782613,-15.07191991381578,4321.6768331239,97.6764254888972,44.24482992178232,-3.4815355983737266,0.02453846024313669,3.344222022651961,399.56645685892516,175
946,1838.217794026102,1708.803204104041,276.4747693193819,-14.81973835677952,4296.47603685307,86.22986812969658,49.82584491942894,-3.475185863041961,0.021789896423344855,3.344222022651961,399.56645685892516,175
540,2416.131739308904,989.7598192815428,276.5796790423881,-14.733375367156636,4291.766922598443,85.77248721216436,50.03663834514267,-3.473995198927047,0.02169810035020858,3.344222022651961,399.56645685892516,175
330,2368.507929738513,629.1134882084066,276.63371523917033,-14.738746251370578,4290.103261180484,84.85710701708248,50.55679379120064,-3.4735742423248417,0.021474858640837407,3.344222022651961,399.56645685892516,175
300,2566.655109954801,566.1387260421952,276.6422798921871,-14.709872080961297,4273.732230180438,86.78619087953248,49.244380780725656,-3.4694231484053537,0.02204718554253697,3.344222022651961,399.56645685892516,175
963,1972.9747714057628,1746.548141039358,276.46857639478924,-14.800446859624186,4264.747167065507,90.46771948711948,47.141092880900004,-3.46713810174238,0.02303086190095286,3.344222022651961,399.56645685892516,175
291,2501.8931254932922,547.3470481920074,276.6453586521745,-14.719144220110188,4251.457124735374,84.91342095242042,50.068140902220804,-3.4637493873950524,0.021684448042923903,3.344222022651961,399.56645685892516,175
220,1374.1308708563738,427.3029398938564,276.6680752916328,-14.88147235716527,4249.965262101818,87.34664362318613,48.656308769415226,-3.463368328975249,0.022313653202613228,3.344222022651961,399.56645685892516,175
441,1113.9065531283459,817.350777281814,276.6109191497396,-14.920639507442582,4245.092913007655,90.26084276175388,47.03139017007299,-3.4621228786711344,0.023084582362416596,3.344222022651961,399.56645685892516,175
286,309.87677794021477,541.4051082086755,276.65558422416166,-15.035567721797356,4236.0203240775445,96.10900993693683,44.075163471739685,-3.459799966158501,0.024632920549373213,3.344222022651961,399.56645685892516,175
95,1565.3280826948674,203.30715948129736,276.700718793807,-14.85293740028079,4226.59058491711,86.8990509413113,48.63793722870009,-3.4573803314723857,0.02232208152444743,3.344222022651961,399.56645685892516,175
804,975.9380503851629,1430.7277177069989,276.51989017362655,-14.94303612044762,4225.735574959195,90.96329344828614,46.455393321500424,-3.457160672350779,0.023370806323525794,3.344222022651961,399.56645685892516,175
34,2091.8040170851446,94.8732045435651,276.7146634738515,-14.776458875880325,4221.98745288988,89.17318822747684,47.34592916112607,-3.4561972240738585,0.0229312217383079,3.344222022651961,399.56645685892516,175
643,2642.4136571703866,1179.467277329485,276.5504196563576,-14.701499228553654,4218.771480480704,86.28606171880394,48.892850090078056,-3.455369881917859,0.022205700792646648,3.344222022651961,399.56645685892516,175
746,1621.5898866090404,1344.560459165715,276.5300458076295,-14.849517726977755,4216.997906529752,88.61444426524267,47.58815497287714,-3.454913341822844,0.022814500806320283,3.344222022651961,399.56645685892516,175
215,685.7817447578766,416.9998603473647,276.67256182995266,-14.980801833561255,4212.688241664466,131.4826574579882,32.03987752537264,-3.453803179593782,0.033885897320931564,3.344222022651961,399.56645685892516,175
898,672.8180740156215,1597.964273522492,276.49618839904343,-14.987440387628274,4200.4032435310655,90.32086355247627,46.50534857974026,-3.4506323412039954,0.02334570179897497,3.344222022651961,399.56645685892516,175
830,545.0069769512639,1468.854549230462,276.5160103270603,-15.00536540004478,4199.283791539026,89.23277909250673,47.059879051684256,-3.45034294243012,0.023070607529773142,3.344222022651961,399.56645685892516,175
812,1726.750329637919,1440.6247393259835,276.515264262359,-14.83473306251168,4198.894520722068,89.73056049669013,46.79447556640361,-3.4502422907401904,0.02320145672878286,3.344222022651961,399.56645685892516,175
618,739.9840529960987,1131.826607785338,276.5655299563535,-14.975880498958611,4197.1925916125765,86.12978138795225,48.731025714639465,-3.449802122349202,0.022279440748029258,3.344222022651961,399.56645685892516,175
819,1592.3750166133857,1448.9330431275625,276.5145859657888,-14.854158388705422,4183.917793929082,92.47222371389711,45.24513011468011,-3.446362735479087,0.02399595265276377,3.344222022651961,399.56645685892516,175
1105,1207.7128776132229,2051.1102292663613,276.42629359668064,-14.912081085319201,4169.3405208203185,88.967547304904,46.863610913442585,-3.442573294604412,0.02316722887626597,3.344222022651961,399.56645685892516,175
895,3038.8037139677317,1589.6250289199932,276.48757944617967,-14.645987721770457,4151.939083167468,121.67496291518486,34.123199906472394,-3.4380323106897586,0.03181706296524868,3.344222022651961,399.56645685892516,175
256,2822.6109951742897,479.4639645253835,276.6541378763163,-14.672547014608769,4150.390128711413,93.44304272843986,44.416256229723786,-3.4376271819821262,0.024443753079608704,3.344222022651961,399.56645685892516,175
73,217.43896685027818,171.41992125169284,276.7112853246319,-15.047407108836952,4146.738693293795,103.23393923578506,40.16836637244555,-3.4366715511914676,0.02702873176203556,3.344222022651961,399.56645685892516,175
127,546.9395733070692,272.660000226983,276.69472997387794,-15.000254379420815,4139.857702995563,91.91398917729715,45.040561725702055,-3.4348684123269138,0.024104939157107663,3.344222022651961,399.56645685892516,175
1086,224.1941181873577,2011.6595310458276,276.4362829935705,-15.053790238242398,4127.461552841705,96.57614287992358,42.73790016622966,-3.431612469574122,0.02540368141104628,3.344222022651961,399.56645685892516,175
872,2278.596018130663,1556.5380319200146,276.49566378016374,-14.755567950389928,4117.82408379711,88.57629666116377,46.48900709350347,-3.4290743516021616,0.023353908114585643,3.344222022651961,399.56645685892516,175
704,897.1197182580185,1282.7186112849877,276.54232712440836,-14.953813467402458,4110.643735884019,89.88586752347119,45.731813566917396,-3.4271794749758824,0.02374058484278875,3.344222022651961,399.56645685892516,175
474,1374.0469798369832,872.993159018361,276.60150478703696,-14.883318600120479,4084.8942626622447,89.66322560896388,45.5581899370556,-3.420356926577353,0.023831060924501872,3.344222022651961,399.56645685892516,175
800,2277.1469098505017,1425.8594393198955,276.51517166943,-14.755240353663831,4076.9526762887544,88.59211314938082,46.01936370356517,-3.41824405417616,0.023592242756626594,3.344222022651961,399.56645685892516,175
698,1001.2692441938265,1268.4351694222353,276.5440210759022,-14.93872692294883,4074.9394545037358,90.2425760242112,45.15539819486612,-3.4177077792133486,0.02404363693826173,3.344222022651961,399.56645685892516,175
934,2069.3055020365737,1695.334732789438,276.4758196563851,-14.786338008279017,4073.633049120457,86.87128655369209,46.89274455032605,-3.4173596417612395,0.02315283548470509,3.344222022651961,399.56645685892516,175
331,420.3884262304041,630.1260196755319,276.6418509173301,-15.019976696287472,4065.463580088661,91.41108286381193,44.47451504480654,-3.41518006540669,0.024411733301784064,3.344222022651961,399.56645685892516,175
118,1482.2463461249981,259.8091018687823,276.6926339270776,-14.86516856446746,4054.939834764693,86.3212287761973,46.97500130909657,-3.4123659151432344,0.02311229312919162,3.344222022651961,399.56645685892516,175
955,1040.5997807446172,1721.6088547157249,276.4761826588539,-14.934873530602982,4049.84302766819,86.17680825826973,46.994581367308385,-3.411000353889651,0.023102663507398823,3.344222022651961,399.56645685892516,175
204,3026.4360387511038,405.94390446509226,276.66425158728987,-14.6428011343661,4028.2093086752284,186.38692952648853,21.612080412015995,-3.4051849500940796,0.05023579309821405,3.344222022651961,399.56645685892516,175
282,1503.3335754260297,531.4197305559475,276.65197214106547,-14.863249843923663,4024.6138102486148,84.89450225866472,47.40723725531761,-3.404215411084546,0.02290156657205791,3.344222022651961,399.56645685892516,175
597,300.28759695441664,1105.6094176285785,276.5713128753847,-15.039223626161522,4016.72270707399,89.1547378487418,45.05338475548752,-3.402084506814121,0.02409807844387899,3.344222022651961,399.56645685892516,175
213,161.54142211046286,414.0064452725045,276.675264237468,-15.056461765060316,4013.318205018004,89.15371468754103,45.01571492655766,-3.401163866084316,0.02411824407923545,3.344222022651961,399.56645685892516,175
367,364.7694350125559,689.9440505621119,276.63314991253714,-15.028246187024425,4010.118242021126,91.72446684610424,43.71917744421805,-3.400297824236352,0.024833495584066306,3.344222022651961,399.56645685892516,175
673,873.0953958970131,1231.9802642295194,276.5500068122839,-14.957075716846006,3983.807121761638,87.6898261012023,45.43066509407773,-3.393150637413445,0.02389795521927171,3.344222022651961,399.56645685892516,175
259,1418.2776675271389,482.52721436618,276.65963761623976,-14.875327132536762,3983.0701099753205,85.90440518707899,46.366308005988266,-3.3929497555977113,0.023415709524678578,3.344222022651961,399.56645685892516,175
803,560.3182815756628,1430.35706013097,276.52169617095126,-15.003002671494155,3981.1005652106833,90.3588928202848,44.05875770444324,-3.3924127489993685,0.024642092890660633,3.344222022651961,399.56645685892516,175
838,1890.599755546692,1487.404292589992,276.5075970479238,-14.811278469897356,3977.0647920281335,96.70871576589869,41.1241609459002,-3.3913115440765207,0.026400538637815954,3.344222022651961,399.56645685892516,175
683,848.9988073494058,1243.762681439707,276.5483487392762,-14.960600382135413,3974.645948044141,92.21336955517322,43.10270806952809,-3.390651000288163,0.02518867255970738,3.344222022651961,399.56645685892516,175
689,968.8393598320923,1257.6716810875744,276.54576541142075,-14.943363216908928,3967.0878331126005,85.7312127014409,46.273553214836596,-3.388584418424675,0.02346264603799421,3.344222022651961,399.56645685892516,175
257,625.2757665726895,480.3180791308103,276.66335949429566,-14.98979442747491,3959.856713439658,103.59622709340141,38.223947189403795,-3.38660355667864,0.02840366000455785,3.344222022651961,399.56645685892516,175
816,1825.4978806814286,1446.780095444848,276.5139327588298,-14.82050771833819,3939.8418420566886,86.03801465410191,45.7918730214314,-3.381101848774156,0.02370944729628931,3.344222022651961,399.56645685892516,175
426,1391.4395344579375,798.7021727026868,276.61252656551915,-14.880503487458538,3936.6999500819365,88.39769262803006,44.53396726820952,-3.3802356650759346,0.024379143979275,3.344222022651961,399.56645685892516,175
743,571.9267309975576,1341.0692696592012,276.53498451750585,-15.000970866548705,3928.474763266713,90.49604605017973,43.41045752527562,-3.3779647971811433,0.025010102677859462,3.344222022651961,399.56645685892516,175
550,1123.775467743059,1002.3996956485236,276.5832371260471,-14.919969328538931,3916.0967650720268,93.34402235336047,41.95337490650834,-3.3745384145195816,0.02587872852707191,3.344222022651961,399.56645685892516,175
1004,2587.1698748693534,1836.3855985387722,276.45263119709,-14.712185100618038,3915.9755168996053,87.39236710797492,44.80912517292664,-3.3745047979936285,0.024229439780626926,3.344222022651961,399.56645685892516,175
468,1124.970259909105,858.7651848324488,276.60468601641355,-14.91921166008111,3911.966274917446,86.08967836279508,45.4405957753939,-3.373392633475788,0.0238927325109568,3.344222022651961,399.56645685892516,175
297,591.1066578781325,560.7402023517549,276.65148818209593,-14.995054150776655,3905.4588857157214,88.27184140864549,44.243541580103646,-3.371585053731436,0.024539174786320457,3.344222022651961,399.56645685892516,175
174,887.3837273653897,360.29256784481254,276.6801703291233,-14.951466597914244,3872.4221238170867,86.18638265046444,44.93078842306209,-3.362361609929456,0.024163831486267256,3.344222022651961,399.56645685892516,175
284,878.2635550005026,533.9831797909363,276.6542568699207,-14.953495061641085,3868.8974473821872,86.61676058226595,44.66684532386346,-3.3613729234284855,0.02430661919658696,3.344222022651961,399.56645685892516,175
8,1629.6769182766677,35.1562514877893,276.7255623817748,-14.842943457209817,3862.9812700411712,89.0761681097722,43.3671693789147,-3.359711384384416,0.025035067207496185,3.344222022651961,399.56645685892516,175
691,2965.2888921621093,1258.408337761909,276.5372962779013,-14.655220165936628,3850.6202073273016,87.37963878089401,44.06770571554776,-3.356231592267741,0.02463708927821374,3.344222022651961,399.56645685892516,175
902,2623.2693278179295,1607.4124329982649,276.48664331628896,-14.706034190498409,3850.105846193357,84.95705138305058,45.31826120982202,-3.356086551267089,0.023957229845453377,3.344222022651961,399.56645685892516,175
737,1582.5994605438973,1329.177670157567,276.53250590888325,-14.855081961034974,3848.2466766494617,87.14486847726316,44.15918853160588,-3.355562135759266,0.02458604961055696,3.344222022651961,399.56645685892516,175
1013,2531.263992193223,1853.1258385313379,276.4503642546939,-14.72032110337984,3840.073182980297,85.4028662966227,44.964218995213685,-3.353253631040106,0.024145865852036034,3.344222022651961,399.56645685892516,175
821,778.6562577203114,1455.7544816246245,276.51698259771274,-14.971601959599292,3837.830265747296,83.41872390670873,46.00682060348142,-3.3526192869044498,0.023598674843395787,3.344222022651961,399.56645685892516,175
785,2198.0783002899802,1398.6248122258698,276.51956571704596,-14.76654001935155,3835.4601390571333,87.77463751382288,43.69667876387549,-3.3519485622730456,0.024846281930643203,3.344222022651961,399.56645685892516,175
388,2720.6902069097123,736.6929954347478,276.61617281762074,-14.688347976958891,3834.0627728153777,92.8190648006881,41.30684553920386,-3.3515529258940417,0.02628377901598839,3.344222022651961,399.56645685892516,175
659,2259.4941823124586,1213.5505667099108,276.54693212260287,-14.756913315287312,3829.1483885406924,93.61670718350014,40.90240410865013,-3.350160369810116,0.0265436720324807,3.344222022651961,399.56645685892516,175
187,1081.449110006581,374.5225369160055,276.6772121486637,-14.923508850745687,3820.6980366909993,88.40915665472322,43.216089614026195,-3.3477616663151726,0.02512258766808059,3.344222022651961,399.56645685892516,175
983,765.8970624870304,1788.6357441418356,276.46732309712587,-14.97477143867088,3804.6863823498134,87.62626221115957,43.4194759235693,-3.343202038259492,0.025004907979800185,3.344222022651961,399.56645685892516,175
1009,1720.6584333712105,1847.3633794559491,276.4545770673953,-14.837261797789633,3788.5886566893314,93.17087277640742,40.66280097838336,-3.338598514836936,0.026700079037279455,3.344222022651961,399.56645685892516,175
373,2150.571133308591,697.0421774956969,276.62449416848557,-14.770495136809437,3776.441729389946,83.42529795189326,45.26734482348041,-3.335111848054014,0.02398417676657814,3.344222022651961,399.56645685892516,175
56,324.9597351924759,132.21236567897932,276.7166810992128,-15.031725371320038,3765.1998882524204,94.76568095072726,39.7316818755316,-3.331874971100613,0.027325800186390265,3.344222022651961,399.56645685892516,175
271,2606.7382227157923,508.5658099894328,276.6507051391834,-14.703842024400553,3763.3360631399555,85.53348219984669,43.99839649164548,-3.331337383856998,0.024675899272969083,3.344222022651961,399.56645685892516,175
507,396.9502061448062,930.497950637049,276.5970662271144,-15.024572160796286,3760.3878968538193,91.6556243477642,41.027355643620666,-3.330486493777735,0.0264628315173614,3.344222022651961,399.56645685892516,175
784,874.203568528911,1396.1535820861495,276.5254817952671,-14.957576543556089,3759.4105453173106,84.46893124407822,44.50642964161889,-3.330204266544625,0.0243942281765226,3.344222022651961,399.56645685892516,175
138,71.20740101936248,296.925498486012,276.6931558357097,-15.069026076695822,3745.0847489532316,110.19297030091789,33.98660312655203,-3.326059003190256,0.031944940068217555,3.344222022651961,399.56645685892516,175
19,1062.0893318418832,60.898697955677015,276.72415694173594,-14.925008374584356,3744.0479963946564,88.06115313782757,42.51645433866528,-3.3257583970096243,0.02553599581357008,3.344222022651961,399.56645685892516,175
22,1994.3925944779462,64.61939675669588,276.719598491596,-14.790398968722993,3731.7624103152484,86.5153295661001,43.134117722617916,-3.322189842729749,0.02517033052540448,3.344222022651961,399.56645685892516,175
238,1019.7462966023464,450.01375748752537,276.66619736608885,-14.932727010641,3722.9869714430242,90.77758415348272,41.01218385750785,-3.3196336693135224,0.02647262100872611,3.344222022651961,399.56645685892516,175
201,494.70248677332523,401.63626167392937,276.6756788155098,-15.00832167075083,3715.015500446898,91.73337647671504,40.497969693614095,-3.3173064536364567,0.026808751357508133,3.344222022651961,399.56645685892516,175
580,2891.5464091898525,1064.3980449481892,276.56655145001207,-14.665054685920994,3710.49648589798,84.10352655986888,44.11820333427603,-3.315984939828292,0.02460888970871815,3.344222022651961,399.56645685892516,175
404,1496.5090569105505,759.7684974841233,276.61789578990766,-14.865176808428323,3710.397458873078,91.11997855496355,40.71991145865961,-3.3159559629349444,0.02666263164894756,3.344222022651961,399.56645685892516,175
393,2947.9447346025745,743.1699519712118,276.61425187395884,-14.65556270357044,3703.035765155946,86.97707557064352,42.57484792240812,-3.3137996448613283,0.025500971887877755,3.344222022651961,399.56645685892516,175
1038,661.6764154936958,1918.8010830071953,276.44832138907327,-14.990322231319011,3699.905511379591,86.76768005372877,42.64151708433964,-3.3128814611474056,0.02546110162667571,3.344222022651961,399.56645685892516,175
135,747.8243235555565,290.61092178674477,276.69118250436134,-14.971327856521423,3685.4945320812694,89.07767095113934,41.37394357900116,-3.308644306291561,0.026241153394694385,3.344222022651961,399.56645685892516,175
593,3053.1344770263936,1088.0030741223582,276.56235565704543,-14.641825644770156,3667.5005279804172,96.4651088311443,38.01893319169038,-3.303330340877244,0.028556824425502197,3.344222022651961,399.56645685892516,175
528,443.9640957701105,965.4930504349591,276.5916370279904,-15.017928439889982,3661.9625207527133,85.02133973263719,43.07109876494917,-3.3016896160237055,0.025207158190343915,3.344222022651961,399.56645685892516,175
241,76.82226638595345,457.3029027958539,276.66915748967045,-15.068865039851724,3641.404043970251,90.49914737811812,40.23688785437894,-3.295577053737233,0.026982703133732657,3.344222022651961,399.56645685892516,175
779,2999.530112571735,1391.2252269562641,276.5173388151645,-14.650831308601777,3633.134665681777,92.55164501554434,39.255214373246204,-3.293108617558853,0.027657472194062005,3.344222022651961,399.56645685892516,175
218,1953.6086029301414,426.97910747904973,276.66565464059977,-14.797806573429355,3632.8549395549053,89.49255225128564,40.59393601105746,-3.293025020196343,0.026745373981578537,3.344222022651961,399.56645685892516,175
503,840.3574396524931,926.0420042586716,276.5958449755912,-14.960563203000103,3626.735583774076,83.5872342140668,43.38863006862999,-3.2911946118080744,0.02502268447477354,3.344222022651961,399.56645685892516,175
295,845.5252759390901,551.0423211670734,276.6518480542827,-14.958290581481938,3621.7483036957565,89.3643647575295,40.5278805877776,-3.289700541742433,0.026788965626972003,3.344222022651961,399.56645685892516,175
894,989.2174701092447,1590.6226362927732,276.49595671609137,-14.941762147092842,3620.263282501488,81.69544969860483,44.31413617107874,-3.289255267310361,0.02450008267809976,3.344222022651961,399.56645685892516,175
732,1705.6903728272896,1320.9122610198565,276.53322388427273,-14.837284197800114,3605.101415020792,81.44007728044444,44.26692035920325,-3.2846985941714313,0.02452621486179983,3.344222022651961,399.56645685892516,175
146,1895.1409944681361,306.67801380219373,276.68386972890676,-14.805746227852493,3600.5963523064856,83.29879386291361,43.22507188077722,-3.2833409712211266,0.025117367138094353,3.344222022651961,399.56645685892516,175
883,425.4946637862349,1575.6159466915033,276.50056688928095,-15.023032534245155,3599.3990675621317,85.24735781991106,42.22299857276547,-3.2829798778229993,0.025713474568343293,3.344222022651961,399.56645685892516,175
515,1771.7604824663608,940.6491744058061,276.58972056295426,-14.826189051788601,3582.640462086827,88.00828582815144,40.70799048492362,-3.277912944494621,0.02667043956399896,3.344222022651961,399.56645685892516,175
354,447.45807440448834,666.4896986793356,276.6363008401251,-15.016217020116587,3567.8597156842297,87.2924501526412,40.87248908061813,-3.2734243034315518,0.02656309964040929,3.344222022651961,399.56645685892516,175
929,948.1786750341287,1686.0219123921215,276.48188312169157,-14.948065051926203,3559.6870820901822,86.82416867412293,40.99880409394707,-3.270934434666946,0.02648126022193631,3.344222022651961,399.56645685892516,175
329,1007.3672021073199,628.0090944571893,276.63965748599054,-14.935243743335748,3529.7507070339925,84.98271643503517,41.534924454107106,-3.2617649630125642,0.026139448049306433,3.344222022651961,399.56645685892516,175
810,1371.6796446727162,1438.5256125922715,276.51706411805816,-14.88596343158385,3517.416831958748,84.27233947995552,41.738687375534155,-3.257964472017179,0.02601183861465662,3.344222022651961,399.56645685892516,175
16,2456.185769217632,53.115304495167074,276.71934414775393,-14.723658898954458,3513.6792834132793,84.11064433770015,41.77449015021247,-3.256810173430304,0.025989545200816245,3.344222022651961,399.56645685892516,175
840,1239.781098200312,1498.3100654178743,276.50869050417924,-14.905237719369289,3496.8888949701213,84.10442471854897,41.57794202471839,-3.2516094630122447,0.02611240352768166,3.344222022651961,399.56645685892516,175
18,299.6303430376664,59.81837941048435,276.7276127363394,-15.03508598942714,3492.7055479353585,100.67428152318085,34.693126139977885,-3.2503098133939012,0.0312943836660749,3.344222022651961,399.56645685892516,175
680,1115.6693587337218,1241.074998227841,276.5476248701121,-14.922107702762764,3489.7170901955105,87.63787822163617,39.819735039340145,-3.2493804291011363,0.027265374792860283,3.344222022651961,399.56645685892516,175
387,1806.0024493602132,725.8592974937354,276.6216484445731,-14.820359329736432,3488.655385254504,80.83725582743361,43.15652912194187,-3.2490500565089104,0.025157259448095947,3.344222022651961,399.56645685892516,175
553,1613.8403663036847,1007.3284769329205,276.5804302016746,-14.849257637412816,3482.5504520256363,88.50827456227593,39.347173687983876,-3.2471484202975045,0.027592833188208356,3.344222022651961,399.56645685892516,175
662,160.29564291800443,1218.5214064930067,276.5550368663809,-15.059873823593309,3482.247600486822,83.08400036882041,41.91237283988113,-3.2470539977807036,0.02590404518846324,3.344222022651961,399.56645685892516,175
166,254.8063963937819,342.3865523669026,276.6855675375929,-15.04270899154936,3481.751942132134,85.10606151546162,40.910739847826086,-3.2468994445764734,0.026538263645156053,3.344222022651961,399.56645685892516,175
247,172.39909513750422,465.6809614379651,276.66749346893965,-15.055103892593294,3478.8725278604834,86.78743932342843,40.08497721537632,-3.2460011675569236,0.027084959888252925,3.344222022651961,399.56645685892516,175
520,886.8897018976066,950.1716366943276,276.59204275903875,-14.95394541197375,3475.0227974541485,87.97954445263153,39.498076729927966,-3.2447990234600717,0.02748741432205882,3.344222022651961,399.56645685892516,175
675,641.3249604687909,1233.1533333300722,276.550811452386,-14.990524738871883,3467.2420047842024,83.31114261813707,41.61798645202322,-3.2423652667304066,0.026087278423514885,3.344222022651961,399.56645685892516,175
428,2658.5282821510214,799.5928562551245,276.6070458196641,-14.697586919562772,3457.590312508808,85.03653038444712,40.66005864629196,-3.23933871011614,0.026701879833589758,3.344222022651961,399.56645685892516,175
93,2996.592982217505,201.35738899686785,276.6949151800922,-14.646240264041992,3455.4234380833514,109.97130038363947,31.421138297255396,-3.238658065124879,0.034553172126639185,3.344222022651961,399.56645685892516,175
879,2828.6982289817174,1561.718450620947,276.4926105988828,-14.676196792299013,3434.624646803015,83.63649479202161,41.06609985681342,-3.2321030834985294,0.026437864900381275,3.344222022651961,399.56645685892516,175
714,1956.983186671507,1296.8824840083462,276.5357588500573,-14.800918656786775,3428.361360595736,82.14985165790962,41.73301949311121,-3.230121357621019,0.02601537135790557,3.344222022651961,399.56645685892516,175
266,114.79974340911282,501.43814291538155,276.66239672823866,-15.063562049170022,3418.2120585680823,88.59510629935255,38.58240258799783,-3.2269023830883525,0.028139771687980326,3.344222022651961,399.56645685892516,175
438,2337.7204849702293,814.5256738184754,276.60616574531616,-14.7439656230678,3415.14790033616,84.06638127779264,40.62441904155474,-3.225928669491383,0.02672530526256725,3.344222022651961,399.56645685892516,175
320,400.75728401755316,602.9725252673721,276.64599295158723,-15.022700077185679,3411.294904729497,95.43846505396928,35.74339657286453,-3.2247030422091747,0.030374841344099783,3.344222022651961,399.56645685892516,175
344,2973.80085540301,651.7405980132808,276.6277882479806,-14.651443395482548,3408.489517237933,90.3475183472488,37.72643211003843,-3.223809784959001,0.028778231581329732,3.344222022651961,399.56645685892516,175
217,1144.8556760017239,420.2509761852408,276.670108713105,-14.914543406189775,3405.923034839303,88.84134125945326,38.33714109394867,-3.2229919527630413,0.028319795608634277,3.344222022651961,399.56645685892516,175
368,3058.2754169232962,691.8760254692874,276.621443854409,-14.639415261553863,3385.6571481171704,110.4698057476793,30.64780575291538,-3.21651232014438,0.03542504832982122,3.344222022651961,399.56645685892516,175
121,919.6838975225697,263.2441102093183,276.69453320982467,-14.946404506315536,3382.4382642143173,85.76954567748093,39.4363551479367,-3.215479574935329,0.02753043469476929,3.344222022651961,399.56645685892516,175
1025,1512.231738083669,1884.5538359209215,276.44989133144406,-14.867483098765156,3379.7062139947084,84.90942020867936,39.80366613843911,-3.214602253840636,0.027276381934867054,3.344222022651961,399.56645685892516,175
794,1639.2075197842057,1419.0423594660147,276.51885238101795,-14.847278532879633,3373.1381302698283,83.35958371163142,40.46491093260059,-3.2124901931499976,0.02683065339766521,3.344222022651961,399.56645685892516,175
481,221.23600284982024,886.2739365985431,276.6044243916967,-15.049751540625694,3357.009316970245,84.46218880710055,39.745705911519416,-3.207286244736996,0.027316158440284084,3.344222022651961,399.56645685892516,175
498,1647.684104300712,916.6215261613887,276.59383204964183,-14.844000077353284,3345.7046185779036,89.8109350884255,37.25275341230787,-3.203623867949179,0.029144154473191172,3.344222022651961,399.56645685892516,175
341,1066.7889162024799,639.5649672605725,276.6376776898551,-14.926713626708342,3342.0318900497223,84.81229199965964,39.40504154825971,-3.202431352445906,0.027552312022570347,3.344222022651961,399.56645685892516,175
935,2040.1111070814063,1696.609290158385,276.4757506154571,-14.790555991307027,3335.6472007926204,86.97166129005389,38.35326532016109,-3.200355154922593,0.028307889587416226,3.344222022651961,399.56645685892516,175
140,560.1331212686858,298.71726129021187,276.6907787551853,-14.998456345196017,3334.5674870421353,89.7301808611073,37.16216166112145,-3.2000036566950913,0.029215200393895403,3.344222022651961,399.56645685892516,175
855,1209.9133150736134,1525.7125676408662,276.5047240838262,-14.909657912879888,3332.230726872018,84.40054627612615,39.48115117608646,-3.1992425401467797,0.02749919816567059,3.344222022651961,399.56645685892516,175
717,288.8962026165923,1299.47068372096,276.5423965675037,-15.041641542201395,3330.169594368257,85.82484732487731,38.80192855761678,-3.1985707563614687,0.02798056798614661,3.344222022651961,399.56645685892516,175
458,2969.2901764949875,842.3496475401055,276.5993614819719,-14.652898508101744,3321.215030809806,106.53634363417666,31.174479220106882,-3.195647365135489,0.03482656413710823,3.344222022651961,399.56645685892516,175
564,688.0766151876941,1033.0083667717697,276.5805121013071,-14.982972628968641,3312.4000114633236,86.07577504706657,38.48237218488117,-3.1927618219670784,0.02821291771681753,3.344222022651961,399.56645685892516,175
145,1251.0359118914787,306.36494988558553,276.6866687427563,-14.898743993912541,3301.215217445424,81.6612195640034,40.425739844088895,-3.1890894742525377,0.026856651336184575,3.344222022651961,399.56645685892516,175
620,833.226895268262,1132.5217728733403,276.5650312753525,-14.962427705929016,3297.263719772105,88.31940337013522,37.33340120011566,-3.1877890883179543,0.029081197134447977,3.344222022651961,399.56645685892516,175
15,748.0815439797261,52.93003882685371,276.72670235034576,-14.970313181609606,3295.0658074339735,107.61676314952012,30.618518072838604,-3.1870651096154434,0.03545893362367247,3.344222022651961,399.56645685892516,175
899,377.38563902542,1599.2927456764185,276.4972328422307,-15.030066929898204,3290.7986465519352,101.53547295850161,32.410334542853924,-3.1856581533253907,0.033498574307045635,3.344222022651961,399.56645685892516,175
313,1452.2394734180648,589.6359130491111,276.64349420777523,-14.870866475719493,3290.6758631699777,83.91996817764984,39.21207234259145,-3.18561764253622,0.027687901585877986,3.344222022651961,399.56645685892516,175
13,1317.841532096842,47.99281329989826,276.72498442029854,-14.888026198163045,3283.557796952402,85.48118026311317,38.4126399149559,-3.183266541063477,0.02826413395183715,3.344222022651961,399.56645685892516,175
630,2272.7142656970177,1153.6020283581583,276.55582465731135,-14.75475738488415,3282.4809464053833,79.66896895325087,41.20149902192807,-3.182910412907006,0.026350982992686112,3.344222022651961,399.56645685892516,175
726,1298.7227364436421,1311.7785143279862,276.5362958281873,-14.895977966376405,3276.160315408546,89.51619905133153,36.59851904044639,-3.180817741647598,0.029665134777725637,3.344222022651961,399.56645685892516,175
200,2367.221805288379,396.75454236641383,276.6684116284447,-14.737957202060667,3275.398523456388,82.07901766375365,39.905430360709765,-3.180565250560508,0.027206823487085172,3.344222022651961,399.56645685892516,175
936,2476.4107777349113,1696.8371366882338,276.47390862421224,-14.727596111329742,3274.1175974161015,82.45454583582321,39.708151493978974,-3.1801405633715247,0.027341992995182033,3.344222022651961,399.56645685892516,175
287,2362.7245625301102,541.0600474689485,276.6468855297094,-14.739212444285059,3273.2833281009807,83.21903208800336,39.33335014807086,-3.1798638745250187,0.02760253057298373,3.344222022651961,399.56645685892516,175
117,2102.042501371057,256.7037116019869,276.69045142485646,-14.77566080021944,3265.4547035286087,86.99855014951032,37.53458762148105,-3.1772640379351644,0.02892532111845166,3.344222022651961,399.56645685892516,175
1006,1847.6113130084673,1844.606643278066,276.45446195543224,-14.818933388944165,3263.431727959629,84.87885910674635,38.448110192615026,-3.1765912071515636,0.02823805889446648,3.344222022651961,399.56645685892516,175
681,2636.983052303629,1242.3037719547071,276.54106534001664,-14.702544265003066,3262.0850509869633,81.56903358650874,39.991708955670425,-3.1761430783624958,0.02714812715814333,3.344222022651961,399.56645685892516,175
371,648.4034818034437,693.7819174472926,276.6313631759081,-14.987324947246083,3257.294815094414,84.31751108133243,38.6312970262184,-3.1745475482413257,0.028104156048997117,3.344222022651961,399.56645685892516,175
1066,68.16441647874686,1976.0599414942135,276.4422537852424,-15.076154838257072,3248.5911386420776,92.95219941504283,34.94905079262003,-3.1716425165996216,0.031065221383044274,3.344222022651961,399.56645685892516,175
1032,450.65179009885003,1898.4930955073282,276.45223664171004,-15.020681558939147,3240.0831220041146,86.7018071478882,37.370422008361025,-3.168795257940189,0.0290523880023911,3.344222022651961,399.56645685892516,175
492,1539.5510035839386,904.4422449549329,276.59610772661455,-14.85955840221149,3238.456509878917,81.42070069926311,39.77436305590805,-3.168250051207534,0.02729647734330547,3.344222022651961,399.56645685892516,175
815,662.9713733455336,1446.9638662930763,276.51878281576876,-14.988258146917069,3235.1083914669,84.72207589090706,38.1849518847084,-3.167126968715191,0.028432666440907084,3.344222022651961,399.56645685892516,175
950,2800.8904169278803,1714.979193919989,276.46986152995015,-14.680843468507328,3212.8584801025863,82.7330751736477,38.834027060630184,-3.1596338687393666,0.02795744047623326,3.344222022651961,399.56645685892516,175
1002,1717.4107356605757,1823.5219684683398,276.4581489502692,-14.837634077319503,3201.950119861227,85.30731475736575,37.5342973690865,-3.15594128372142,0.028925544797707866,3.344222022651961,399.56645685892516,175
144,965.4159420569368,305.43618304387655,276.6880322377563,-14.939975874505604,3194.580529033701,89.21338572431623,35.808309516527835,-3.1534394790540987,0.03031977813693997,3.344222022651961,399.56645685892516,175
258,462.63422845038895,481.98343535481365,276.66380877034334,-15.013277724252191,3185.823346011719,91.06316680854293,34.98476340834708,-3.150459104515049,0.03103350985477755,3.344222022651961,399.56645685892516,175
1021,2763.95170810868,1872.2810904525033,276.4465483061959,-14.686821843973796,3171.8221784356574,82.82812834170038,38.29402211469243,-3.1456769570790586,0.02835168363219399,3.344222022651961,399.56645685892516,175
195,2263.582152627814,388.763366942614,276.67004449651114,-14.752888980448901,3162.5253827739507,78.5962856705442,40.237593364531996,-3.1424899280162215,0.026982230029617176,3.344222022651961,399.56645685892516,175
349,2909.889697341713,661.0832124393091,276.62666247841383,-14.660711296600782,3147.482443655783,87.48206363385603,35.97860307490152,-3.137313169122274,0.03017626887124416,3.344222022651961,399.56645685892516,175
132,2024.2213067804896,282.41812084672324,276.68694276920877,-14.787006044964569,3140.8712515865045,79.9215187905242,39.29944399353555,-3.1350302144480455,0.02762634504901874,3.344222022651961,399.56645685892516,175
339,1757.9095774421849,637.115884588397,276.6351044709268,-14.826934782321686,3135.9578427349625,84.04427058103273,37.31316627599706,-3.1333304176594616,0.029096967863014425,3.344222022651961,399.56645685892516,175
864,2931.0043377150805,1543.3491663695538,276.49492795871987,-14.66135467392105,3124.421780496079,85.67764515638116,36.467176178725495,-3.1293290198645654,0.02977197890725041,3.344222022651961,399.56645685892516,175
526,520.1414541986937,961.247319865821,276.5919470791759,-15.006918170123102,3119.8675621626608,91.01409696896576,34.278948713038176,-3.1277452749948513,0.031672499909165784,3.344222022651961,399.56645685892516,175
845,742.1785823714646,1508.1094704347938,276.5093167400891,-14.977074584480977,3114.2165380350198,80.00377244653922,38.92587115333877,-3.1257768950143343,0.027891475972962956,3.344222022651961,399.56645685892516,175
47,2771.0205689514514,111.7340997349328,276.70925153429374,-14.678437416524416,3113.997959401022,106.49358885468082,29.24117773559426,-3.1257006873831705,0.03712914745832606,3.344222022651961,399.56645685892516,175
333,2723.631013804861,630.428214866477,276.6320214729739,-14.68747649580576,3111.3510150840157,78.08757725843451,39.8443788925203,-3.1247774030943964,0.02724851108681257,3.344222022651961,399.56645685892516,175
296,1393.597204471119,553.3867875287947,276.6491583151863,-14.879182704318517,3105.3894262611866,82.86235538372185,37.47648026514142,-3.1226950530693314,0.028970169885720543,3.344222022651961,399.56645685892516,175
477,420.7316983319967,876.3389798126282,276.6050573613101,-15.020922083244285,3095.2272449865413,92.83493791981164,33.341189366228875,-3.1191362270387057,0.032563325443323875,3.344222022651961,399.56645685892516,175
637,1585.594828779415,1167.9823470629674,276.55656082903266,-14.853992087817378,3093.263094102149,80.66969507236826,38.34479715495643,-3.1184470283225245,0.02831414117572566,3.344222022651961,399.56645685892516,175
687,1271.4229238320825,1253.1153971234382,276.54517066652244,-14.899679678936273,3091.5693266226153,81.55855641685297,37.906131035735015,-3.1178523526398716,0.02864180464570454,3.344222022651961,399.56645685892516,175
669,2490.232165961721,1227.838450102631,276.54383593556355,-14.723667155684689,3087.2100741553004,80.17708925931439,38.50489089433552,-3.1163203351627153,0.02819641803373395,3.344222022651961,399.56645685892516,175
965,2990.831351609703,1754.741866549348,276.4631474584787,-14.653595575453652,3085.943810248602,112.99331157007963,27.310853778585535,-3.1158749133853525,0.039753425828499674,3.344222022651961,399.56645685892516,175
326,919.7398545132862,623.0303923639152,276.64077528856126,-14.947872113573297,3083.1004453431524,81.71634729767403,37.72929832646729,-3.114874063233566,0.028776045358849842,3.344222022651961,399.56645685892516,175
1062,420.98020314828875,1972.3766576953835,276.44132667770504,-15.025252629826578,3080.131851576938,81.70122020183187,37.69994920477181,-3.113828147771298,0.028798447289753358,3.344222022651961,399.56645685892516,175
834,1603.4654110024337,1477.4941603105476,276.51027569289823,-14.852674004942047,3078.5518420275475,85.74507780457223,35.90354013141251,-3.1132710567776316,0.03023935790248455,3.344222022651961,399.56645685892516,175
976,1289.4339650666411,1774.1200616889043,276.46730375311773,-14.899183572209722,3072.297707580845,79.61439320006426,38.589727109524276,-3.111063120302013,0.028134430619801924,3.344222022651961,399.56645685892516,175
50,1969.7232314981625,116.57027992302397,276.7119446805801,-14.794179874486648,3068.481128606538,86.4358328347319,35.50010485204178,-3.1097135199940324,0.030583008262229296,3.344222022651961,399.56645685892516,175
519,1098.633734589314,944.7418664384501,276.5919555714257,-14.923363296490662,3065.7871807769116,82.47961627290628,37.17024059172292,-3.108759888123735,0.02920885048674568,3.344222022651961,399.56645685892516,175
998,239.78644747040963,1820.3538829545323,276.4647913641289,-15.05078965703064,3050.2862771031796,88.80135635388943,34.34954602435619,-3.1032563805297104,0.031607404628584156,3.344222022651961,399.56645685892516,175
1020,1574.7924967145268,1871.7978660499678,276.4515355290944,-14.858405790817352,3046.2906804263475,78.52051727718025,38.796110698976065,-3.101833232877187,0.027984763947708158,3.344222022651961,399.56645685892516,175
910,1206.746638658486,1623.9443906974136,276.49007019396475,-14.910510289366082,3044.7653136830777,81.2905720782435,37.45533136059667,-3.1012894368802613,0.028986527700090404,3.344222022651961,399.56645685892516,175
26,584.6878321358593,74.43963701467267,276.7241934856206,-14.993992034468505,3037.0943734256725,91.18353408979847,33.30748696836768,-3.0985505963259037,0.032596274856493856,3.344222022651961,399.56645685892516,175
454,2128.6169072739326,837.7643118014528,276.6035772139142,-14.774249758340016,3035.4852227083757,80.68703274105441,37.62048398098904,-3.0979751857591364,0.028859277848436043,3.344222022651961,399.56645685892516,175
7,889.3525419602398,33.294649354061974,276.7290269468658,-14.94983502529783,3026.882981716597,89.40054462154474,33.857545214407395,-3.0948939572885963,0.03206670752780985,3.344222022651961,399.56645685892516,175
761,1466.9971703311614,1364.3651499514174,276.52773715578644,-14.871907866774876,3017.851707612892,81.93617639483762,36.83173709583831,-3.091649616860227,0.029477295550164956,3.344222022651961,399.56645685892516,175
229,867.0541501809064,436.3509074144714,276.6688927127791,-14.954713401856345,3013.8417717590055,85.1719895587421,35.38536304450649,-3.090205998018645,0.030682177787308387,3.344222022651961,399.56645685892516,175
265,1637.4261746873262,499.1654413345779,276.6562188227996,-14.843757281268179,3013.1725521154876,81.9608830368314,36.76354427222843,-3.0899648849368293,0.029531973086179,3.344222022651961,399.56645685892516,175
45,2517.472227693497,106.80524625338838,276.71106599428464,-14.71503529540172,3012.8957723141066,82.41813819026623,36.556222191754586,-3.0898651483141633,0.02969945839329329,3.344222022651961,399.56645685892516,175
541,1081.0372781384344,991.4484577210787,276.58505381191327,-14.926092975702302,3010.1572263047565,84.5565609220472,35.59933367062816,-3.0888778288413565,0.030497761841418267,3.344222022651961,399.56645685892516,175
1079,1636.455481883311,2002.4890491640272,276.4317736416868,-14.850035268749066,3007.3809002237394,77.48952200806444,38.8101619714567,-3.087875971306638,0.02797463202545994,3.344222022651961,399.56645685892516,175
641,206.53623635783592,1177.5258501667117,276.56096587874123,-15.053038542012446,3006.4301254471065,104.340722644227,28.813583510420965,-3.087532664674037,0.03768014483888603,3.344222022651961,399.56645685892516,175
449,864.4957120330673,830.4572327844235,276.6100217156746,-14.956691333410365,3005.960326533852,81.42943486786194,36.914910823238756,-3.08736298917003,0.029410879663199073,3.344222022651961,399.56645685892516,175
1010,2372.841293770547,1846.6833832893788,276.4519790840751,-14.743155221873668,3004.291818521393,89.08079028380826,33.72547334784329,-3.0867601660072497,0.03219228352415192,3.344222022651961,399.56645685892516,175
532,2747.39125135227,971.506509808019,276.58101578174785,-14.68547728189064,2996.8978944645787,79.19172265896233,37.843574982838334,-3.084084744802527,0.028689150020640326,3.344222022651961,399.56645685892516,175
981,987.7356186143726,1782.5607828051402,276.4673026558815,-14.942743896017591,2996.2236844038125,78.79152561218775,38.02723276550373,-3.083840459995005,0.028550591800749935,3.344222022651961,399.56645685892516,175
656,121.33818106974378,1205.5201623186654,276.55714505185915,-15.065442958289518,2982.2279504594917,80.75448284228644,36.92956533798607,-3.078756968902913,0.02939920873867529,3.344222022651961,399.56645685892516,175
169,466.9255737472439,351.5225045844235,276.6832880432159,-15.012126961951395,2976.344394006155,83.41849174492904,35.67967163811836,-3.0766128337104908,0.03042909169713583,3.344222022651961,399.56645685892516,175
334,97.4557948299632,634.4191891330186,276.642594691822,-15.066601839806092,2968.7601523913327,83.13088455994298,35.71187974369088,-3.073842658649772,0.030401648073196366,3.344222022651961,399.56645685892516,175
459,2457.2970716827635,843.3400179442474,276.60136153722067,-14.726822529683188,2965.650975812372,82.48867929593081,35.95221794221003,-3.072704973438986,0.03019841506705277,3.344222022651961,399.56645685892516,175
967,1875.1298962206515,1758.0134143437476,276.4672713661958,-14.814611853863255,2964.579914752743,82.66386241117254,35.86307037054273,-3.0723127830490844,0.030273481572614436,3.344222022651961,399.56645685892516,175
716,446.2751126302496,1298.562810446247,276.5418656842712,-15.018930698539634,2962.0696885852667,95.57743431776487,30.991307830437442,-3.071393058153048,0.035032403470682295,3.344222022651961,399.56645685892516,175
1071,1682.4714061422428,1979.5926917269924,276.43500031008045,-14.843304428452658,2952.340292592562,80.1217255727754,36.84818657470027,-3.067820912480992,0.029464136526746603,3.344222022651961,399.56645685892516,175
711,1609.6097409127362,1292.9118052269778,276.5378071353401,-14.851036153352528,2948.602524173446,82.94922993921756,35.54707531744519,-3.0664454607383136,0.030542597113950992,3.344222022651961,399.56645685892516,175
155,1710.0107270150133,328.5759413475725,276.6813886694432,-14.832568586239459,2947.8811437305994,78.03150716391829,37.7780879912787,-3.066179801097001,0.02873888165675935,3.344222022651961,399.56645685892516,175
901,563.993072647444,1601.0404603480176,276.49618644202735,-15.003152813323604,2946.1327886482177,80.87437358325504,36.42850829150919,-3.0655356721590072,0.029803581066564198,3.344222022651961,399.56645685892516,175
782,470.7103412504047,1394.2272851678802,276.5274714153938,-15.015787102543786,2943.7187692621374,81.1966520965423,36.25418897520645,-3.0646456706479515,0.029946884227433402,3.344222022651961,399.56645685892516,175
410,69.97295014940678,773.0343677885646,276.62199496018644,-15.07112558159447,2939.9270092010556,89.94022698255279,32.68756492877611,-3.063246248621871,0.03321446557324363,3.344222022651961,399.56645685892516,175
1030,2559.5968274808283,1894.1045004240536,276.4441340222857,-14.716400416745728,2938.7940632374084,79.76402178704328,36.84360438950159,-3.0628277628829363,0.02946780093831876,3.344222022651961,399.56645685892516,175
888,2944.5991458875496,1579.0153885007871,276.4895511094952,-14.659540426777674,2925.0150244169345,93.10770700145841,31.415391041378754,-3.0577251312567792,0.03455949342059665,3.344222022651961,399.56645685892516,175
771,2160.1215870750266,1379.968958651588,276.5225083940165,-14.771941496762592,2923.2532146343437,78.41068647228842,37.28131133844196,-3.0570709681279586,0.029121829705611776,3.344222022651961,399.56645685892516,175
272,921.83994524893,512.8273577728639,276.6572313772974,-14.947118118863914,2923.236893610854,79.93723869041149,36.569150267152,-3.0570649062598036,0.029688958919431692,3.344222022651961,399.56645685892516,175
445,243.21465926110162,827.7052798103648,276.6130829091806,-15.046344396573952,2913.9089879875537,78.86592500837332,36.947629634448326,-3.053594835894538,0.029384834987837536,3.344222022651961,399.56645685892516,175
649,434.7100076514408,1192.4382842955333,276.55776914226857,-15.020174882711245,2907.0817570861254,134.57652206841792,21.601700745455304,-3.0510479927568346,0.05025993151156935,3.344222022651961,399.56645685892516,175
131,941.9366963105666,277.78945123513245,276.6922641363889,-14.943251746265501,2903.989998815494,88.87258886864409,32.67587943350749,-3.0498926691440706,0.03322634367681834,3.344222022651961,399.56645685892516,175
311,808.0424383352168,589.4148820440013,276.646274966303,-14.963857841200939,2881.981467272417,80.46753216611002,35.815457361400256,-3.0416328376200625,0.030313727088407984,3.344222022651961,399.56645685892516,175
162,703.778437377026,334.4217712306783,276.68482480352924,-14.977865994184842,2876.716760062962,82.59871197555029,34.82762250474907,-3.039647637287767,0.03117353186689544,3.344222022651961,399.56645685892516,175
126,1271.1263433355193,271.9295195571999,276.69172732818686,-14.89570088702478,2872.014840371092,85.76882583309937,33.48553291332038,-3.0378715774768277,0.03242295718603045,3.344222022651961,399.56645685892516,175
502,1463.7623797468923,923.6680396049362,276.59355707014157,-14.870576694625877,2869.1842161683016,88.0423945254043,32.58866630825686,-3.0368009609042983,0.03331526334125925,3.344222022651961,399.56645685892516,175
594,2115.4911557038713,1089.591781158014,276.56603818570693,-14.77718720283124,2867.9713021447824,77.65782242080226,36.930874607894445,-3.036341881597834,0.02939816648068004,3.344222022651961,399.56645685892516,175
1077,2604.042516072061,1998.7731684097066,276.4283368457577,-14.710415203606058,2862.563476890151,80.92224371178658,35.37424749473685,-3.0342926929488536,0.030691818961280683,3.344222022651961,399.56645685892516,175
524,1247.1189214071237,952.5389838786219,276.59016196778214,-14.901964179388695,2859.5341266425676,82.88149965733247,34.50147666807555,-3.0331430881095556,0.03146821831555418,3.344222022651961,399.56645685892516,175
739,1384.2649507209865,1336.9049224915493,276.53218452017046,-14.883735396809035,2858.6816547542694,84.33179206176955,33.89803044456121,-3.0328193648941664,0.03202840949050466,3.344222022651961,399.56645685892516,175
96,808.0438029307336,204.7787876874221,276.7037501654181,-14.962281478242582,2855.42849255912,79.06784280389013,36.113651154507444,-3.0315831001860043,0.030063423810430503,3.344222022651961,399.56645685892516,175
260,2123.23448936167,483.0869796011271,276.65655580497844,-14.773549221253324,2855.193780071946,79.38121619758851,35.968128441935896,-3.0314938504219646,0.030185056799735033,3.344222022651961,399.56645685892516,175
152,2866.1234502468747,323.2698211826749,276.6772691655128,-14.665601578950453,2854.096141440241,91.22531194205222,31.286230550279825,-3.0310763743318554,0.03470216708450004,3.344222022651961,399.56645685892516,175
303,41.348677734177514,571.8078126749471,276.65219437665905,-15.074447103465484,2844.022573882976,86.06572463094764,33.04477579289814,-3.027237476285393,0.032855420378834425,3.344222022651961,399.56645685892516,175
1003,1613.4632516703948,1833.3562239053324,276.4571127773142,-14.852671534381981,2840.332406404719,80.29529803548841,35.37358320968392,-3.0258278004261294,0.030692395326882727,3.344222022651961,399.56645685892516,175
109,1069.395361193904,237.59902307753575,276.6977220435043,-14.924684422655925,2833.5269230669655,102.22850855117235,27.71758057732586,-3.023223237018742,0.03917008546150482,3.344222022651961,399.56645685892516,175
797,941.1879361024536,1420.5517903707532,276.52155603688516,-14.948009344711686,2821.721685421362,80.28762211765056,35.1451644848382,-3.018690317805952,0.0308918741998882,3.344222022651961,399.56645685892516,175
525,932.6663440648265,958.205616535575,276.590648354846,-14.947371401448455,2811.444535179762,90.12910549269218,31.193525330257703,-3.0147286784571503,0.0348052997699132,3.344222022651961,399.56645685892516,175
730,117.93251846606212,1317.9628914353636,276.5403584960977,-15.066381483107882,2811.2287285628263,87.9677617086268,31.957488447579035,-3.0146453340953645,0.03397325799807175,3.344222022651961,399.56645685892516,175
885,1708.404455711867,1577.0638916107819,276.4949736171187,-14.837935351186903,2804.35394894614,78.27210651625992,35.828267230339264,-3.011986945362724,0.03030288886202771,3.344222022651961,399.56645685892516,175
1048,2515.5653083466614,1933.4989485894434,276.43843832533685,-14.722915212116147,2800.3199768015475,91.6249800259577,30.562844062920465,-3.0104240246930445,0.03552352646778694,3.344222022651961,399.56645685892516,175
1103,2479.1662077726214,2043.7320297191259,276.4221432926907,-14.728617188823028,2798.0861040657037,90.85918611543495,30.795852612093466,-3.009557564990117,0.035254747243908036,3.344222022651961,399.56645685892516,175
696,1363.9584390021287,1265.0381586165277,276.54300092223536,-14.88637404392251,2794.238320562028,84.96081702599176,32.88855284556876,-3.0080634891103752,0.03301148594460829,3.344222022651961,399.56645685892516,175
1104,1980.542647432417,2046.050386750452,276.423850748829,-14.800568645118105,2792.3400400060345,79.8312761068829,34.978020848213454,-3.0073256378272717,0.031039492048774785,3.344222022651961,399.56645685892516,175
789,278.6542731777229,1412.007029044519,276.5256271188861,-15.043567130636008,2792.0748872574186,79.59317808945733,35.07932406115655,-3.0072225344787817,0.030949855194108467,3.344222022651961,399.56645685892516,175
57,703.7555982194234,132.16562943121963,276.715051507607,-14.977039114897156,2788.279392697499,84.65311979345309,32.93770388499184,-3.0057456008335737,0.032962224804464965,3.344222022651961,399.56645685892516,175
516,64.47936153101921,942.5757861416148,276.5966802068011,-15.072597802864104,2785.5971215543977,79.56851809552028,35.008784733308076,-3.004700640792426,0.031012216170047253,3.344222022651961,399.56645685892516,175
1053,2941.5995316142157,1952.474993196315,276.43385673187447,-14.661516034189694,2776.6867466011317,103.83197482783085,26.742116300930412,-3.0012220966586223,0.040598881097612546,3.344222022651961,399.56645685892516,175
348,2201.784812210318,660.7457233590742,276.62969692348435,-14.762949886133049,2773.148228623584,76.54265656772999,36.230101658017574,-2.9998375878877614,0.029966794193627085,3.344222022651961,399.56645685892516,175
545,935.527900305501,998.702358502775,276.58458697045285,-14.947122720581916,2767.34880500671,82.19434712914742,33.66835922011192,-2.9975646342343283,0.03224689367551518,3.344222022651961,399.56645685892516,175
829,106.84146742885346,1471.4854059140512,276.51746778800896,-15.068590288887988,2759.442206558073,81.2717963111485,33.95325724060002,-2.9944581349907162,0.031976313562687035,3.344222022651961,399.56645685892516,175
207,1010.1647955981578,407.5269117837119,276.672586317915,-14.933935621196062,2745.409355370328,83.34481962047184,32.94037191360095,-2.988922651455164,0.03295955500586558,3.344222022651961,399.56645685892516,175
602,1022.5060597291664,1112.0569857315077,276.56728722779013,-14.935029758109698,2742.437114808359,82.60475295943036,33.19950749268933,-2.9877465728165022,0.032702292352953605,3.344222022651961,399.56645685892516,175
43,1716.7201693832237,106.75502503180874,276.71449345002515,-14.83067369706972,2739.3323654154374,82.175849703553,33.33500505680805,-2.986516700164905,0.03256936659075941,3.344222022651961,399.56645685892516,175
377,519.7251753089067,715.5736417057343,276.62865696859944,-15.005985597418185,2735.5311264648626,85.14634416180145,32.12740550864523,-2.985009030276559,0.033793578498202935,3.344222022651961,399.56645685892516,175
584,811.3021800984616,1066.489484244657,276.57498778569726,-14.965324948203138,2709.6475491271412,78.74249862255623,34.41150073374669,-2.97468689013473,0.03155049843366102,3.344222022651961,399.56645685892516,175
365,739.4687462998435,687.4307339118202,276.6319231478863,-14.974155230676311,2705.7440687561175,85.12508215785437,31.78550904348775,-2.9731216660488515,0.03415707448682309,3.344222022651961,399.56645685892516,175
577,1636.221467410434,1062.9993131615179,276.57202316220867,-14.846255494119195,2704.1447015067097,78.2719428590123,34.548071796014604,-2.972479696850696,0.03142577699879749,3.344222022651961,399.56645685892516,175
1057,2143.9945817601215,1961.6791057508374,276.4357656478722,-14.776644145941995,2704.050012166903,78.72254392580393,34.349118782485895,-2.972441677641002,0.03160779776841269,3.344222022651961,399.56645685892516,175
852,1631.1399130516522,1519.2070383486673,276.5039328871327,-14.848849851559855,2703.353049931,77.41933697537765,34.9183182851433,-2.9721617957352633,0.03109256268111666,3.344222022651961,399.56645685892516,175
116,2432.9961696475134,254.29636094765985,276.6894028148568,-14.727858921951015,2702.8816929057066,85.64063387091718,31.560738994291608,-2.9719724701090664,0.03440033518215054,3.344222022651961,399.56645685892516,175
890,155.21531100419193,1581.525747404889,276.5008235732944,-15.062047023127887,2701.2480957114312,86.97613455552265,31.05734819690159,-2.9713160626054664,0.03495791054396312,3.344222022651961,399.56645685892516,175
161,544.5357427238814,333.75089310443497,276.68561002165995,-15.000851119297629,2699.2555273087637,91.62367837967146,29.46023970052317,-2.9705148766774796,0.036853060634829786,3.344222022651961,399.56645685892516,175
848,2648.9940989444153,1512.3576815539866,276.50071918272397,-14.70192921485726,2696.753409636847,92.78482036053539,29.064596979958914,-2.9695079695461475,0.03735472405650866,3.344222022651961,399.56645685892516,175
619,2951.3622579082603,1133.780430042559,276.5559492504601,-14.656709763970081,2695.4454160640307,77.13828641095407,34.94302947960304,-2.968981232290584,0.031070574479918674,3.344222022651961,399.56645685892516,175
186,1267.2033182216937,371.6354317805498,276.67684833570365,-14.896679636804802,2692.533381543646,78.61782475291858,34.248383111664374,-2.967807619054562,0.031700766616051736,3.344222022651961,399.56645685892516,175
992,400.2265295873688,1799.9849005889096,276.4671603311859,-15.027566349679649,2691.8590229266265,78.83100738074967,34.14721075331547,-2.9675356568666986,0.03179469057789986,3.344222022651961,399.56645685892516,175
494,1007.7627439733475,912.6698121274324,276.5971316363146,-14.93634803675567,2691.5928286830604,82.168457723824,32.75700802039829,-2.9674282845948037,0.03314405269626329,3.344222022651961,399.56645685892516,175
787,1587.5107145634377,1409.0857025258342,276.52055525030164,-14.854698380935625,2677.003327298502,87.58975127299757,30.56297441643468,-2.9615271557346743,0.03552337495712409,3.344222022651961,399.56645685892516,175
480,1812.1023355914824,883.5003738764807,276.59808350999117,-14.820130175931377,2671.8997933735955,74.69750796748117,35.76959748826936,-2.9594552942292647,0.030352592040099286,3.344222022651961,399.56645685892516,175
293,371.5370818268347,550.7501248578136,276.65392280864233,-15.026705861277058,2669.386348439497,82.86952886767772,32.211916550193635,-2.9584334660430978,0.033704917815375185,3.344222022651961,399.56645685892516,175
221,468.47777317644386,430.3305058425414,276.67150317755807,-15.01222404755721,2667.810997855093,97.33084019081805,27.409719186897224,-2.9577925247012775,0.03961003732278299,3.344222022651961,399.56645685892516,175
76,1025.4797632782215,173.2163369831316,276.70753100652655,-14.930758935693461,2662.1265532936086,84.53357795999285,31.491942226241875,-2.9554766215428794,0.034475485576602474,3.344222022651961,399.56645685892516,175
744,1198.8200060940417,1341.4534788878,276.53228462938154,-14.910514709831888,2653.254488983832,79.14307340178435,33.524784607669936,-2.951852147473743,0.03238499554003426,3.344222022651961,399.56645685892516,175
210,445.65165019161526,410.5083495494443,276.67456381068143,-15.015438215178294,2651.4416230646602,91.18608310913828,29.077261931420146,-2.9511100524704226,0.0373384537567762,3.344222022651961,399.56645685892516,175
699,1043.5151014035553,1269.7781916141982,276.54364237206073,-14.932636101363133,2646.3049648488523,80.02600688927917,33.06806209274162,-2.949004607277261,0.03283228381981021,3.344222022651961,399.56645685892516,175
517,505.66648323727,942.5597317195069,276.5948008251709,-15.008931762196006,2646.0594207379327,87.21769749791883,30.338560827073795,-2.9489038598185227,0.035786140489272436,3.344222022651961,399.56645685892516,175
549,176.46897134869678,1002.3801905269912,276.587265076035,-15.056677090339731,2643.5677403097507,77.6175035632867,34.058912216292484,-2.9478809870264366,0.031877119066669506,3.344222022651961,399.56645685892516,175
299,1518.268964424037,565.4786113621775,276.6468214516915,-14.861234443274158,2642.0300601624185,77.64629148091441,34.02648097896387,-2.9472492647057393,0.03190750170936602,3.344222022651961,399.56645685892516,175
366,1510.381173522527,688.1186338833326,276.6285378749673,-14.862879255723767,2634.3254758625117,84.99203227512079,30.99496982652622,-2.9440784578845025,0.03502826445957152,3.344222022651961,399.56645685892516,175
475,941.5259463178979,873.7243404140318,276.60323058107224,-14.945749506875142,2622.014314777218,81.50347429203515,32.1705833714803,-2.9389925242168964,0.03374822232668896,3.344222022651961,399.56645685892516,175
386,1428.6288550896338,725.3893921286056,276.6233183984103,-14.874834039582074,2605.1440056681167,87.20585324349207,29.87349941286804,-2.9319842157401514,0.03634324807398807,3.344222022651961,399.56645685892516,175
1101,921.28993512929,2040.0858104742204,276.42912955870327,-14.953354045713938,2591.4774588282453,84.90141186324344,30.523372956418168,-2.926273467320878,0.03556946349114767,3.344222022651961,399.56645685892516,175
48,299.8110359887307,113.05267555778984,276.71965402587205,-15.035277605172512,2586.7364696210425,96.55889017700139,26.789210862710984,-2.9242853435631275,0.0405275095845108,3.344222022651961,399.56645685892516,175
312,1228.1754561976422,589.6118547754414,276.6444520045656,-14.90321212657484,2565.598698432703,76.81753254981484,33.398608537301776,-2.91537669477485,0.03250734229803073,3.344222022651961,399.56645685892516,175
692,123.94253163876584,1260.6574451919817,276.54889535990765,-15.065286613574491,2558.216414092487,81.0773007214082,31.55280690563244,-2.9122480811336136,0.03440898311351798,3.344222022651961,399.56645685892516,175
434,36.96917941198219,809.3162644576408,276.6167137564728,-15.076033929410263,2543.948399387038,79.40890944832701,32.036057629559025,-2.906175623232331,0.033889937786797046,3.344222022651961,399.56645685892516,175
650,1679.48855694742,1193.36033041556,276.55237700326364,-14.840544508031742,2542.6971562902327,76.59017349165109,33.1987386941669,-2.9056414716215357,0.03270304965503886,3.344222022651961,399.56645685892516,175
660,246.13582945740623,1215.0537660540206,276.55519044476637,-15.047474567935014,2541.9688190824527,78.71479197355669,32.29340706301298,-2.9053304257888306,0.03361986543821506,3.344222022651961,399.56645685892516,175
571,616.0530756515076,1050.2559040158758,276.57824123440804,-14.99343586296569,2534.772459447704,86.62628549070811,29.261008308149076,-2.902252327850609,0.037103984543746464,3.344222022651961,399.56645685892516,175
376,1152.1525217809121,714.0795927638984,276.62618278660483,-14.914696748933386,2529.1850769377197,81.94966314093826,30.86266593418437,-2.899856404938891,0.03517842568478337,3.344222022651961,399.56645685892516,175
945,279.3571067147183,1709.8461974681102,276.4811316756726,-15.044645866670063,2526.1467999393935,75.39320081070505,33.50629463632889,-2.8985513401816454,0.03240286673844382,3.344222022651961,399.56645685892516,175
867,2490.99904908816,1550.8920417251004,276.49562462846455,-14.72489085829638,2521.3434601552726,79.45448384470969,31.733180283231444,-2.896484902719492,0.03421340030560093,3.344222022651961,399.56645685892516,175
332,1822.1938951942639,630.534228619251,276.635814726095,-14.81762689259413,2517.5513850391144,82.71942318126052,30.434827616271956,-2.894850737233401,0.03567294724611916,3.344222022651961,399.56645685892516,175
633,1493.3982879171924,1156.4373149357643,276.55867265917817,-14.867251224882049,2510.389802111982,77.36141566942258,32.450153353440044,-2.891757783343807,0.03345746900406882,3.344222022651961,399.56645685892516,175
139,1178.1845712441427,296.23155064691053,276.68849486264764,-14.90922007799998,2495.2258112002164,84.12530645608365,29.66082284054218,-2.8851795138246716,0.03660383954406014,3.344222022651961,399.56645685892516,175
652,473.0379300451257,1199.396533477956,276.55656707618016,-15.01467229019528,2495.0838221648883,101.66155023444604,24.54304322933173,-2.885117729026652,0.04423656796979704,3.344222022651961,399.56645685892516,175
74,550.1477398183926,173.0814210987631,276.70959914221373,-14.999383478933696,2489.4542038558866,89.87814770756586,27.698103124641126,-2.8826652317303934,0.039197630072874065,3.344222022651961,399.56645685892516,175
288,1103.0692097034066,544.4345783518985,276.65173463766416,-14.921086415786466,2481.661939481244,82.02060789998998,30.25656603895455,-2.879261428546597,0.0358831203317055,3.344222022651961,399.56645685892516,175
807,1279.2629793976682,1435.590943639038,276.51788987380377,-14.899287326810468,2479.9794460578414,78.44823083365961,31.612942952357344,-2.878525081861244,0.034343528270563646,3.344222022651961,399.56645685892516,175
456,1726.948059628939,840.3717916304834,276.6048831536713,-14.832244465667992,2477.4852691804117,79.75299669497876,31.064478726181758,-2.8774325805441654,0.03494988631774306,3.344222022651961,399.56645685892516,175
871,166.23012992880126,1554.8959834049506,276.5047553761206,-15.060352755243407,2474.1776896894153,78.28223377291444,31.605864708289378,-2.875982094367125,0.03435121962397219,3.344222022651961,399.56645685892516,175
199,1550.3043888635166,396.26135691196305,276.6719601755414,-14.855908777748326,2468.6601771115384,77.63921573681783,31.7965625191247,-2.87355815661492,0.03414520042369308,3.344222022651961,399.56645685892516,175
222,2859.7033566503087,430.99362743288225,276.6612163164843,-14.666985497746035,2466.791401409311,97.86034630500924,25.207262129656307,-2.872735943083629,0.04307092116611409,3.344222022651961,399.56645685892516,175
82,2347.4358917766754,183.65796716100178,276.70031433483786,-14.739916656949072,2459.125420085242,79.52341207327748,30.92328857593863,-2.8693565761598276,0.03510946118598724,3.344222022651961,399.56645685892516,175
1047,2104.318411869929,1931.8238137093904,276.4403842860892,-14.78224767418992,2457.9686144855514,77.45548905321085,31.733949969600744,-2.8688457111099455,0.03421257048177226,3.344222022651961,399.56645685892516,175
274,833.1606755951889,518.4816109800117,276.65676602936065,-14.95994228991383,2456.4866525085527,84.20116672749958,29.1740215484007,-2.8681909000540466,0.03721461568809726,3.344222022651961,399.56645685892516,175
375,1266.8065428377906,710.832711066173,276.6261801239975,-14.898133421626756,2454.2127162520774,89.50264889510855,27.42055957615578,-2.867185383359975,0.03959437796973688,3.344222022651961,399.56645685892516,175
206,557.4752234069422,405.9202499689084,276.67476871119334,-14.999277899932254,2445.794954065641,83.57966599346435,29.26303814443209,-2.8634549899505677,0.03710141081870467,3.344222022651961,399.56645685892516,175
949,1526.4608020683556,1710.5455238833179,276.47580657571547,-14.86472908556147,2443.2763015769015,75.80665357470899,32.2303674725465,-2.862336334773275,0.03368562275700978,3.344222022651961,399.56645685892516,175
176,1533.3424389312936,363.2231281648431,276.67696756464585,-14.858220635762754,2440.38773700656,75.56587240833183,32.294839710438985,-2.8610519632543694,0.03361837401066457,3.344222022651961,399.56645685892516,175
555,2082.720033907181,1017.2122168025439,276.5769806640876,-14.781618587922484,2428.5023452023743,73.27015303874781,33.1444966945558,-2.855751196301814,0.0327565692128411,3.344222022651961,399.56645685892516,175
924,1234.2335611554415,1668.0997299580192,276.48336263976194,-14.90672192416611,2426.2726718434424,85.62939344540159,28.334577348027874,-2.8547538947781437,0.038317141161647375,3.344222022651961,399.56645685892516,175
422,2541.906191187885,785.6868201577768,276.60961156471035,-14.714366283999626,2421.36133994782,78.05148673796769,31.022616495144387,-2.852553888480564,0.03499704804621919,3.344222022651961,399.56645685892516,175
715,2155.8762464746173,1296.9564533791995,276.5349162065962,-14.772212899873455,2415.963680581015,74.98038558405406,32.22127576114804,-2.8501308813008204,0.033695127655656694,3.344222022651961,399.56645685892516,175
112,721.8274606764252,246.2792489245118,276.6979193912159,-14.974898969375278,2414.8516633903782,78.18265472752084,30.887307060709638,-2.849631024750923,0.035150361210384395,3.344222022651961,399.56645685892516,175
1023,1956.0132239356767,1883.4935128147454,276.44820955350514,-14.803450031683637,2413.374712243618,74.78897515558053,32.26912398817032,-2.8489667728049883,0.033645164969399594,3.344222022651961,399.56645685892516,175
985,323.4015401224426,1790.5037604592283,276.4688988755532,-15.038610849803298,2398.4511519187363,77.84311680065287,30.811345312147377,-2.842232072856101,0.03523702029239089,3.344222022651961,399.56645685892516,175
952,2027.9566606239644,1717.500918185669,276.47268322958644,-14.792394954661665,2394.6727666108636,80.0869065132168,29.900927266002824,-2.8405203163299815,0.03630991073759891,3.344222022651961,399.56645685892516,175
799,1301.1271586441344,1425.2554125813647,276.519341403511,-14.896090532273506,2394.2994830540265,81.07473306383106,29.532005750410146,-2.8403510576865854,0.03676350360946688,3.344222022651961,399.56645685892516,175
383,333.5150578823175,725.3046542544672,276.62799940768434,-15.032899799766863,2387.905208028824,84.94959799263364,28.109670492329933,-2.8374475851320424,0.03862371849204873,3.344222022651961,399.56645685892516,175
133,1534.911348035328,285.4608444086253,276.6885767285071,-14.85767111289813,2385.437739111512,77.53326685155525,30.766635226123743,-2.836325092737957,0.03528822674369473,3.344222022651961,399.56645685892516,175
289,2609.485378604711,546.1283350822945,276.64508622661197,-14.703603497010175,2379.1085648946173,76.41778259321502,31.132918074305042,-2.833440529467042,0.034873056146190864,3.344222022651961,399.56645685892516,175
755,1285.7642995035285,1354.741216162108,276.5299349802012,-14.89802204294218,2372.571221410937,100.03466153862188,23.71749136667917,-2.8304530238687375,0.04577634216092963,3.344222022651961,399.56645685892516,175
390,2338.30658988757,740.7121435759497,276.61718233412466,-14.743573135292786,2358.535341634619,84.41649130105029,27.93927235406519,-2.824010849149101,0.03885927973503683,3.344222022651961,399.56645685892516,175
768,1393.7810662055088,1374.379107334007,276.52654916294716,-14.882514174653798,2356.788463051693,86.38610052269323,27.28203320663346,-2.82320638714898,0.03979542110285309,3.344222022651961,399.56645685892516,175
230,203.21625160177848,436.88228705780944,276.67166534231546,-15.05053917929982,2354.237369571172,83.40595042163366,28.22625193610329,-2.8220305010797153,0.038464192924293865,3.344222022651961,399.56645685892516,175
202,1330.2458812847676,403.4529852139837,276.6718255606133,-14.887709522337287,2353.569891649153,83.99905557314013,28.019004208920414,-2.8217226274092533,0.038748700414354686,3.344222022651961,399.56645685892516,175
666,2603.072383549796,1223.1106930888457,276.54407082352554,-14.70735948515568,2344.6487015208404,75.14340344009692,31.202322415299644,-2.8175993323512754,0.03479548687272206,3.344222022651961,399.56645685892516,175
1091,1068.3938163605899,2018.186406727972,276.43178725574614,-14.932047275779654,2335.227692367276,78.63939585959994,29.695392072142962,-2.813227958545684,0.03656122799666577,3.344222022651961,399.56645685892516,175
461,1782.4974966524392,849.25621387987,276.6033217774101,-14.824262403548373,2334.733416920004,76.22616626113431,30.62902847457543,-2.8129981267600774,0.03544676583200211,3.344222022651961,399.56645685892516,175
46,2686.3486889407936,108.92067565058478,276.7100315211872,-14.690654384928482,2333.3580354384612,92.14120178801848,25.323720443831654,-2.8123583357327098,0.042872847313572944,3.344222022651961,399.56645685892516,175
483,694.673355741194,892.6298256229098,276.60145605124944,-14.981453234591903,2324.211141680338,86.87558167357871,26.753330416977175,-2.8080938251675964,0.0405818633821767,3.344222022651961,399.56645685892516,175
106,37.90427877344038,232.8340084608601,276.7028812347742,-15.073573197666958,2322.4629987780354,94.84443916718607,24.487076091874375,-2.8072768872579026,0.044337674123545986,3.344222022651961,399.56645685892516,175
245,2063.0457567058256,464.3852505917982,276.6596038067887,-14.782161519422898,2317.6133174078423,71.27615342430958,32.515970714791585,-2.805007322619879,0.03338974590434456,3.344222022651961,399.56645685892516,175
508,1743.62603949612,933.3131198984292,276.59093463414814,-14.83021995111936,2315.5533176886966,78.87909668064091,29.355728134967304,-2.8040418419452546,0.036984264025349115,3.344222022651961,399.56645685892516,175
563,2788.299572404464,1031.1202952108474,276.5719483829835,-14.679820771200273,2314.7138096745475,85.61226700300863,27.037174586127975,-2.8036481349602953,0.040155823107235575,3.344222022651961,399.56645685892516,175
424,1438.56404735286,790.2986552053052,276.6135818224701,-14.873666687013005,2311.680352571653,78.3455486559957,29.506211804347902,-2.802224332941411,0.03679564178550417,3.344222022651961,399.56645685892516,175
175,336.60250146197336,362.95194774285795,276.6821410431352,-15.030985604574788,2309.657993539062,82.40365388733316,28.028587138829476,-2.8012740677167414,0.038735452294558326,3.344222022651961,399.56645685892516,175
292,2278.928259830427,548.6340568496905,276.646109238611,-14.751343323903841,2308.1774967266538,82.20058234778158,28.079819276231035,-2.8005778848194844,0.03866477876227009,3.344222022651961,399.56645685892516,175
735,42.48199196579834,1326.784553061945,276.53936049050975,-15.077302038453851,2301.2380549832305,76.49485851101032,30.083565088913797,-2.7973087463573987,0.03608947266692455,3.344222022651961,399.56645685892516,175
251,1503.265396067395,474.10905256720906,276.6605327173394,-14.863022618427024,2300.885278270318,73.94017243687044,31.118202763657283,-2.797142291691837,0.03488954706818676,3.344222022651961,399.56645685892516,175
709,203.85631169011916,1289.0042234147027,276.54432083761657,-15.053869466829271,2298.6482984621543,78.16180812621687,29.40884242020428,-2.7960861975822873,0.036917468035195744,3.344222022651961,399.56645685892516,175
626,2002.8927024804746,1147.02752309904,276.55793654917926,-14.79367666144307,2294.661759639246,79.25830919409859,28.95168699624622,-2.7942015738300343,0.03750040542165189,3.344222022651961,399.56645685892516,175
754,1310.0283409392493,1353.6479411265677,276.52999629516177,-14.894516180126905,2287.403762281232,78.73058711423832,29.053559056560854,-2.7907619560163486,0.037368915728581906,3.344222022651961,399.56645685892516,175
165,1902.6315269625638,342.0220829020074,276.67855922719303,-14.804812344067159,2282.6831893836206,72.94924535200899,31.291388668501924,-2.7885189795569767,0.034696446728581,3.344222022651961,399.56645685892516,175
1016,57.89603207930594,1864.593038766874,276.4589471810405,-15.077199298581577,2281.436710394337,83.75339229247987,27.23993199495974,-2.787925941937238,0.039856927697208985,3.344222022651961,399.56645685892516,175
579,2662.1791171583445,1063.4922247513537,276.5676444738704,-14.698163043117736,2273.946171296033,75.13751101873714,30.26379421496908,-2.7843553279918365,0.03587455004115086,3.344222022651961,399.56645685892516,175
795,2218.1122942360184,1419.4519187505,276.51637384509536,-14.763734194711994,2272.38836867566,77.28011802040024,29.404566489867417,-2.783611272420857,0.03692283647079524,3.344222022651961,399.56645685892516,175
786,592.2341750571926,1404.0508931830439,276.5254909093173,-14.998292702261736,2261.423551262764,79.3479730275216,28.500079648895326,-2.7783596551661827,0.03809463037911483,3.344222022651961,399.56645685892516,175
1036,686.5586306949212,1907.0183153047774,276.44997692775235,-14.98668632284714,2254.2796973577642,79.0480453931135,28.517842359630976,-2.774924377483035,0.038070902640828304,3.344222022651961,399.56645685892516,175
1097,1811.1513511175056,2022.065511758496,276.4281293927361,-14.824910559597885,2250.247706739552,75.04051394085936,29.98710414634165,-2.7729806977280456,0.036205563388235766,3.344222022651961,399.56645685892516,175
818,1437.2067955008376,1448.6664473350636,276.5152754239074,-14.876548801696611,2244.977032028517,76.10607374785344,29.498000901561895,-2.770434633710235,0.03680588401983923,3.344222022651961,399.56645685892516,175
185,658.8000466022561,371.1595103243167,276.6795280199636,-14.98450933754655,2243.834925329371,98.21873696755974,22.84528384915475,-2.769882137133636,0.04752403196952047,3.344222022651961,399.56645685892516,175
374,1780.7761236302981,699.8245313795871,276.6256430121715,-14.823893318809798,2228.909869205614,74.03016398984587,30.108130916896737,-2.762636146279314,0.0360600265422223,3.344222022651961,399.56645685892516,175
406,1037.1245677382342,762.8977525311226,276.6193797262176,-14.931499780161701,2226.8065042223025,81.84796179872555,27.20662134138783,-2.761611081175326,0.03990572685879186,3.344222022651961,399.56645685892516,175
1083,2725.249984445179,2004.9459264003012,276.4269182110975,-14.692950833239033,2226.3310463447124,89.2088182933789,24.956401047966256,-2.761379234829851,0.04350386892377961,3.344222022651961,399.56645685892516,175
869,266.1924653531092,1554.407596933717,276.50440647085566,-15.045930086506596,2220.7942501442158,82.01633955963763,27.07746117503062,-2.7586756891464725,0.040096078172985224,3.344222022651961,399.56645685892516,175
351,1102.093497084912,663.1595173428984,276.6340024758077,-14.921714095186815,2218.3381359287596,77.54875277018975,28.605722937964558,-2.7574742415810776,0.03795394377392558,3.344222022651961,399.56645685892516,175
396,1760.2046816583252,745.7366182180742,276.61887407013984,-14.82705295531538,2214.2431944310083,78.49134054832044,28.210031564792644,-2.755468174608384,0.03848630929413781,3.344222022651961,399.56645685892516,175
938,240.12791331363377,1701.9810625320513,276.4824715748627,-15.050273715542652,2211.166230606119,76.57290816244377,28.87661293881242,-2.7539583610553775,0.0375978998056498,3.344222022651961,399.56645685892516,175
668,2364.927655838295,1224.7399295119878,276.5448214798663,-14.741741189971515,2209.203608145821,71.3958386986718,30.943030412036038,-2.752994237925788,0.03508706114245652,3.344222022651961,399.56645685892516,175
504,1337.3242890353167,925.734740194434,276.59378336021393,-14.888834969221032,2207.483316701895,81.24455284864818,27.1708470205289,-2.7521484533684317,0.03995826847722858,3.344222022651961,399.56645685892516,175
613,2837.7039580760234,1125.8546963758465,276.5576055215409,-14.67308448262107,2195.8547261631757,79.08683893108841,27.765109287988025,-2.746413889732284,0.03910303354972584,3.344222022651961,399.56645685892516,175
1061,2034.1494711924072,1971.6900169721082,276.43472537205616,-14.792533545279593,2194.161119906901,89.46473354729596,24.525430668688543,-2.7455761662320777,0.044268335780382695,3.344222022651961,399.56645685892516,175
172,963.4055045908281,354.6676233647377,276.6806846929885,-14.940468663558187,2190.027421685343,86.23151642806413,25.397064929413634,-2.743528760147198,0.042749034308393476,3.344222022651961,399.56645685892516,175
701,144.32891112177046,1271.3697857650711,276.54720821091865,-15.062387886590281,2185.282159109891,79.19443454433666,27.593885500709906,-2.7411736786133387,0.0393456731554557,3.344222022651961,399.56645685892516,175
345,2129.2186576071126,655.9716826312448,276.6307164343477,-14.773406792815218,2184.4987311353325,73.1345473592146,29.869587083184378,-2.740784370249247,0.03634800832620865,3.344222022651961,399.56645685892516,175
757,1093.5875952203428,1358.3714191059444,276.5302008554312,-14.925768285005093,2180.0859440213244,73.38913911143135,29.705838907732147,-2.738588915367433,0.03654837028411282,3.344222022651961,399.56645685892516,175
977,1416.4101652663203,1773.7574246848342,276.46682879032585,-14.880862277740187,2174.864816159825,77.10615596659557,28.20611128769062,-2.735985547119629,0.03849165838304724,3.344222022651961,399.56645685892516,175
734,2233.3811719273526,1324.5640489211619,276.5304720030537,-14.761140135343155,2169.9961382247566,73.21869269372473,29.637187696069557,-2.733552280706082,0.03663303047286042,3.344222022651961,399.56645685892516,175
702,254.8091920334938,1270.9674123426662,276.54679960112975,-15.04644608964753,2164.9090925382043,90.75065350264454,23.85557578905057,-2.731004039432745,0.04551137267029722,3.344222022651961,399.56645685892516,175
601,414.4592808481595,1110.8734357071332,276.57004112449226,-15.022770120198754,2160.829056612012,77.67554162737673,27.818654512612092,-2.7289559061973634,0.03902776820164967,3.344222022651961,399.56645685892516,175
720,2073.585106754567,1304.8869784689116,276.53407637543825,-14.784122614889961,2158.7328732373717,75.14188924652134,28.7287542924975,-2.7279021408400084,0.037791405396353374,3.344222022651961,399.56645685892516,175
107,359.4324662671761,234.76805522144636,276.7012022243747,-15.027167743646737,2158.470640327956,80.28465672310567,26.885219772095695,-2.727770242603899,0.040382783150125244,3.344222022651961,399.56645685892516,175
671,772.4175506769885,1229.8701899846421,276.55074742643825,-14.97159514935463,2157.0596303588245,75.430681374077,28.596581537710115,-2.7270602558503554,0.03796607641959914,3.344222022651961,399.56645685892516,175
1059,1033.1774260808927,1963.7537357819833,276.44006016814535,-14.936910771992805,2156.5489564312156,75.60836626895707,28.522623392758607,-2.7268031823753445,0.03806452110136686,3.344222022651961,399.56645685892516,175
886,2154.313428395785,1578.5098870958986,276.49290124119307,-14.773593719358399,2154.813479980745,72.8686067846277,29.571218321074344,-2.7259290875877484,0.03671475379241513,3.344222022651961,399.56645685892516,175
273,2439.613618899181,517.3522659555115,276.65009980480085,-14.728010902264764,2150.783897962043,77.45500928195348,27.768170424364815,-2.7238968193652107,0.03909872286894951,3.344222022651961,399.56645685892516,175
987,2160.425677562694,1793.8065106598924,276.46074710697985,-14.773590669250106,2150.5488008201646,83.9168831959078,25.627129117743923,-2.7237781336011926,0.042365260463306215,3.344222022651961,399.56645685892516,175
89,1089.9064520479449,191.25770026166626,276.7045582251826,-14.921531593258594,2141.652374506695,106.68889333003796,20.073808131850956,-2.719277325936721,0.054085402872678066,3.344222022651961,399.56645685892516,175
1052,1928.5463858021749,1949.2561546522206,276.43850943534227,-14.807679262444678,2138.024298925564,73.45093231504146,29.108198242539316,-2.7174364700701386,0.037298770296724716,3.344222022651961,399.56645685892516,175
452,1615.576555274866,836.5510151357403,276.60592467690054,-14.848305310276652,2136.5041002425714,82.66409769018318,25.84561085091591,-2.716664204845063,0.04200713251710688,3.344222022651961,399.56645685892516,175
713,112.17134463690151,1293.757722542446,276.54399956801717,-15.067116523295562,2133.8377248641045,85.13830042974045,25.063193816336906,-2.7153083505464326,0.04331850154278063,3.344222022651961,399.56645685892516,175
760,84.26114324721588,1361.600349136162,276.53398122554773,-15.071412553017074,2128.8292182874866,75.67909839980985,28.129685253925217,-2.712756934028569,0.038596237042805216,3.344222022651961,399.56645685892516,175
993,261.948330125303,1813.3231799817354,276.4657484674501,-15.047565238959255,2121.9737004305935,80.71186949952806,26.29072667487898,-2.7092548707547675,0.04129592967992764,3.344222022651961,399.56645685892516,175
336,1677.1421543546992,635.1132708423783,276.63574623224366,-14.838586570009374,2110.5466143331723,74.12094561693898,28.474361690426758,-2.703392249756849,0.0381290373355417,3.344222022651961,399.56645685892516,175
859,1313.2172212567657,1533.7665434547228,276.50308883386487,-14.894784437296797,2104.7000872713106,75.9523477924024,27.71079694631699,-2.7003804259548025,0.03917967433788653,3.344222022651961,399.56645685892516,175
322,500.5432570706273,608.9371196624011,276.6446739254268,-15.00832176360102,2102.0528776342107,78.8678068905506,26.652863322944313,-2.6990139698077735,0.040734835385036,3.344222022651961,399.56645685892516,175
464,676.8115438517907,853.5472871698151,276.6073711467601,-14.983872844014753,2098.9136633886956,74.75432134464214,28.077489376326614,-2.6973913150391757,0.038667987206698125,3.344222022651961,399.56645685892516,175
1060,1741.8518643299258,1965.9214914778393,276.4367948045229,-14.834682357038545,2090.580976545927,74.2322890438664,28.16269043395026,-2.6930723637118508,0.038551004299332975,3.344222022651961,399.56645685892516,175
599,244.26415153103966,1110.824675754085,276.57077188452257,-15.04732835146884,2089.304756548081,75.01237973063832,27.852799285272084,-2.6924093607551027,0.038979924024156995,3.344222022651961,399.56645685892516,175
642,1044.2857589224834,1177.9845152741352,276.5573484952509,-14.932153672189058,2077.8282561030064,79.01549979041278,26.296464131903353,-2.686428997995955,0.0412869195856187,3.344222022651961,399.56645685892516,175
1098,188.8311297966148,2038.7173442564704,276.4323897274374,-15.058996594304093,2071.0094001938705,93.69540057701707,22.103639959269003,-2.6828600536239575,0.04911860679963345,3.344222022651961,399.56645685892516,175
460,411.2031371951105,845.247483421256,276.60974385758476,-15.02217185781179,2069.9894734515983,75.71432653980496,27.33946887004736,-2.6823252206300507,0.039711817561659875,3.344222022651961,399.56645685892516,175
252,537.052753344147,475.762541111172,276.6644188895427,-15.002510535320214,2067.795436188666,84.57952977037777,24.447941976060363,-2.681173809444487,0.04440864597368265,3.344222022651961,399.56645685892516,175
323,3016.6406051289177,614.5401139240713,276.63316010244597,-14.645100138091733,2065.0813919903885,101.75572365288633,20.294498607615296,-2.679747811722568,0.05349725662069831,3.344222022651961,399.56645685892516,175
534,376.5548219234966,977.4002831385642,276.5901449814193,-15.027703999258161,2047.9486730288481,81.36054157709604,25.17127631320205,-2.67070254798457,0.04313249699740346,3.344222022651961,399.56645685892516,175
968,890.8370075288689,1760.0275667509002,276.47107233843684,-14.956633229219007,2046.4492053836584,72.29816813848481,28.305685442316477,-2.669907302172426,0.03835625186369444,3.344222022651961,399.56645685892516,175
806,592.2152140443561,1433.5531370016745,276.5210842242539,-14.998413334248385,2044.3611696271691,77.78714540638495,26.28147824356803,-2.668798936833188,0.04131046168476873,3.344222022651961,399.56645685892516,175
465,901.4772707158008,856.3107541962526,276.60600215393805,-14.95145889681376,2042.3858356940327,74.43609567426289,27.438110733690866,-2.667749353028798,0.039569050891936394,3.344222022651961,399.56645685892516,175
892,1581.8985931340799,1588.5168754674564,276.493791765578,-14.85623643388597,2027.7249540181365,79.24171107822607,25.589111169197253,-2.6599274927911236,0.04242820287196631,3.344222022651961,399.56645685892516,175
788,1879.9749376292168,1410.9416169862955,276.51905488398313,-14.812499547673996,2021.8264671080688,71.91144087835802,28.115504882291184,-2.6567645719366118,0.03861570348977935,3.344222022651961,399.56645685892516,175
856,2401.3888210652003,1529.286021711418,276.49922053270353,-14.737734670882642,2019.7749713638623,72.20544538835769,27.972612875670013,-2.655662343808184,0.03881296340908929,3.344222022651961,399.56645685892516,175
429,1054.5045965732093,800.6505411782305,276.6136662299216,-14.929145266553927,2018.3135859822214,79.21216465017532,25.47984384590043,-2.6548764872997443,0.042610151246067526,3.344222022651961,399.56645685892516,175
97,363.12300524727243,205.36287948411487,276.7055816118171,-15.026514944575965,2015.1775752728863,81.53514397425444,24.71544756098302,-2.6531881825951653,0.043927992698539586,3.344222022651961,399.56645685892516,175
275,2296.464844841312,523.3148995016553,276.64981525592094,-14.748705234581985,2014.8904516504554,81.9490166928353,24.587121761359885,-2.653033475274813,0.0441572629174612,3.344222022651961,399.56645685892516,175
916,756.5272828143312,1651.3606584190193,276.4878623811488,-14.975576492823452,2009.7186422315717,75.12705262034092,26.750931550420404,-2.650243030940919,0.04058550252553496,3.344222022651961,399.56645685892516,175
559,298.5183567842984,1022.4907121655381,276.583739911062,-15.039145943814146,2008.7310976953013,77.81940612015572,25.8127271569479,-2.649709385904739,0.04206064680413929,3.344222022651961,399.56645685892516,175
943,2586.0842324708533,1703.2382537555295,276.4725000801506,-14.711795116081856,2002.8108992622,74.09113713126874,27.03172034886953,-2.646504743675128,0.04016392541754762,3.344222022651961,399.56645685892516,175
102,1980.5574560263885,216.41884694271167,276.6969856497931,-14.793034432199168,2002.2346701710194,85.55742545091908,23.402231420808967,-2.6461923213668164,0.04639301186615091,3.344222022651961,399.56645685892516,175
546,1484.398674982781,998.6669955835446,276.58226984356486,-14.86790529894499,2001.810834847769,77.39854818893298,25.863674212095916,-2.6459624671573927,0.0419777944578439,3.344222022651961,399.56645685892516,175
569,1762.0485697990578,1045.9307645975869,276.57404180362164,-14.828023970682716,1999.8378878185467,76.12416094123923,26.270738003434097,-2.6448918583450136,0.041327350600431474,3.344222022651961,399.56645685892516,175
862,663.9602988928012,1540.6143820483426,276.50479105558816,-14.988489577791903,1998.543084293633,73.66232973227996,27.131141406430984,-2.6441886661659826,0.0400167462082024,3.344222022651961,399.56645685892516,175
158,1147.3143374936644,332.7978905451378,276.6831639285816,-14.913827908537318,1997.0820530430065,79.78088740222192,25.03208623106124,-2.6433946504406514,0.043372333811026974,3.344222022651961,399.56645685892516,175
690,2343.735781769778,1257.3964136253596,276.5400360715907,-14.744935017696555,1994.467643820768,72.4218764914443,27.539574234263156,-2.641972366181087,0.039423267431971935,3.344222022651961,399.56645685892516,175
632,1301.4429947356548,1155.1899223022808,276.5596676607416,-14.894949491371262,1978.872951861791,76.98782700588896,25.703712246748086,-2.633449659307399,0.042239034952523555,3.344222022651961,399.56645685892516,175
988,2536.3098290127523,1794.8218546800433,276.4590418800297,-14.719354071048413,1978.4184870231838,74.16386669014072,26.676312540297918,-2.633200282207504,0.04069902833684056,3.344222022651961,399.56645685892516,175
493,1389.0750247963135,906.3768365333639,276.59645536986324,-14.881286180258202,1966.3409091508656,83.97099245731721,23.416906858048208,-2.6265519149848697,0.04636393724335345,3.344222022651961,399.56645685892516,175
531,1348.6263942375938,966.504345226522,276.58764672522886,-14.887370353852146,1960.3075706948002,79.39011725941823,24.692085594095083,-2.6232154211856518,0.04396955436845062,3.344222022651961,399.56645685892516,175
196,1624.013154172573,390.38290225787614,276.6725237970842,-14.845242347029066,1958.662652476749,72.63997153420569,26.963978799942502,-2.6223039841160234,0.04026482916543145,3.344222022651961,399.56645685892516,175
721,2049.2022664297915,1306.0997605429077,276.5339972772789,-14.787646739249336,1955.7771658831625,105.00334659114714,18.625855550094006,-2.6207033066368353,0.058289939867729755,3.344222022651961,399.56645685892516,175
83,112.02129608979182,186.04327168534024,276.70955550276085,-15.062684236378363,1951.3596091049549,95.04727172438325,20.530411591018417,-2.6182481566635083,0.05288252479433821,3.344222022651961,399.56645685892516,175
640,1907.1727253095921,1174.5951150088954,276.55422267615023,-14.807605870126526,1946.7908078140172,73.6236953517173,26.44244897670173,-2.615703095691113,0.04105898061698458,3.344222022651961,399.56645685892516,175
850,2060.6079991696624,1515.488637183166,276.50269664680303,-14.786858828410837,1941.4062872469076,75.21879237772455,25.810123054060618,-2.6126959576683944,0.04206489049765265,3.344222022651961,399.56645685892516,175
741,2460.9693847049616,1338.6994067753317,276.52741356238926,-14.728349739251085,1938.4229219689732,72.34858746946003,26.79282332619452,-2.6110262200804697,0.040522045279884504,3.344222022651961,399.56645685892516,175
381,2744.573204805731,720.9824147605179,276.61841732080717,-14.684833611176444,1934.1993641299196,81.91101513800065,23.613421966157446,-2.6086579687313227,0.04597808829046531,3.344222022651961,399.56645685892516,175
772,1901.781310737976,1381.5964013926068,276.5233441802906,-14.809232522730959,1933.5786428652355,72.21683762707767,26.774623569784247,-2.6083094794671,0.04054958969526789,3.344222022651961,399.56645685892516,175
982,372.05230363879446,1788.3664868339024,276.4690138715699,-15.031584585299939,1928.466578600288,77.3523052879267,24.93095159119048,-2.6054351700394207,0.04354827757090666,3.344222022651961,399.56645685892516,175
382,1542.9927076293648,724.2584785138522,276.6230019972189,-14.858320508416039,1924.1371491174796,73.92738049896029,26.027395210419236,-2.6029949396672474,0.04171374012737836,3.344222022651961,399.56645685892516,175
933,1666.1389231346125,1692.6658570074687,276.47789379803345,-14.844502772619435,1908.5889424177876,80.92120596050901,23.58576988273275,-2.594185886719356,0.04603199324838855,3.344222022651961,399.56645685892516,175
414,1835.842744354149,775.3557739038026,276.61413117798855,-14.816256352931019,1902.7485114153242,82.89987139250016,22.952369882535947,-2.5908583554099267,0.04730230497139601,3.344222022651961,399.56645685892516,175
607,390.15006667351867,1113.4023391577655,276.56976656293904,-15.026288022195091,1896.1447585251299,76.85070320700378,24.673095747968706,-2.587083602968751,0.04400339588879454,3.344222022651961,399.56645685892516,175
27,736.4150087251985,74.7474282738003,276.7234919883836,-14.972087509074226,1893.3881798365328,89.22205110510689,21.221078829560323,-2.5855040321561757,0.051161395173163995,3.344222022651961,399.56645685892516,175
751,128.50754339564006,1351.1507894536614,276.5353549575504,-15.064987560895512,1891.2164924823155,74.06363659789682,25.535020684307316,-2.584257994565022,0.04251807795351514,3.344222022651961,399.56645685892516,175
648,1423.057512967167,1188.6579740380419,276.55415754320575,-14.877534335256664,1890.2526512659097,75.87897104732528,24.911416498873844,-2.583704517973162,0.04358242736012546,3.344222022651961,399.56645685892516,175
448,592.974541054568,829.779431172597,276.6112795781268,-14.995876226100323,1888.7523434349569,82.09882062577245,23.00584014530947,-2.5828424187601606,0.047192364770966964,3.344222022651961,399.56645685892516,175
437,615.2294051586088,810.260912534652,276.6141009934293,-14.99258531698073,1885.3704650942818,80.51247200702682,23.417123062992452,-2.5808966268908473,0.04636350917571937,3.344222022651961,399.56645685892516,175
1019,1533.4358189277893,1865.9319231406535,276.4525828603726,-14.864348971299451,1884.6651210369891,77.93142556821708,24.183634615887428,-2.580490361447854,0.044893996177346726,3.344222022651961,399.56645685892516,175
99,922.7571561856885,211.41795658520599,276.70226438365756,-14.945747335847095,1880.966267481068,79.7162479254435,23.595770202836015,-2.5783573961631423,0.04601248404553067,3.344222022651961,399.56645685892516,175
913,958.7127636762176,1640.452642365705,276.48864362116376,-14.946362945190634,1880.07256759968,78.13643846246217,24.061405979015706,-2.577841409820953,0.045122051510491715,3.344222022651961,399.56645685892516,175
49,1101.5637839407636,116.25845799589239,276.7157146728281,-14.919538121775597,1874.3623184665921,106.08958864148902,17.667731041927855,-2.574538740209842,0.061451014701519445,3.344222022651961,399.56645685892516,175
343,482.78271050043884,645.7152258579716,276.63925403809185,-15.011034399638623,1864.3944884559896,84.33672738395268,22.106554834267147,-2.5687494042747665,0.0491121302319377,3.344222022651961,399.56645685892516,175
791,112.73692835820735,1413.7502701290528,276.52606881125746,-15.067511104258779,1864.2624256929266,75.08280540642204,24.829418874290905,-2.5686724943704666,0.04372635563872037,3.344222022651961,399.56645685892516,175
678,94.23967512081872,1241.0863710159538,276.5519458221402,-15.069494299788634,1862.3492110552033,76.0163326917476,24.499329882265965,-2.5675576765227106,0.04431549782044825,3.344222022651961,399.56645685892516,175
226,1637.733347034098,434.195403501878,276.66592134493675,-14.843443385525662,1861.3211770576308,71.06263810425759,26.192683338421027,-2.566958174610399,0.041450506844689296,3.344222022651961,399.56645685892516,175
398,1354.940905222053,746.7293859296576,276.6204439485171,-14.885558638854992,1859.7299757339351,75.19808425874866,24.731081836271265,-2.566029606353441,0.04390022269093313,3.344222022651961,399.56645685892516,175
337,1792.797631208461,634.5437595220278,276.6353406178648,-14.82188741795055,1859.6914822829422,78.72863040808724,23.6215398723856,-2.5660071331092213,0.0459622872118181,3.344222022651961,399.56645685892516,175
88,565.333273366425,191.9811315250592,276.7067088247393,-14.997268673200635,1856.6872390123608,119.6337503390977,15.519761219134612,-2.5642517595900545,0.06995597320540085,3.344222022651961,399.56645685892516,175
436,1239.8435385207797,808.3648769116777,276.61172655859315,-14.902425067426178,1854.4242626733321,77.966907052692,23.784761160527577,-2.5629276303391753,0.04564687417596578,3.344222022651961,399.56645685892516,175
1031,293.86143835070163,1896.2275208431145,276.4532317746288,-15.043288420873033,1851.0939354720176,76.881741557701,24.07715925741278,-2.5609760232513814,0.04509252891475306,3.344222022651961,399.56645685892516,175
631,118.35060923941474,1154.5865299190214,276.5647684810774,-15.065671112604987,1842.5185852584837,73.91234380355361,24.928428601257504,-2.5559345713548574,0.04355268506355962,3.344222022651961,399.56645685892516,175
356,1709.3975404178386,666.183940719585,276.6309692569585,-14.834058582483816,1839.8516822501551,70.53924139078626,26.08266896517084,-2.554361913829065,0.041625341388558654,3.344222022651961,399.56645685892516,175
380,868.338764705786,715.2441031016349,276.627217744119,-14.95566773736764,1832.7299285668123,73.92247856484325,24.792593053534862,-2.5501510581820224,0.043791304832682836,3.344222022651961,399.56645685892516,175
432,430.073602803142,805.3522984505184,276.6156246909162,-15.01928754087938,1823.240355305752,74.01816558239611,24.632336413095018,-2.544514690489747,0.044076208679206794,3.344222022651961,399.56645685892516,175
752,445.6613196726694,1351.1706567230196,276.53400926600165,-15.019229375585185,1816.1018433582503,78.69536129869088,23.07762253565588,-2.5402553763685134,0.04704557405437015,3.344222022651961,399.56645685892516,175
309,1039.8973010203563,581.8088130068235,276.6464208001901,-14.930358837925336,1802.1910346758377,80.81510428762994,22.30017582185676,-2.53190694049148,0.04868571479763348,3.344222022651961,399.56645685892516,175
600,273.9250890542701,1110.5082601517374,276.57069301124596,-15.043047198957222,1798.5619932369736,78.22959330109944,22.990813544363608,-2.5297184077138586,0.047223209300749976,3.344222022651961,399.56645685892516,175
446,1400.8055896798455,828.7443808753535,276.6079999830353,-14.879274802832175,1797.5556465744448,77.39294626209949,23.22634985993207,-2.5291107373626605,0.0467443230015642,3.344222022651961,399.56645685892516,175
868,243.63460139745632,1554.3668930894414,276.5045077235273,-15.049184186222012,1781.5747448164038,81.21968512777887,21.935257961337097,-2.5194149973178193,0.04949565680575291,3.344222022651961,399.56645685892516,175
861,2660.412556852737,1537.4354119704851,276.49693016492705,-14.700384799829513,1774.8709543673904,79.68848831647313,22.27261417381525,-2.5153218339543044,0.04874596181333761,3.344222022651961,399.56645685892516,175
347,311.50764730583325,655.9436737628944,276.63845926182967,-15.03579582335833,1774.8122224141262,76.55456015429768,23.18362510132573,-2.5152859054475254,0.04683046742064145,3.344222022651961,399.56645685892516,175
489,670.4889379037713,900.2296919241662,276.6004235504779,-14.984974295554322,1764.256925974565,78.5978603958385,22.446627899147963,-2.5088094558518486,0.04836806690421466,3.344222022651961,399.56645685892516,175
1080,309.3266134108241,2003.8305849260078,276.4370960971014,-15.04148073477362,1759.4192908726982,69.07357105397281,25.471671205444416,-2.505828251818192,0.04262382280468265,3.344222022651961,399.56645685892516,175
621,1910.3862644853643,1137.7970411330027,276.5597027056916,-14.80699081633609,1758.7286713506328,71.59702516270929,24.56427019633564,-2.50540198741061,0.04419834138455123,3.344222022651961,399.56645685892516,175
881,1524.6412787396528,1570.6646279513297,276.4966959087966,-14.864426175224368,1754.2023192357155,73.8620547526548,23.749709172187156,-2.5026040804210083,0.04571424399888834,3.344222022651961,399.56645685892516,175
1094,1522.290505435834,2021.4648350751022,276.42941428820654,-14.866581697392178,1754.167550678656,74.94391025712413,23.40640546590516,-2.502582560750855,0.04638473863838172,3.344222022651961,399.56645685892516,175
707,614.3769719887318,1287.0903463386871,276.542868360709,-14.99462956806363,1749.984128337499,81.00992592661001,21.602095154646562,-2.4999901528475696,0.05025901387007216,3.344222022651961,399.56645685892516,175
1014,1508.42687090394,1854.02706520468,276.45446376689137,-14.867909265144418,1745.0435205137474,79.7763736609952,21.874189568069394,-2.496920534578537,0.0496338388501871,3.344222022651961,399.56645685892516,175
790,2120.037881401527,1413.8982811129952,276.51761152715727,-14.777865847938015,1737.4716046750837,72.41468794751371,23.993358998307166,-2.4921991675062727,0.04525002106110282,3.344222022651961,399.56645685892516,175
731,1327.1578076866022,1319.2151329019969,276.5350658464402,-14.891904697009707,1737.1352392912377,80.01558385775083,21.709961429256854,-2.491988954326589,0.05000930119281029,3.344222022651961,399.56645685892516,175
777,244.45791651489893,1388.5129366931224,276.52928174891935,-15.048407382151163,1731.6810775173944,73.33606887716353,23.612952044347047,-2.4885746566274953,0.04597900330128004,3.344222022651961,399.56645685892516,175
319,1834.9054821971806,601.3952122841125,276.6401122392559,-14.815670807458572,1714.7791946045472,71.56093510908879,23.962504011308777,-2.4779253922362834,0.04530828662512143,3.344222022651961,399.56645685892516,175
685,1805.0019057163684,1249.6570155595443,276.5434453388954,-14.822660028118953,1714.7128192566743,70.32610925889715,24.382307471954185,-2.477883364951772,0.044528189190003016,3.344222022651961,399.56645685892516,175
1082,1919.8607347750801,2005.455407205997,276.4301589006928,-14.809159570922589,1694.1844519137812,71.58816194621446,23.665706813183082,-2.4648066076857362,0.04587650850957075,3.344222022651961,399.56645685892516,175
1065,592.0761250486975,1975.3995603341689,276.44016030679626,-15.000585562113116,1684.6077638727147,76.37148589497266,22.058072383054263,-2.458651873030518,0.04922007604046447,3.344222022651961,399.56645685892516,175
836,1535.8918864166887,1480.8197966350829,276.5100618452917,-14.862438631644755,1679.5740540020633,77.93093689340814,21.55208343381448,-2.4554027709157875,0.05037564017112953,3.344222022651961,399.56645685892516,175
476,1858.3691273600648,876.3284828676408,276.5989591093515,-14.81342185228934,1669.6579983727424,68.56756289931457,24.350551890322954,-2.4489736839520693,0.04458625845073612,3.344222022651961,399.56645685892516,175
551,2525.589205987931,1002.791835251805,276.5772751890124,-14.717628298653638,1666.8955582888157,80.67570073357894,20.66168056963673,-2.447175851639794,0.05254654849303426,3.344222022651961,399.56645685892516,175
686,2231.2890979178824,1251.3853118693833,276.54140293355556,-14.761140518861101,1663.8738033499685,70.86645033311441,23.479005869897154,-2.4452058385389757,0.046241310471837105,3.344222022651961,399.56645685892516,175
1055,2016.0290676367706,1957.0837156190335,276.4369797749213,-14.795088832260754,1653.4176826549228,84.55554198789123,19.55422014670192,-2.4383613230994596,0.055522541520691526,3.344222022651961,399.56645685892516,175
420,1518.8843895549333,782.5136511391313,276.61440401914376,-14.862040478600301,1653.0606571440294,72.64661245530088,22.754820923840732,-2.4381268527749214,0.047712966128530945,3.344222022651961,399.56645685892516,175
399,59.78996337438255,747.8013315595543,276.6258099111339,-15.072493780369077,1651.4711131882214,89.36336681070455,18.480403907414072,-2.437082332295211,0.058748715960933784,3.344222022651961,399.56645685892516,175
975,299.213705474415,1773.764374858181,276.4715007419905,-15.042033861161341,1647.866725619213,71.87393460759489,22.92718124610759,-2.434710089240582,0.047354273006600944,3.344222022651961,399.56645685892516,175
706,1560.499089253906,1284.4902011227966,276.53927062106186,-14.858089357486806,1647.4149808654038,79.76883983382194,20.652362304596295,-2.4344124056546064,0.052570257290052075,3.344222022651961,399.56645685892516,175
501,975.9017913857055,919.850731797432,276.5961942151332,-14.94097565140957,1640.7554703130445,79.4925111078304,20.6403779104095,-2.4300145304799083,0.052600781086108515,3.344222022651961,399.56645685892516,175
703,1478.407869604461,1280.5176574077757,276.5402084954437,-14.869920283299594,1640.3899709413236,89.55334209008085,18.317462337600656,-2.4297726418410535,0.05927131062097832,3.344222022651961,399.56645685892516,175
622,1874.275405755425,1139.2575377420535,276.55963628238754,-14.812208913663683,1639.753030871856,68.62815223992997,23.89330001395254,-2.429350984064553,0.045439516490648146,3.344222022651961,399.56645685892516,175
705,1505.3837154605194,1282.4005384547345,276.53981405058244,-14.866034909965562,1634.781132392527,78.13308548124222,20.923033082892864,-2.4260539200764835,0.05189018225506189,3.344222022651961,399.56645685892516,175
625,1154.0501357850258,1145.6612447058744,276.56171253047887,-14.916182181057785,1630.5108703271544,71.78483276842132,22.71386318593512,-2.423214124574289,0.04779900235871313,3.344222022651961,399.56645685892516,175
124,979.5961500443074,267.9875239590039,276.6935670279482,-14.93777444425603,1627.9247356846463,82.02669015199666,19.846280919882027,-2.421490683671456,0.05470546367769815,3.344222022651961,399.56645685892516,175
405,630.428971494066,761.1159896369561,276.6213790852414,-14.990192478283625,1614.534289568779,94.54016237371688,17.07776091166981,-2.41252306083781,0.06357390793883903,3.344222022651961,399.56645685892516,175
823,2274.807919137719,1456.2329326296356,276.5106484928136,-14.755702803040338,1584.4417048616451,73.5636263810077,21.538384971063753,-2.3920955411823552,0.05040767919500971,3.344222022651961,399.56645685892516,175
1051,32.717090072156076,1944.6801561769628,276.44708973393534,-15.08114459108705,1582.0384481809451,86.39879368767252,18.310885842919728,-2.3904474630877743,0.05929259836545854,3.344222022651961,399.56645685892516,175
242,1810.5460632076758,459.3329870195429,276.66143124575007,-14.818597292146682,1581.9916030579188,81.01277043232074,19.52768180393902,-2.3904153133007835,0.0555979972892122,3.344222022651961,399.56645685892516,175
1102,1917.9514488360496,2042.8033764009535,276.4245935830908,-14.809585833350118,1577.8354010747862,71.88670382238999,21.94891846721939,-2.387559117968679,0.0494648518386675,3.344222022651961,399.56645685892516,175
759,1058.1179444000613,1359.3555733027463,276.5302031325476,-14.930890498440055,1574.947827791475,80.1663860905494,19.64598760897794,-2.3855703077609207,0.055263192750047874,3.344222022651961,399.56645685892516,175
986,1139.3938382702718,1791.2234819345285,276.4653760528961,-14.920898937595988,1563.017398402968,69.25928955573886,22.567621014146766,-2.37731440904616,0.048108748339907734,3.344222022651961,399.56645685892516,175
1087,779.3514512949542,2011.8488141573598,276.43393648012295,-14.973716286739599,1560.96904422238,68.48718548150399,22.792133057416173,-2.375890604779663,0.04763485704760449,3.344222022651961,399.56645685892516,175
900,292.5254718959869,1599.2934584450334,276.4975902506077,-15.042309027218787,1546.7116551557265,73.67681957439461,20.993192487006663,-2.36592827364019,0.05171676488328173,3.344222022651961,399.56645685892516,175
197,89.0978867775442,392.9218601449232,276.6787283357013,-15.066832758130468,1541.9356470605708,82.75998700265775,18.631414804488227,-2.362570500136963,0.05827254727528581,3.344222022651961,399.56645685892516,175
522,1605.0618708663978,951.016216332096,276.58887601861386,-14.850293628471842,1539.8600141164206,77.64724923452573,19.83148185282685,-2.361107982550608,0.05474628714370331,3.344222022651961,399.56645685892516,175
1085,1558.2751509031327,2010.3196607726866,276.43092868504914,-14.861345633055684,1537.9883832297055,69.09123019111428,22.26025472372475,-2.35978751617034,0.04877302679033912,3.344222022651961,399.56645685892516,175
491,411.27542102984563,903.1170512999045,276.60109644696377,-15.022394639662803,1537.2097016100888,95.23228467483543,16.141686685967827,-2.359237670065379,0.06726062902359596,3.344222022651961,399.56645685892516,175
1040,469.8822816976498,1925.9359533020358,276.44805772928163,-15.018015945344578,1533.928004076297,74.9945195069111,20.453868018114818,-2.3569173187668793,0.053080424643322126,3.344222022651961,399.56645685892516,175
276,666.0907870846185,524.675850179724,276.65655599964015,-14.984083800702042,1533.1788467853912,112.22754543539506,13.661341703922247,-2.356386924979169,0.07947242836977642,3.344222022651961,399.56645685892516,175
897,1476.895822589168,1596.5901082239009,276.49302496081316,-14.871420480963076,1527.4139795219526,69.56538119754606,21.956524254277106,-2.3522967811011988,0.049447717107980196,3.344222022651961,399.56645685892516,175
1099,418.1931485036631,2039.5020876070428,276.4313137769763,-15.025918709246579,1507.3799770830665,68.54871804769644,21.989907616277026,-2.3379617336054976,0.04937264944198129,3.344222022651961,399.56645685892516,175
904,1792.2090597817141,1609.4609722051744,276.4897884465862,-14.825973884538692,1503.539906179678,69.16509672204602,21.738419772937764,-2.335192276807647,0.04994383268610867,3.344222022651961,399.56645685892516,175
928,1738.735294984723,1682.6315185863114,276.47908940183703,-14.833986984909707,1502.4835705844453,69.94928782485054,21.47961212052062,-2.3344292076858038,0.05054560547500636,3.344222022651961,399.56645685892516,175
556,1157.4369778017954,1019.3410670994411,276.5805643256031,-14.915180059114286,1499.3536852457619,78.12061300477784,19.19280491506207,-2.3321651068896707,0.056568073546559516,3.344222022651961,399.56645685892516,175
853,1986.710809291248,1520.3466403716238,276.50227937082286,-14.797543005568064,1477.0877285107563,70.94604215472552,20.81987498737971,-2.315920603491473,0.052147287179107174,3.344222022651961,399.56645685892516,175
996,1090.7945305008388,1814.9692806485773,276.4620335286208,-14.928005311660733,1462.2983356045734,77.54391112843021,18.857680949090607,-2.304994842480893,0.05757335713394583,3.344222022651961,399.56645685892516,175
931,1580.6843128094922,1687.5891548614275,276.47900749765296,-14.856812540600982,1446.5163819096924,71.0243301815652,20.36649100684014,-2.2932132693602307,0.05330815208350643,3.344222022651961,399.56645685892516,175
310,1674.7367726139628,582.7513708508573,276.64357645785446,-14.838717076468951,1443.048802775942,66.05818265437205,21.845118118465738,-2.29060742538372,0.049699891486613426,3.344222022651961,399.56645685892516,175
880,2366.114859654175,1569.001051304126,276.49344057108794,-14.742988621990127,1442.165180333628,75.15480948769458,19.18926001096124,-2.2899423926252704,0.05657852357932663,3.344222022651961,399.56645685892516,175
1058,761.1770538082341,1961.7742510507676,276.44148913187786,-14.976139575497209,1439.9958314769901,70.74565851650168,20.354547002217895,-2.288307965520372,0.053339433193069774,3.344222022651961,399.56645685892516,175
1064,783.248700867456,1973.8380544562278,276.43959575950726,-14.973003572733651,1436.6341203169723,75.04864514318209,19.14270560882318,-2.285770320262485,0.05671612060416285,3.344222022651961,399.56645685892516,175
994,1257.9742755526145,1814.9696244868976,276.46133642648186,-14.903886275511589,1429.2318686030922,68.61791335245323,20.82884481289745,-2.2801616068152857,0.0521248302415563,3.344222022651961,399.56645685892516,175
839,401.8567835766665,1492.4270915226662,276.51309293957775,-15.02611215165662,1425.6099649800744,78.07589124641507,18.259285193180972,-2.277406684313284,0.05946015895548094,3.344222022651961,399.56645685892516,175
843,929.8520905959715,1503.0694137848577,276.5092804415835,-14.949976396979157,1425.4877958130382,70.33835655128455,20.26615158080496,-2.2773136370038145,0.0535720852413005,3.344222022651961,399.56645685892516,175
324,1112.233714723521,620.4011767994706,276.6403467964985,-14.9200751515467,1423.5853126977454,72.22294113769296,19.710985045370577,-2.2758636249995186,0.05508096107327691,3.344222022651961,399.56645685892516,175
947,625.2811232029087,1711.537346787591,276.47942598584893,-14.994750428837953,1421.4041961341572,73.58288916535489,19.31704792047495,-2.2741988612620836,0.05620424013387787,3.344222022651961,399.56645685892516,175
431,1616.2107296483139,804.7315572816602,276.61067374924716,-14.8480827481373,1407.4103211148176,84.85110541205523,16.5868236398351,-2.2634567071890173,0.0654555702511101,3.344222022651961,399.56645685892516,175
1092,822.3035648920983,2018.9683406724628,276.4326945227504,-14.967548813606262,1406.7466155360744,70.8166972864132,19.86461765996493,-2.2629445757011695,0.054654965858623866,3.344222022651961,399.56645685892516,175
527,2434.859037841895,961.9320352118758,276.5837541118886,-14.730556108190532,1383.9350291841547,78.31045261966493,17.672417702724754,-2.2451941333384107,0.06143471811627707,3.344222022651961,399.56645685892516,175
55,96.89915653501973,126.39903749813732,276.71853775685946,-15.064624426172369,1371.3563309364836,93.38740484653901,14.68459620641559,-2.2352806677970345,0.07393461725053535,3.344222022651961,399.56645685892516,175
827,2129.0970933769468,1469.0252027868028,276.5093460346578,-14.776784477963279,1360.092465453141,70.0687145829911,19.41083796880866,-2.2263259651491394,0.055932670281654766,3.344222022651961,399.56645685892516,175
978,1497.2943245431884,1777.1194331639551,276.4659901581719,-14.86920581811389,1351.9470633121382,74.61000794209149,18.120183881516954,-2.2198040951653155,0.05991661051008657,3.344222022651961,399.56645685892516,175
403,198.67865987420075,756.9424323848885,276.623848599542,-15.05248685253436,1339.0416689051199,78.73839763080845,17.00620928538156,-2.20939010777095,0.06384138768263083,3.344222022651961,399.56645685892516,175
1012,805.8517698406748,1851.7193412143317,276.45773600085084,-14.969258401631233,1335.4282003348635,67.91798520273117,19.662364782298667,-2.206456235840761,0.05521716294153069,3.344222022651961,399.56645685892516,175
352,1140.685701702864,663.9220462175621,276.63372416548737,-14.916146492943993,1323.8133151395596,86.37755884514388,15.325894049782862,-2.196971740739123,0.07084089166174173,3.344222022651961,399.56645685892516,175
1043,111.33085728507211,1929.1019473022748,276.44908687472866,-15.069745057650408,1323.0471772987803,83.00979484040968,15.938446539259639,-2.196343204692606,0.06811830734731267,3.344222022651961,399.56645685892516,175
538,1513.5879255286059,989.0824780824752,276.58357786623185,-14.863652998402502,1286.0810038811178,79.8401883288942,16.10819101006159,-2.1655756870616663,0.06740049204295157,3.344222022651961,399.56645685892516,175
1078,742.4834447765203,2001.95250239317,276.4355678022316,-14.978995157809758,1204.7496471364284,67.66126732581556,17.80560274366553,-2.0946468977121406,0.060975189418187234,3.344222022651961,399.56645685892516,175
863,2450.3549353841454,1542.7605651554843,276.49700659735606,-14.730723230229795,1186.9662618695584,69.11490223844261,17.17381090657685,-2.07850081532509,0.06321835065647674,3.344222022651961,399.56645685892516,175
440,1742.7111327429852,815.5136671459865,276.6085284589858,-14.829866469833139,1182.9191357595846,72.22153967066234,16.379035134861674,-2.074792521566409,0.0662859558612925,3.344222022651961,399.56645685892516,175
535,402.3541046782314,980.1363532204158,276.5896262807384,-15.023991991831377,1182.136866013403,82.26522426277326,14.369824875665534,-2.0740742818159315,0.07555415667163558,3.344222022651961,399.56645685892516,175
974,2358.0735499125635,1771.8267059731415,276.46320910988993,-14.744980293191487,1157.875825730851,67.45190477546416,17.16594704901546,-2.0515598452181227,0.0632473114882566,3.344222022651961,399.56645685892516,175
617,1314.4391588757303,1130.6132161561823,276.5632830284327,-14.89297387303726,1116.203609272401,81.75445961344008,13.653121977078081,-2.0117634344968276,0.0795202739580557,3.344222022651961,399.56645685892516,175
740,1934.949216806023,1337.2492095402663,276.52982533522373,-14.804264161503895,1112.9176204858813,75.25754791100057,14.788119615616703,-2.008562424582629,0.07341704207298053,3.344222022651961,399.56645685892516,175
724,1365.5359198894034,1309.8999549730331,276.5362955035668,-14.886328574786052,1102.546774422779,68.85408487271559,16.012801222483155,-1.9983974358625334,0.06780200321700099,3.344222022651961,399.56645685892516,175
694,1604.5540767053967,1262.54341480629,276.54236243235715,-14.851641922515263,1098.6683195972,69.34306837855812,15.843953048044298,-1.9945713825233864,0.06852456559974555,3.344222022651961,399.56645685892516,175
939,1626.0038220752956,1702.0220668514562,276.47666430740907,-14.850331752352984,1085.419279511436,71.78834643118138,15.119714180238901,-1.9813987067049312,0.07180691295203077,3.344222022651961,399.56645685892516,175
1096,1092.199528958946,2022.990427688575,276.4309711187536,-14.928632342484201,1082.6993634522078,71.54896457144874,15.132285560485297,-1.9786745818991434,0.07174725824861987,3.344222022651961,399.56645685892516,175
425,194.2906818388186,790.6078281811054,276.61883616566445,-15.053255565522273,1033.3322490164428,74.52341098431297,13.8658742986678,-1.9280048367649283,0.0783001472979105,3.344222022651961,399.56645685892516,175
923,337.3399422106295,1667.9414462942093,276.4871471664878,-15.036115886803529,994.4231039193983,67.47088910518063,14.738550463877662,-1.8863328931027048,0.073663960554392,3.344222022651961,399.56645685892516,175
1075,932.1664676427401,1983.8559734760224,276.43747945925145,-14.951561921380328,927.721000347985,72.6886719977375,12.762937812054966,-1.8109483473138437,0.0850666214932525,3.344222022651961,399.56645685892516,175
