ID,X_pix,Y_pix,RA_deg,Dec_deg,Fluxo,Erro_Fluxo,SNR,Mag_Inst,Erro_Mag,Std_Fundo_Local,Area_Ap,Exptime
1871,2204.844014859281,1270.3620057698313,276.5308418632585,-14.793600429865807,4084617.550955386,2028.8672530153938,2013.250272971109,-10.533028476093605,0.0005392772148480818,6.2786552804884215,225.39579873190098,250
714,289.1672453270022,504.8703878943148,276.65310214473146,-15.066602528247996,583586.1201119961,769.9998979934951,757.904152497597,-8.420412363761837,0.0014325030367259301,6.2786552804884215,225.39579873190098,250
1954,1749.7749027951834,1318.2261027456432,276.5256101250376,-14.859401273797305,462118.8301776225,685.3686426664628,674.2631649731228,-8.167034141531943,0.001610202153106314,6.2786552804884215,225.39579873190098,250
175,1920.2134818221273,136.2320665434027,276.70115888882606,-14.829945350148117,394317.7358517411,639.0911270065416,616.9976693287825,-7.994765756973765,0.0017596500829267442,6.2786552804884215,225.39579873190098,250
2300,294.8752661630573,1556.710563059171,276.4960812997516,-15.07001128076072,349414.42260213254,598.6819600382906,583.639471247446,-7.863502046245488,0.0018602237399733632,6.2786552804884215,225.39579873190098,250
2987,2517.7694248696557,2058.10469467402,276.41207886305176,-14.751642218229318,337686.41195508,587.6877161879958,574.6017870604212,-7.826433942229611,0.001889482463245168,6.2786552804884215,225.39579873190098,250
788,39.42846444001863,555.5950626363939,276.6465851293698,-15.102794449660673,252946.8406517282,581.4627367810881,435.0181441583227,-7.512723126739589,0.0024957579691316624,6.2786552804884215,225.39579873190098,250
1471,1121.1244062649712,1007.8023386714024,276.57455097583744,-14.948759364361488,210688.6440298062,468.4494116231767,449.7575166116023,-7.314252798497006,0.002413967437786214,6.2786552804884215,225.39579873190098,250
734,513.7250972977309,515.3462384612,276.6505897653912,-15.034286000943693,193222.5208707177,448.83053071733656,430.50217765244884,-7.220294337864718,0.0025219384624727793,6.2786552804884215,225.39579873190098,250
2857,2231.6936665735802,1960.2423565019928,276.42785557414595,-14.79249674315881,164210.2335069153,413.8395081379942,396.7968989856803,-7.043650524972368,0.0027361604961514104,6.2786552804884215,225.39579873190098,250
325,1291.1739157993725,243.49033266822107,276.6878495264031,-14.921097585125157,162243.3341241542,416.79648845836505,389.26271841745887,-7.030567134719465,0.002789118887146181,6.2786552804884215,225.39579873190098,250
1565,1818.3247732004997,1066.943827363843,276.56279995955805,-14.84849940725943,161025.3991772606,410.3678013590761,392.3928696256598,-7.022385939401449,0.0027668698491788365,6.2786552804884215,225.39579873190098,250
2627,1347.5136783276546,1807.2254530271314,276.45433914034794,-14.91933234694952,146508.35574457358,392.6215667512358,373.15412130022133,-6.91980596411139,0.0029095216641771985,6.2786552804884215,225.39579873190098,250
941,1431.0145959401577,666.2844449253987,276.6241915352094,-14.902693064762062,145601.7921025119,397.2731371811807,366.50298868838104,-6.913066779351774,0.0029623223643699013,6.2786552804884215,225.39579873190098,250
31,1100.9471987593208,35.212828109604885,276.719729402943,-14.947648597998887,144565.02659367857,392.5523074377041,368.26946079439426,-6.90530807941475,0.002948113041081484,6.2786552804884215,225.39579873190098,250
2787,1446.288642701757,1914.8317128510146,276.4378769862292,-14.905521819294334,144433.04061898828,390.26674482347755,370.088003999206,-6.904316363708228,0.0029336265652164435,6.2786552804884215,225.39579873190098,250
1184,2663.974177481219,819.0878012130122,276.5961861783611,-14.725537987488824,138236.67858053916,381.0488916112817,362.7793745731667,-6.856708204433264,0.0029927280217553606,6.2786552804884215,225.39579873190098,250
2567,2020.3432432043555,1763.9170407245808,276.45801025170806,-14.82218457590873,132311.17313113855,373.4862996327249,354.2597767608861,-6.809141278590425,0.0030647001754670346,6.2786552804884215,225.39579873190098,250
392,2755.5965559994333,289.5085150426884,276.674732747619,-14.710102969267293,125426.17446279703,367.1261429222755,341.6432658933556,-6.751120419209281,0.0031778761895424066,6.2786552804884215,225.39579873190098,250
1434,1468.7848280681949,992.0682309623892,276.5754375019166,-14.89858374114804,124002.25404041397,362.67605561940496,341.9091283228879,-6.7387239272822805,0.0031754051297943125,6.2786552804884215,225.39579873190098,250
1547,684.7244951387097,1058.0133238186108,276.56888854494224,-15.011853908440143,121251.90919257376,360.211276898212,336.6133071587233,-6.7143714422844605,0.0032253626844528163,6.2786552804884215,225.39579873190098,250
1563,820.5588716893594,1066.275724901492,276.5670867659952,-14.992313042320172,119142.74323603482,356.66911034416813,334.04278582204086,-6.6953189668573385,0.00325018244991646,6.2786552804884215,225.39579873190098,250
2340,431.883185471063,1591.0768062475718,276.4903842880332,-15.050409606383278,115203.85176676129,350.14372107630714,329.0187566769327,-6.658817477537133,0.003299811873844206,6.2786552804884215,225.39579873190098,250
265,283.7280169031367,201.69945939546128,276.6983715504881,-15.066135529975073,114993.44979154407,352.63145246181455,326.100944736336,-6.656832735716848,0.00332933718078562,6.2786552804884215,225.39579873190098,250
427,2517.0271101081853,311.54022120394825,276.67246956113155,-14.744609214376455,111565.58298410947,349.3775661636062,319.32669349429733,-6.6239755762625085,0.0033999663107380936,6.2786552804884215,225.39579873190098,250
1879,2765.8829131642983,1275.2208608752137,276.52776168873993,-14.71271813905259,111078.27320483736,346.7765836766614,320.3165335650462,-6.619222777562097,0.003389459756936114,6.2786552804884215,225.39579873190098,250
2170,785.1790079061436,1464.585198094543,276.5077970113876,-14.999007363664868,104617.6309024665,335.19266423059315,312.1119346170882,-6.554162181005831,0.003478559707535637,6.2786552804884215,225.39579873190098,250
1125,284.3206248578461,782.731449065245,276.61165159321286,-15.068434955172167,96787.03373996832,324.4791010493495,298.2843376567668,-6.469692928606349,0.0036398156488166187,6.2786552804884215,225.39579873190098,250
1430,312.2889776000241,988.3824276908787,276.58083973083603,-15.06523708049314,96532.91098476232,322.234652304227,299.5733397835315,-6.466838485055853,0.003624154274824707,6.2786552804884215,225.39579873190098,250
2341,592.6052251147081,1590.782155694098,276.48976260354016,-15.027253657673942,94806.21056318805,324.1818602164223,292.4476110412096,-6.447241948378565,0.003712459801379643,6.2786552804884215,225.39579873190098,250
887,1018.7342425405462,624.5773207700588,276.6321565743187,-14.961951239314011,94203.84703921046,320.3413182732235,294.0733575893657,-6.440321574839939,0.0036919359472068723,6.2786552804884215,225.39579873190098,250
1330,320.34358526497584,925.0207694037117,276.59026308378463,-15.063820913030272,94053.81536559966,320.35760743570034,293.5900792818769,-6.438591022656244,0.0036980132389201597,6.2786552804884215,225.39579873190098,250
36,1006.0524140151398,37.240710900225785,276.71983249701987,-14.961337404732399,92739.72725833292,318.53264613059235,291.14669527565906,-6.423314514142619,0.003729047994077536,6.2786552804884215,225.39579873190098,250
231,393.54027463453775,176.90647181212887,276.70160478495023,-15.050207307126444,90689.26709442705,312.91972909499265,289.8163927110413,-6.399039708718797,0.003746164907526425,6.2786552804884215,225.39579873190098,250
2839,1056.9748356680252,1947.8928865404046,276.43455069681926,-14.961751458241594,85951.2431095029,309.36189798847147,277.8339662006661,-6.340780383951854,0.003907729551022035,6.2786552804884215,225.39579873190098,250
464,105.06142233379319,345.32204453115537,276.6776938209907,-15.092475088096002,84350.799132864,450.66137403395015,187.17113112629332,-6.320372981861253,0.005800574017300918,6.2786552804884215,225.39579873190098,250
402,1837.2743783230533,296.1193124927228,276.67767193855923,-14.842578608126043,81263.31163283861,297.6443745125927,273.0214934043732,-6.27988626999052,0.003976609996752035,6.2786552804884215,225.39579873190098,250
222,1360.6488735057942,169.5685862322614,276.6985791835301,-14.91077155119674,79373.68651624394,303.8155033715217,261.25620857202136,-6.254341357346611,0.00415569071423886,6.2786552804884215,225.39579873190098,250
1894,1450.507809016773,1283.7644081988465,276.53200213552094,-14.902400481539194,75844.76190617394,288.1347063920289,263.22674854372264,-6.204963959129488,0.00412458082625164,6.2786552804884215,225.39579873190098,250
1019,1985.9391504352634,715.7760850843196,276.6144615961957,-14.822890096448129,75068.6966464878,286.8332488139215,261.7154634509873,-6.193797167441307,0.004148398362419745,6.2786552804884215,225.39579873190098,250
2762,1600.2806648222063,1898.9427834423202,276.439610870662,-14.883266352622163,74031.38683652796,283.4850282322333,261.1474309531466,-6.178689691158429,0.004157421714000278,6.2786552804884215,225.39579873190098,250
2101,2689.212264469245,1410.304704718308,276.5079461831956,-14.72432512663619,70821.50489051244,281.47553546857415,251.60802970892453,-6.130562855495637,0.004315045117025891,6.2786552804884215,225.39579873190098,250
2448,2550.25369615723,1671.1664418582561,276.4696362572739,-14.745416153816093,70197.84132301947,279.99593254006123,250.71021813138557,-6.120959371325494,0.00433049760832259,6.2786552804884215,225.39579873190098,250
2017,577.1353008959138,1359.463367235427,276.5243502763781,-15.028564961711872,69723.71162718521,280.9767205267202,248.14764545789,-6.113601223335484,0.004375217818394495,6.2786552804884215,225.39579873190098,250
491,1905.3249228000361,360.8519293215521,276.66772902836516,-14.833036971251952,67713.8338755341,274.4168954467264,246.7553383158204,-6.081843487627079,0.004399904810206863,6.2786552804884215,225.39579873190098,250
285,1306.3762889310522,211.858434191581,276.6925029349191,-14.918773492742973,67025.69902269113,305.60371591937167,219.32226452499916,-6.070753358348263,0.004950249817780119,6.2786552804884215,225.39579873190098,250
1904,2914.071028695214,1290.14492095468,276.52491410922363,-14.69140728335838,66903.3241453711,272.16559810102325,245.8184451384547,-6.068769219754653,0.004416674262944308,6.2786552804884215,225.39579873190098,250
1823,1968.1985044848943,1235.2988458181987,276.53706305184016,-14.827577019271265,65757.06142944472,269.9877657467371,243.55570796910973,-6.050005971040854,0.0044577070644458055,6.2786552804884215,225.39579873190098,250
1278,962.595433244095,885.6191290826818,276.5934465101956,-14.971110822428901,63148.43600206272,265.69089571180405,237.67632621691365,-6.006056475441981,0.004567977035328052,6.2786552804884215,225.39579873190098,250
963,746.1589155256687,679.5575231750372,276.62510427249833,-15.001462567946932,63135.56820117714,266.3257962930982,237.06140779428992,-6.005835211673325,0.004579826004163936,6.2786552804884215,225.39579873190098,250
2898,96.38150912531049,1991.9580297152565,276.4319241356882,-15.100302029350685,63010.170065029204,313.2426625012184,201.1544965232318,-6.003676607773691,0.005397343926013655,6.2786552804884215,225.39579873190098,250
2929,1849.6806552863522,2016.2385793654908,276.42108378497073,-14.84778309663066,60753.11920902689,261.0161239807725,232.75619253890312,-5.964071429695044,0.004664537549601543,6.2786552804884215,225.39579873190098,250
2263,899.991961620117,1529.6530624809968,276.4976101927877,-14.982722323436278,58845.87418564182,257.9468401766773,228.13178926842488,-5.929440025570926,0.004759091240557192,6.2786552804884215,225.39579873190098,250
40,29.435164157120745,40.119455070295054,276.7235686127751,-15.102108380763768,57212.088384920964,2633.8442472706533,21.72189507568929,-5.898869480555858,0.049981826917813166,6.2786552804884215,225.39579873190098,250
578,1746.996717568304,418.6017727688357,276.6597915003423,-14.856108702342048,55721.1589433512,251.28007654690674,221.74921191155266,-5.870200330141749,0.004896071515388495,6.2786552804884215,225.39579873190098,250
2807,2969.045505885409,1923.5574366000396,276.4302669166218,-14.686039245739016,54788.52271648457,327.10132558574537,167.49709778269445,-5.8518739546882825,0.006481903354579634,6.2786552804884215,225.39579873190098,250
2968,56.048124125191904,2049.760920351251,276.4234596351058,-15.106334209392354,53627.474881989474,1217.8003918220957,44.03634227917355,-5.828618348658017,0.024654636234705363,6.2786552804884215,225.39579873190098,250
1212,2278.639091238302,834.3459223516929,276.5955430569781,-14.78117319681407,53231.417386520916,250.52864194368036,212.47637385304435,-5.820570053903467,0.00510974458153595,6.2786552804884215,225.39579873190098,250
329,524.5072385157331,247.53778656262276,276.6905080256497,-15.0316259224612,52817.87629188794,247.4686428149062,213.43260176762269,-5.8121023159507725,0.005086851732155095,6.2786552804884215,225.39579873190098,250
876,2485.403641860264,614.4156966178816,276.627454693021,-14.75044125231985,51668.82447167566,248.46610260184005,207.95120111202252,-5.78822143065164,0.005220936422555875,6.2786552804884215,225.39579873190098,250
2226,929.5077658245788,1502.0530949279262,276.5016060670799,-14.978359556753482,51166.26473604537,244.6871245011352,209.10893795643094,-5.777609262213216,0.00519203057798616,6.2786552804884215,225.39579873190098,250
1851,1681.5260972179035,1254.9884110965183,276.535327797961,-14.868984079641999,50413.436035414445,238.39817485593642,211.46737413522226,-5.761515725107365,0.00513412532046552,6.2786552804884215,225.39579873190098,250
2734,1674.4930844782343,1877.8223216285494,276.4424544764708,-14.872487153740053,48979.47691739087,237.66583873783733,206.08547352662993,-5.730185335094432,0.005268202466777496,6.2786552804884215,225.39579873190098,250
993,1844.7097813880468,695.5373150935359,276.6180777398267,-14.843170103997283,46587.06841047808,234.81571187391208,198.3984292988611,-5.675813434349758,0.005472321549302874,6.2786552804884215,225.39579873190098,250
1067,1098.5341142467255,748.1682245874507,276.6133810484179,-14.950956483820274,45903.61916149984,238.2257351724509,192.68958967959674,-5.659767297822382,0.00563445073397736,6.2786552804884215,225.39579873190098,250
1787,2465.0918009051147,1207.8348886552574,276.53907192612047,-14.755819892026913,45649.17197172262,228.37727405890618,199.88491481839898,-5.653732239054126,0.00543162549803415,6.2786552804884215,225.39579873190098,250
1551,541.6920684533296,1058.88894900226,276.569356568921,-15.032467691551998,45454.82372234565,231.76149812036513,196.12758845189518,-5.649099923003401,0.005535682198357796,6.2786552804884215,225.39579873190098,250
2678,2655.124164846529,1841.6164970278821,276.44378705752365,-14.730977830893325,45340.49194026833,230.69446712726872,196.53913899571353,-5.646365548000438,0.005524090547805234,6.2786552804884215,225.39579873190098,250
397,1792.7284388108976,293.5207098524874,276.67824947324107,-14.848991193061531,44268.35447698405,227.25650063726133,194.79466749179426,-5.620383425527717,0.005573561196410755,6.2786552804884215,225.39579873190098,250
2410,1422.6850406004353,1645.2720485460438,276.47818904307877,-14.90785749858903,44101.57728552261,227.90008833044945,193.51276960268845,-5.616285283857367,0.0056104824618505,6.2786552804884215,225.39579873190098,250
2356,1732.128789233492,1600.650750949746,276.4835590449078,-14.86307901067021,44066.446450431235,227.41374727608016,193.77213109695867,-5.615420053585338,0.0056029729035531085,6.2786552804884215,225.39579873190098,250
1540,1327.1166497639313,1054.2925251460151,276.5667506113896,-14.91925761537268,43616.41929525064,225.95221644084637,193.03381919543725,-5.604275001202822,0.005624403042561067,6.2786552804884215,225.39579873190098,250
151,2707.6700830674727,120.0565649679826,276.7001943008871,-14.716297583138942,43459.757282533144,227.35334880398915,191.15512268086988,-5.600368219593247,0.00567968038090487,6.2786552804884215,225.39579873190098,250
1003,1142.591510413709,704.2627536067613,276.619745204618,-14.944425969895383,43020.14884234987,226.02834362087344,190.33077070417912,-5.589329749916402,0.00570427995422477,6.2786552804884215,225.39579873190098,250
248,1306.6740110202093,187.53439052335244,276.6961298086832,-14.91862867647585,42494.18108840483,232.36806269473573,182.87444752779933,-5.575973639080192,0.00593686004073893,6.2786552804884215,225.39579873190098,250
2490,1430.3745112624188,1707.392122406609,276.4688898404441,-14.906995903721576,40842.54453842125,220.26282307198383,185.42640999872023,-5.532931956603094,0.005855152995776024,6.2786552804884215,225.39579873190098,250
2115,2109.5825654867317,1421.3064265598357,276.50873225281003,-14.807946271927676,40457.94881786738,219.76341611831776,184.09774262011538,-5.52265962993931,0.005897410715352092,6.2786552804884215,225.39579873190098,250
139,97.91973369054902,116.39826526679971,276.71189224769074,-15.092557073913285,40348.71614111893,369.43072848637286,109.21862484594935,-5.519724279391509,0.009940612249342617,6.2786552804884215,225.39579873190098,250
821,772.6622730520038,579.3264442691868,276.6399481253242,-14.997231698230364,40136.723240268315,224.18740958167356,179.03201306068945,-5.514004762876548,0.006064278569173896,6.2786552804884215,225.39579873190098,250
475,1439.5761361402992,352.1119336199741,276.67101594802267,-14.900155846499922,39532.80391360886,220.49955460949468,179.2874547235325,-5.497544024107937,0.0060556384253108355,6.2786552804884215,225.39579873190098,250
2860,2347.6243689711746,1961.690110493721,276.4271596099673,-14.775789781777592,39476.56745704172,218.03307822488128,181.0576990355804,-5.495998436130867,0.005996431003945569,6.2786552804884215,225.39579873190098,250
1571,736.2362134739936,1070.6803939441763,276.56678260567526,-15.004482128648398,39432.30049256014,219.31872108076266,179.79450316983866,-5.494780265035447,0.006038560583659329,6.2786552804884215,225.39579873190098,250
529,2660.9411878663154,379.7279207511926,276.66169034466316,-14.724138119505323,37899.43580980034,211.76325761812024,178.9707819764733,-5.451731840541259,0.006066353334382377,6.2786552804884215,225.39579873190098,250
1763,1412.606977915314,1198.113916595432,276.54493751387037,-14.907517744953523,37384.92533657301,213.51268151831084,175.09463639688718,-5.4368912723971725,0.006200646817867355,6.2786552804884215,225.39579873190098,250
1956,1029.9418915746091,1319.6746912283797,276.5284011790196,-14.963158525612304,36961.456970609564,210.63597528176078,175.47551846814127,-5.424522683785364,0.006187187873715364,6.2786552804884215,225.39579873190098,250
692,3060.3679345465544,487.7781062297762,276.64388022479415,-14.666973849359891,36622.05505705271,261.85532866292334,139.85606191041057,-5.414506756340058,0.007762981347890956,6.2786552804884215,225.39579873190098,250
1694,1786.0681978078042,1154.9382764806621,276.5498118778267,-14.853507906252014,35470.78679470006,206.43040441162123,171.82927532308412,-5.379827033007437,0.006318480933814097,6.2786552804884215,225.39579873190098,250
1938,2229.257933313361,1310.9744669559027,276.5246836805875,-14.790245228398035,34107.69822759685,219.33020606035188,155.50844017449936,-5.337281007944869,0.006981614623500261,6.2786552804884215,225.39579873190098,250
2763,3018.3763080225726,1898.9438765501711,276.43373087311744,-14.6788271083057,34084.040079816084,284.50077221806754,119.80297914162055,-5.33652764663597,0.009062378980714502,6.2786552804884215,225.39579873190098,250
1048,753.6318123760425,740.3363702305892,276.616003625799,-15.000634158685235,33772.030860562154,205.34220064338788,164.467073766357,-5.326542921958783,0.00660132131700934,6.2786552804884215,225.39579873190098,250
1138,2093.364255431383,791.7953599055875,276.6026713361141,-14.80771424339051,33752.79542474185,202.45019650814427,166.721475241364,-5.325924346220105,0.0065120585001315736,6.2786552804884215,225.39579873190098,250
1542,274.8972517798207,1054.486823311389,276.57112947755843,-15.0708903539132,32708.394169231164,204.21252121798256,160.16840678597393,-5.291798035318301,0.0067784903514135205,6.2786552804884215,225.39579873190098,250
91,1292.1651046226386,84.70508627319323,276.7115295496362,-14.920288769280685,29547.973547727015,193.5796259998455,152.63989376521783,-5.181469232207599,0.007112819415807267,6.2786552804884215,225.39579873190098,250
1751,2493.980403384236,1184.6769061032207,276.5424030548775,-14.751559465707064,29038.72029042353,194.08377214454939,149.61951722989042,-5.162593662052798,0.007256406250341136,6.2786552804884215,225.39579873190098,250
2358,133.82368803706873,1602.1266994209668,276.48996806733015,-15.093389335957026,28081.41610229903,193.79468373541994,144.9029228306255,-5.126197490339248,0.0074926024871772665,6.2786552804884215,225.39579873190098,250
931,1408.9930671883621,656.7187090596826,276.6257115289905,-14.905828259010407,27792.75845313247,240.49525167843132,115.56468686664323,-5.114979110783466,0.009394738387971856,6.2786552804884215,225.39579873190098,250
1495,835.305684921699,1025.4862244852925,276.5731114647196,-14.99002303793173,27706.875449597777,192.15200166183814,144.1924893312232,-5.111618859402208,0.007529518389172469,6.2786552804884215,225.39579873190098,250
602,544.7099222940343,431.5049052090289,276.66297008849256,-15.029475517880352,27637.516905305587,188.15927124628956,146.88363067228127,-5.108897531409734,0.007391565656641172,6.2786552804884215,225.39579873190098,250
902,356.15368572953986,633.4610342779511,276.6336278075105,-15.057476525592394,27176.021462980105,187.80312948806272,144.70483818379336,-5.090614670463993,0.007502859017201792,6.2786552804884215,225.39579873190098,250
2568,61.18738042384917,1764.8856312762307,276.46596967203806,-15.1044888966076,27138.84252079029,530.5735326787757,51.1500119196879,-5.089128280664444,0.021225801505279977,6.2786552804884215,225.39579873190098,250
2048,2159.8382251952753,1379.9924097638798,276.51468282140996,-14.8005337697886,27112.217687503886,187.9092667364476,144.28355854067678,-5.08806258544468,0.007524765891422874,6.2786552804884215,225.39579873190098,250
110,202.2455630469906,99.3288003804296,276.7139960406834,-15.077452412873969,26471.776468771117,229.25257154273712,115.46992162675159,-5.0621076956360564,0.009402448574525313,6.2786552804884215,225.39579873190098,250
2953,638.6875220041554,2037.4414048545448,276.4229081132866,-15.022364029633772,26342.698154729907,187.54699991873827,140.45918178453329,-5.056800617270224,0.007729647761051904,6.2786552804884215,225.39579873190098,250
2266,2066.882428182775,1531.6358066600644,276.49245754571297,-14.814546579785684,26304.0672050423,185.35630446165518,141.91083104208008,-5.055207241953007,0.00765057883198544,6.2786552804884215,225.39579873190098,250
2648,338.6638680368966,1826.4179089406214,276.45564060691817,-15.064761494303955,26191.504769499414,191.81063915695952,136.54875915442202,-5.050551104520134,0.007951005975617762,6.2786552804884215,225.39579873190098,250
321,1183.0480159325482,239.84273876110728,276.68885432864096,-14.93667041096053,26038.283444732137,187.99233016823786,138.50715835816274,-5.044180854034453,0.007838584033270767,6.2786552804884215,225.39579873190098,250
1841,603.6644950744025,1249.3190135327545,276.54067791489746,-15.024302749573849,25840.13371648018,183.1269773812526,141.1050085902064,-5.035886870065916,0.0076942697558884145,6.2786552804884215,225.39579873190098,250
2462,801.1476174465861,1686.4619551344638,276.4746197184733,-14.997585085749169,25675.989953650336,184.233248838059,139.36675445711498,-5.028967971030141,0.007790236661743347,6.2786552804884215,225.39579873190098,250
1305,1161.3183924789353,907.1449301996954,276.58939915796634,-14.942556701136876,25418.797069741966,186.44175195820492,136.33639891691297,-5.018037463226136,0.007963390617803061,6.2786552804884215,225.39579873190098,250
1272,102.04043238322946,880.2723158629194,276.59785741811413,-15.095092384708286,25123.00591870885,183.00321809560316,137.2817712177295,-5.005328979976401,0.007908551808222777,6.2786552804884215,225.39579873190098,250
1642,1445.018834946172,1126.7715037731705,276.5554439731294,-14.902557066646674,24902.436329700504,178.8474237426632,139.23844027818748,-4.99575457425046,0.007797415698070566,6.2786552804884215,225.39579873190098,250
1922,1615.8301106308304,1298.076850913933,276.5291758004622,-14.878628221010127,24841.515756009336,182.80377759174024,135.89169809985245,-4.993095207522796,0.007989450534367698,6.2786552804884215,225.39579873190098,250
1666,723.9020777340791,1138.9995976257485,276.5566391922631,-15.006534727049662,24761.168224539753,190.2220780337501,130.16979143791346,-4.989577805109196,0.008340644845527326,6.2786552804884215,225.39579873190098,250
116,1756.2836687492024,103.82584605283733,276.7066927764457,-14.853448419662456,24201.228134051154,178.12781425699202,135.8643973429949,-4.964743492269721,0.007991055944252333,6.2786552804884215,225.39579873190098,250
1387,1255.9691169862679,962.5889001175951,276.58072976595264,-14.929139902550753,23693.664265283616,176.66560225697344,134.11588878982448,-4.941730554053846,0.008095237706707673,6.2786552804884215,225.39579873190098,250
2056,647.6747982273039,1385.0105367253996,276.52024407722564,-15.0185032280595,23688.87107081266,178.49163718066558,132.7169801621309,-4.941510888949208,0.008180565882931314,6.2786552804884215,225.39579873190098,250
2492,445.42587576246734,1709.8300412422961,276.47260297409923,-15.04892581524066,23622.28040809135,181.1322618448297,130.41453889825442,-4.938454529554051,0.008324992053585615,6.2786552804884215,225.39579873190098,250
1271,2777.2939822197523,878.8672971334922,276.58679526014555,-14.709441611556555,23303.995012364772,174.27743867497415,133.71779611603378,-4.923725924994375,0.008119338125030738,6.2786552804884215,225.39579873190098,250
1166,707.4022982572536,807.8726763747069,276.60612059795113,-15.007571950302909,22955.662238553254,179.23380408821484,128.0766335085707,-4.907374543488512,0.008476956102436489,6.2786552804884215,225.39579873190098,250
1579,2929.911576407155,1080.7922695370291,276.55605216015715,-14.688263393692461,22463.805477910297,171.356771782619,131.09377145834418,-4.883858302708525,0.008281858000744054,6.2786552804884215,225.39579873190098,250
867,2666.82295333088,609.0341807968791,276.6274853344986,-14.724252279711935,21942.121274246965,170.85444494118215,128.4258146271857,-4.858346506011773,0.00845390783116103,6.2786552804884215,225.39579873190098,250
41,782.7787051051866,40.8482612850487,276.7202479988043,-14.993538044812144,21408.184252465246,182.0555204863635,117.5915138155274,-4.831599563116558,0.009232809109875057,6.2786552804884215,225.39579873190098,250
2198,1082.2768262619388,1485.8926254427927,276.5033822944677,-14.956280902421245,21192.371476272907,169.63043405541924,124.93260183104428,-4.820598873333319,0.008690285674737437,6.2786552804884215,225.39579873190098,250
516,787.7875728494397,373.1954960349272,276.67064033956103,-14.994201134777745,21156.84751765903,170.30451142969707,124.22951887797011,-4.818777368334356,0.008739468765603742,6.2786552804884215,225.39579873190098,250
2459,1818.6072503271407,1682.2799776972208,276.4710240452868,-14.850939380720593,21146.908750794857,167.0606318993522,126.58223849850563,-4.818267206582044,0.008577032709157039,6.2786552804884215,225.39579873190098,250
1119,1498.2648120217448,777.5466845571291,276.6073115693766,-14.893456171891794,20787.047457647626,167.44589745899324,124.14187372215723,-4.799631997233909,0.008745638900456043,6.2786552804884215,225.39579873190098,250
310,2596.387994975492,232.73681710323737,276.68387644600864,-14.732828763165355,20508.306177301027,167.1170793563082,122.71819407264488,-4.784974459783394,0.008847098901710562,6.2786552804884215,225.39579873190098,250
2038,3032.0877705971266,1369.7056211333527,276.5125594199318,-14.674711060942045,20490.43914520269,165.33333883257455,123.93410361084169,-4.7840281437585395,0.008760300582066933,6.2786552804884215,225.39579873190098,250
1236,1627.5599468995401,852.4281869770942,276.5955970654979,-14.87512401113001,20400.75174023972,169.3949115291452,120.4330847726183,-4.779265405539402,0.009014964634094012,6.2786552804884215,225.39579873190098,250
518,1454.1882375371251,373.0264130486066,276.66783435151893,-14.898136369690555,20144.683122593167,170.97008100674412,117.82577983219494,-4.765551079051648,0.009214452062581141,6.2786552804884215,225.39579873190098,250
156,1981.7528202588937,124.11298592366472,276.7027024508208,-14.82101933336538,20119.507233896846,164.62388119275641,122.21499753331123,-4.764193327800983,0.008883525114862265,6.2786552804884215,225.39579873190098,250
1701,2132.8298082849624,1158.2639023318711,276.54785963689187,-14.803527522217502,19666.579637071598,163.7534402958499,120.09872648501552,-4.739472065979094,0.009040062553331576,6.2786552804884215,225.39579873190098,250
2801,2202.5233580189847,1921.0342972255496,276.4338233355142,-14.796546519040026,19665.394539975547,174.01444419963946,113.01012758121541,-4.739406638150939,0.009607103568835061,6.2786552804884215,225.39579873190098,250
2307,535.1203399670894,1560.9491790621505,276.4944533791587,-15.0354177174903,19570.985281960297,166.90471786717004,117.25843063067714,-4.734181704159739,0.009259035739780397,6.2786552804884215,225.39579873190098,250
2827,1624.5678784801175,1940.56925702648,276.4333008963513,-14.879930066199371,19093.473179902692,164.79204947355552,115.86404344686942,-4.707362317070915,0.009370465311767395,6.2786552804884215,225.39579873190098,250
1461,860.1824067005209,1003.7515343003897,276.5762502934132,-14.986350054796109,18874.050159687933,169.57418074284433,111.30261739733852,-4.694812740558285,0.00975448758877041,6.2786552804884215,225.39579873190098,250
55,1989.020787566398,53.40331176244115,276.71321425821213,-14.819671906713676,18857.327199361316,169.8464850887155,111.02571354074013,-4.693850320104166,0.009778815783981518,6.2786552804884215,225.39579873190098,250
1419,414.1092073875808,977.4512390108737,276.5820448456017,-15.05052250907675,18681.272358907707,164.02798000102763,113.89076643381617,-4.683666108755636,0.009532818453995728,6.2786552804884215,225.39579873190098,250
1306,1828.432501027327,906.9165359049176,276.58662330753083,-14.846387603120586,18359.880048177976,163.63842944131193,112.19785053463039,-4.66482457699378,0.009676655968243294,6.2786552804884215,225.39579873190098,250
2363,1591.63549166094,1607.9666175878422,276.48305213448185,-14.883358595577494,18359.376878369934,158.8580725530477,115.57094067246197,-4.664794820962559,0.009394230017361957,6.2786552804884215,225.39579873190098,250
47,2649.628440381231,44.183588997725735,276.7117523035389,-14.724347374262685,18299.450007820124,164.97399097544545,110.92324250398836,-4.661245071203598,0.009787849466814519,6.2786552804884215,225.39579873190098,250
294,670.1414790890498,217.28172351836648,276.6944035839429,-15.010510403580268,18169.15974789484,162.04224965884293,112.1260645674041,-4.653487086726132,0.009682851210276235,6.2786552804884215,225.39579873190098,250
2742,440.62733142280587,1886.399259908829,276.4462672479103,-15.050307740774421,18079.7805774226,163.39201373593136,110.65278016979784,-4.648132866871693,0.009811773353855024,6.2786552804884215,225.39579873190098,250
2482,1721.8183357532357,1700.8801396042845,276.4686517772774,-14.864964672348831,18023.96813510399,158.69573308797698,113.57563170971932,-4.644776005618561,0.009559268864776127,6.2786552804884215,225.39579873190098,250
1837,283.1617116759364,1242.793736732751,276.54298770058483,-15.070453692340697,17838.043237062913,162.7199380960272,109.62420122441301,-4.6335180089758365,0.009903834991485599,6.2786552804884215,225.39579873190098,250
2693,2707.633406823652,1853.0555639243705,276.4418633867466,-14.723452278849804,17570.66943524171,162.4943124388705,108.13098114958149,-4.617120748946734,0.010040600653554712,6.2786552804884215,225.39579873190098,250
1675,844.2215650129053,1143.5655175513687,276.55545468711205,-14.989214786584947,17370.621173834385,161.5665975796443,107.51369054034532,-4.604688351084887,0.01009824883271571,6.2786552804884215,225.39579873190098,250
2646,613.1028977143371,1818.9783371337958,276.45561964006794,-15.025197931993276,17257.14778308518,158.72954242928287,108.72045316185283,-4.597572523913537,0.009986161466635092,6.2786552804884215,225.39579873190098,250
1850,1754.0921067462536,1253.9029913923227,276.53518578264857,-14.858518918031235,16863.72770257204,160.96066730997632,104.76924570706491,-4.572533930986257,0.010362773852888281,6.2786552804884215,225.39579873190098,250
1614,574.4045688689508,1104.0619189555193,276.5624781442303,-15.027935971257294,16843.524779934305,161.72292925270438,104.15050517428494,-4.571232427863881,0.010424337339345547,6.2786552804884215,225.39579873190098,250
973,451.5080809507011,684.8872387114462,276.6255510294433,-15.043946191060188,16767.130406064374,157.6951078728084,106.32625597737744,-4.566296833486064,0.010211024455060278,6.2786552804884215,225.39579873190098,250
2079,1964.6001309108572,1396.9235275238525,276.5129746033024,-14.828749758140125,16639.916489380004,152.8731839629855,108.84784406275566,-4.558027834244461,0.009974474086726472,6.2786552804884215,225.39579873190098,250
1847,978.4057878056936,1251.5375020119814,276.5387829402202,-14.970312021400177,16470.300277008122,153.67518691692467,107.17605494706056,-4.546903770940542,0.010130061239297153,6.2786552804884215,225.39579873190098,250
1349,1561.6439216959004,934.6914320110624,276.58360511182326,-14.884963496303167,16379.540243564028,158.35314929701485,103.43678238341676,-4.540904246837346,0.010496266173241505,6.2786552804884215,225.39579873190098,250
1610,1191.5573520708701,1099.4836257261343,276.5605774803714,-14.938979576734743,16360.67470948014,154.0003034351906,106.23793813734501,-4.539653003027658,0.010219513095184518,6.2786552804884215,225.39579873190098,250
165,784.2745846588042,129.71677178925705,276.7069826572021,-14.99369442278949,16354.198127474156,172.0168209493026,95.07324944863457,-4.53922311539252,0.011419615993945528,6.2786552804884215,225.39579873190098,250
2179,59.76418002408446,1469.517325101231,276.5100713992917,-15.103534934684674,16305.827743445014,171.632119196592,95.00452374399623,-4.536007103514017,0.01142787687590098,6.2786552804884215,225.39579873190098,250
562,1331.323581523386,404.3232239454024,276.66368860570384,-14.91598004685767,16161.196848615393,160.0850935031684,100.95378960624795,-4.526333778683346,0.010754425408244476,6.2786552804884215,225.39579873190098,250
2886,1084.428706943839,1982.5243947901308,276.42926991413066,-14.957931182910638,15995.589318609913,157.01110528705277,101.87552841798203,-4.515150591418612,0.010657122636414846,6.2786552804884215,225.39579873190098,250
653,823.3070970073035,468.6766875429852,276.6562435688414,-14.989476518412324,15945.04977428951,155.16336756997376,102.7629782983332,-4.511714676521904,0.010565088886856543,6.2786552804884215,225.39579873190098,250
420,824.4333708340082,309.5908633693754,276.6799746857597,-14.98865535292283,15864.959593122869,155.2765669424017,102.17227174405406,-4.5062474041248,0.010626170696485299,6.2786552804884215,225.39579873190098,250
207,1286.962669183294,158.00760738721348,276.7006181034144,-14.92134670944837,15861.003386956392,170.414401566,93.07313960090141,-4.505976622979819,0.011665019624947573,6.2786552804884215,225.39579873190098,250
1580,348.42613922689765,1081.436141005366,276.56679969797403,-15.06040490907308,15838.639203614395,153.51237206172163,103.17500140800551,-4.504444643084243,0.010522897845250321,6.2786552804884215,225.39579873190098,250
29,232.0816805585506,35.04092069607653,276.723463451142,-15.07288489172312,15685.542312873644,193.3775021143563,81.11358426585629,-4.49389882486143,0.013384934346404065,6.2786552804884215,225.39579873190098,250
1368,682.9678701447356,945.6408668570856,276.5856649751244,-15.011652760682136,15630.920565689768,155.87528770197403,100.27837507877021,-4.490111368477642,0.010826860717948071,6.2786552804884215,225.39579873190098,250
1010,1664.2141564857059,709.1164827462794,276.6168165587953,-14.869249947315343,15288.241928135802,153.6786234665343,99.4819030993275,-4.466043844759751,0.01091354272662019,6.2786552804884215,225.39579873190098,250
2173,118.67678363414606,1466.4475456696975,276.5102855017976,-15.095036721489668,15192.494231154371,153.10578291251963,99.22874199882403,-4.459222678596068,0.010941386317412618,6.2786552804884215,225.39579873190098,250
122,519.695528810171,107.91544928576832,276.7113630301576,-15.03173833827937,15164.067504728402,153.05672797902594,99.07481823867556,-4.457189251006115,0.010958384979162933,6.2786552804884215,225.39579873190098,250
1617,761.7497921726526,1109.1786803804303,276.5609309363714,-15.000960783792987,14852.541161673988,150.34300867551877,98.79103320148278,-4.4346518899070615,0.010989863804599875,6.2786552804884215,225.39579873190098,250
1469,963.1971381031666,1007.5710178212021,276.57524826621284,-14.971519488440043,14653.613778106563,150.6196997239034,97.2888261294351,-4.420011830207618,0.011159554937537864,6.2786552804884215,225.39579873190098,250
1438,1328.9196506050027,993.1494533539048,276.575864165289,-14.918749185885732,14641.120921498135,149.33148491356653,98.04443403192874,-4.41908579707013,0.011073550586731273,6.2786552804884215,225.39579873190098,250
2086,2234.7390228816216,1401.2877216142967,276.51119389755405,-14.789820797620614,14531.745143026448,150.0305570284121,96.85856955309774,-4.41094440987975,0.011209126926088052,6.2786552804884215,225.39579873190098,250
2628,1932.0179237340817,1808.065258350005,276.45179243044913,-14.83509213816725,14463.595642612723,151.53565300191875,95.44681635040425,-4.40584065774714,0.011374921045183733,6.2786552804884215,225.39579873190098,250
1168,2764.5858676313424,807.047836695812,276.5975543640016,-14.71097654111619,14452.297031670852,152.64133901714132,94.68140888129845,-4.404992175445344,0.01146687626248925,6.2786552804884215,225.39579873190098,250
2588,781.3738262909598,1784.481183292853,276.46007353729703,-15.000819805760944,14397.880889965105,151.98850609048577,94.73006387333909,-4.400896419405509,0.011460986677383213,6.2786552804884215,225.39579873190098,250
1468,472.88022129871774,1007.3925384891309,276.5773300636995,-15.042175171432207,14346.46088751142,147.1081895200255,97.52319659646462,-4.397011924968532,0.011132735983752183,6.2786552804884215,225.39579873190098,250
962,175.81855522843153,679.9651679382921,276.6274465334995,-15.083650516264578,14267.488602682846,149.9707999833146,95.13511032994565,-4.391018814052626,0.011412190475573084,6.2786552804884215,225.39579873190098,250
1116,732.45005986624,776.5873830712382,276.6106835649457,-15.003834744080804,14213.273258223664,152.13835962605884,93.4233371068184,-4.386885242505636,0.01162129328305445,6.2786552804884215,225.39579873190098,250
510,2488.6619201307662,368.1532782705576,276.66415163605814,-14.748939168427988,14197.60089508543,146.49617308983332,96.91448312700483,-4.38568738750776,0.011202659963394822,6.2786552804884215,225.39579873190098,250
2382,392.2196001665905,1623.2297047678242,276.48574921426143,-15.056250221371277,14051.576027759773,147.3883868173565,95.33706373469212,-4.374462572156347,0.011388015924439738,6.2786552804884215,225.39579873190098,250
873,2452.249405019489,612.5233934299152,276.6278777325924,-14.75521505142144,13920.321700708577,147.44066592571744,94.41304143133631,-4.364273158321666,0.011499470661472083,6.2786552804884215,225.39579873190098,250
1545,2564.1552679074457,1055.0130776798126,276.5614382216603,-14.74090820102411,13869.870181847786,144.95465542865617,95.68419959215635,-4.360330968859822,0.011346700966593022,6.2786552804884215,225.39579873190098,250
1015,799.4213844071592,711.5121201130227,276.62011160218424,-14.993917197910518,13851.767660545636,151.5324071298229,91.41125600069404,-4.358912974318475,0.011877093122883651,6.2786552804884215,225.39579873190098,250
1622,440.8911027831616,1111.9801542158293,276.561854493086,-15.047205268677889,13767.678660103207,146.00771921967853,94.2941834423754,-4.35230178065182,0.011513965765062145,6.2786552804884215,225.39579873190098,250
1390,1389.4034305414289,963.7638139042602,276.57999343238924,-14.909911099197512,13715.242352868401,144.7124551693646,94.77582518254377,-4.348158693658607,0.011455452884835121,6.2786552804884215,225.39579873190098,250
1444,2996.6884228570407,995.0234821696203,276.5685535908107,-14.678277587726367,13558.905628117413,147.83122224423687,91.71882246712602,-4.335711573303541,0.011837264923338262,6.2786552804884215,225.39579873190098,250
1275,2045.574781960959,881.5478168837112,276.5894900415533,-14.814975177627316,13534.415431694273,143.07914144845154,94.59391001846656,-4.333748735296234,0.01147748306194395,6.2786552804884215,225.39579873190098,250
2557,2819.7246579928815,1756.3664854811977,276.45581136285824,-14.70690200960804,13482.89998280759,140.60183681537802,95.89419518403423,-4.329608260575687,0.011321853193682804,6.2786552804884215,225.39579873190098,250
2846,2886.22836991904,1951.3876076114736,276.42646223859555,-14.698092535837684,13106.398986489497,147.02103411905034,89.14642088475983,-4.298858439978409,0.012178840038945496,6.2786552804884215,225.39579873190098,250
287,146.79798001198552,212.33556522100528,276.6973657157209,-15.085911716149974,13064.913315567886,257.7531366733732,50.68769864137035,-4.295416309747799,0.021419398179460293,6.2786552804884215,225.39579873190098,250
1946,896.8376982572895,1315.4054675494651,276.529593349201,-14.982322595519726,12918.217359642556,146.5830761903914,88.12898252226304,-4.28315644739695,0.012319443262898579,6.2786552804884215,225.39579873190098,250
811,1717.7219753418829,571.162614665416,276.6371641613224,-14.860964523649795,12862.779628452641,141.40364925244847,90.96497648012374,-4.278487051200732,0.01193536283975438,6.2786552804884215,225.39579873190098,250
398,706.0689036329313,294.6134555020322,276.68271224338963,-15.005653548462265,12825.22499708095,143.98591661539007,89.07277391120982,-4.275312460368931,0.012188909723214139,6.2786552804884215,225.39579873190098,250
2157,1703.5206709164545,1455.379041152604,276.50534654430703,-14.866621009207675,12646.387917805274,148.08352425163514,85.40037105218768,-4.260066226610878,0.012713059517464332,6.2786552804884215,225.39579873190098,250
1473,2929.0462478307063,1008.041450200668,276.5668993160615,-14.688088063739766,12625.121624688545,138.3562516937165,91.25082148537217,-4.258238904836588,0.011897975079315223,6.2786552804884215,225.39579873190098,250
428,2836.8164517716,310.65582959624317,276.67123316940535,-14.698475900124654,12516.32016329933,143.289168316485,87.35007893726022,-4.248841637630861,0.012429296151865088,6.2786552804884215,225.39579873190098,250
2723,1363.7088005526475,1870.9808854359544,276.4447603182125,-14.917249826062724,12398.314958193921,139.6343547644465,88.79129336837644,-4.238556639998623,0.012227550233958849,6.2786552804884215,225.39579873190098,250
2970,658.5201313213101,2051.236109435188,276.42076773919746,-15.019560552368857,12367.80015291441,147.40093903971555,83.90584370417099,-4.235881125854391,0.012939503997217175,6.2786552804884215,225.39579873190098,250
987,507.14228430999043,692.2094929293401,276.6242238927625,-15.0359591239974,12314.932312673438,141.1020095627973,87.27680314994161,-4.231230051174843,0.012439731530207021,6.2786552804884215,225.39579873190098,250
846,989.0401181312292,602.4279347304907,276.6355866376518,-14.966140129655313,12190.814481183814,153.30452825481896,79.52025044505238,-4.220231783971094,0.013653126014111422,6.2786552804884215,225.39579873190098,250
1161,1671.8082304400582,801.6203899042786,276.60298810740545,-14.868536124935243,12164.585991095228,141.27903445177068,86.10326392942564,-4.217893310224679,0.012609278097632766,6.2786552804884215,225.39579873190098,250
2229,540.41049115958,1504.0143307618482,276.5029290353923,-15.034430326903939,12155.623091254107,147.41927636555081,82.45613050705934,-4.217093041997976,0.013167001571909195,6.2786552804884215,225.39579873190098,250
2626,1052.1377406687639,1806.5535156055123,276.4556609682103,-14.961893758251053,12118.047556479345,143.01373219885107,84.73345440443444,-4.213731609629756,0.012813120952415474,6.2786552804884215,225.39579873190098,250
2450,761.0243365168348,1672.102590592785,276.47692870955666,-15.0033094443607,12107.57610070052,145.84870872689817,83.01462663870386,-4.212792996900973,0.013078418153046476,6.2786552804884215,225.39579873190098,250
1287,1509.4571456203853,893.3707155007648,276.58998823416397,-14.892317629121392,12064.02739279624,138.7951106121507,86.91968571218608,-4.2088807649289866,0.012490841299116498,6.2786552804884215,225.39579873190098,250
2653,2922.7382819922304,1827.1459946155228,276.44483124419975,-14.692331106357683,12036.400348556956,142.72195436253878,84.33460992260791,-4.206391539789764,0.012873718168570698,6.2786552804884215,225.39579873190098,250
1813,1375.2641922381845,1229.669185571308,276.5403865454401,-14.913027670920703,12032.146346039124,138.8807525337121,86.63652901159521,-4.206007742242247,0.012531665480904628,6.2786552804884215,225.39579873190098,250
2489,1374.6912192469417,1707.3113777127292,276.4691327972322,-14.915020537000524,11931.551688213221,140.54353254921216,84.8957719490601,-4.196892295753797,0.012788622743797549,6.2786552804884215,225.39579873190098,250
664,1563.3047814714232,471.4083821986965,276.65269702715864,-14.882814020561208,11832.9138744659,141.44427281348302,83.65778012142984,-4.187879237137301,0.012977872451601025,6.2786552804884215,225.39579873190098,250
2797,2257.4911017354816,1919.3987566782698,276.4338394864822,-14.78861592715343,11721.500027978764,138.61222532483905,84.56324830302175,-4.177607960636872,0.012838910777286262,6.2786552804884215,225.39579873190098,250
779,2351.1312692804013,547.5296421727074,276.63799708303367,-14.769527302445367,11689.598043952807,139.95901719672233,83.52157851696148,-4.1746489229707535,0.012999035929134376,6.2786552804884215,225.39579873190098,250
1037,1528.9169549878357,726.3228410200477,276.61482239947975,-14.888826563789154,11653.38834280605,138.70407900641877,84.01619062887667,-4.171280526624189,0.012922509243436717,6.2786552804884215,225.39579873190098,250
1940,2152.8804003719165,1311.8125403112801,276.5248788187161,-14.801260851242883,11642.997766876011,142.7800016420649,81.54501774039642,-4.1703120137251934,0.013314118140931587,6.2786552804884215,225.39579873190098,250
2362,2524.124391225751,1606.6556602159383,276.47936342843394,-14.748924341101048,11633.156456148892,141.18884907528678,82.3943004871843,-4.169393900888078,0.013176882303514078,6.2786552804884215,225.39579873190098,250
2184,2567.939436389294,1473.4457212105033,276.49904081126425,-14.742068898775823,11569.866877462613,137.72621149495976,84.00628138882645,-4.163470883323306,0.012924033560952354,6.2786552804884215,225.39579873190098,250
2297,406.3395674179716,1554.35871528414,276.4959706784043,-15.053944620579085,11500.894864548129,140.43701877981238,81.89361298376811,-4.156979061729025,0.01325744414543285,6.2786552804884215,225.39579873190098,250
2780,52.54216579991749,1910.1199111889473,276.44432233115236,-15.106299006689245,11497.866815164685,204.9487703347571,56.101174924760066,-4.156693162608875,0.019352535868563957,6.2786552804884215,225.39579873190098,250
166,1158.0603405972897,130.30149241763837,276.7053010624222,-14.93981420722033,11410.459482149352,137.2270876515593,83.15019780294591,-4.148407811219988,0.013057094615372461,6.2786552804884215,225.39579873190098,250
1404,2098.8391212232473,969.3334875258769,276.5761750859148,-14.807655754319496,11391.725756601561,136.05166504795363,83.73088085755042,-4.146623781449098,0.012966542199013512,6.2786552804884215,225.39579873190098,250
2808,1039.6108785462388,1924.7811095468708,276.43807100821823,-14.964162886807795,11380.388415667898,141.42015981884913,80.4721790036548,-4.145542690563881,0.0134916192582618,6.2786552804884215,225.39579873190098,250
2298,2922.5950116472854,1554.6753144607446,276.4854476427651,-14.691254176852336,11342.76310100709,136.4230447402536,83.14404008943984,-4.141947132646054,0.01305806163414827,6.2786552804884215,225.39579873190098,250
2717,2179.7343632515494,1867.9943555991474,276.4418274981424,-14.799621271282321,11335.873040653067,136.30112708161667,83.16785989498959,-4.141287411473867,0.013054321722007033,6.2786552804884215,225.39579873190098,250
2595,2439.1511927720207,1788.526256776313,276.45260043179513,-14.761905248417234,11290.246408610183,139.11827432451358,81.15573934071409,-4.136908529485714,0.013377981752367915,6.2786552804884215,225.39579873190098,250
2149,326.5231935890932,1446.5084863560876,276.5123998099998,-15.0650166727801,11284.439830936724,137.90950631752895,81.82495994840943,-4.1363499913356865,0.013268567447934384,6.2786552804884215,225.39579873190098,250
1739,2597.676498990655,1175.6959427280208,276.54330569024705,-14.73656894911907,10927.888102068318,133.87598430738612,81.62694869138984,-4.10149057664363,0.013300754437174272,6.2786552804884215,225.39579873190098,250
623,666.57901124351,443.97353851164144,276.66059339194396,-15.011963297630874,10807.815515726586,143.28097781194467,75.43091679561101,-4.089494785512098,0.014393302456363253,6.2786552804884215,225.39579873190098,250
376,544.2692679256472,278.7046121457768,276.6857733112511,-15.028907107352088,10805.153843356296,139.98224850850013,77.18945765255496,-4.089227365147573,0.014065392257151888,6.2786552804884215,225.39579873190098,250
1599,2588.1469968960378,1093.6676389052238,276.55557449827654,-14.737607017960707,10736.121169955135,134.97466206354093,79.54175254686675,-4.082268489281678,0.013649435236673915,6.2786552804884215,225.39579873190098,250
365,2827.2706285210093,272.80713498088136,276.6769150071548,-14.699692699825613,10659.59611428954,134.9550641304716,78.98626244943335,-4.074501852931296,0.013745428209051672,6.2786552804884215,225.39579873190098,250
2800,1658.143116544748,1920.9127242367017,276.4360943341417,-14.87501364216455,10643.723767323027,136.5919594140955,77.92350159539959,-4.072883965668595,0.013932895439392025,6.2786552804884215,225.39579873190098,250
467,412.4916787394488,346.349898853666,276.6762379058137,-15.04817837902784,10584.250629128,139.79683352393593,75.71166214802548,-4.066800266198262,0.014339930853417601,6.2786552804884215,225.39579873190098,250
289,1382.372719217551,212.70124354936974,276.69205310673783,-14.90782033788229,10559.802168086491,142.221607436595,74.24892995105715,-4.064289433351989,0.014622432952443405,6.2786552804884215,225.39579873190098,250
2423,1052.2197855998563,1652.8111809223626,276.47860121586916,-14.961275155347149,10553.433081707757,135.89378052470585,77.65942665631496,-4.063634379988487,0.013980273184410835,6.2786552804884215,225.39579873190098,250
2538,381.26931267003795,1741.4340936054066,276.46815051144256,-15.058291862455105,10472.12354956509,137.37520937982953,76.23008253702206,-4.055236871711089,0.014242408821644879,6.2786552804884215,225.39579873190098,250
1704,733.1362764450206,1160.652219412181,276.5533694256382,-15.00529117694409,10192.954067334562,172.74744282800188,59.004949077499816,-4.0259001461912005,0.018400151461430665,6.2786552804884215,225.39579873190098,250
1182,93.84117929338393,818.7004023461404,276.6070826873798,-15.096024748291208,10188.710404108191,133.95341234807938,76.0615965320295,-4.0254480242480986,0.014273957548903309,6.2786552804884215,225.39579873190098,250
1070,1123.0038539015177,748.621089799732,276.61321026151796,-14.947431314651674,10164.867763718808,156.36779199793676,65.00614758218835,-4.022904311342658,0.016701497325731104,6.2786552804884215,225.39579873190098,250
1214,1181.2150750448322,838.7591478265823,276.5995175864668,-14.939409729883085,10153.388897795288,142.006138741511,71.49964774605387,-4.021677530732855,0.015184690193944639,6.2786552804884215,225.39579873190098,250
443,2664.065822427798,328.4199129170066,276.6693246868856,-14.723470945047312,10133.772673142768,135.5633861620373,74.75302115152238,-4.019577872594976,0.014523827709910416,6.2786552804884215,225.39579873190098,250
1902,126.80178662813468,1289.0545106759398,276.53673313925833,-15.093163319590891,10084.673779817967,144.87812366580079,69.60798169281168,-4.014304613740853,0.015597349234909923,6.2786552804884215,225.39579873190098,250
238,2609.035020304424,178.98934747433148,276.6918336170448,-14.730776617508285,10007.977757270652,138.5000755035611,72.25972780797024,-4.006015806987413,0.015024966643733297,6.2786552804884215,225.39579873190098,250
859,809.0068063451595,606.5293911944078,276.6357356094013,-14.992105338481153,9997.459999707644,136.9103260726116,73.02195741178355,-4.004874166262537,0.014868130607312381,6.2786552804884215,225.39579873190098,250
451,501.39286911506053,333.56633937731976,276.67776861406924,-15.035313659344997,9893.491166521053,131.6433790868027,75.15373150667537,-3.9935239041810093,0.014446388465801796,6.2786552804884215,225.39579873190098,250
580,2126.9064169150624,419.03863104967354,276.65810869619816,-14.80132694352827,9660.079785639173,138.23944265728952,69.8793311080366,-3.9676017618326904,0.0155367829483293,6.2786552804884215,225.39579873190098,250
1489,2794.784551097004,1018.240733684249,276.5659464093314,-14.707495136914458,9652.196154396122,129.73559457474843,74.39898191421102,-3.96671532624451,0.014592941624549563,6.2786552804884215,225.39579873190098,250
1901,1349.1325859642895,1288.0806002636773,276.53178204366475,-14.917029544925649,9593.186248255617,130.49839140945645,73.51191186836695,-3.960057168876806,0.014769035009511019,6.2786552804884215,225.39579873190098,250
2673,724.2291391557125,1840.181676314968,276.4519966798891,-15.00927129304969,9543.776083705627,131.50165512425644,72.57533051342718,-3.9544505817065936,0.014959628737744908,6.2786552804884215,225.39579873190098,250
160,1808.937520481898,127.01852120108478,276.7030089724771,-14.845953395770763,9521.853545819919,129.6804295377476,73.42552441999955,-3.9519537217512535,0.014786411245627802,6.2786552804884215,225.39579873190098,250
70,2772.9169725737725,61.1959971438047,276.7086866293972,-14.706634097611934,9501.953882898815,136.13919033010976,69.79587479445497,-3.949682273992204,0.015555360588248619,6.2786552804884215,225.39579873190098,250
417,2589.081984136967,307.60994909302207,276.6727472657949,-14.734199238301402,9476.082123339569,129.43382606095255,73.2117902384893,-3.946722017891285,0.01482957863020839,6.2786552804884215,225.39579873190098,250
2026,422.01691510117695,1364.3571353896887,276.52426513097936,-15.050933230637524,9470.319935867985,138.42713193254252,68.41375533578926,-3.946061605879565,0.01586961561561931,6.2786552804884215,225.39579873190098,250
1718,893.2693267783967,1165.7031632903613,276.5519462598087,-14.98223579960102,9462.642436479422,136.16376282258568,69.49457212642363,-3.945181052763667,0.015622802857536968,6.2786552804884215,225.39579873190098,250
2438,1313.5485470372498,1665.6383781734714,276.4756035998727,-14.923666878891042,9452.375403932732,128.61052510420996,73.49612635726123,-3.9440023819170205,0.014772207105480134,6.2786552804884215,225.39579873190098,250
874,594.8252540063685,615.1062714869815,276.63536024552593,-15.023008002459699,9450.902192124282,128.3436812197266,73.6374561046303,-3.9438331499525825,0.014743855334401368,6.2786552804884215,225.39579873190098,250
523,2993.7072566439115,373.55093183709624,276.6611881730576,-14.676108487494643,9432.400485042686,145.0052297835878,65.04869168594827,-3.941705558185417,0.01669057396637128,6.2786552804884215,225.39579873190098,250
400,139.23019931175187,295.5362250405188,276.6849798952879,-15.087346269117083,9348.974927424002,324.34068010358783,28.824552394840293,-3.9320599659908853,0.03766580605062039,6.2786552804884215,225.39579873190098,250
1966,1191.779084402773,1326.408834635192,276.5267211357687,-14.93986231241446,9260.860498207534,129.4629553889382,71.53289889285824,-3.9217783338639842,0.01517763178626604,6.2786552804884215,225.39579873190098,250
1979,410.51990675673244,1337.3876938654787,276.52833832326064,-15.05248231009261,9240.720235847111,136.22405206709783,67.83471858035429,-3.9194145336060804,0.01600507856038237,6.2786552804884215,225.39579873190098,250
323,75.22849415456194,242.52344632745678,276.6931637631992,-15.096349518252536,9233.341732125642,172.41637376976485,53.5525804785532,-3.9185472517849833,0.020273532858697676,6.2786552804884215,225.39579873190098,250
725,689.2851720389917,509.89634949569876,276.6506605637174,-15.008962590973018,9220.243402088585,132.17299968994172,69.75890252712665,-3.9170059433153313,0.015563604940284312,6.2786552804884215,225.39579873190098,250
117,2854.2909579523953,104.03792097862865,276.70195182885755,-14.695077266850884,9189.77332769634,210.6517554477789,43.62542960139019,-3.9134119766587565,0.024886860941431343,6.2786552804884215,225.39579873190098,250
2515,1038.694190330083,1724.6432451833932,276.46793888516305,-14.963508076996904,9142.571626766963,128.16686732070548,71.33334704896835,-3.9078209069943575,0.015220090531497105,6.2786552804884215,225.39579873190098,250
2022,2133.4182438610032,1361.6420546522095,276.5175298031138,-14.804268677103899,9051.382835244993,128.14465242757962,70.63410500379906,-3.8969373135811196,0.01537076175795822,6.2786552804884215,225.39579873190098,250
2124,2899.377857076431,1427.3634221073173,276.50452217724467,-14.694085870568822,9009.90100251713,126.23344273450847,71.37491307645443,-3.8919500261624767,0.015211226931191276,6.2786552804884215,225.39579873190098,250
1101,347.57343345834704,768.3757785864126,276.6135283183057,-15.059262695804081,8938.001586212078,130.87956456424385,68.29180411755381,-3.8832510468145482,0.01589795457930991,6.2786552804884215,225.39579873190098,250
39,598.975829515572,38.34877321632427,276.72140542640625,-15.020020911319353,8904.563532385946,134.4622554671494,66.22351753248277,-3.87918157049019,0.016394477980839088,6.2786552804884215,225.39579873190098,250
1673,747.1840552900118,1143.1975127989754,276.55591540614836,-15.00319670008879,8903.063628932141,204.50361117098348,43.53499470231054,-3.8789986713905473,0.02493855822020758,6.2786552804884215,225.39579873190098,250
722,1110.9959691068311,507.57110436086055,276.6492218983778,-14.948169867031307,8898.579700478993,129.99233650094558,68.4546484816377,-3.8784517147445796,0.01586013549235051,6.2786552804884215,225.39579873190098,250
1274,1587.4773226218501,881.4444074364102,276.59143830114795,-14.881021442846288,8850.198786091525,128.70621203431773,68.76279432209334,-3.8725325422771997,0.015789061667774124,6.2786552804884215,225.39579873190098,250
1602,2176.696511004284,1094.7505789946724,276.5571458520948,-14.79694324317316,8792.49834189107,131.35027389689301,66.93932247749238,-3.8654307160418226,0.016219166251123244,6.2786552804884215,225.39579873190098,250
2537,42.73075373296503,1741.5164433768311,276.4695346330456,-15.107056032601918,8783.95953082171,496.3601793381674,17.696745017970606,-3.8643757939272443,0.06135026519834572,6.2786552804884215,225.39579873190098,250
969,2755.465103230127,682.5349397121499,276.61615252279177,-14.71177364439101,8727.518645297067,126.44925099489637,69.01993152691207,-3.8573769415831354,0.015730238729325118,6.2786552804884215,225.39579873190098,250
598,982.4198248876949,427.94046466259755,276.6616468099272,-14.966373994566553,8719.35476329444,132.41250093508106,65.84993638606183,-3.856360848590314,0.0164874874538194,6.2786552804884215,225.39579873190098,250
658,647.082461991682,470.3868275379965,276.65673464075337,-15.014882109755101,8711.817684350564,130.65358313732798,66.67875059495081,-3.85542192379658,0.01628254864274877,6.2786552804884215,225.39579873190098,250
2726,1956.2116828592639,1871.5431618871214,276.4422246772153,-14.83185648807935,8686.969224152257,124.46900034018093,69.7922310005726,-3.8523206856063075,0.015556172720586804,6.2786552804884215,225.39579873190098,250
1521,855.97255842192,1041.4520199247527,276.5706424969195,-14.987109294676626,8662.893803873754,138.22113170642604,62.67416347214735,-3.8493074546457358,0.017322927660334702,6.2786552804884215,225.39579873190098,250
613,2566.74642091322,436.2733680486412,276.65366387638164,-14.73796298047506,8641.499986443363,127.3034570802755,67.88111010209387,-3.846622812322141,0.015994140319259605,6.2786552804884215,225.39579873190098,250
23,1294.4472920681326,32.697286739471465,276.71927707935566,-14.919740787168353,8604.685754299775,134.6253988266617,63.91576797019429,-3.84198751429158,0.016986418758299086,6.2786552804884215,225.39579873190098,250
567,3039.091769989833,406.3368783645938,276.6561080274921,-14.669699606850624,8389.370288760692,272.3071748824577,30.808480505083985,-3.8144733874298096,0.03524029689879833,6.2786552804884215,225.39579873190098,250
1711,765.8079952982147,1163.354043015102,276.5528296851194,-15.000594066866022,8378.805144677899,141.28128916357934,59.30583727174721,-3.8131052050652277,0.018306798284040384,6.2786552804884215,225.39579873190098,250
968,889.773298995653,681.9951262054348,276.6241346314539,-14.980774454655615,8367.113462578534,127.97303831682875,65.3818458374309,-3.8115891240534743,0.016605526902674875,6.2786552804884215,225.39579873190098,250
103,2403.262482230697,92.46259333774636,276.7056141426801,-14.760091275355347,8319.309751315624,132.79302525279527,62.64869510637573,-3.805368214830866,0.017329969892533464,6.2786552804884215,225.39579873190098,250
2223,2000.4815123851995,1500.6592255403732,276.4973541807588,-14.823994701472913,8302.14563563904,129.65147754461103,64.034331060997,-3.803125846999287,0.01695496746840063,6.2786552804884215,225.39579873190098,250
2154,1654.5922292740238,1453.100348508372,276.5058905348794,-14.873664646824178,8276.307395082797,123.80581387736726,66.84910131345436,-3.7997415100045444,0.016241056030195086,6.2786552804884215,225.39579873190098,250
2395,251.43848348779625,1633.4192321018334,276.4848104373608,-15.076570342742171,8268.755928174694,129.27646164377188,63.96180575362349,-3.798750410553271,0.016974192445129557,6.2786552804884215,225.39579873190098,250
1773,959.2748948088076,1203.1438797500937,276.5460836840578,-14.972874453565618,8262.8847410257,124.78001792540981,66.21961495441549,-3.7979792153829743,0.016395444170845427,6.2786552804884215,225.39579873190098,250
2905,2529.5207672261477,1995.7523697850233,276.4213271821161,-14.749700987308918,8255.289215329554,135.91431722562209,60.73892275547036,-3.796980710603269,0.017874864267365002,6.2786552804884215,225.39579873190098,250
2959,2322.0046987047895,2044.1771740221727,276.4149653084083,-14.779809607944106,8245.735377256002,128.11859439351693,64.36017672758088,-3.795723461516495,0.016869127078309197,6.2786552804884215,225.39579873190098,250
549,678.294303227931,392.5036476789671,276.6682238050689,-15.010062221508973,8239.902336343279,129.95164270501465,63.40745037788824,-3.794955138922357,0.017122593536399482,6.2786552804884215,225.39579873190098,250
975,276.4535759314736,686.5954640665539,276.6260333087882,-15.069177477034122,8186.2644997142925,132.94298179122643,61.57725958463905,-3.787864409996592,0.017631508893436315,6.2786552804884215,225.39579873190098,250
819,1349.6017631400705,577.645196165705,276.63775780044364,-14.914063642870303,8119.523036384038,126.99012646913278,63.93822308978985,-3.778976274098204,0.016980453123874396,6.2786552804884215,225.39579873190098,250
1175,300.1263335709503,810.8764687330221,276.6073844316099,-15.066271808450722,8099.378001386256,132.45362823438123,61.148781723473284,-3.776279148683849,0.017755055283190223,6.2786552804884215,225.39579873190098,250
1998,561.108364188527,1345.1675329487985,276.52655055174466,-15.030817165765795,7999.168354943991,132.0195845103727,60.59077056340456,-3.762762071539354,0.017918570599195154,6.2786552804884215,225.39579873190098,250
1480,621.8718404043593,1013.4835028204866,276.57579700441147,-15.020731141066209,7989.852367803076,125.3119094737618,63.75972085459296,-3.761496865140297,0.017027991739110494,6.2786552804884215,225.39579873190098,250
1032,1813.1419077994515,722.9035076722749,276.6141302641337,-14.847834763934797,7927.063175842326,127.57518298327477,62.136404514360535,-3.7529307767649223,0.017472848783020276,6.2786552804884215,225.39579873190098,250
243,2725.800413246924,183.48455058134724,276.690662840821,-14.713951776313362,7901.440484662206,139.45971512876835,56.657512008873034,-3.7494156614547416,0.01916250752115572,6.2786552804884215,225.39579873190098,250
737,2471.2342781099164,515.8455427055832,276.6422092776063,-14.752072874770057,7879.122238600845,125.2400509314215,62.91216092618221,-3.7463445740218475,0.0172573948186886,6.2786552804884215,225.39579873190098,250
2419,707.7595127704279,1650.591929673466,276.48035942492885,-15.010898908188159,7797.00791789162,123.76125031543218,63.000397119609474,-3.734969916441458,0.017233224703945012,6.2786552804884215,225.39579873190098,250
42,1338.8584029962808,42.4549104926039,276.7176316848963,-14.91337876510021,7781.120900492344,126.10247020426765,61.70474605206433,-3.732755386550597,0.017595080921067627,6.2786552804884215,225.39579873190098,250
49,753.6574410244062,47.64000430724943,276.71935900528035,-14.997764186112763,7766.300404172798,135.35569284709575,57.37697647446555,-3.730685441447139,0.01892222397747237,6.2786552804884215,225.39579873190098,250
2011,1362.921618066117,1357.211449871432,276.52141141650264,-14.91532008392716,7725.6143823625025,119.38554620027595,64.71147159977265,-3.7249825455717755,0.016777550767425514,6.2786552804884215,225.39579873190098,250
2369,3020.1109604146773,1611.2981391110832,276.47659969917197,-14.677419878142475,7683.846443435541,127.57018464284808,60.23230635706631,-3.719096671294383,0.01802521048361995,6.2786552804884215,225.39579873190098,250
1065,3090.8882807587597,745.3480634496293,276.60536500008277,-14.663651598014111,7683.228152875381,139.71976380146012,54.99027441667554,-3.719009302622827,0.019743491217617322,6.2786552804884215,225.39579873190098,250
844,2735.462046393413,597.0910421442171,276.6289734461058,-14.71430183057164,7649.157080246732,122.02561647400793,62.68484684833402,-3.7141839271297252,0.017319975314398568,6.2786552804884215,225.39579873190098,250
886,979.9329140143067,625.0417192467464,276.6322512834599,-14.967545826112728,7642.604538257292,135.6975135859725,56.32088854314375,-3.713253448001937,0.019277039622134447,6.2786552804884215,225.39579873190098,250
1867,2888.0901584351714,1263.0232686092784,276.5290660510576,-14.695043452555057,7626.53528100143,123.93047501167693,61.53882069993555,-3.71096818753096,0.017642522031643956,6.2786552804884215,225.39579873190098,250
1268,925.4432363967296,877.5158700910815,276.5948117809189,-14.976432304452103,7526.947897520804,128.06826870250515,58.77293394982522,-3.6966972528291553,0.018472788867863365,6.2786552804884215,225.39579873190098,250
2214,316.0187317604049,1496.892311585635,276.50492273692856,-15.066729290002089,7510.726015703331,128.02405322964887,58.66652262782706,-3.694354777346293,0.01850629543679523,6.2786552804884215,225.39579873190098,250
121,319.45902404037366,106.36109453891896,276.7124476648264,-15.060590003763824,7435.966711057772,172.71562527246516,43.0532367834541,-3.6834935705140586,0.025217616168112317,6.2786552804884215,225.39579873190098,250
334,485.21718256220066,250.363693066166,276.6902532555053,-15.037300138561246,7431.497748227979,126.08243668559867,58.941577777080006,-3.6828408546590525,0.018419934466399453,6.2786552804884215,225.39579873190098,250
2147,2456.993538416071,1444.8452236723467,276.5037691870273,-14.757950967966591,7407.268116162682,126.56263459755601,58.52650065097271,-3.6792951403615293,0.018550570902481522,6.2786552804884215,225.39579873190098,250
311,2835.5302900490374,233.95014315000947,276.682670809157,-14.69833637988173,7380.3212731872045,120.78012465480903,61.10542851549663,-3.6753381471510393,0.017767652177165593,6.2786552804884215,225.39579873190098,250
164,385.36853354735047,128.89867180889075,276.7088037813272,-15.051185263446007,7375.064270072617,125.28837194932922,58.86471470038207,-3.674564501645837,0.018443986444615406,6.2786552804884215,225.39579873190098,250
2668,1276.275733959905,1837.1249119832141,276.45017292395937,-14.929716175464588,7305.728832938505,121.53753743410294,60.11088415296908,-3.664308849438605,0.018061620874468103,6.2786552804884215,225.39579873190098,250
519,160.61612629725636,374.0600046211219,276.67316930573674,-15.084588447654177,7265.231807495278,143.18683924442792,50.73952219235123,-3.658273667406725,0.021397521164747288,6.2786552804884215,225.39579873190098,250
2472,2047.8241048920356,1693.057678545472,276.4684637633911,-14.817940572270532,7206.807432731977,121.77757704864956,59.18008559041122,-3.6495072727777926,0.0183456983741827,6.2786552804884215,225.39579873190098,250
1311,1367.6273186731376,915.0344687226236,276.58735405321994,-14.912851259985123,7151.915703564344,118.16755308859825,60.523515268206204,-3.6412059457773256,0.017938482178187897,6.2786552804884215,225.39579873190098,250
2001,82.58762007695866,1349.2724486886602,276.5279275360394,-15.09977160967723,7140.912872552013,128.8300987747942,55.42891715883046,-3.6395343138423124,0.019587248960482997,6.2786552804884215,225.39579873190098,250
2412,2564.121756232369,1646.0938275257793,276.4733165923176,-14.743315777806455,7104.524814431497,122.30814631359635,58.08709418435299,-3.633987567028711,0.018690898817459813,6.2786552804884215,225.39579873190098,250
1948,2517.2514643677096,1315.4509706755753,276.5228084133287,-14.748736985525358,7055.818891289542,121.8516456802559,57.90499465066169,-3.626518540317587,0.018749677925884993,6.2786552804884215,225.39579873190098,250
1021,1425.9482218393987,716.5057245411969,276.6167219005953,-14.903630309480032,7047.659304249057,122.0447575060604,57.746514051610035,-3.6252622317770475,0.018801134888067405,6.2786552804884215,225.39579873190098,250
1087,1309.2373053771576,758.0549366966557,276.6110170614354,-14.920625474284876,7045.398513677472,123.66111248863109,56.97343628802626,-3.624913886907153,0.01905624920552975,6.2786552804884215,225.39579873190098,250
1846,927.4333357533426,1252.4936283096758,276.5388531271412,-14.977661419981569,7045.344470257143,121.79554507864262,57.84566640518755,-3.6249055584750547,0.018768908156318438,6.2786552804884215,225.39579873190098,250
46,2011.017360545312,43.53242201302632,276.71459167367595,-14.8164577224085,6975.500417830102,127.68090922576427,54.63228966748728,-3.614088400982045,0.019872862854696003,6.2786552804884215,225.39579873190098,250
361,254.24294387073147,271.21986477172743,276.6881213519441,-15.07067251239209,6970.476201418423,121.99860104279622,57.13570599857314,-3.613306100244904,0.019002128021785775,6.2786552804884215,225.39579873190098,250
565,207.6148515895327,407.19151955885616,276.66802543545856,-15.077952567934318,6943.582822137076,123.13216438012287,56.39130000753867,-3.6091090285111505,0.019252969870438497,6.2786552804884215,225.39579873190098,250
2661,3019.8930471818767,1830.8621427105438,276.44387288860975,-14.67833564158743,6934.390551123259,245.98517306599362,28.190278563102176,-3.6076707229841443,0.038513276751406644,6.2786552804884215,225.39579873190098,250
903,224.34253126517547,634.2966501373648,276.6340585884716,-15.076472802019763,6921.40541431091,121.22252441145822,57.09669426465667,-3.6056356991827676,0.019015111364723218,6.2786552804884215,225.39579873190098,250
466,1935.431439881456,345.88125180293866,276.66983301853077,-14.828632792416926,6906.517409495296,127.90395797517537,53.9976832525837,-3.6032977555455563,0.020106418175784443,6.2786552804884215,225.39579873190098,250
536,2128.380668211286,383.07163451554175,276.66346503286024,-14.800963609806864,6862.785393722399,139.39498414646613,49.23265665363886,-3.596401024002291,0.022052435797607,6.2786552804884215,225.39579873190098,250
594,850.6844724992148,426.20893001490833,276.6624638260792,-14.985355012239227,6816.147782857544,128.2171359816108,53.16097361459651,-3.5889974731301666,0.02042287652350102,6.2786552804884215,225.39579873190098,250
1420,839.0675473271048,978.2709056384563,276.5801409383033,-14.989289749448025,6808.386746742501,128.7679162920616,52.87331613955944,-3.5877605224233884,0.020533987259930667,6.2786552804884215,225.39579873190098,250
2603,1630.1076481005725,1791.820365621316,276.45546709147874,-14.8785441835348,6796.609721525019,118.12776171760397,57.5360916240247,-3.5858808092038172,0.01886989486694047,6.2786552804884215,225.39579873190098,250
1157,1786.3862167930786,798.9668540701368,276.60289984043226,-14.852006038888875,6768.815208442116,116.63124992300186,58.036034192472286,-3.581431622903662,0.01870734303449052,6.2786552804884215,225.39579873190098,250
2103,591.1560478393235,1412.142193105271,276.5164299502838,-15.026754522772535,6761.781797182644,129.54000226972823,52.198407277338625,-3.5803028582331904,0.020799485207115602,6.2786552804884215,225.39579873190098,250
2250,835.7957554359696,1518.2539137982853,276.49957782132213,-14.991927235703956,6736.653038739096,125.43161072850488,53.70777748617528,-3.5762604289187094,0.020214949320505136,6.2786552804884215,225.39579873190098,250
2296,1455.578407158057,1553.382699906108,276.49176047001947,-14.902750843419533,6638.879881799483,118.39618931180017,56.07342533901813,-3.5603870057349223,0.01936211304081912,6.2786552804884215,225.39579873190098,250
109,1390.4845053218232,97.30540650394511,276.70922990328086,-14.906166260093205,6557.250481661496,127.13204943587807,51.57826457418036,-3.5469544125226715,0.021049564365209224,6.2786552804884215,225.39579873190098,250
2420,2034.3642731102766,1651.097985882687,276.4747773965265,-14.819713264962392,6551.047206573421,117.61442036034944,55.69935375698142,-3.5459268006978317,0.019492147157343227,6.2786552804884215,225.39579873190098,250
1024,852.3485996810812,717.8465529552137,276.6189432737761,-14.98631514708187,6530.419943583402,117.89580307789063,55.39145392028015,-3.542502752838694,0.019600496523571105,6.2786552804884215,225.39579873190098,250
2109,1191.3780382691355,1416.2755072298999,276.51331510141796,-14.940280185766133,6521.605213713803,122.48886724867478,53.24243223242283,-3.5410362412905956,0.02039163040599873,6.2786552804884215,225.39579873190098,250
1172,1164.8450524162306,810.159847556872,276.6038531319044,-14.941652346648961,6500.388598615304,124.44478770696301,52.235121441342535,-3.5374982780769324,0.020784866006661584,6.2786552804884215,225.39579873190098,250
2205,413.4335095595153,1489.389815905589,276.50563860166665,-15.052665857090352,6466.047963891426,126.58688042272892,51.07992188683745,-3.5317472828194973,0.02125492678718777,6.2786552804884215,225.39579873190098,250
2067,2946.3219053334396,1389.1254423557793,276.51002493776497,-14.687159904713326,6426.075801082479,114.70035271636586,56.02490008878224,-3.525014588625104,0.019378883287243697,6.2786552804884215,225.39579873190098,250
107,1808.8195697491017,96.26645297738045,276.707595120371,-14.845840572907177,6415.459149111717,125.59190795741306,51.081787461076985,-3.5232193381213426,0.021254150529232668,6.2786552804884215,225.39579873190098,250
1030,1075.1040116939039,722.1464134935733,276.6173620772529,-14.954226967653934,6398.715451203316,131.7845294468071,48.55437491838572,-3.520381972479965,0.022360497932986185,6.2786552804884215,225.39579873190098,250
221,799.086431759296,168.52578906741473,276.70112929791327,-14.991721502559113,6374.446749827155,118.84213681185018,53.63793449724926,-3.5162562220951745,0.020241271595864276,6.2786552804884215,225.39579873190098,250
112,2468.4153721714206,99.60227769834673,276.70427023907416,-14.750723693210695,6362.549947687527,128.95569358814058,49.33903863142542,-3.5142279900296582,0.02200488761263555,6.2786552804884215,225.39579873190098,250
2524,2212.2486266950173,1730.5678946662179,276.4621862041083,-14.794386639596727,6319.7652907944575,114.34261674586308,55.270427340671354,-3.5069023517135136,0.019643416058791278,6.2786552804884215,225.39579873190098,250
1978,2951.195173836732,1335.3960151984297,276.51801314292516,-14.686237916621039,6280.31041279278,115.04457752734687,54.590234044711124,-3.5001027529620066,0.01988817265576802,6.2786552804884215,225.39579873190098,250
288,741.2532493279546,212.85551918766683,276.6947614665331,-15.000242349677881,6235.880752121855,121.11858996794646,51.48574429220283,-3.4923944824283737,0.02108739059569975,6.2786552804884215,225.39579873190098,250
545,1646.2051664473988,390.4869460608006,276.6644132384142,-14.870524267675442,6149.816596587785,114.28508741434722,53.8111903812198,-3.4773053887838232,0.0201761007758511,6.2786552804884215,225.39579873190098,250
1266,1680.1231236342662,874.5590543993042,276.5920745945593,-14.867636923433539,6130.951375237084,119.110803245306,51.472672572029666,-3.4739696576650836,0.021092745834805773,6.2786552804884215,225.39579873190098,250
2400,2266.080809691409,1637.4938063740644,276.47584126150235,-14.786253237288397,6110.562905052866,116.51113662622608,52.446170228824364,-3.4703530265522406,0.020701225566386552,6.2786552804884215,225.39579873190098,250
2526,960.5926869120836,1731.1226067530922,276.46729528195294,-14.974787450988595,6102.879771018896,117.97618268023716,51.72976131597808,-3.468987014018623,0.020987918219229313,6.2786552804884215,225.39579873190098,250
30,529.3583793783132,34.81651687292185,276.7222294985268,-15.030040241284752,6102.409016109421,122.76483574525422,49.70811860794043,-3.4689032608755466,0.021841502563457897,6.2786552804884215,225.39579873190098,250
2384,157.26358301100643,1624.2451979420357,276.486569225083,-15.09009985568273,6076.094439248613,124.44645365691706,48.82497058533807,-3.464211266759997,0.0222365725362266,6.2786552804884215,225.39579873190098,250
1350,1641.4692558728507,934.7004046658633,276.5832675834719,-14.873455838523366,6068.204128121943,117.09677525837141,51.82212844659971,-3.4628004322659445,0.02095050960939907,6.2786552804884215,225.39579873190098,250
297,1042.6383125122752,217.9913748552038,276.69271212866244,-14.956820430117588,6041.317635137297,115.97722885809942,52.09054996933041,-3.4579791540369214,0.020842552068258687,6.2786552804884215,225.39579873190098,250
1572,934.838945409279,1073.135742195333,276.56558442350655,-14.975871737828596,6005.7933761787135,118.18174573348968,50.818282797432275,-3.451575944859999,0.021364358263102467,6.2786552804884215,225.39579873190098,250
2414,2173.4903565807913,1646.802126067919,276.47483887205897,-14.799639290200629,5984.45282722183,115.18808466604479,51.95374890182483,-3.447711098266371,0.020897433254558957,6.2786552804884215,225.39579873190098,250
1974,2701.8904533943805,1332.5232637774602,276.5194883420546,-14.722180470093887,5955.279507410349,113.07597244531351,52.66617990210499,-3.4424053524291436,0.020614747491047972,6.2786552804884215,225.39579873190098,250
668,209.83269265782909,473.9884879415268,276.6580464717881,-15.077907483929284,5924.083343061371,124.23355408869703,47.68505084247891,-3.436702877747462,0.022768141814223136,6.2786552804884215,225.39579873190098,250
2351,2903.4785170774544,1597.3797988241552,276.479161918984,-14.69418377935862,5912.392868597322,111.33409407648377,53.10496229964969,-3.4345581895350854,0.020444417112544716,6.2786552804884215,225.39579873190098,250
852,1736.7894994305955,604.4910263084242,276.6321128680662,-14.858353528997933,5908.8058436995925,117.8482863192363,50.13909008140666,-3.4338992778607027,0.021653763525369917,6.2786552804884215,225.39579873190098,250
2244,813.2528251624447,1515.3189167070254,276.5001094183552,-14.995163790389329,5893.84746169149,120.25927969158685,49.00950244177967,-3.4311472075954597,0.022152846813528585,6.2786552804884215,225.39579873190098,250
2565,1610.7375764501246,1764.5092930305566,276.4596213771204,-14.88122773998842,5821.874610754836,120.272718911201,48.405612373768705,-3.4178070971694297,0.022429217331590822,6.2786552804884215,225.39579873190098,250
58,3046.894399278569,58.47094686138037,276.7079140343427,-14.667094811051145,5818.423673619967,488.92805050176736,11.900367891858018,-3.4171633323094737,0.09123247363997992,6.2786552804884215,225.39579873190098,250
137,677.3406903242773,113.85328500484442,276.7098053079086,-15.009041510579861,5815.4823526775,122.45410318113419,47.49111872613394,-3.4166143337705694,0.02286111654393496,6.2786552804884215,225.39579873190098,250
1595,719.1882240146471,1088.9375088526017,276.56412953304573,-15.007012387809052,5808.218875747916,121.14687072450897,47.94361456480335,-3.415257412984949,0.022645351416558414,6.2786552804884215,225.39579873190098,250
263,1677.4855583825392,200.1932006523917,276.69265892168556,-14.865216927995924,5766.999302630269,111.56656480732501,51.69110756963659,-3.407524725555384,0.02100361263370842,6.2786552804884215,225.39579873190098,250
2128,2087.0975375145727,1429.5835969746242,276.5075919228997,-14.811221366676026,5744.182886734168,135.22431636096783,42.47891977801274,-3.4032206252752193,0.025558559531967263,6.2786552804884215,225.39579873190098,250
1366,1319.3017191536492,943.6366266648477,276.5832907190938,-14.919933865003946,5735.53429182843,118.89867977723176,48.23883917445097,-3.4015846800267546,0.022506760497981178,6.2786552804884215,225.39579873190098,250
33,2288.288814086987,35.31607710933373,276.71462668771744,-14.776432198357215,5702.038271852813,122.57200050613143,46.519908692912125,-3.3952252981959448,0.02333839490457598,6.2786552804884215,225.39579873190098,250
678,503.81610823683695,481.772626078074,276.6556418430742,-15.03557592554106,5696.745065633702,124.47219203574787,45.76721091243916,-3.394216940395946,0.023722223363733873,6.2786552804884215,225.39579873190098,250
2681,2450.3915745540876,1843.7527899769482,276.4443191446104,-14.760505012235571,5687.580775425129,115.6528279324982,49.17805190846467,-3.392468922294828,0.0220769216727173,6.2786552804884215,225.39579873190098,250
1790,1196.5306196355225,1209.8003743725887,276.54409844956007,-14.93870844602853,5673.530342997357,117.67007370254345,48.21557567253163,-3.3897834330327887,0.02251761977029598,6.2786552804884215,225.39579873190098,250
2217,2772.135533815355,1497.9818993487154,276.4945283893492,-14.712722580538953,5647.342458673738,108.97721797878354,51.82131241204196,-3.3847602894376982,0.020950839518833007,6.2786552804884215,225.39579873190098,250
1261,591.076144752468,871.452485323427,276.5971218098735,-15.024593749893906,5640.064320126839,122.13724117429575,46.17808840203124,-3.383360120244964,0.023511150798356636,6.2786552804884215,225.39579873190098,250
1265,1360.78324103255,874.5447337140946,276.593422763497,-14.913672381865634,5632.053418112191,115.53800182345277,48.74632873362498,-3.381816891542714,0.02227244652480033,6.2786552804884215,225.39579873190098,250
249,205.28083389349536,189.22330610555468,276.7005668157663,-15.077388470766083,5619.605578437142,303.07325185026895,18.542070420696398,-3.3794145656769574,0.058553331713601796,6.2786552804884215,225.39579873190098,250
1121,86.57326159234076,780.2761688624744,276.6128487872205,-15.096916239071309,5618.52991856281,121.79692087792225,46.13031165372641,-3.3792067228593576,0.02353550108548415,6.2786552804884215,225.39579873190098,250
83,1668.1083774790943,74.88185705098037,276.7113864554436,-14.866041189060448,5609.288860332643,112.87057999107523,49.69664248005259,-3.3774194917053957,0.021846546281990422,6.2786552804884215,225.39579873190098,250
2041,1171.152967988681,1372.657284043593,276.5199071059803,-14.943020361525406,5571.759354110807,119.32668395478079,46.69332264543815,-3.370130855453368,0.023251718628896308,6.2786552804884215,225.39579873190098,250
619,1478.1119168897562,441.671094834756,276.6574942104163,-14.894973030975384,5556.317283219556,112.72445090613846,49.29114525335855,-3.3671175717115025,0.022026268499533874,6.2786552804884215,225.39579873190098,250
805,2564.903297856421,570.4688809429477,276.63366774045454,-14.738791437916731,5545.5222601463465,114.93496629375443,48.249218135871075,-3.365006110627978,0.022501919035094832,6.2786552804884215,225.39579873190098,250
192,2781.847028887983,149.80315670485155,276.69544230324885,-14.705723327436823,5502.143324503282,112.22635437154756,49.027194684479795,-3.3564797260014068,0.022144852606541095,6.2786552804884215,225.39579873190098,250
2052,1923.0636126200754,1382.6570767683775,276.5152759054347,-14.834680253283436,5496.534431066655,113.02713974853077,48.63021786887343,-3.3553723603096364,0.022325624839425615,6.2786552804884215,225.39579873190098,250
504,1569.7095700583486,367.46438362605295,276.66817236133153,-14.881457563821122,5488.863176689454,112.35232893550773,48.85402224140953,-3.3538559909865624,0.0222233492799236,6.2786552804884215,225.39579873190098,250
1567,1174.0506914962107,1067.5697608952548,276.565412105612,-14.941373546385188,5485.426569758085,115.58009126554278,47.45996053209056,-3.3531759927770954,0.022876125218559598,6.2786552804884215,225.39579873190098,250
131,411.5661673856716,111.54445758142093,276.71128201087845,-15.047337409336405,5473.778813202269,117.69596347789444,46.507787110560926,-3.3508680889981717,0.023344477719806644,6.2786552804884215,225.39579873190098,250
544,1214.7389984783374,390.42343364362097,276.6662573573286,-14.932729328584328,5447.830742302322,124.26410377768246,43.840743840625834,-3.3457089935580457,0.024764634558821427,6.2786552804884215,225.39579873190098,250
1726,2098.7093853379606,1170.7538216365363,276.5461405333389,-14.808497998628185,5416.560380129493,111.17891467486749,48.71931333355543,-3.339458950142071,0.02228479684364156,6.2786552804884215,225.39579873190098,250
672,394.08228048766404,478.1027672319587,276.6566535927504,-15.051374306123519,5407.325645634119,109.77503793619915,49.25824438135778,-3.337606290571947,0.02204098042135852,6.2786552804884215,225.39579873190098,250
587,656.8091826748416,422.6220610269673,276.6638207581416,-15.013283207425783,5348.7186820493225,118.69535439029895,45.06257813984401,-3.3257743698388564,0.024093162105166637,6.2786552804884215,225.39579873190098,250
1047,1587.2171227306658,739.3829564255442,276.61262803073834,-14.880475428622006,5317.36075510009,112.42663411963254,47.29627278036196,-3.31939029312379,0.022955297239633587,6.2786552804884215,225.39579873190098,250
486,2871.81139312408,358.4362579197368,276.663962263902,-14.693629622340517,5296.228584266442,114.37700552279733,46.30501174653337,-3.3150667805882303,0.023446706070240467,6.2786552804884215,225.39579873190098,250
2584,2783.2954301691657,1779.4194560308547,276.4525264304995,-14.712247559810708,5282.332466047548,111.51149621651655,47.3702949495996,-3.312214308070973,0.022919426639735903,6.2786552804884215,225.39579873190098,250
1600,32.817146968774445,1094.859009821978,276.5661142350601,-15.105927617308755,5281.099916784311,129.25907489471456,40.856705195251685,-3.31196093903015,0.026573361577041186,6.2786552804884215,225.39579873190098,250
946,2002.3702667003715,666.8371737478357,276.62168954715776,-14.820318134847975,5271.443549313408,107.47512432282346,49.04803397556026,-3.3099738786158213,0.02213544380883818,6.2786552804884215,225.39579873190098,250
1832,1186.063253001488,1240.506218936324,276.539561147517,-14.940340759336427,5257.813522435696,117.42863418458114,44.77454378095856,-3.3071629258927238,0.02424815326564466,6.2786552804884215,225.39579873190098,250
186,1761.067117375601,143.83512381194925,276.70070609155573,-14.85292739814379,5253.211820351775,109.97909942421323,47.76554679802385,-3.3062122603368356,0.022729772247575684,6.2786552804884215,225.39579873190098,250
2932,2753.007998211199,2020.3872832878717,276.41672836113645,-14.717576374332825,5248.18817136396,109.95711619623815,47.72940899975613,-3.3051734735071863,0.02274698184520884,6.2786552804884215,225.39579873190098,250
1371,1810.1915209179656,948.7499188828856,276.58046136387196,-14.849188961009112,5230.690892674218,118.18353048422587,44.25905091210967,-3.3015476187763837,0.02453057572689483,6.2786552804884215,225.39579873190098,250
2455,37.478111424166286,1679.5532417277918,276.47880707618754,-15.107570390145277,5198.422841074163,440.2841216880175,11.806973236154386,-3.294828983891329,0.09195413407692454,6.2786552804884215,225.39579873190098,250
2268,464.98091173286656,1533.556586786729,276.49883257366605,-15.045414322959866,5193.566817284416,115.20965363714541,45.079267694369044,-3.2938142867261515,0.024084242170056756,6.2786552804884215,225.39579873190098,250
81,1143.3033891580692,73.17205123143572,276.71388600748645,-14.941701843428119,5188.001263959843,118.87863049725514,43.64115940988764,-3.2926501613694406,0.02487789084159887,6.2786552804884215,225.39579873190098,250
1176,1569.681354711314,814.0581062182671,276.60156421837627,-14.883310573542596,5162.270630514642,112.69360362798156,45.80801806246315,-3.2872518997317552,0.02370109089896785,6.2786552804884215,225.39579873190098,250
2364,1794.1941078678083,1608.737364737872,276.4820946388142,-14.854164974620165,5160.909625377404,110.49213482254554,46.70838909634624,-3.286965613427672,0.023244218458498046,6.2786552804884215,225.39579873190098,250
331,1568.3812664433062,248.30324321316033,276.68594977590755,-14.881150647867505,5159.967265267987,111.74071602986825,46.17804009676052,-3.286767344520408,0.02351117539256856,6.2786552804884215,225.39579873190098,250
553,270.61224241806224,397.53410180562304,276.66920019063934,-15.06883505662413,5157.113106555655,111.92201008543782,46.07773844142786,-3.2861666196223793,0.023562354332561212,6.2786552804884215,225.39579873190098,250
1259,1035.2258007736243,867.0460219412039,276.5959120909348,-14.960567209057542,5150.31261922745,109.61190835951598,46.986798207499,-3.2847339561096867,0.023106490363642707,6.2786552804884215,225.39579873190098,250
2034,2473.3442053245362,1368.1780226221513,276.5151314063494,-14.755282598544428,5145.458020570775,111.08305442015651,46.32081866518345,-3.2837100766748906,0.023438704912528995,6.2786552804884215,225.39579873190098,250
2535,663.3248270983764,1739.496585678299,276.4672748224554,-15.017650820166244,5119.171738966412,116.48783383014374,43.94597762398871,-3.278149227295307,0.02470533274488701,6.2786552804884215,225.39579873190098,250
153,262.4591592003097,121.9069118953938,276.71037022365425,-15.068869070785079,5117.893937109926,281.49808965032446,18.180918895283973,-3.277878181706816,0.059716453621143674,6.2786552804884215,225.39579873190098,250
438,2757.5349911193393,321.561022109678,276.66994715187155,-14.709958912966341,5030.64769562603,115.57379107267425,43.52758223932185,-3.259209738438593,0.024942805093805618,6.2786552804884215,225.39579873190098,250
2596,3068.709941015735,1787.416094259219,276.4501455204229,-14.671121216829134,4992.1139228160755,233.43439103951863,21.38551179449368,-3.250861197392566,0.05076801576848607,6.2786552804884215,225.39579873190098,250
908,2347.1484795405077,638.0771530929053,276.6245147014143,-14.770479326938474,4975.687047563406,109.66213291664057,45.37288228148602,-3.2472826208555636,0.023928389500682212,6.2786552804884215,225.39579873190098,250
2185,194.54191270123394,1474.720650794319,276.5087359909771,-15.084141054444927,4922.055755600741,112.73571743783037,43.6601271315373,-3.2355163007070957,0.0248670828815741,6.2786552804884215,225.39579873190098,250
338,181.6883353479033,253.99255439075307,276.69100030631523,-15.081056472406594,4890.736767464477,271.78539182530733,17.99484782687675,-3.2285856997188,0.06033393616023915,6.2786552804884215,225.39579873190098,250
474,992.0709535995508,350.9204780926073,276.6730963617348,-14.964663378172895,4876.762437635363,113.8718706380737,42.826752650226425,-3.225478978977648,0.02535097649983182,6.2786552804884215,225.39579873190098,250
1536,1424.5542373752112,1053.490497671481,276.56646116688256,-14.905209469062754,4869.368890600148,108.93350869963636,44.700376851226885,-3.2238316703241363,0.024288385836510034,6.2786552804884215,225.39579873190098,250
978,2970.491282031603,687.7768009426148,276.6144570057309,-14.680778848309332,4858.978408566036,108.17282159322367,44.9186619799739,-3.221512401393422,0.02417035486239635,6.2786552804884215,225.39579873190098,250
2080,973.830958804213,1398.055724649818,276.5169397933442,-14.971558119715642,4818.346427488388,109.54648555695351,43.984491177339656,-3.21239503209688,0.024683700343891696,6.2786552804884215,225.39579873190098,250
1339,498.21857263447964,930.4509686482387,276.58870683456354,-15.038213330380758,4792.1233094199415,125.42141199309455,38.20817540854815,-3.2064699399573304,0.028415384623603386,6.2786552804884215,225.39579873190098,250
1525,493.7247701323891,1046.7716852889967,276.57136569950546,-15.03933045007097,4783.631792986969,118.4677042428375,40.3792056540691,-3.20454433740325,0.026887601734943783,6.2786552804884215,225.39579873190098,250
1377,53.70252782478988,953.4699972577076,276.5871333746408,-15.10235136741254,4763.986854155475,123.23674513072058,38.65719472793755,-3.2000763643477983,0.028085328168299933,6.2786552804884215,225.39579873190098,250
1891,766.1958026210899,1282.629387478851,276.53502907334985,-15.001016747620604,4743.837934611816,116.12159530362756,40.852331749386686,-3.195474587459757,0.026576206387932795,6.2786552804884215,225.39579873190098,250
2466,595.7705347572161,1688.4137659934988,276.4751780785882,-15.027182485585682,4726.566121700496,118.32641740579379,39.945146868522215,-3.191514322770019,0.027179772390712103,6.2786552804884215,225.39579873190098,250
408,1082.0623754385272,300.6673407383926,276.6802107437019,-14.951482067272655,4724.15920136038,109.54524741850157,43.12518628318417,-3.1909612899556263,0.025175543425382207,6.2786552804884215,225.39579873190098,250
1458,680.8479369072716,1003.1540323630055,276.5770913435116,-15.012190988756533,4687.505080433097,110.74692142782237,42.3262788707685,-3.1825043569075384,0.02565073115250416,6.2786552804884215,225.39579873190098,250
305,942.7605083790578,231.0012573012007,276.69119656518745,-14.971272258022752,4665.399285915308,115.84094351243367,40.27418237848306,-3.177372024704661,0.026957716727727975,6.2786552804884215,225.39579873190098,250
1247,2473.0676893892946,858.7066290205839,276.59108849577314,-14.753235146471454,4663.02597126094,107.65582128961628,43.31420182766004,-3.176819564105988,0.025065681790000856,6.2786552804884215,225.39579873190098,250
1123,504.767676130296,780.3231913186812,276.61108419701395,-15.036660459594371,4659.564217711071,110.32617255027375,42.234440930938554,-3.176013232119361,0.025706508149955832,6.2786552804884215,225.39579873190098,250
825,1262.0750404448022,580.1027860268799,276.63776189239957,-14.926691380543147,4655.924558758168,108.00878611205316,43.10690570976238,-3.1751648150810183,0.02518621975119227,6.2786552804884215,225.39579873190098,250
2236,30.38476900242689,1506.7768634326676,276.504630641752,-15.107913709407024,4649.1250822307775,202.6720644796172,22.939150958805875,-3.1735780553241093,0.0473295634153897,6.2786552804884215,225.39579873190098,250
1760,1467.4807421999099,1195.2011516431553,276.54514219870214,-14.899596428690085,4632.483634894743,119.11775123395805,38.88995205925375,-3.1696847127400596,0.027917236779973376,6.2786552804884215,225.39579873190098,250
2469,2169.2186616232325,1689.1486121657788,276.46854177081065,-14.800424566697782,4628.16132979696,108.64587939219219,42.59859053733759,-3.1686712015880087,0.02548675874729672,6.2786552804884215,225.39579873190098,250
1698,2456.0069006406393,1155.5329930649898,276.5469078404601,-14.756916239422036,4616.620769549583,113.8662926634818,40.544226579796124,-3.1659604809982174,0.02677816526758024,6.2786552804884215,225.39579873190098,250
2279,867.5015631465676,1539.8232896395239,276.4962274606803,-14.987444326088413,4614.791772100405,114.5301885423053,40.29323474304583,-3.1655302524138036,0.026944969966388215,6.2786552804884215,225.39579873190098,250
2602,2569.4446059497723,1789.654435429925,276.45189043637043,-14.743123944734768,4605.922882454237,106.68491866171242,43.17313956117054,-3.1634416339248705,0.025147580440882902,6.2786552804884215,225.39579873190098,250
2724,936.8121038476055,1871.603482169257,276.44643038448396,-14.978766221862884,4585.567084995535,109.64940002939903,41.82026608231381,-3.1586326067729487,0.0259610973747284,6.2786552804884215,225.39579873190098,250
2165,556.1585523796126,1459.5433369817347,276.50950092678306,-15.031985153764714,4576.658813394766,112.17415107682366,40.79958501544971,-3.1565213215560584,0.02661056477875632,6.2786552804884215,225.39579873190098,250
1796,1597.7410631600112,1214.1315444500876,276.5417727964038,-14.880896515404304,4574.376339632639,117.99974638178459,38.76598450332583,-3.155979707539742,0.028006511737290078,6.2786552804884215,225.39579873190098,250
597,2029.4604473384989,425.35562238204324,276.65758193699014,-14.815406063284971,4561.187221123808,110.02460157385468,41.45606669670222,-3.1528447255919585,0.026189170524621098,6.2786552804884215,225.39579873190098,250
1122,2324.854085399957,779.4472267467945,276.603532507861,-14.77428153519562,4553.796826323276,109.91386962331195,41.43059326297659,-3.151084103539538,0.026205272830843302,6.2786552804884215,225.39579873190098,250
1750,1043.919415820985,1185.3167821187826,276.5483896887424,-14.960604241615405,4516.396504685123,113.6908353571652,39.72524689872009,-3.1421301348787543,0.02733022661301522,6.2786552804884215,225.39579873190098,250
2112,2393.191431886373,1417.7481758454473,276.5080763570314,-14.76704096171911,4504.8737050658965,106.52662368786594,42.28871195867095,-3.1393565282270224,0.025673517818680838,6.2786552804884215,225.39579873190098,250
1702,353.85680656594263,1159.8048888304286,276.55507994845476,-15.059936838136773,4490.00381695354,108.41492571622555,41.41499694152868,-3.135766753813267,0.02621514137820254,6.2786552804884215,225.39579873190098,250
710,785.3469619269346,500.8638000583571,276.65160181065994,-14.995080503985037,4484.548588570353,108.09486093281774,41.487158130094215,-3.134446812846252,0.026169543756058053,6.2786552804884215,225.39579873190098,250
618,308.6045212245073,441.9239136595327,276.662414467963,-15.063543070534102,4481.657254334335,113.30975635759648,39.55226273888177,-3.133746577668984,0.027449756975160486,6.2786552804884215,225.39579873190098,250
1401,1788.5643004349868,968.4284224944281,276.57761766835307,-14.852387555550928,4467.393974771054,112.7949658995563,39.6063240867439,-3.130285613654553,0.027412288947142663,6.2786552804884215,225.39579873190098,250
2571,1913.5547625266925,1766.202248301109,276.4581127523466,-14.83758719748166,4438.714646700115,113.90885032143972,38.96724999132634,-3.1232930439994915,0.02786185836161557,6.2786552804884215,225.39579873190098,250
961,2917.7807855641468,678.0170547886788,276.6161357901093,-14.688341587648356,4430.764072336795,114.668840802261,38.63965172524384,-3.121346542063943,0.02809807934398893,6.2786552804884215,225.39579873190098,250
440,164.72270036817784,325.2466582694391,276.6804374781761,-15.083795531341423,4428.226530885775,194.72364383890084,22.74108291928506,-3.1207245523084075,0.047741789775512265,6.2786552804884215,225.39579873190098,250
616,1833.853054362065,439.6454319813461,276.65628378629594,-14.843672502210847,4428.178766294819,110.38846730515158,40.11450538627205,-3.120712841068019,0.027065022727951853,6.2786552804884215,225.39579873190098,250
2402,2236.6284489614923,1639.0777146296573,276.47572777484055,-14.790505790075454,4409.002535130363,118.28947245148044,37.272991786643,-3.116000849672859,0.029128329869915818,6.2786552804884215,225.39579873190098,250
159,694.1621012298785,127.33422271874929,276.7077221826162,-15.006673238552168,4396.496147613812,115.8445026203937,37.951702913521224,-3.1129167206900235,0.028607411964462676,6.2786552804884215,225.39579873190098,250
319,754.3438485345462,238.423798672515,276.6908908901712,-14.998461966310428,4384.670421402523,112.2977203853871,39.045052796753694,-3.1099923650804584,0.0278063396572041,6.2786552804884215,225.39579873190098,250
327,1160.3671238959892,245.6433232816527,276.68808566629286,-14.939964361099353,4382.010886605814,113.13063619519829,38.734078000277385,-3.1093336087726304,0.028029581599753713,6.2786552804884215,225.39579873190098,250
1241,335.3477497084657,857.1007895965549,276.60033743296,-15.061384297534605,4372.04287229717,111.6102916033016,39.17239897407309,-3.106861008306611,0.027715943583608165,6.2786552804884215,225.39579873190098,250
795,1114.882956925417,563.9327928243018,276.64079726466366,-14.947842369188244,4313.089217486064,110.6444609968218,38.98151953227875,-3.092121082681505,0.02785165927410765,6.2786552804884215,225.39579873190098,250
2540,594.4169331970504,1742.2262191756854,276.46715213209495,-15.027589000750552,4309.033424229274,112.29898333578446,38.37108134224921,-3.0910996353916245,0.028294745991548832,6.2786552804884215,225.39579873190098,250
1853,114.82580025941162,1257.6850338970626,276.5414657592869,-15.094763713120633,4301.484915464549,119.53256915870196,35.985881887584284,-3.0891959889364333,0.030170165160648302,6.2786552804884215,225.39579873190098,250
2483,2071.3528482796287,1700.6757095073583,276.4672298185917,-14.81457912926355,4295.032859769024,108.62791321972402,39.53894291498879,-3.087566205351431,0.02745900421097052,6.2786552804884215,225.39579873190098,250
2796,260.9648487194711,1919.2834744830436,276.4420976598377,-15.076315109160584,4290.561584757466,119.52954907153581,35.89540509510046,-3.0864353283616697,0.030246211099263863,6.2786552804884215,225.39579873190098,250
2591,2043.9537920151508,1787.0584703575462,276.4544609744489,-14.818873130543734,4286.383451564339,114.0432973472189,37.585579786542965,-3.0853775272878146,0.02888607828230765,6.2786552804884215,225.39579873190098,250
2234,3025.4820695271787,1504.640088695565,276.4924750303096,-14.676213044587563,4286.100245155132,105.072195016724,40.791954945577444,-3.0853057890465103,0.026615542242299638,6.2786552804884215,225.39579873190098,250
1227,1735.7181540030872,845.630218078259,276.59615455269477,-14.859503020395831,4282.20651346902,108.52554902194954,39.45804975935145,-3.0843189976364145,0.027515298060130106,6.2786552804884215,225.39579873190098,250
525,1061.5438172072086,376.8183908731631,276.66893767828316,-14.954756548767852,4280.3656490489375,111.99456765106328,38.21940419811335,-3.0838521535288743,0.028407036236676713,6.2786552804884215,225.39579873190098,250
583,3018.9869130338,420.2203962819631,276.6541249769733,-14.672658711224443,4279.314983731572,149.303619879855,28.66183008272102,-3.08358561429013,0.03787964679389128,6.2786552804884215,225.39579873190098,250
1643,378.0077438357029,1128.4349790506888,276.5596612723183,-15.056331528428572,4254.265270957621,123.81759920148401,34.35913229132157,-3.077211394470611,0.031598586099167186,6.2786552804884215,225.39579873190098,250
884,1801.501343241061,622.3356867333365,276.62917729008774,-14.849097086013161,4252.199040487263,109.90464466872797,38.68989389214753,-3.0766839411854323,0.028061591562554087,6.2786552804884215,225.39579873190098,250
2599,1916.9018670318976,1789.936130987831,276.4545590293439,-14.837199052761044,4239.555916860423,126.2785449222901,33.57305011290225,-3.0734508975389847,0.03233843801349349,6.2786552804884215,225.39579873190098,250
1299,714.3602423667171,901.806553318092,276.5920743507893,-15.006951188700462,4239.223695974506,118.17067791468364,35.873735945181956,-3.0733658135385804,0.03026448100245371,6.2786552804884215,225.39579873190098,250
1485,2549.3222619003077,1015.8313742666353,276.56734198253025,-14.742886211661252,4220.402374462152,107.73734399026004,39.17306867007689,-3.068534625083092,0.0277154697566324,6.2786552804884215,225.39579873190098,250
460,689.1325543287785,341.69066313749147,276.67575975953565,-15.008289814496381,4210.256749108303,113.81566762099692,36.99189081004509,-3.0659214300949555,0.02934967573231428,6.2786552804884215,225.39579873190098,250
1096,1137.5686723972092,765.2052786909426,276.61067469198287,-14.945399909681312,4201.976407963259,119.2018266408517,35.2509397412472,-3.0637840026355443,0.030799178914643805,6.2786552804884215,225.39579873190098,250
167,1285.044345445364,131.20920917460003,276.70462351565055,-14.921510819046002,4185.9732030548475,127.98310844067306,32.70723186876858,-3.059641087894981,0.033194493632361204,6.2786552804884215,225.39579873190098,250
1941,2436.8192677002044,1311.6655210170452,276.52371025151825,-14.760319782742705,4172.618993846394,104.8046506278074,39.81329997143552,-3.0561718049299835,0.027269781725678285,6.2786552804884215,225.39579873190098,250
2379,1164.9904638254482,1619.6285939248648,276.4830845772721,-14.944893097739461,4155.935020787554,111.89363986385021,37.14183420831074,-3.0518218498746603,0.029231189658292838,6.2786552804884215,225.39579873190098,250
812,291.17487057618854,574.9734737150463,276.64263092423676,-15.066600480882514,4151.963838479947,110.56137434394607,37.553475281191574,-3.050783884244966,0.028910773020886463,6.2786552804884215,225.39579873190098,250
1727,2686.321328119162,1170.1816873002547,276.54375458994997,-14.72376256477977,4150.256996426542,103.71027720279538,40.01779870196584,-3.050337454241201,0.02713042784001675,6.2786552804884215,225.39579873190098,250
2071,1788.545381613029,1390.9656866845692,276.5145989803623,-14.854105663146369,4138.9715883991885,109.16537976729488,37.91469051105883,-3.0473810914081767,0.02863533858158032,6.2786552804884215,225.39579873190098,250
694,2697.955921368704,488.84897703184123,276.6452672663467,-14.719258029964818,4123.562718803296,106.56443983393604,38.69548533478167,-3.043331489586839,0.0280575367024564,6.2786552804884215,225.39579873190098,250
2065,857.4267517439603,1388.9291950709833,276.5187863385324,-14.988295579670888,4117.72310518552,110.94697636664182,37.11433371178907,-3.041792826537613,0.029252849005211596,6.2786552804884215,225.39579873190098,250
1736,1502.0947985650512,1174.3721625591181,276.5481041918745,-14.894522734683678,4086.9614897934225,108.82884390257865,37.55402835531347,-3.033651342082001,0.028910347239656006,6.2786552804884215,225.39579873190098,250
1961,1553.4132007377884,1322.7808362195317,276.5257518724802,-14.887724901339622,4071.9873732006236,107.56068769883011,37.857580314121705,-3.029666034894489,0.028678536530635325,6.2786552804884215,225.39579873190098,250
2332,827.0674063360979,1581.5838954835237,276.490163427647,-14.993436006486373,4071.731072192386,108.87180787140316,37.3993153213899,-3.0295976938078173,0.02902994321340029,6.2786552804884215,225.39579873190098,250
706,1589.5733379959722,493.9337356657955,276.6492259351294,-14.879120323445205,4055.088459969382,112.75040199468506,35.96517962002951,-3.0251508098034634,0.030187531703452376,6.2786552804884215,225.39579873190098,250
2806,1878.9747781820968,1922.3033383188626,276.43497360657835,-14.843190356577432,4038.5693745896715,109.01086364093959,37.04740279732052,-3.0207188473120783,0.029305698052294344,6.2786552804884215,225.39579873190098,250
1181,614.6659026024688,817.5147180209345,276.60507182241435,-15.020975230145849,4037.8170665286016,112.3745573222493,35.931772838487035,-3.020516576628933,0.030215597902174516,6.2786552804884215,225.39579873190098,250
2404,2672.654231120139,1639.7357188548838,276.47381175060247,-14.727640521527483,4028.3745005595265,105.04291200320601,38.34979841797014,-3.0179745739164248,0.02831044867999247,6.2786552804884215,225.39579873190098,250
490,1340.056193393177,360.89450512529595,276.67012934940163,-14.914540328526947,4025.109872535584,108.23810022032028,37.18755100415115,-3.0170943275856184,0.029195254075182475,6.2786552804884215,225.39579873190098,250
2502,1485.254108133088,1716.6623160431222,276.4672792892092,-14.899123366013402,3981.8836117048195,105.76749293997214,37.64751816481761,-3.00537138253264,0.028838554383502742,6.2786552804884215,225.39579873190098,250
681,885.4026502372545,483.63205035423766,276.6537491686064,-14.98058825075407,3978.462500663678,108.75309173459468,36.58252319274632,-3.0044381506620352,0.029678105970975657,6.2786552804884215,225.39579873190098,250
1505,764.4706093186464,1031.5841809806655,276.5724984144815,-15.000255582030334,3964.859886472317,110.82192235657573,35.77685535642631,-3.0007195894797545,0.03034643456457345,6.2786552804884215,225.39579873190098,250
2221,2504.0475066827244,1499.4330081630665,276.49543358207086,-14.751386868913238,3956.7827500903077,109.82661221405998,36.02754077835209,-2.998505492519778,0.03013527919319894,6.2786552804884215,225.39579873190098,250
509,2149.615456469767,368.1644671332339,276.6655970844203,-14.797838690541608,3934.459323594594,112.92047227024725,34.84274591217116,-2.992362627609902,0.031160001072726783,6.2786552804884215,225.39579873190098,250
262,2298.8775067051242,197.4611033009917,276.69040900638765,-14.775592445032311,3925.249174432043,113.43647863935185,34.60305909981191,-2.989818055638405,0.03137583867565922,6.2786552804884215,225.39579873190098,250
1085,2534.2938368367863,756.2267917830862,276.6061066383567,-14.743980396404451,3918.1218179272837,102.18612886025788,38.34299098741097,-2.9878448145054817,0.02831547492881983,6.2786552804884215,225.39579873190098,250
756,1647.8564986597694,530.2904722508945,276.6435561953535,-14.870868157450303,3900.290337595463,108.4038955793784,35.97924518071851,-2.9828923210927805,0.03017573032860159,6.2786552804884215,225.39579873190098,250
1011,83.56243127729162,709.6655660487498,276.6234014299288,-15.097063481919482,3892.9226859773626,113.47227053954437,34.307259980496326,-2.980839424947172,0.0316463629161064,6.2786552804884215,225.39579873190098,250
826,1404.7468736339388,580.2262582359315,276.6371391939307,-14.906124522502843,3889.5728327812103,106.78404308806624,36.424663463748296,-2.979904748631191,0.02980672700189927,6.2786552804884215,225.39579873190098,250
364,1681.925357470908,272.8738799658532,276.6818011043053,-14.864881851791424,3877.1775952257594,113.25638337036176,34.233634165651665,-2.9764392144335483,0.03171442432160293,6.2786552804884215,225.39579873190098,250
395,661.025396843266,291.6025757457126,276.6833528357582,-15.01213315478324,3864.4442435468954,116.68198694173886,33.11945866568482,-2.972867592445092,0.03278133290037429,6.2786552804884215,225.39579873190098,250
742,193.91602942817318,518.5401058444916,276.65146419600825,-15.080383625355955,3858.7593424981023,112.3184442486746,34.355526986776596,-2.9712692132401095,0.03160190208748318,6.2786552804884215,225.39579873190098,250
154,1398.0396140118528,122.30672141760574,276.70546867979016,-14.90518211512278,3856.678073472576,113.3892967304892,34.01271711420321,-2.9706834501612756,0.03192041366041373,6.2786552804884215,225.39579873190098,250
1827,2153.6087838682324,1238.6804682529516,276.5357809891213,-14.800858925229747,3840.7056347803446,106.4990329964406,36.063291155974234,-2.96617753477129,0.030105405391436198,6.2786552804884215,225.39579873190098,250
1977,664.7226196315795,1336.086885471696,276.52747438207604,-15.015851828392877,3831.676899447906,107.27542114659465,35.71812497675325,-2.9636221800780307,0.030396332414050736,6.2786552804884215,225.39579873190098,250
1933,1663.08977852976,1306.6175310267834,276.52770420301226,-14.871850271091933,3825.780086090541,105.78073322704802,36.167078534792125,-2.9619499839344665,0.03001901298042569,6.2786552804884215,225.39579873190098,250
1196,414.9188547809796,827.7015485125747,276.6043910963174,-15.049799805230252,3822.0918355869217,110.96231003861031,34.444955537217915,-2.960902773035683,0.03151985488345011,6.2786552804884215,225.39579873190098,250
445,2460.350365147266,329.9281281049839,276.6699707937757,-14.752861718099021,3819.596219236919,103.42355085754565,36.93159041211015,-2.9601936152942847,0.029397596688497632,6.2786552804884215,225.39579873190098,250
1111,1544.4489353971046,770.8898323204882,276.60810943822446,-14.886770794896126,3814.5964120306307,108.04253119784302,35.30643321420802,-2.958771468188754,0.030750769793508697,6.2786552804884215,225.39579873190098,250
2954,1296.8860509040558,2039.2666096354628,276.41992827098557,-14.927539525692156,3809.009316821466,108.65302031373274,35.05663538687698,-2.9571800656819085,0.030969885957921068,6.2786552804884215,225.39579873190098,250
2159,2845.554664682525,1454.7805067771196,276.5006609101269,-14.701959483011432,3806.432124664483,111.2230042140792,34.223424835189306,-2.9564452032422786,0.031723885181814376,6.2786552804884215,225.39579873190098,250
274,830.6190667349051,206.71877485181543,276.6952967203768,-14.987335654848673,3774.7730302110867,105.60437670203511,35.74447525846097,-2.9473770869810774,0.030373924701636433,6.2786552804884215,225.39579873190098,250
426,1462.6418864027744,312.06880535645786,276.67689020762396,-14.896663166119408,3772.1592269477987,107.75485003900543,35.006862573539294,-2.946625019557696,0.031013918991433704,6.2786552804884215,225.39579873190098,250
2313,1402.2924944050721,1565.8121884453367,276.4901278474358,-14.910480261944457,3767.42520091639,105.094410628974,35.84800731427033,-2.9452615746142237,0.030286202256151792,6.2786552804884215,225.39579873190098,250
184,557.02816010305,145.15075559317654,276.7056478595906,-15.02651297375532,3752.3802599727933,110.61875578878256,33.92173626629516,-2.940917084863486,0.03200602679877439,6.2786552804884215,225.39579873190098,250
2508,2325.961175913003,1722.8643486871454,276.46286196911444,-14.777961984846526,3745.4568328961614,100.421237550813,37.297457432756346,-2.938911968592899,0.029109222846018676,6.2786552804884215,225.39579873190098,250
463,1525.7866878071595,343.855616287902,276.6718804229213,-14.88769182499126,3745.372622515919,106.90339500219083,35.03511392167819,-2.938887557341997,0.030988910223814534,6.2786552804884215,225.39579873190098,250
345,1699.0242604944704,260.2982249485536,276.68360356309347,-14.862363574715202,3737.2423304746044,114.23663330456533,32.7149200949469,-2.9365281265938292,0.03318669270317722,6.2786552804884215,225.39579873190098,250
2636,2960.866966156975,1814.7814132866347,276.44651566563164,-14.68678317294019,3736.362081338695,113.5382820957297,32.90839012508913,-2.9362723682454286,0.03299158651860852,6.2786552804884215,225.39579873190098,250
2211,2687.2227243921498,1492.7862270221704,276.4956583141575,-14.724946474823435,3731.1595616127597,107.64328623167147,34.66225987919491,-2.9347595330086844,0.031322250879887444,6.2786552804884215,225.39579873190098,250
1836,482.6749394124509,1240.9378468332636,276.5424332520913,-15.041701777860563,3706.1018605863937,109.24440187632963,33.924867516615585,-2.9274433571712373,0.032003072656606554,6.2786552804884215,225.39579873190098,250
761,78.57376782277665,538.6949915262041,276.6489426495133,-15.097085311146246,3701.2734735010454,173.026176315545,21.391407660486546,-2.926027915081379,0.05075402316816517,6.2786552804884215,225.39579873190098,250
1309,2943.48343110591,913.6211055898243,276.58091133952695,-14.685614900888668,3690.53830844436,102.79387283493669,35.90231797541586,-2.922874272671497,0.030240387284838653,6.2786552804884215,225.39579873190098,250
50,1912.406293743393,47.32528966783134,276.7144490023133,-14.830695255532243,3690.389313276086,115.48907421411423,31.954445374063564,-2.922830438222268,0.033976493326378594,6.2786552804884215,225.39579873190098,250
1483,54.19397984098208,1015.8691714891505,276.5778165365516,-15.102531423127143,3688.7759148240293,114.39127872204057,32.247003058575714,-2.9223556622588998,0.033668245015757235,6.2786552804884215,225.39579873190098,250
1866,1901.9306433377515,1262.8177905958528,276.533236842936,-14.837242355045383,3684.96381538258,104.47218306351529,35.27220076508075,-2.921233047439311,0.030780614094112216,6.2786552804884215,225.39579873190098,250
1682,314.6329698973291,1146.9107982567127,276.5571682134564,-15.065536310310835,3668.152339684544,107.63511879542583,34.07951215863228,-2.916268387765876,0.03185785039839528,6.2786552804884215,225.39579873190098,250
794,896.2943967200341,563.7374039134179,276.641751365991,-14.97934870280474,3667.8072165211197,106.40574389985524,34.470011505893055,-2.9161662299742366,0.0314969433594296,6.2786552804884215,225.39579873190098,250
1959,1801.7901753166582,1322.2624625140832,276.52479049386494,-14.851919252801839,3630.799570216215,108.06512524286637,33.59825440498337,-2.9051556667329304,0.032314178793734195,6.2786552804884215,225.39579873190098,250
1433,810.4369708523265,991.2404529372025,276.578325781384,-14.993468271407066,3627.2338449992676,113.34010279728506,32.0030929518987,-2.904088866112363,0.03392484600259823,6.2786552804884215,225.39579873190098,250
290,1466.4847433767434,212.11711892320878,276.6917813908203,-14.895690737455775,3621.257326961175,112.86160042707583,32.085822930545866,-2.9022984456430923,0.03383737429300616,6.2786552804884215,225.39579873190098,250
232,1264.4169069074642,177.55960524327344,276.6977979302417,-14.924679133183577,3610.747043880794,123.99526659164654,29.120039362244874,-2.8991426392272137,0.037283603448958494,6.2786552804884215,225.39579873190098,250
697,565.4858752988354,491.3436222633976,276.6539527254449,-15.026727915999128,3581.1084959216823,110.41198102181426,32.43405709036375,-2.8901936756181006,0.033474073162514245,6.2786552804884215,225.39579873190098,250
54,493.96515231866573,53.45283579085113,276.71959956998455,-15.035219346017799,3579.0984524328233,112.9261858878768,31.69414094961528,-2.889584090710273,0.03425554274293018,6.2786552804884215,225.39579873190098,250
2442,2479.232230164021,1666.9650739517904,276.47055867795007,-14.75563960799998,3578.068724098135,102.21344690747313,35.00585130777477,-2.8892716728739485,0.03101481493634943,6.2786552804884215,225.39579873190098,250
332,2091.443862923801,247.65849505663692,276.6838125023989,-14.805721360702128,3574.0117526996037,106.77763861928435,33.47153766382437,-2.888039919060277,0.03243651399897924,6.2786552804884215,225.39579873190098,250
1852,2752.337774216881,1256.092733789542,276.53067003184253,-14.71459342810336,3571.7414869830827,118.61634481903772,30.11171430406296,-2.887350024046244,0.03605573528749597,6.2786552804884215,225.39579873190098,250
1343,2612.563310503661,931.8102056857413,276.57960037236256,-14.733419343938902,3568.1267196955305,102.83373430706276,34.6980175692255,-2.886250652478707,0.0312899720519749,6.2786552804884215,225.39579873190098,250
425,853.3911287433298,311.31810023506654,276.67959394412253,-14.98448859650599,3566.995081965535,122.42177415368394,29.136933414211562,-2.8859062546958567,0.03726198582965663,6.2786552804884215,225.39579873190098,250
2094,337.98675857841874,1405.9463227398303,276.51840673382384,-15.063204418276342,3560.098131632025,106.86900799030786,33.31272740881899,-2.88380490122886,0.03259114712152266,6.2786552804884215,225.39579873190098,250
665,1699.0848618854684,472.3836413296603,276.6519746650633,-14.863241167648383,3557.580586242824,105.47083677326714,33.73046706636669,-2.883036844563616,0.03218751753018483,6.2786552804884215,225.39579873190098,250
1971,743.581546343342,1329.1501124665103,276.52818110316144,-15.004461370333427,3550.255607330313,107.85339670448975,32.9174204597167,-2.880799033392041,0.03298253583778369,6.2786552804884215,225.39579873190098,250
2152,936.9415915113094,1450.0463518463305,276.5093355247122,-14.977081344027173,3545.2808329854743,106.53621520177006,33.27770586059425,-2.879276585146684,0.03262544613346169,6.2786552804884215,225.39579873190098,250
399,1158.5810223466235,294.7534363161828,276.68076740733517,-14.94042676022413,3534.7278022705577,111.3250004330652,31.751428596632554,-2.8760399179072222,0.03419373703755634,6.2786552804884215,225.39579873190098,250
1792,1238.482298564422,1210.854007135796,276.5437657563617,-14.932666348519003,3510.9565750492475,109.02095497318342,32.20441956239385,-2.8687136232356925,0.03371276410979961,6.2786552804884215,225.39579873190098,250
862,3070.7275251760298,605.8540355403485,276.62623948912847,-14.665975922244147,3505.273520494884,113.32910151987768,30.93003891749787,-2.866954758617895,0.035101798704359,6.2786552804884215,225.39579873190098,250
322,2034.3250302611445,239.66667796030168,276.68524820407987,-14.813925151741296,3503.7361428284203,105.02248041341569,33.36177291791376,-2.8664784611950593,0.03254323451788224,6.2786552804884215,225.39579873190098,250
61,2164.8227894013676,57.31936647170685,276.7118763527234,-14.794333608043978,3503.578178220836,112.01275918293521,31.27838474632089,-2.8664295100889166,0.034710871702788464,6.2786552804884215,225.39579873190098,250
723,2763.220295005224,507.3681193500965,276.6422286180936,-14.7099216992946,3503.5449706162763,102.20688213940704,34.27895360155443,-2.86641921921839,0.03167249539235548,6.2786552804884215,225.39579873190098,250
534,726.5550031488692,384.32230601446327,276.6692399035119,-15.00307270542049,3499.0239424924657,117.03086325952482,29.89830071348884,-2.8650172638332494,0.03631310054722202,6.2786552804884215,225.39579873190098,250
1382,2279.7030531568707,959.1825703782482,276.5769256470726,-14.78153434110656,3498.054292833054,106.315809303709,32.90248473620958,-2.8647163428738183,0.032997507899613865,6.2786552804884215,225.39579873190098,250
1027,984.2502665355158,718.5001748291846,276.6182894205023,-14.967307164909993,3496.899826805049,107.56371612780934,32.51003175317933,-2.8643579572279054,0.033395845572923,6.2786552804884215,225.39579873190098,250
2004,1783.0819884546816,1350.7958316875154,276.520613079488,-14.854731324233748,3487.8185437702923,105.47800117999233,33.066786483927814,-2.861534684245608,0.03283355038227579,6.2786552804884215,225.39579873190098,250
930,713.1604760880236,656.4383953662287,276.62869322901463,-15.00612355029761,3485.7295130412385,107.44855247137585,32.4409164466858,-2.860884187154384,0.033466995353977326,6.2786552804884215,225.39579873190098,250
383,448.94493368619806,282.42207514357244,276.6856233011431,-15.042660504705546,3461.0707238059113,105.4031114897834,32.83651378869768,-2.8531761628054624,0.03306380229601895,6.2786552804884215,225.39579873190098,250
789,622.6913295799445,557.2618014012719,276.64387432686544,-15.018754795883815,3457.4483090182475,105.57337387308287,32.74924521380446,-2.8520392179696237,0.03315190908712473,6.2786552804884215,225.39579873190098,250
2436,1235.7955246146362,1664.1125942135866,276.476153772564,-14.934865946350103,3446.222826105659,106.55067594614748,32.343509747863436,-2.8485083649736205,0.033567785576261396,6.2786552804884215,225.39579873190098,250
1949,239.09621756016958,1316.3127930996861,276.53219710874436,-15.077094798940305,3443.2122344456875,108.22270415956994,31.81598779280928,-2.8475594602978935,0.03412435304760139,6.2786552804884215,225.39579873190098,250
315,1373.4506182710077,236.12739470360273,276.68859705849184,-14.909204793574533,3442.8601022778894,109.78877964563743,31.3589431760725,-2.847448418001189,0.0346217024567464,6.2786552804884215,225.39579873190098,250
1466,2859.558787083589,1005.6201925995338,276.56755390949274,-14.698100602172438,3440.797497475607,100.07540607745807,34.38204882039089,-2.8467977625191248,0.03157752482033899,6.2786552804884215,225.39579873190098,250
1470,1006.0557288646056,1007.4275284903767,276.5750898488085,-14.965342120369655,3422.4485373917996,107.01675686050235,31.980492006994783,-2.840992294480482,0.03394882104260733,6.2786552804884215,225.39579873190098,250
1143,871.5477131837241,794.3615653070988,276.60744574843517,-14.983860845224552,3420.658265958933,101.87148609175827,33.578171843668386,-2.8404242008904768,0.03233350538125629,6.2786552804884215,225.39579873190098,250
465,751.8180572796604,345.9080557192937,276.6748644252513,-14.99927243519678,3419.933270001973,105.45399870969753,32.43056983942968,-2.8401940586995322,0.03347767262109549,6.2786552804884215,225.39579873190098,250
2665,2756.566578386502,1836.857026028603,276.44407488271725,-14.716331754239228,3410.223173436447,101.10047114501903,33.731031466162065,-2.837106981387988,0.03218697895702184,6.2786552804884215,225.39579873190098,250
368,898.3739259799246,274.855515246157,276.6848427725846,-14.977853093380695,3408.471280818907,107.1167706430392,31.820145999149393,-2.8365490759718344,0.03411989373112941,6.2786552804884215,225.39579873190098,250
295,1136.9391719402984,217.78831715125605,276.6923406640098,-14.943225378081273,3404.8312865538173,109.11298313368226,31.20463934509343,-2.835388970752481,0.034792903324188364,6.2786552804884215,225.39579873190098,250
1130,2654.46956571495,785.0880710369255,276.60129466416043,-14.726767691135889,3388.00519730222,109.98964388511108,30.80294723784302,-2.8300101480199613,0.035246627266437715,6.2786552804884215,225.39579873190098,250
269,1114.947267682439,203.37435307458472,276.69458456288265,-14.946335483329664,3376.185557284727,108.14063439196377,31.220323204758458,-2.8262157475895027,0.034775424741103345,6.2786552804884215,225.39579873190098,250
698,980.4204470900604,491.0306294386702,276.65224280140524,-14.96692318265131,3367.7693375654344,106.58193210760456,31.597938515182406,-2.8235058246013756,0.03435983646459515,6.2786552804884215,225.39579873190098,250
1059,680.3672790629367,745.0640529975627,276.61560679834554,-15.011211908849484,3328.515875290075,103.26411106028796,32.23303663890363,-2.810776559948651,0.03368283330431287,6.2786552804884215,225.39579873190098,250
2433,1886.4937782170286,1662.6804318297955,276.47366511025933,-14.841075611360685,3325.2958912851755,102.51768947863661,32.43631326648388,-2.80972571763197,0.03347174480281775,6.2786552804884215,225.39579873190098,250
920,1462.1740281444804,651.147899230963,276.62631744722654,-14.898138608316867,3324.6735266427277,113.24984722875722,29.356980234393664,-2.809522491486293,0.0369826866159766,6.2786552804884215,225.39579873190098,250
1831,641.014609900489,1240.4103901993121,276.5418516311067,-15.018885379860576,3314.098571911163,108.07588359501288,30.664552180113667,-2.8060635322823053,0.03540570211568554,6.2786552804884215,225.39579873190098,250
2191,1703.6084006604003,1478.1345962754579,276.5019520300233,-14.866699678972335,3279.634186712341,111.06722607096795,29.5283703638801,-2.7947134903794417,0.036768029749723596,6.2786552804884215,225.39579873190098,250
1893,871.4082488436239,1284.7047303124284,276.5342805282058,-14.985864071085047,3276.7942231967027,103.80814316529869,31.56586875828138,-2.79377290162923,0.03439474478950193,6.2786552804884215,225.39579873190098,250
471,1204.8501123227281,347.8994238136928,276.67264272041956,-14.933978023841222,3269.045273833981,106.53395129825483,30.685478516439222,-2.791202316509983,0.03538155676530692,6.2786552804884215,225.39579873190098,250
127,1430.8607947831556,108.60347713239936,276.7073722225838,-14.900392264642402,3265.562974853645,106.20997820774939,30.746291732271345,-2.790045136678307,0.03531157543985859,6.2786552804884215,225.39579873190098,250
2365,1429.9392639519292,1610.1462960691922,276.48339906017435,-14.906672294778813,3259.06732037483,113.7786322121155,28.643931263815936,-2.78788330704133,0.03790331676195216,6.2786552804884215,225.39579873190098,250
1594,2199.999090930923,1088.7530272621243,276.5579420764818,-14.793558718785517,3249.5528538085055,108.55552467942526,29.93447697300292,-2.7847089911642655,0.036269215626488584,6.2786552804884215,225.39579873190098,250
2893,2176.552879645261,1988.9641241147085,276.42380055689256,-14.800559223232112,3247.897074762499,106.22497622601264,30.575644167262666,-2.7841556235151077,0.035508654995483585,6.2786552804884215,225.39579873190098,250
2709,188.89786385780104,1860.5137622128577,276.45116745507545,-15.08646688213398,3247.5077663135744,153.58607939714662,21.144544994316117,-2.7840254741899577,0.051346576636756576,6.2786552804884215,225.39579873190098,250
762,1071.4898919405891,539.0248205714773,276.64469686424155,-14.953994456867994,3230.3359094976477,105.38736527875494,30.652022668497736,-2.778269191311797,0.03542017477090723,6.2786552804884215,225.39579873190098,250
2092,747.2118900375528,1404.6908903618098,276.516892965471,-15.004239642845592,3218.718726190331,102.53562711223655,31.391222903109455,-2.7743575450722364,0.03458610081394619,6.2786552804884215,225.39579873190098,250
1693,599.3270505606245,1154.4318971676917,276.55485685049126,-15.024547333776713,3199.587251753066,104.9387727077597,30.490038802564275,-2.7678848726763077,0.03560835087913009,6.2786552804884215,225.39579873190098,250
391,604.9662000273665,288.7478212110959,276.68401690400157,-15.020200929652386,3189.582767657339,102.29618342858706,31.179880429106976,-2.7644846690701037,0.03482053122264317,6.2786552804884215,225.39579873190098,250
695,2476.293408090204,489.8082021963177,276.6460691986935,-14.751234125397714,3185.162260954763,110.35291784810512,28.863416781955582,-2.762978881805478,0.03761508930844052,6.2786552804884215,225.39579873190098,250
1242,359.02424861520745,857.2085970039093,276.6002219610935,-15.057973276456133,3180.7010059590684,114.36415851486791,27.81204397657122,-2.7614570939010363,0.03903704455934955,6.2786552804884215,225.39579873190098,250
719,1714.1030957665187,506.2573625586658,276.64685913314537,-14.861216707639619,3178.2099441466125,99.54481413206057,31.927428584378674,-2.7606064337305614,0.03400524402178781,6.2786552804884215,225.39579873190098,250
2688,881.0117286671793,1849.4856430215168,276.4499612707358,-14.986719278836848,3175.2742210259166,113.33788840588294,28.015999465727653,-2.7596030721030624,0.03875285625016346,6.2786552804884215,225.39579873190098,250
247,916.8146103752348,186.3886387478118,276.69796276581764,-14.974826149106827,3169.219634564244,104.18137967310075,30.420211793207084,-2.7575308230406614,0.03569008682058025,6.2786552804884215,225.39579873190098,250
1635,400.0250188463508,1118.7515200319774,276.5610146012327,-15.053120464114327,3156.7449388954847,118.44837657872552,26.6508079728504,-2.753248710445742,0.040737976916347896,6.2786552804884215,225.39579873190098,250
1772,805.2188991318947,1201.9365139530832,276.54690758516244,-14.9950699944019,3156.6073053392174,109.0778557169045,28.939029692073582,-2.753201371495127,0.03751680728595313,6.2786552804884215,225.39579873190098,250
1503,30.578405332175826,1030.3389190103558,276.57575520199,-15.105991569598835,3150.2178124129277,114.11221454795177,27.60631563318891,-2.7510014353801884,0.039327957211890606,6.2786552804884215,225.39579873190098,250
943,1739.2923096337354,665.6330019712132,276.6229838525211,-14.85824580115932,3147.157780196896,101.84748341212037,30.900692631374024,-2.7499462694694667,0.03513513476709805,6.2786552804884215,225.39579873190098,250
1229,1584.495813240432,847.1191282177875,276.5965705766037,-14.881310554027943,3124.0810267192865,109.32867409126376,28.575129559436643,-2.7419557015449136,0.03799457838823547,6.2786552804884215,225.39579873190098,250
2431,2224.4302590908883,1660.3059226607018,276.4726130492085,-14.792349456571872,3118.5969468636904,106.655882933915,29.2398024476156,-2.740048101759726,0.037130893819993474,6.2786552804884215,225.39579873190098,250
79,898.6682892019065,72.02907549955327,276.71510130734595,-14.976963446214206,3111.786171753076,109.06322183676548,28.531947977939573,-2.7376743446649194,0.03805208115616379,6.2786552804884215,225.39579873190098,250
1289,1442.4455392391783,893.5218066720778,276.59024800535417,-14.901978299363133,3098.00255919114,107.6470727849119,28.779255014032895,-2.7328544087808204,0.037725090502537605,6.2786552804884215,225.39579873190098,250
765,150.17912792437104,540.0360422088655,276.6484403768919,-15.086773605944847,3097.156454933225,105.79425814319754,29.27527929484677,-2.7325578397889885,0.0370858972536297,6.2786552804884215,225.39579873190098,250
1488,205.67421347453885,1018.7939291872365,276.5767465832311,-15.080720006389456,3079.834905859054,105.46328206249065,29.202911626002166,-2.726468570385876,0.03717779973121916,6.2786552804884215,225.39579873190098,250
1531,438.05730492564055,1051.965504256203,276.57082346014045,-15.047372271124697,3059.6998050410184,105.59831700343415,28.97489175837447,-2.719347025398377,0.03747037293715534,6.2786552804884215,225.39579873190098,250
1638,2839.6146014520236,1121.239660966163,276.550404250814,-14.701453461175753,3055.828836164568,102.30851587782874,29.868763220196378,-2.7179725402591415,0.03634901090467253,6.2786552804884215,225.39579873190098,250
563,2259.17750124879,405.19428279425523,276.6596089694946,-14.782193143871337,3043.575735246166,100.5459387569077,30.270498966693136,-2.7136102609486374,0.03586660402243796,6.2786552804884215,225.39579873190098,250
754,1423.6995636557735,530.1382946451185,276.64452992207873,-14.903184885051758,3041.2905313295487,100.85440413020889,30.15525754733592,-2.7127947528879908,0.0360036719399837,6.2786552804884215,225.39579873190098,250
1198,2788.9017791394945,826.4242269965607,276.594563086027,-14.707549798869533,3038.0735691118316,109.6396646280824,27.70962114320148,-2.711645694329427,0.03918133685008447,6.2786552804884215,225.39579873190098,250
1747,1310.946384275079,1182.8122807920834,276.547645867775,-14.922108871375615,3033.1542544250406,104.82464066507923,28.935508246731256,-2.709886221820026,0.03752137307360578,6.2786552804884215,225.39579873190098,250
1870,235.83812444511088,1268.3519210985319,276.53936977321615,-15.077373257136466,3030.3950087745325,102.62390759842359,29.52913292517311,-2.708898083362721,0.03676708025092259,6.2786552804884215,225.39579873190098,250
1818,1805.7730630102926,1234.5665365756888,276.53785320084296,-14.850990316618654,3008.716143979502,102.54277088100478,29.341084877362544,-2.701103019190183,0.037002721764989935,6.2786552804884215,225.39579873190098,250
2651,2152.1728612141533,1826.1622253858131,276.44818018416277,-14.803428245691942,3002.247528290245,100.51098569469411,29.869844649715052,-2.698766218190365,0.03634769489871978,6.2786552804884215,225.39579873190098,250
416,1569.5721286544672,308.3567697508188,276.676988327955,-14.881230408070476,3001.2870375228085,101.28161811171762,29.633087360554118,-2.6984188096436137,0.03663809939173676,6.2786552804884215,225.39579873190098,250
575,731.3756400472029,416.01433380811915,276.66449070740856,-15.00250899216719,2992.8520630599814,107.34627014257701,27.88035447421586,-2.6953631037109034,0.03894139871873116,6.2786552804884215,225.39579873190098,250
940,527.4922762248337,666.4239263424796,276.62798619370847,-15.032921271298427,2978.0920747688797,112.11665033637492,26.562442472495746,-2.6899952804851193,0.040873500286135026,6.2786552804884215,225.39579873190098,250
266,1619.3965990565293,202.3379434768948,276.69258715231473,-14.873601942479516,2945.3609749163297,102.1763789568433,28.82624149521266,-2.6779962989691946,0.03766359898775942,6.2786552804884215,225.39579873190098,250
2282,758.1935838412522,1543.4921068700817,276.4961336475574,-15.003208851226582,2941.809558358902,100.10650396730568,29.386797478410426,-2.6766863651120003,0.03694516222115154,6.2786552804884215,225.39579873190098,250
1819,172.38164611742263,1234.318391408396,276.5447142259839,-15.086379252740242,2936.5290170401277,108.70748657944168,27.013125861337613,-2.6747357199223307,0.040191572259095795,6.2786552804884215,225.39579873190098,250
2564,433.47840770172076,1762.7776168164364,276.46474916639806,-15.05085453227037,2936.3032467945013,106.64001032590885,27.534723954177153,-2.6746522416553753,0.03943021189559789,6.2786552804884215,225.39579873190098,250
638,1027.840805184218,458.8253780147133,276.6568464965484,-14.959954715834812,2931.212476243294,101.30226822986577,28.935309420634656,-2.6727682295639337,0.03752163089798356,6.2786552804884215,225.39579873190098,250
384,2099.593428440371,282.8088622638362,276.6785368459145,-14.804694033303612,2926.5652253370063,101.5795483066661,28.810575299092488,-2.671045497880628,0.03768407915249783,6.2786552804884215,225.39579873190098,250
2167,1827.3119867712464,1461.4652461326034,276.50392225122965,-14.848800944957198,2924.6668432466104,96.79749250019283,30.21428311524479,-2.6703409822455724,0.035933336424328534,6.2786552804884215,225.39579873190098,250
1220,864.9913104335089,840.759018384054,276.60055044692194,-14.98499496508569,2922.7218014337413,106.84529770470702,27.354706891372928,-2.6696186760941565,0.03968969597486004,6.2786552804884215,225.39579873190098,250
828,795.301459573973,583.4223971935022,276.63924128511565,-14.99398567222117,2919.7046745180996,138.67243051688067,21.054687392694703,-2.668497291261553,0.05156571454851916,6.2786552804884215,225.39579873190098,250
2046,1474.9696730737394,1377.6995765824017,276.51788734319786,-14.89925260776778,2914.875497285757,101.63488366652749,28.67987242303249,-2.666700002132512,0.03785581692923035,6.2786552804884215,225.39579873190098,250
823,1953.622738580826,578.1787605680938,276.63511671237814,-14.826979280264403,2913.734513208139,103.45141925804175,28.165244460690577,-2.6662749238597456,0.0385475084910156,6.2786552804884215,225.39579873190098,250
1892,1394.5604199921993,1282.9373994837722,276.53235941692685,-14.910461187425932,2911.1631866020616,101.06439765266965,28.805031783862436,-2.665316355069118,0.037691331436344615,6.2786552804884215,225.39579873190098,250
413,328.403728317544,304.98270610578726,276.6827679439641,-15.060125200876495,2903.7796380176733,106.9427729880693,27.15264956091632,-2.6625591171846663,0.039985048146563305,6.2786552804884215,225.39579873190098,250
324,1002.8160393603304,241.82465417688053,276.6893262069072,-14.962660401238129,2892.3871754925203,102.118007702409,28.323967932487268,-2.6582910464574443,0.03833149375779071,6.2786552804884215,225.39579873190098,250
1004,1232.409711835646,703.8801933061479,276.61942295107866,-14.931477579073132,2890.304800984697,103.79463641647256,27.84637916536886,-2.657509089022418,0.03898891103767741,6.2786552804884215,225.39579873190098,250
244,3039.366007543018,186.18009165064436,276.6889153496649,-14.668726106092155,2886.4337166169425,147.3555952116056,19.58821931716923,-2.656053950602681,0.055426171333929034,6.2786552804884215,225.39579873190098,250
2769,2340.660366076956,1903.9639153198855,276.4357963712551,-14.77656466820682,2884.2550912816514,98.78609734515994,29.19697375232899,-2.6552341481166164,0.037185360688739046,6.2786552804884215,225.39579873190098,250
972,2535.0131242401176,682.8418362148074,276.61704335061387,-14.743571466929081,2883.6534562330926,102.53654813621499,28.12317664919141,-2.6550076476611184,0.0386051694494909,6.2786552804884215,225.39579873190098,250
1989,2394.5878674885803,1340.2986668594804,276.5196182326461,-14.76652563711145,2877.974361446395,100.9448357143265,28.510367480225057,-2.6528672800385786,0.0380808841118252,6.2786552804884215,225.39579873190098,250
1609,1689.4329143413604,1097.9116204812217,276.5587229304574,-14.867207144448571,2875.6056186492206,102.5681483336062,28.03604886476278,-2.651973287091977,0.03872514294853318,6.2786552804884215,225.39579873190098,250
1499,1251.0109230867079,1027.557585377623,276.57105843435727,-14.93011874704149,2873.4796590210753,102.70901679138113,27.976897732918466,-2.651170296239742,0.038807018932715064,6.2786552804884215,225.39579873190098,250
147,2480.095981884772,118.81609548503506,276.7013560335237,-14.749120437905656,2870.0427734469995,108.61887546627482,26.423057328908932,-2.649870901455913,0.04108911343927479,6.2786552804884215,225.39579873190098,250
1264,2940.378199336476,873.989535765278,276.58683139754817,-14.685898387644876,2858.0031408413925,100.18713859930332,28.52664704071373,-2.645306732642498,0.03805915214818167,6.2786552804884215,225.39579873190098,250
2677,645.1336020350288,1840.490973473877,276.45227675845246,-15.020667638740566,2855.5718507966812,107.72535088979767,26.507890920846595,-2.64438270879088,0.04095761534714078,6.2786552804884215,225.39579873190098,250
2005,2076.3395919148797,1353.1644104131815,276.51903294600777,-14.812463663594063,2851.7067018805974,101.58208108912753,28.072930494291867,-2.642912119010546,0.038674266664848474,6.2786552804884215,225.39579873190098,250
2849,418.2648217751019,1954.0469748897224,276.4362615983697,-15.053792347217065,2845.246568229355,113.10388503158543,25.156046297037367,-2.640449748804386,0.043158610346804106,6.2786552804884215,225.39579873190098,250
572,55.04122414468004,411.55304007211146,276.6680197795153,-15.09995486986708,2829.4981031057832,319.53374224166765,8.855083920889319,-2.6344234961214683,0.12260753367213294,6.2786552804884215,225.39579873190098,250
833,148.21012469858732,586.9381439043581,276.64144808370685,-15.087249058920642,2827.263879446051,104.43657403669853,27.071587760553726,-2.633565840222027,0.04010477736300285,6.2786552804884215,225.39579873190098,250
840,2325.8680241090346,596.9749852512399,276.6307329132421,-14.773377102229889,2824.941243595691,104.11060206755867,27.13404002565033,-2.6326735265425865,0.04001247138183872,6.2786552804884215,225.39579873190098,250
1244,1843.6107989115194,857.3385287997405,276.5939529823419,-14.843995642211805,2813.3710944931663,103.38908306590048,27.21149091437358,-2.6282175309699185,0.03989858561650933,6.2786552804884215,225.39579873190098,250
1206,888.8833639045185,833.0734276039404,276.60159667170564,-14.981520314873274,2809.3139815979375,114.01075795082106,24.640779800882868,-2.626650679879377,0.04406110556456902,6.2786552804884215,225.39579873190098,250
1743,1812.3793586454055,1179.60183786134,276.54602308239504,-14.849814976940031,2808.160465386478,117.06880769060308,23.987264590650515,-2.6262047804478867,0.04526151766480168,6.2786552804884215,225.39579873190098,250
2611,1703.8639322482113,1796.7481096824663,276.45442637235686,-14.86793318366359,2794.8434315888444,100.34338797838838,27.852791179332996,-2.6210436871393608,0.038979935368402094,6.2786552804884215,225.39579873190098,250
2240,618.269921018446,1508.7142728772967,276.50190450221294,-15.023231356871621,2789.9311315927043,101.41626500225154,27.509701047763546,-2.619133685842241,0.03946607773435852,6.2786552804884215,225.39579873190098,250
815,1989.2845984111607,575.7296435812325,276.6353304924988,-14.821826746935512,2779.2933811201947,103.54130993286286,26.84236255966159,-2.6149859612011577,0.040447259349353185,6.2786552804884215,225.39579873190098,250
135,744.8934562568375,112.84148079838054,276.7096683237097,-14.999300338326615,2777.736048089864,112.34946609549021,24.724069856539927,-2.6143774156032986,0.043912673208727986,6.2786552804884215,225.39579873190098,250
1794,448.52812302940265,1212.7230956917551,276.54678669681965,-15.046508767211595,2770.8926325700886,107.3378763368974,25.81467723353489,-2.61169922313841,0.042057469484437615,6.2786552804884215,225.39579873190098,250
608,1923.6082807013531,433.2933483535202,276.65684903356845,-14.83070350795622,2759.2023158105003,98.95452458636596,27.88353869966109,-2.6071088429817415,0.03893695171528556,6.2786552804884215,225.39579873190098,250
855,2990.2430223035603,604.7702624655873,276.62674393184125,-14.677581992960995,2756.0531160706887,101.9272264811278,27.03942029248664,-2.605868936476102,0.04015248804360204,6.2786552804884215,225.39579873190098,250
2969,425.99812411695854,2049.8322632918753,276.4219319166984,-15.053050021351396,2748.4786775572575,105.19389228211094,26.12774009907663,-2.602880908566144,0.04155353642844792,6.2786552804884215,225.39579873190098,250
1805,1674.70436860118,1222.17030304267,276.5402513181733,-14.86983466051143,2740.601978636463,109.48447510814492,25.03187758747889,-2.5997648956678376,0.043372695324424025,6.2786552804884215,225.39579873190098,250
2032,1496.8577503855283,1367.2738951642448,276.51935118467287,-14.896055844486055,2739.551236200001,111.0588925530969,24.667554062726047,-2.599348546316132,0.04401328146435682,6.2786552804884215,225.39579873190098,250
1658,1876.1897050416235,1135.0460738424465,276.5524002124774,-14.84043451134184,2739.295948849671,103.80358632874197,26.389222624490312,-2.5992473663745463,0.041141795476477006,6.2786552804884215,225.39579873190098,250
1083,1763.0888006255927,755.9573666855587,276.6094125563278,-14.855187808701665,2738.169281152688,105.6052375602921,25.928347347255517,-2.598800713086855,0.041873089150624945,6.2786552804884215,225.39579873190098,250
1023,724.972887992851,717.6417607585219,276.6195108109501,-15.004671628484283,2728.880517457801,120.00481810852776,22.739757956967246,-2.5951112801689376,0.04774457151455088,6.2786552804884215,225.39579873190098,250
905,1239.1832077152178,634.7509986732947,276.62970672401116,-14.930216717358714,2725.6427600664174,106.76020738482357,25.530512040330482,-2.5938223129554645,0.042525586572056316,6.2786552804884215,225.39579873190098,250
1522,1722.6109123660965,1044.5508740782388,276.5665421410654,-14.862206814343333,2722.395916354697,98.8033957904886,27.553667508832437,-2.5925281899156922,0.03940310304071045,6.2786552804884215,225.39579873190098,250
541,1237.797494352796,387.13132916671196,276.66665046515,-14.929391541011654,2717.5252408662927,121.60376179929948,22.347378079893804,-2.590583944776952,0.04858288055621241,6.2786552804884215,225.39579873190098,250
1734,414.4175719272679,1174.0048137411266,276.5527077912186,-15.051268348793347,2711.660692363701,105.28221746125605,25.756113024135292,-2.5882383426227324,0.042153099692590366,6.2786552804884215,225.39579873190098,250
1016,263.47859993361027,713.6395579388493,276.6220514929587,-15.071157138572113,2695.9019855703955,110.70861279181446,24.35133019542021,-2.581910224777335,0.04458483340693188,6.2786552804884215,225.39579873190098,250
430,1275.6039247385652,315.89454206417696,276.67711583503916,-14.923644625968988,2695.459200404948,108.25105345614985,24.900073619115588,-2.5817318846997357,0.043602280724444,6.2786552804884215,225.39579873190098,250
522,1834.1757168761458,374.9676461328843,276.6659272856675,-14.843355737255546,2692.675695442973,98.58151696869744,27.314204307669332,-2.5806101041799065,0.03974854942763811,6.2786552804884215,225.39579873190098,250
2836,2661.997204057129,1944.27653860873,276.42845291335027,-14.730396164821004,2691.800281655931,99.11657547521833,27.157922564919023,-2.5802570639007216,0.03997728461758125,6.2786552804884215,225.39579873190098,250
1354,1130.9970872077802,939.8683365452038,276.58464469229466,-14.947060296014524,2684.8173839707015,104.93909848478867,25.58452876703411,-2.577436856266387,0.042435802116431165,6.2786552804884215,225.39579873190098,250
2655,1708.2234147129227,1827.4180997779652,276.4498334434879,-14.867426318549526,2670.6882063957164,101.08944389146724,26.419061215363396,-2.5717079498279767,0.04109532852623227,6.2786552804884215,225.39579873190098,250
1200,158.61259725578165,830.4698409844567,276.60505407588767,-15.086740537472176,2670.4172950476204,105.85940398558232,25.226075289554075,-2.5715978084877316,0.0430387996364056,6.2786552804884215,225.39579873190098,250
1072,230.092142401012,750.529131104582,276.61668591829687,-15.076117628868117,2669.450403313531,102.99220564853721,25.918955580222054,-2.571204619205691,0.04188826191856526,6.2786552804884215,225.39579873190098,250
2413,67.44163942163534,1646.8698456672423,276.4835627650275,-15.103126583811825,2662.6563416020654,231.64273552769757,11.494668009062995,-2.5684377718328144,0.09445248867944492,6.2786552804884215,225.39579873190098,250
1999,786.5121280343452,1345.6682737432575,276.5255372703992,-14.998341347688413,2656.271587396841,104.28522883555684,25.471215981943217,-2.5658311705698544,0.04262458458087211,6.2786552804884215,225.39579873190098,250
542,884.4412553041752,388.8437648018878,276.6678954780667,-14.980334722588346,2655.3048692331504,105.36177870330847,25.201784764001626,-2.565435957988326,0.043080282216790465,6.2786552804884215,225.39579873190098,250
1431,1958.591344647808,987.7501053876848,276.5740199409027,-14.827952883942384,2652.9074530084617,98.49692437789128,26.933911589263147,-2.5644552278999315,0.04030977811751637,6.2786552804884215,225.39579873190098,250
1952,1590.0720793982773,1316.812945826072,276.52648881726594,-14.882416703695403,2647.6523324726295,107.51520139009797,24.625841725079773,-2.5623023698145744,0.04408783310315388,6.2786552804884215,225.39579873190098,250
2883,382.353776621874,1981.3154330774569,276.4323387841388,-15.0590710634181,2647.6003516047494,106.15698520166046,24.940425225671696,-2.562281053547503,0.043531735733297224,6.2786552804884215,225.39579873190098,250
2950,543.0635142676762,2035.937534147659,276.42352535029295,-15.036133225106816,2639.5395530321257,105.63850321482293,24.986529273937613,-2.55897041384874,0.04345141288319893,6.2786552804884215,225.39579873190098,250
2002,979.3327218210738,1349.3599507489523,276.52418289854916,-14.97057061319632,2630.754101826911,100.71445713768024,26.120918253380218,-2.5553506188586663,0.04156438871973819,6.2786552804884215,225.39579873190098,250
1189,1289.3088450878945,823.2716931367202,276.6013725025559,-14.923765457980963,2628.116501777753,120.52920126573987,21.804811399880972,-2.5542615112068408,0.04979176293200714,6.2786552804884215,225.39579873190098,250
632,2803.715638146068,450.38974391601107,276.6505483501161,-14.703840684824801,2625.037764898574,99.79300138447093,26.304828279341276,-2.5529888676454005,0.041273791581930376,6.2786552804884215,225.39579873190098,250
1770,317.4688172874653,1202.2494484597587,276.5488964907536,-15.065349190115308,2616.217082076706,108.062529313049,24.210215129221364,-2.5493344207575896,0.044844706839865155,6.2786552804884215,225.39579873190098,250
985,203.37026571595908,693.389429125169,276.6253268831643,-15.07973543350718,2615.200890737615,104.456071673826,25.036370302186242,-2.548912617052581,0.043364912201557984,6.2786552804884215,225.39579873190098,250
1914,1147.1720381061994,1294.5224624759724,276.5316646730861,-14.94616302845514,2611.039500950312,104.22752593551624,25.051342987510964,-2.5471835834948324,0.043338993863173816,6.2786552804884215,225.39579873190098,250
1764,117.61203674505653,1200.81067700229,276.5499442465645,-15.094135675860356,2605.9703219613148,104.88502204388864,24.845972009910614,-2.545073641947595,0.04369722382231348,6.2786552804884215,225.39579873190098,250
894,1705.8137691121717,629.0036716412293,276.62858845230653,-14.862921169198906,2605.378977863351,100.01725887183102,26.049293964375313,-2.544827239850002,0.0416786728072089,6.2786552804884215,225.39579873190098,250
432,1956.6098498884405,316.92930039172506,276.6740597478206,-14.825457320875504,2600.0419797457434,106.20724524822268,24.48083436934124,-2.5426008784630523,0.04434897861813423,6.2786552804884215,225.39579873190098,250
531,751.9757876100799,382.6124580367523,276.6693872041494,-14.999401742424848,2589.6342027276114,109.06214017794144,23.744575326529144,-2.5382460343179507,0.045724127935317424,6.2786552804884215,225.39579873190098,250
68,819.2076064327202,62.01860497744488,276.7169339701357,-14.98837569260292,2589.1830006265373,100.38424402977871,25.79272300798981,-2.5380568457682093,0.04209326792148634,6.2786552804884215,225.39579873190098,250
1372,188.2900372216769,949.8473598014311,276.5871107085181,-15.082947000619866,2567.2643960809946,102.1972890347816,25.120670228417286,-2.528826472988388,0.043219388261855465,6.2786552804884215,225.39579873190098,250
2786,2230.5666695828745,1914.0862397017502,276.43474327844723,-14.792476284427142,2566.8350221069413,135.83060469297666,18.897324560314377,-2.528644868842412,0.05745257729657887,6.2786552804884215,225.39579873190098,250
642,2636.710101547562,458.6471100130788,276.6500303106781,-14.727965432079543,2558.482722716217,102.20681424790995,25.03240847044145,-2.5251061997020847,0.043371775483849545,6.2786552804884215,225.39579873190098,250
1103,786.7796821938894,770.0673961083668,276.6114276802818,-14.995978401798023,2540.5695010252384,105.35208610636224,24.11503744178648,-2.5174776787569684,0.04502170077989187,6.2786552804884215,225.39579873190098,250
2007,472.5558512662079,1353.5963710081933,276.525661026212,-15.043609143787625,2539.208378909476,104.01124525687274,24.41282548476837,-2.5168958345777632,0.04447252534031299,6.2786552804884215,225.39579873190098,250
1765,1163.1063832840525,1199.509512148445,276.5457735939556,-14.943484203525724,2534.640103560494,101.78724380429254,24.90135314434758,-2.5149407335150977,0.04360004027517861,6.2786552804884215,225.39579873190098,250
1905,420.8338021301929,1291.3483036680088,276.5351670527032,-15.050812928415924,2532.559612079829,105.32958810179892,24.0441423698739,-2.5140491700568,0.04515444898381269,6.2786552804884215,225.39579873190098,250
136,1220.7232985136598,113.31260826168696,276.7075676815086,-14.930708944459823,2532.327990774749,104.59110833382411,24.211694771340426,-2.513949866910665,0.04484196625860127,6.2786552804884215,225.39579873190098,250
1605,2469.2679503906943,1096.0303096586806,276.5557231951346,-14.754760279516345,2529.426159838302,99.05436458099362,25.535736567872988,-2.5127049928376852,0.042516885977197175,6.2786552804884215,225.39579873190098,250
298,1347.5550526658806,217.34058642717577,276.6915096262484,-14.912859603187991,2526.292635209291,120.78097421874301,20.916312784776796,-2.5113591183095374,0.05190685428983395,6.2786552804884215,225.39579873190098,250
566,2763.204165433449,408.0936800096684,276.65702546444544,-14.709506368369157,2511.5578573292296,99.17473167502241,25.32457426312126,-2.50500794633406,0.04287140185337857,6.2786552804884215,225.39579873190098,250
2415,2782.003309685837,1645.9281916112218,276.4724322217121,-14.711897335159895,2510.2182814921252,94.35063531345561,26.605208042877226,-2.5044286986815747,0.040807799670285416,6.2786552804884215,225.39579873190098,250
1235,1203.2895721171335,853.3684544978163,276.5972451415195,-14.936287626251048,2498.7555380042613,103.23479728823622,24.20458608571316,-2.4994594024605283,0.044855135971147146,6.2786552804884215,225.39579873190098,250
1276,257.7495437195772,883.2700683848062,276.5967571007199,-15.072670758061607,2497.5316120682255,97.31806049457539,25.663598302058645,-2.4989274631674636,0.042305057428868385,6.2786552804884215,225.39579873190098,250
1593,190.28436435825355,1087.6666448974358,276.5665304497245,-15.083213760915497,2496.084600803646,102.60408818814231,24.32734060485625,-2.498298230765274,0.04462879924422448,6.2786552804884215,225.39579873190098,250
1424,1702.8878316981345,982.1087284750317,276.5759381096868,-14.86479530440487,2481.689194667124,100.57809020959154,24.67425250862896,-2.492018452760592,0.044001332953057616,6.2786552804884215,225.39579873190098,250
1532,467.55233417207705,1051.768742106113,276.5707294287202,-15.043121682963802,2475.3350579302787,107.27751939438534,23.074126544911813,-2.4892349601923796,0.04705270199011772,6.2786552804884215,225.39579873190098,250
1604,311.68513377936665,1096.0600367333004,276.5647704997522,-15.065757123462388,2467.6672101168224,99.95219629639794,24.6884741061538,-2.48586645408612,0.043975986338069414,6.2786552804884215,225.39579873190098,250
2732,2300.5539539579936,1874.2468523259915,276.4403940215807,-14.782228546261615,2462.718256256063,97.00164490261054,25.388417471978205,-2.483686802931639,0.04276359490300303,6.2786552804884215,225.39579873190098,250
1408,2984.03769625595,972.6928528927061,276.57193534215406,-14.680009965955044,2453.206453030012,103.05234150468894,23.80544116912074,-2.4794852243340455,0.04560722031097316,6.2786552804884215,225.39579873190098,250
1815,1327.5263995969872,1230.5286625478138,276.5404580648702,-14.919911771421699,2446.3120236616087,99.81226167972704,24.5091332717339,-2.4764296030305353,0.04429777209837629,6.2786552804884215,225.39579873190098,250
2829,2802.2713734125923,1941.2287072237086,276.42832521250796,-14.710158169518413,2439.8141095786705,95.72578702440593,25.48753251782222,-2.4735418246384357,0.04259729729587679,6.2786552804884215,225.39579873190098,250
1277,699.4947527688963,883.2481332835531,276.5949061393543,-15.009018065749911,2436.8070161673822,106.12592847995283,22.961467108650027,-2.4722028194061845,0.04728356401891219,6.2786552804884215,225.39579873190098,250
2761,2212.3690147724037,1899.422304110108,276.43700545700716,-14.795041467107385,2433.804748032897,117.26560746402318,20.754633866366852,-2.4708643133701242,0.05231120948654222,6.2786552804884215,225.39579873190098,250
2254,1904.6713013520302,1519.581886045981,276.49493175991654,-14.837882621150149,2433.7972331056953,100.91986086905632,24.116137419804325,-2.4708609609068084,0.04501964726359605,6.2786552804884215,225.39579873190098,250
350,1309.2827662037146,264.30636549193474,276.684667435024,-14.918573866044714,2429.0803731604974,123.91524622071819,19.60275629710498,-2.468754690654484,0.05538506848449374,6.2786552804884215,225.39579873190098,250
2731,2732.82683341809,1873.7701968685947,276.4386704550141,-14.719902362252387,2427.6321607018763,103.48751523788036,23.458212859025828,-2.4681071840400213,0.046282298081469754,6.2786552804884215,225.39579873190098,250
922,617.9121003989078,652.1977467426593,276.62972785371244,-15.019832836794757,2421.191930838191,102.5774318159004,23.60355380298072,-2.465223022969302,0.045997310788975135,6.2786552804884215,225.39579873190098,250
2562,2339.3502612649636,1759.4450322395467,276.4573516306788,-14.77617785348785,2412.909135192429,97.44780846623958,24.761040532054366,-2.4615023974437715,0.04384710725684201,6.2786552804884215,225.39579873190098,250
1793,337.9238292022017,1213.1898076810921,276.54717824390934,-15.06244594420515,2412.16667284086,104.71306074340191,23.035967583373818,-2.4611682604087477,0.047130644548380195,6.2786552804884215,225.39579873190098,250
1356,1534.6060301993687,940.6146859335885,276.58283545776385,-14.888885419599635,2404.664788135051,106.07338337107642,22.66982264271532,-2.4577863382964398,0.04789186122498744,6.2786552804884215,225.39579873190098,250
2104,300.62189992113946,1413.1656450521298,276.51748431243504,-15.068615921535807,2402.7178376093652,105.7131516824514,22.728655795135293,-2.45690690973635,0.047767893085537284,6.2786552804884215,225.39579873190098,250
2111,656.9773577278072,1417.1838681916984,276.5154038665924,-15.017290949508473,2400.306219383725,108.20891991942122,22.18214747149436,-2.4558166043751433,0.048944765216947635,6.2786552804884215,225.39579873190098,250
800,692.8374732184407,568.643813494834,276.6418794789433,-15.008692277977453,2396.8178959468496,105.11819161903301,22.801171319930457,-2.454237575096005,0.04761597484472177,6.2786552804884215,225.39579873190098,250
2606,2727.7457964437795,1795.7701781674239,276.4503200786996,-14.720323095957877,2394.9832449569367,97.42470314227968,24.5829154999763,-2.453406177030182,0.044164818448855135,6.2786552804884215,225.39579873190098,250
991,1630.2596323419243,694.875822846109,276.61908412108363,-14.874086508843206,2378.2616644813825,102.10412614287169,23.292512793788,-2.4457990670087635,0.04661154464577781,6.2786552804884215,225.39579873190098,250
1590,1349.4487824008145,1086.821242778483,276.5618043565118,-14.91617068436174,2366.4105609417456,99.61325428048443,23.755980848477883,-2.440375215443507,0.045702175251145824,6.2786552804884215,225.39579873190098,250
1556,897.9001479303997,1064.0261308712318,276.5670984417515,-14.981158297745727,2363.3706283879437,105.53016457434846,22.395214088033512,-2.4389795630206805,0.04847910789029361,6.2786552804884215,225.39579873190098,250
1916,1481.5731463697382,1296.5905991936606,276.52995894154725,-14.897974461639453,2360.687336003233,117.62676397073841,20.069304436450306,-2.4377461539366667,0.05409754002376526,6.2786552804884215,225.39579873190098,250
485,2306.6504108928157,357.86565999918776,276.66646243763915,-14.77514765373837,2351.3330207410036,95.4735346891618,24.62811320850707,-2.4334353355088405,0.04408376682404466,6.2786552804884215,225.39579873190098,250
753,1003.4259583106859,529.7001011589061,276.6463762089475,-14.963766848971485,2350.9473342832644,99.19649887942202,23.69990232357848,-2.4332572288371086,0.04581031538344622,6.2786552804884215,225.39579873190098,250
1250,68.77144990141998,861.4296538945508,276.60080957173653,-15.099809315468665,2350.1874751000287,105.8986031017502,22.19280902923626,-2.4329062469289555,0.048921251859993284,6.2786552804884215,225.39579873190098,250
1709,1825.0190237067234,1161.6126145662047,276.54865297509133,-14.847919705903111,2344.597584115385,104.95967961303069,22.33807870564712,-2.43032076119781,0.04860310567916177,6.2786552804884215,225.39579873190098,250
2779,1937.5340420705866,1909.2250313987954,276.43668189531485,-14.834697917925153,2344.3835110364453,96.72146119511142,24.238503865313163,-2.430221623714543,0.044792368622788875,6.2786552804884215,225.39579873190098,250
2785,615.0857722335255,1914.8139596374072,276.44130777669443,-15.025286808413195,2337.9015733548877,102.08700270937668,22.901069786625754,-2.4272155363931764,0.047408265645042046,6.2786552804884215,225.39579873190098,250
1745,287.87308093721066,1182.8219412403105,276.5519197004551,-15.069535371882623,2336.8253037853137,99.87317843519428,23.397926654568558,-2.426715594946703,0.04640154728359284,6.2786552804884215,225.39579873190098,250
599,1186.3757144541285,428.2621419774331,276.66073332524957,-14.936975244727893,2335.845798902985,99.97070476563897,23.365302909276284,-2.4262604018009895,0.046466335327027375,6.2786552804884215,225.39579873190098,250
1606,1497.3034354034585,1096.5476882441567,276.55973302753915,-14.894897825962085,2335.1701844161435,103.38964702065125,22.586112359487135,-2.425946320617556,0.048069361504967434,6.2786552804884215,225.39579873190098,250
1523,2673.903593892185,1046.3136002487943,276.56227209256843,-14.725044820438587,2323.9562764498114,94.47563480571867,24.59847220110069,-2.4207198604693323,0.04413688749138733,6.2786552804884215,225.39579873190098,250
609,114.50996552850775,436.00389897381376,276.6641187876435,-15.091486635238088,2315.9719935551548,166.20397171929062,13.934516543724383,-2.416983236513243,0.07791443618393501,6.2786552804884215,225.39579873190098,250
1677,1405.421373281536,1143.689807864502,276.5530862653533,-14.908333283058091,2306.8982881109987,99.93351764527415,23.084329887191675,-2.4127210952187363,0.04703190455627651,6.2786552804884215,225.39579873190098,250
1194,2008.4292036245404,824.8889624257108,276.59809578797064,-14.820097843935402,2306.0322475182184,99.49826858482618,23.17660679243112,-2.4123134187405597,0.04684464855979529,6.2786552804884215,225.39579873190098,250
646,860.6455498882649,464.977953710354,276.6566372420264,-14.984079550633307,2304.8129188836465,116.22538978247694,19.83054583165733,-2.411739177261119,0.054748871222031474,6.2786552804884215,225.39579873190098,250
1923,1253.3816630827862,1300.3270878542137,276.53035510803863,-14.930879221740357,2303.271517264322,97.82640519937918,23.544476693895106,-2.4110128209498227,0.04611272588961442,6.2786552804884215,225.39579873190098,250
1917,1506.1987410038953,1295.768701612194,276.5299785826376,-14.894421617353148,2300.365522758162,101.22238041691406,22.72585878027598,-2.409642103042305,0.04777377218159478,6.2786552804884215,225.39579873190098,250
2037,1895.2183280261113,1369.8689027834935,276.5172995474452,-14.838642884885944,2299.2806575327268,102.40579890456088,22.452641179779157,-2.409129943007289,0.04835511293779465,6.2786552804884215,225.39579873190098,250
1020,2152.918231976844,716.0281374600767,276.61371660209164,-14.798813112369086,2297.1656366884417,97.82845830586756,23.48156841546242,-2.4081307559312144,0.04623626415367875,6.2786552804884215,225.39579873190098,250
1778,48.06498927710226,1206.5347325438224,276.5493794635121,-15.10417715022138,2297.1635200049204,103.40677147336221,22.21482681718454,-2.4081297554979173,0.04887276452500382,6.2786552804884215,225.39579873190098,250
1318,570.5536173585489,918.1763517318368,276.5902352130419,-15.027740491982446,2280.0840829008957,106.29700682431172,21.450124994294818,-2.4000271353677043,0.05061508966911701,6.2786552804884215,225.39579873190098,250
1650,1619.2105821875978,1130.460699853401,276.554162944285,-14.877462472555539,2267.5491399323364,99.672866765126,22.749913928689335,-2.3940417468345943,0.04772325747706903,6.2786552804884215,225.39579873190098,250
976,1550.5269373575609,687.6458939533615,276.62049978130085,-14.885551734606258,2265.4678055574477,96.8131930325488,23.400403752779777,-2.3930447153780614,0.04639663535168823,6.2786552804884215,225.39579873190098,250
183,1947.9754645795897,142.6801033696639,276.7000786127599,-14.825968956414812,2262.558325282298,160.05851111456073,14.135820141816065,-2.391649436987335,0.07680488214393179,6.2786552804884215,225.39579873190098,250
1270,1423.430517974146,877.9364565610376,276.59265290304796,-14.90465561928957,2260.5218711229245,99.87606010038364,22.633270363798037,-2.3906717615698967,0.04796920562291252,6.2786552804884215,225.39579873190098,250
1782,1560.0161276112199,1206.7328628769644,276.5430344314659,-14.886304570356735,2245.5625355829397,101.36718680033248,22.152755802586547,-2.383462863379224,0.049009703789233944,6.2786552804884215,225.39579873190098,250
414,202.33514483647627,305.1463200633404,276.68327807235704,-15.078292716995303,2240.1387531164655,111.09012451132074,20.16505754197964,-2.3808372762162064,0.05384065965295604,6.2786552804884215,225.39579873190098,250
1033,1715.036082675746,723.3507749522066,276.61447864923616,-14.861981427726326,2239.5282336470264,100.4636471232347,22.291926460721534,-2.3805413331928778,0.04870373145690248,6.2786552804884215,225.39579873190098,250
1262,2645.601192324684,871.3620804005955,276.58847162575626,-14.728404534745435,2239.0488578312215,97.68569916540719,22.920948275549854,-2.3803089041555916,0.047367150213332744,6.2786552804884215,225.39579873190098,250
2015,134.06398869714815,1359.4907053647132,276.5261883075464,-15.092396897748168,2230.395862805337,98.9153764140091,22.54852525122123,-2.3761048554182285,0.0481494903947742,6.2786552804884215,225.39579873190098,250
1619,1781.9039927452786,1109.8592436244599,276.5565525842677,-14.85392491315586,2227.826977215722,97.96022217712543,22.74215929387652,-2.3748536248273426,0.04773953018139013,6.2786552804884215,225.39579873190098,250
1018,701.0457799711537,715.8317725701108,276.6198817372921,-15.008112480713566,2223.792523599288,106.90893248860799,20.800811230962868,-2.3728856428125904,0.05219507969880957,6.2786552804884215,225.39579873190098,250
1022,109.83086418248594,717.9256315500531,276.62205801541955,-15.093312392519918,2219.3494829830597,105.36327414865477,21.06378622831925,-2.3707142192312505,0.051543439922511584,6.2786552804884215,225.39579873190098,250
1288,406.27501519014453,894.0319618458915,276.5945278335955,-15.051314150125828,2213.391480678547,103.97465862042544,21.287797527269152,-2.3677955633663803,0.051001048774972836,6.2786552804884215,225.39579873190098,250
2388,2924.252706566945,1624.4878619834185,276.4750342730619,-14.691297404119076,2211.7999294197507,95.62638611536242,23.12959863140142,-2.3670145779861915,0.046939854742054275,6.2786552804884215,225.39579873190098,250
1406,1297.5453336370033,970.14868794889,276.57942722198345,-14.923177895025606,2209.0499801317055,101.3976964658968,21.78599768166013,-2.365663833242779,0.04983476156861814,6.2786552804884215,225.39579873190098,250
1965,505.90705932928154,1326.160431054933,276.5296170760582,-15.0386947500604,2206.417581495698,101.19139208585835,21.804399919941886,-2.3643692519540735,0.049792702573164586,6.2786552804884215,225.39579873190098,250
1334,697.3021449896969,925.2403511121689,276.58864909475017,-15.009504441585918,2200.802226433647,109.13331205273417,20.166181938748455,-2.361602520155651,0.05383765768342465,6.2786552804884215,225.39579873190098,250
2891,2674.3995596111695,1987.2297535055934,276.42199754755984,-14.728778762128803,2198.6460350211564,100.53484662836897,21.869492109025025,-2.360538270672877,0.049644499953977315,6.2786552804884215,225.39579873190098,250
524,461.8340673660283,376.02374607934246,276.6716004859028,-15.041190140476806,2190.660853472771,104.56095696272531,20.95104059016708,-2.3565878472946586,0.051820815072524375,6.2786552804884215,225.39579873190098,250
2314,576.0594649616205,1568.400486229832,276.4931715961195,-15.02954902035123,2175.995169931426,117.6107958770744,18.501661804973704,-2.3492947958732477,0.05868121531159634,6.2786552804884215,225.39579873190098,250
767,932.4867159553372,540.9665553244545,276.64499561778734,-14.97403834754473,2169.6204247341957,102.45699899809465,21.1759122944304,-2.3461093799197994,0.05127051835615868,6.2786552804884215,225.39579873190098,250
2215,437.25731966121515,1496.5392886363586,276.5044726532348,-15.049261955547884,2167.873884012166,111.57800012015491,19.42922333862992,-2.345235012156986,0.055879742647322914,6.2786552804884215,225.39579873190098,250
644,2492.181687106741,463.47106558537604,276.64992760510717,-14.748832087134767,2165.952642581149,107.38225644383677,20.170489187978546,-2.3442723702498465,0.05382616107531338,6.2786552804884215,225.39579873190098,250
1725,967.4512196358256,1171.081609537336,276.5508334945665,-14.971567079792013,2164.9489405350905,101.15825882488767,21.40160344478423,-2.34376912368615,0.05072984380824958,6.2786552804884215,225.39579873190098,250
548,2951.494298119964,392.67849917601905,276.6585181432996,-14.682279157727647,2163.0045314737363,98.92148544304385,21.865871926469726,-2.3427935515269467,0.049652719253592,6.2786552804884215,225.39579873190098,250
2925,2047.9731458647836,2013.2945206929858,276.42070369466086,-14.819189918371714,2162.1147974030464,99.7150282240673,21.682938228173683,-2.342346851016128,0.050071627220212155,6.2786552804884215,225.39579873190098,250
1779,766.2616407991477,1205.8195465350452,276.5464908660092,-15.000699327362605,2154.505570378562,101.80447202943235,21.163172181234632,-2.3385190315072872,0.05130138292607615,6.2786552804884215,225.39579873190098,250
2635,1770.3434074346476,1814.412162573867,276.4515160520327,-14.858421220255947,2140.580646877963,99.83268170687344,21.441682325664548,-2.3314789648824883,0.05063501937534422,6.2786552804884215,225.39579873190098,250
170,759.994817423372,132.88404651398275,276.70661358492947,-14.997207378320146,2133.9376894095476,141.923278377882,15.035853975468132,-2.328104313205181,0.07220740516444112,6.2786552804884215,225.39579873190098,250
2481,1085.732810833809,1702.0144683878252,276.4711206201965,-14.956640595790882,2133.499057333247,98.11982486348221,21.743812326425004,-2.327881116585876,0.04993144641340384,6.2786552804884215,225.39579873190098,250
1533,608.8089906099902,1052.4429417094707,276.5700376465528,-15.022770654711904,2130.9872716400278,103.26133774667892,20.636835800711523,-2.3266021175361846,0.05260980949233346,6.2786552804884215,225.39579873190098,250
2216,460.1538527049682,1496.7103126814654,276.5043521476493,-15.045963995742374,2126.0076404359716,108.5997597361028,19.576540920552365,-2.3240620307086317,0.05545923584795216,6.2786552804884215,225.39579873190098,250
88,1634.5998786529815,80.8537870330811,276.7106393066124,-14.870898242754693,2125.671129687078,96.62383931644732,21.99944801122435,-2.323890163583253,0.049351238242253376,6.2786552804884215,225.39579873190098,250
1183,2054.6807157614576,817.9994515326359,276.5989275958742,-14.813400363808695,2116.8738649573497,95.48896225116953,22.168780716133742,-2.319387431132955,0.04897427665969296,6.2786552804884215,225.39579873190098,250
979,253.1229319276776,688.2015483008979,276.6258918091821,-15.072545680300705,2113.1731044856715,112.79612130285426,18.734448313270136,-2.3174876646843026,0.05795206679403355,6.2786552804884215,225.39579873190098,250
1331,446.43171314838406,924.7549267241715,276.5897741154241,-15.04565232463259,2112.888072232963,101.82705841364997,20.74977029828183,-2.317341206872256,0.05232347078511518,6.2786552804884215,225.39579873190098,250
1207,963.7311425549743,833.1102169561325,276.6012761666779,-14.970733144200175,2108.3443272316363,100.75869983944133,20.924687700330356,-2.3150038276940474,0.05188607904446092,6.2786552804884215,225.39579873190098,250
802,1202.589539613514,568.5785494014264,276.63973288558174,-14.935218783040204,2103.029393984849,96.75050237184435,21.736625055466977,-2.3122633354472732,0.04994795637453091,6.2786552804884215,225.39579873190098,250
161,190.64633711062476,128.08484154721282,276.70975369226284,-15.079243519788537,2099.5442464632506,202.9874066186775,10.3432241508822,-2.3104625571460264,0.10496726979540494,6.2786552804884215,225.39579873190098,250
180,1484.9309498535476,141.23484354075615,276.70227434393934,-14.892733466006582,2091.350869756585,95.80972264650524,21.828169542591503,-2.306217231592964,0.04973848118054807,6.2786552804884215,225.39579873190098,250
1190,1462.9747462270163,822.7671067508492,276.60071545298933,-14.898729173442035,2080.359515481934,100.91736944474425,20.61448417579892,-2.300495962479176,0.05266685262368072,6.2786552804884215,225.39579873190098,250
526,229.62789722958362,377.614616660526,276.6723466229437,-15.074658794816212,2079.24087294747,100.06073578270112,20.779787962611977,-2.2999119877625143,0.05224788635733171,6.2786552804884215,225.39579873190098,250
744,1235.0310906467387,522.4202590848391,276.6464810765211,-14.930351460938873,2077.6994661601784,106.40681766445469,19.525999477890938,-2.299106798803616,0.05560278751565704,6.2786552804884215,225.39579873190098,250
1639,485.627015835225,1122.365754249399,276.5601175299137,-15.040801285912927,2077.6569731713826,101.04737028982605,20.561217646854203,-2.2990845931627475,0.052803293007605924,6.2786552804884215,225.39579873190098,250
1566,3034.4556095060493,1068.5783381094468,276.5574311452252,-14.673133849931231,2073.1447174398927,91.11110637132406,22.75402857024669,-2.296724026839512,0.04771462761630124,6.2786552804884215,225.39579873190098,250
1291,148.77734791698487,895.3263563467985,276.59541441555666,-15.088419736784886,2066.2531067980453,101.4269888803814,20.37182735686746,-2.293108777272275,0.05329418814429548,6.2786552804884215,225.39579873190098,250
895,558.9875404478175,631.0090398327211,276.63313834984405,-15.028237712586796,2064.843104237574,96.81846813013347,21.32695490969991,-2.2923676224746394,0.050907408235115775,6.2786552804884215,225.39579873190098,250
300,1502.445457587839,219.93749315064412,276.69046158157835,-14.890538640423012,2059.351368842632,97.06664250970609,21.215850426027757,-2.28947611020076,0.05117400331348752,6.2786552804884215,225.39579873190098,250
1084,1355.906556738328,756.6068263253245,276.6110360693312,-14.913892085053597,2058.193822875837,102.49612119753765,20.08069962871222,-2.2888656544367496,0.0540668412990761,6.2786552804884215,225.39579873190098,250
2858,1263.4425974130259,1960.6121268927845,276.4318015263683,-14.932050744707196,2045.2374307123828,98.35939212935105,20.793514339969892,-2.2820093091327234,0.052213396073843864,6.2786552804884215,225.39579873190098,250
919,1376.1838452701102,648.0545153571632,276.62714271025345,-14.910522286036988,2031.5465539158613,109.89284303894419,18.48661384796383,-2.274716925454832,0.05872898135531631,6.2786552804884215,225.39579873190098,250
94,2554.110008469765,85.95078797878364,276.7059372312797,-14.738304311321603,2031.3900965173816,102.57953864567077,19.80307304299924,-2.2746333054150774,0.05482482429078428,6.2786552804884215,225.39579873190098,250
1477,731.1013815941054,1012.775135776785,276.57544499965996,-15.004988221349594,2030.3066561526066,101.26102111032169,20.050228941900865,-2.274054074355122,0.054149007632082934,6.2786552804884215,225.39579873190098,250
168,2327.725823843059,131.09668685052125,276.7001788704115,-14.771150572350914,2024.9580421219434,95.25855924694628,21.257491800526658,-2.271190050574779,0.05107375838070895,6.2786552804884215,225.39579873190098,250
2033,520.8475132446243,1368.7696181138608,276.52319552811514,-15.036711891949858,2004.4875512789004,101.55584974862343,19.737785230890363,-2.2601583869231137,0.05500617152834551,6.2786552804884215,225.39579873190098,250
198,2445.9393360097406,155.50469196585846,276.6960335344184,-14.754203020247466,1998.0906467020977,95.05731431970685,21.019851665300653,-2.2566879453890683,0.05165117324744314,6.2786552804884215,225.39579873190098,250
1640,1339.4369038956652,1126.016390255131,276.5559993145846,-14.917772641136528,1979.6406116178696,96.10074834874854,20.599637834596003,-2.2466158648854084,0.05270481009023491,6.2786552804884215,225.39579873190098,250
495,1177.9797371844359,364.2434517988362,276.670318879103,-14.93791962493766,1977.1631933876633,100.11145440984127,19.749620111335652,-2.2452562710561925,0.05497320930121805,6.2786552804884215,225.39579873190098,250
1457,380.57973381919044,1003.2733380760109,276.57833130496925,-15.055457713481283,1975.6668777260056,101.84437654624325,19.398880377346494,-2.2444342756068663,0.05596714753021789,6.2786552804884215,225.39579873190098,250
584,819.551353697905,420.3613971202557,276.6634682898883,-14.989818162943656,1972.8207768298307,106.33559413165808,18.552778991268035,-2.2428690609774233,0.058519535025507,6.2786552804884215,225.39579873190098,250
155,1650.5897839848446,121.18276302117809,276.7045566513675,-14.86876262715339,1966.1883093461947,93.58852410413346,21.00886116291854,-2.239212752133373,0.051678193862135804,6.2786552804884215,225.39579873190098,250
738,440.9285143905492,516.5308889269146,276.6507206703748,-15.044781432791671,1956.0222679462895,97.07106372975491,20.150415507878233,-2.2335844648669974,0.05387978225935454,6.2786552804884215,225.39579873190098,250
78,519.5161988834218,72.21741002201075,276.71669060724423,-15.031615146928788,1955.841734710746,104.24708697005465,18.76159604606092,-2.233484251020096,0.05786821106981182,6.2786552804884215,225.39579873190098,250
1075,1435.5356078011669,749.243412532998,276.6117981826522,-14.902382859585437,1955.2113136265252,99.22240721530487,19.705340441739832,-2.2331342322436436,0.05509673903934547,6.2786552804884215,225.39579873190098,250
2605,1809.742538081939,1794.9009411200288,276.45426297016354,-14.852664962940686,1955.1335059506673,101.1753739908335,19.324203398821165,-2.2330910244885245,0.056183428501183706,6.2786552804884215,225.39579873190098,250
1197,1842.3208457055914,826.9076910959736,276.5984966283836,-14.84405646781584,1941.21080410399,107.11282830658753,18.123046835694506,-2.2253317277748312,0.059907145296432394,6.2786552804884215,225.39579873190098,250
1720,2560.4216614301486,1167.407491503591,276.5446981247654,-14.741907552402944,1940.2691103839752,94.29624004007385,20.576314703103783,-2.22480490243594,0.05276455068196592,6.2786552804884215,225.39579873190098,250
757,1775.151921201761,529.9915829200816,276.64306033319946,-14.852513002554133,1935.7754200452619,99.28681290227881,19.4968028830829,-2.222287405827563,0.055686053067810756,6.2786552804884215,225.39579873190098,250
444,1819.3398437535238,330.5712355213638,276.6726109513743,-14.845309182521655,1933.434348269453,96.73123367154334,19.987694510694908,-2.2209735526909764,0.0543184207372726,6.2786552804884215,225.39579873190098,250
1285,1800.8098755958674,892.05970265333,276.58895549092824,-14.850309143005928,1930.5962418350246,98.11219724885628,19.677433550266656,-2.219378619425783,0.05517487822924384,6.2786552804884215,225.39579873190098,250
1715,2886.378013103854,1165.1993694271162,276.54365460692566,-14.694889462943243,1930.3151394250308,96.43719393936507,20.01629309785514,-2.2192205204516413,0.054240812456745,6.2786552804884215,225.39579873190098,250
2889,2114.085813926649,1985.8777250063438,276.42451924210684,-14.809551740374532,1928.3368117664795,92.7488548169121,20.790950093918152,-2.2181072082487603,0.052219835798537804,6.2786552804884215,225.39579873190098,250
899,2553.990850589195,633.0105563995468,276.62439113821705,-14.740626621660258,1926.9646939433878,95.89757807055899,20.09398707155645,-2.2173343721639975,0.05403108880948948,6.2786552804884215,225.39579873190098,250
671,1143.7455028186866,475.2615204192489,276.65390301533404,-14.943315352951478,1924.6823791185016,107.789071141628,17.85600672436996,-2.2160476539995053,0.06080306850009369,6.2786552804884215,225.39579873190098,250
1730,1896.204863163609,1172.5518307833747,276.54672274005856,-14.83770149277337,1924.6327663918637,93.87724712479692,20.501589313045454,-2.2160196665100456,0.05295686999783737,6.2786552804884215,225.39579873190098,250
362,770.03652371601,271.80713149098074,276.68584325493725,-14.99633893846808,1903.6193526267161,101.74314880246195,18.710049522082937,-2.2041002565336782,0.05802763903529916,6.2786552804884215,225.39579873190098,250
43,2432.1255963913068,41.26323105597586,276.71312234920737,-14.755710224095383,1901.4434619851381,105.10196909588205,18.091416158440342,-2.202858519605924,0.06001188577454061,6.2786552804884215,225.39579873190098,250
766,346.28350553221,539.6447447108721,276.64767099258285,-15.058514827706464,1899.9959686472575,99.85863792397728,19.026856445746144,-2.2020316770228887,0.05706144906783754,6.2786552804884215,225.39579873190098,250
1361,3013.512753223287,939.7661630648278,276.57671806321844,-14.675622017083963,1899.8901381706237,97.13441086320461,19.55939322930839,-2.2019711994312727,0.0555078568783593,6.2786552804884215,225.39579873190098,250
448,283.25422593346224,333.36110809787766,276.6787241310226,-15.066748713702014,1892.722180134675,99.9090459211135,18.944452553667027,-2.1978671570630586,0.05730965288779718,6.2786552804884215,225.39579873190098,250
1076,809.709986110694,751.0818953965846,276.6141639671066,-14.992596189486857,1891.4740913875576,105.5201767827198,17.925236187599992,-2.1971509705381527,0.06056823958342299,6.2786552804884215,225.39579873190098,250
76,852.6470461741676,70.4342840410096,276.7155356797786,-14.98359073464555,1889.512579734379,99.89257046173245,18.91544657425976,-2.196024447440235,0.05739753464120833,6.2786552804884215,225.39579873190098,250
1506,2311.8106444793593,1031.6911208158194,276.5659792573939,-14.777202263023227,1883.556354418295,90.81039795209679,20.741637487503205,-2.1925965244660595,0.05234398685514257,6.2786552804884215,225.39579873190098,250
1728,1388.7943684772429,1171.9823065761382,276.5489354256069,-14.910844402780514,1881.562425805998,101.18973713907076,18.594399778112486,-2.191446557725128,0.05838854778619852,6.2786552804884215,225.39579873190098,250
1648,605.7240553982881,1129.1169921567885,276.55860804475867,-15.023523865750244,1878.385961751963,116.62841070939405,16.105732302503757,-2.1896120629440414,0.0674107814291201,6.2786552804884215,225.39579873190098,250
601,2903.1548062093016,430.25551134711236,276.65312447977925,-14.689411237458446,1873.2442376083782,95.60718794295109,19.59313183362474,-2.1866359916063787,0.05541227452656532,6.2786552804884215,225.39579873190098,250
1543,583.7729117375967,1054.9621979037458,276.56976648080337,-15.026388361729028,1867.3625606470887,101.94489857376017,18.317371313052966,-2.183221596440644,0.05927160515801358,6.2786552804884215,225.39579873190098,250
379,1209.2508852154895,280.4049945006715,276.68269210612783,-14.933062302884352,1865.2710335554875,100.473675808402,18.564773494626202,-2.182004843246452,0.05848172617426596,6.2786552804884215,225.39579873190098,250
1843,2696.562796942898,1249.3912170780752,276.53190353261226,-14.722609656947414,1861.312259580649,94.19799497480467,19.759574076693436,-2.1796980729372084,0.054945516324696055,6.2786552804884215,225.39579873190098,250
209,188.7086910169148,160.53260375517834,276.70491922293274,-15.079657525423968,1850.2374109574885,254.04534944692261,7.283098923029317,-2.1732186231835486,0.14907115933397433,6.2786552804884215,225.39579873190098,250
1713,1122.342116204855,1163.4358882946094,276.5513261823545,-14.949213763577385,1845.2021759942727,97.59053021497863,18.907594537395624,-2.170259873538958,0.057421370965655735,6.2786552804884215,225.39579873190098,250
939,2941.100113548395,663.9841081429229,276.6181280775921,-14.684919080790497,1836.9545184933668,111.87296746295833,16.420003510692528,-2.165395987467819,0.06612057051589569,6.2786552804884215,225.39579873190098,250
676,51.98005002150902,481.2685525091882,276.6576266580183,-15.100681935363736,1834.8589188020705,342.0217617317423,5.3647431950286375,-2.16415667139612,0.20237688189922845,6.2786552804884215,225.39579873190098,250
1453,934.2668663926197,1000.5167712250604,276.5764221829216,-14.97566027332076,1834.6079170101148,116.82220624400176,15.704273836245177,-2.1640081366113106,0.0691340466500415,6.2786552804884215,225.39579873190098,250
1358,1846.6612448589265,939.2991868723298,276.5817170986036,-14.843892244490874,1834.2760870603379,99.23193202328734,18.484736210012294,-2.1638117391286547,0.05873494691322285,6.2786552804884215,225.39579873190098,250
1478,1724.8157348694951,1012.3995275150459,276.57132809288925,-14.861757779734804,1822.8111285668856,95.3524604995684,19.116561009719685,-2.1570041567173357,0.05679368791530984,6.2786552804884215,225.39579873190098,250
2357,2317.7243884539866,1601.2321662628049,276.48103309682807,-14.778661981701447,1822.0540158392978,91.64352704659923,19.881971750310452,-2.1565530976637466,0.054607259965704716,6.2786552804884215,225.39579873190098,250
1555,2035.1492019586135,1061.7212616133006,276.56266672836415,-14.817217323528055,1813.4438552467618,96.71048048289921,18.751265076874716,-2.1514102639202846,0.057900093436306664,6.2786552804884215,225.39579873190098,250
2069,2021.3394343931968,1389.2244194644702,276.5138855377482,-14.820538791803497,1810.9764911462407,92.95768812842594,19.481729027558014,-2.149932009914368,0.05572913977318007,6.2786552804884215,225.39579873190098,250
769,2030.8378347859627,541.9467092060285,276.6401913976243,-14.815694135727087,1810.6513463476294,97.89127228587127,18.496555454504623,-2.149737058088046,0.05869741545502681,6.2786552804884215,225.39579873190098,250
1735,1068.2359902611654,1173.9076232223522,276.5499902354603,-14.957053808671482,1808.9089143374003,98.62617471859234,18.34106330797799,-2.1486917257671445,0.05919504129990886,6.2786552804884215,225.39579873190098,250
1038,2698.0259506194275,728.6664073432619,276.6095202522902,-14.720250809832486,1808.1672417364753,93.06341624029763,19.42940969486478,-2.1482464706652666,0.05587920667949846,6.2786552804884215,225.39579873190098,250
2842,2920.5745406924602,1947.64458473742,276.4268776171742,-14.693124963786763,1806.427898809081,170.9697343419529,10.565775900406345,-2.147201558213889,0.10275629638881945,6.2786552804884215,225.39579873190098,250
750,1870.9169189123093,523.8794629938108,276.6435650372057,-14.838679176342422,1805.9235671218485,92.4207051283457,19.540248742031793,-2.146898392156678,0.055562240498229665,6.2786552804884215,225.39579873190098,250
2194,858.0296562554886,1483.0572129433162,276.5047377125275,-14.988583666154494,1803.242987749909,95.99925484054812,18.783926924693752,-2.1452856083935883,0.05779941565747446,6.2786552804884215,225.39579873190098,250
2293,1576.4566442708142,1550.131919926102,276.4917424167546,-14.885315561433137,1799.8671535045578,95.92622139420818,18.763036084867927,-2.143251106871162,0.057863769759287455,6.2786552804884215,225.39579873190098,250
974,1956.4420769598312,686.5592870966663,276.6189433008945,-14.827022418909007,1791.7979627229652,96.98461446570855,18.475074346524337,-2.1383725744738804,0.0587656633817146,6.2786552804884215,225.39579873190098,250
1155,1474.1057757548947,798.6949504883341,276.6042591059664,-14.89702578601917,1785.3685220636835,115.15074061898528,15.504620399891062,-2.1344696619050496,0.07002428772829733,6.2786552804884215,225.39579873190098,250
600,879.1456308818352,428.8770255806033,276.66194507081616,-14.98126378308251,1770.591296178769,102.89278235615618,17.208119516585633,-2.1254457908115536,0.06309230935742713,6.2786552804884215,225.39579873190098,250
1017,598.4133359260301,714.905977330274,276.62045234584815,-15.022899150647879,1765.950234338292,101.83819800003646,17.34074511351487,-2.1225961300806335,0.06260976635622406,6.2786552804884215,225.39579873190098,250
174,1216.990324517869,136.63765696357694,276.70410436661535,-14.931345017707708,1763.2013294180942,100.09549721815934,17.6151912765384,-2.120904739872552,0.06163430092559025,6.2786552804884215,225.39579873190098,250
1927,214.1927130427703,1302.0920170995016,276.53442344451844,-15.080625849232204,1761.727622588398,109.0340084236531,16.15759750612104,-2.1199968878419373,0.06719439567600942,6.2786552804884215,225.39579873190098,250
2933,331.8008017665915,2022.056770267361,276.4264646873641,-15.06651071358948,1760.9623917780118,119.65198756956492,14.717368491302322,-2.1195251808194557,0.07376998140949095,6.2786552804884215,225.39579873190098,250
851,1298.0790183412485,604.1270251973272,276.6340257581548,-14.92160041673882,1758.0703391086718,96.18134449936124,18.27870413186361,-2.117740595544907,0.05939698964257525,6.2786552804884215,225.39579873190098,250
2271,1184.5459569227855,1532.660277110033,276.49597914694857,-14.941729273158785,1757.6697271400335,95.03052610354963,18.49584338010289,-2.117493160346572,0.05869967525611479,6.2786552804884215,225.39579873190098,250
998,1692.431538330457,700.2679241585814,276.61801685460966,-14.865145195097353,1752.9356431012275,106.33530484502711,16.484982533843795,-2.114564907802717,0.06585994239126731,6.2786552804884215,225.39579873190098,250
2500,493.5113976876027,1716.093298693185,276.47146946180294,-15.042023219293696,1750.7907809736498,101.60785547350265,17.23086047643454,-2.1132356060963837,0.06300904133515776,6.2786552804884215,225.39579873190098,250
1357,1680.1222889281623,940.2316625125402,276.5822797873532,-14.86790607610324,1748.548540325064,95.11532764421277,18.383457047697544,-2.1118442107719515,0.05905853274403466,6.2786552804884215,225.39579873190098,250
1504,139.04324524399027,1030.1855887487363,276.5753247686145,-15.090365212703903,1746.9726019866066,109.1783418965125,16.001091165521817,-2.1108652131594074,0.06785162266554676,6.2786552804884215,225.39579873190098,250
662,250.89944122007682,472.020222037461,276.6581666820247,-15.071981930390852,1742.8225500721455,103.65334079499694,16.81395444377483,-2.1082829047184406,0.06457136562553063,6.2786552804884215,225.39579873190098,250
897,1325.3366774817384,631.1874893175666,276.62987383080383,-14.917782715529478,1742.0901741650596,98.19528281935223,17.74107802479622,-2.1078265563892606,0.06119695761906615,6.2786552804884215,225.39579873190098,250
1090,2968.016200798749,759.294696438301,276.6038085546574,-14.681434491371116,1740.5225135928486,93.22517574152165,18.67009098935531,-2.106849091418226,0.05815183228721319,6.2786552804884215,225.39579873190098,250
2142,1566.8006376661806,1440.6679821781042,276.50811116985244,-14.886269134815281,1737.31678943726,92.67043502503857,18.747260536414394,-2.1048475200627594,0.05791246128420485,6.2786552804884215,225.39579873190098,250
349,658.9933963171472,265.4608256308575,276.6872621357748,-15.012317490317953,1733.8635486478015,111.49267103696926,15.551367928685456,-2.102687269415674,0.06981379419345866,6.2786552804884215,225.39579873190098,250
2625,251.27131526993762,1807.4655021323267,276.45882983162534,-15.077275938116276,1731.482276668903,100.64639082798591,17.203620143996698,-2.1011951045708703,0.0631088102918188,6.2786552804884215,225.39579873190098,250
418,1174.6809498499877,308.75327894683676,276.6786105132279,-14.938164158692494,1728.934821071016,103.97372651839355,16.628574150077785,-2.0995965312231104,0.06529122642754799,6.2786552804884215,225.39579873190098,250
2746,225.51810801024772,1887.9941604864948,276.4469143840268,-15.081299139382729,1718.381645196685,122.84306336306747,13.98843042620926,-2.0929490411962353,0.07761414018014423,6.2786552804884215,225.39579873190098,250
2498,1266.7115918630284,1713.8427106687914,276.468605975401,-14.930607634626458,1718.3570508991688,99.45922263103346,17.277000618372053,-2.0929335015107338,0.06284076871800805,6.2786552804884215,225.39579873190098,250
2514,170.1160473708951,1724.3897458189901,276.4715661652014,-15.088641050084291,1716.739281772505,127.41983102842413,13.473093378922657,-2.091910839860804,0.08058283049522035,6.2786552804884215,225.39579873190098,250
1153,1319.7034239840175,799.3832216993869,276.60480787260616,-14.919286297919543,1715.1745814986498,97.27447047178397,17.63231990038089,-2.09092080810458,0.06157442730928147,6.2786552804884215,225.39579873190098,250
2021,1136.4323114263661,1362.418694098253,276.52157946897,-14.947983156922998,1703.4314489196113,94.18532640581635,18.085953660977246,-2.083461630747717,0.06003001115404472,6.2786552804884215,225.39579873190098,250
2803,816.7878122640544,1921.86093947727,276.4394252519968,-14.996255761682887,1698.6296360331035,97.65184227176962,17.394752587521474,-2.080396720723333,0.06241537466757947,6.2786552804884215,225.39579873190098,250
1761,2540.112957585692,1197.083250502725,276.54035941074164,-14.744957596509506,1690.274615221555,96.114306485715,17.586087618212925,-2.0750431513726886,0.06173630107901893,6.2786552804884215,225.39579873190098,250
1809,1091.7844759697887,1224.5537078806544,276.54233533022165,-14.953864062686838,1689.9897677818371,98.00884962280016,17.243236445341246,-2.0748601661716366,0.06296381792603285,6.2786552804884215,225.39579873190098,250
2019,2752.7490089118983,1361.6235702588779,276.5149368275188,-14.714964564036153,1683.227286288602,91.68806698611054,18.358193619062636,-2.0705068851880135,0.0591398055020315,6.2786552804884215,225.39579873190098,250
1167,806.1470912267217,808.0177173771694,276.60568343558367,-14.993342043784388,1680.9477988442814,101.61334693606915,16.542588641449466,-2.069035545342307,0.06563059890636747,6.2786552804884215,225.39579873190098,250
1692,440.10676252436053,1155.5260038944286,276.555358552167,-15.047493019486433,1672.925378240543,96.99281004375874,17.247931856864394,-2.0638414019435616,0.06294667726020203,6.2786552804884215,225.39579873190098,250
363,738.8569161218053,273.50292252676,276.68572276734346,-15.000840054295892,1670.236230685361,98.69606065855255,16.923028331026156,-2.06209472868523,0.06415518421188904,6.2786552804884215,225.39579873190098,250
747,102.75977610575238,524.5927567019806,276.65094555406,-15.093542832198306,1666.5706706759956,120.94629958235498,13.77942670781086,-2.059709314766222,0.07879137666769342,6.2786552804884215,225.39579873190098,250
816,1872.8691249401352,576.6850533248682,276.6356822542671,-14.838617254863506,1661.633123970154,93.67516670871527,17.73824570963438,-2.056487831056131,0.06120672910795858,6.2786552804884215,225.39579873190098,250
2845,3005.966541176881,1950.570920840258,276.4260867743364,-14.680823004352739,1653.361655376546,216.28394471140865,7.644403090495943,-2.051069631539186,0.1420254776137876,6.2786552804884215,225.39579873190098,250
1341,2000.8441704358174,932.1459215876345,276.5821337048195,-14.821632746197286,1652.8893611312524,94.07801858748824,17.569347079670273,-2.050759439141608,0.06179512505938699,6.2786552804884215,225.39579873190098,250
2859,1718.461307897464,1962.4790175645896,276.4296446712799,-14.866484028351264,1651.5413419661345,95.87080281055148,17.226739461332297,-2.049873602260784,0.06302411448417142,6.2786552804884215,225.39579873190098,250
2428,1007.2717366438095,1658.0037378949562,276.4780127177471,-14.967772579587434,1647.01377884252,95.30760862037329,17.281031416944487,-2.046893059502097,0.06282611111599762,6.2786552804884215,225.39579873190098,250
2050,1567.5743166300297,1381.0586219966226,276.51699966234,-14.885918233461437,1643.17731645827,94.27808576150575,17.42904836459024,-2.0443610558123946,0.062292557647941615,6.2786552804884215,225.39579873190098,250
2965,385.597092628645,2048.5930262965153,276.42228268520495,-15.058864667604727,1640.683822745952,110.513629484405,14.845986240796437,-2.0427122181756348,0.07313087742305195,6.2786552804884215,225.39579873190098,250
1528,104.73012822102513,1047.9912610753331,276.57281026518797,-15.095380005054192,1634.424021253566,100.30593903959458,16.294389314359506,-2.038561819645338,0.06663029703379077,6.2786552804884215,225.39579873190098,250
71,2400.6679262994267,65.717248823042,276.70961217067804,-14.760351856249155,1633.1314501810848,102.99402228724814,15.856565399750249,-2.0377028342073946,0.0684700609891913,6.2786552804884215,225.39579873190098,250
702,1008.4594833998292,492.16838953686,276.6519542555973,-14.962886305002451,1632.7041830889211,105.44917239133613,15.483328565441322,-2.0374187419224157,0.07012058133438276,6.2786552804884215,225.39579873190098,250
1230,179.79902133536297,848.6101051219871,276.60225747542967,-15.083761501239136,1631.7030692485132,100.3597054909992,16.258547803280003,-2.0367528044387195,0.06677718164847236,6.2786552804884215,225.39579873190098,250
730,2176.553542946245,513.9775087165336,276.6437421130593,-14.794564213069606,1631.134881883292,94.59097214435502,17.24408624740659,-2.0363746663828417,0.06296071501981053,6.2786552804884215,225.39579873190098,250
699,1040.512302426702,491.17764135082984,276.65196623924214,-14.958262019293876,1628.5263671223074,94.70283708962066,17.196172967671234,-2.034636964637257,0.06313614093328286,6.2786552804884215,225.39579873190098,250
1040,387.87455343345937,731.4936354815638,276.6188633409991,-15.053305581930633,1623.8689176386251,100.40120912354229,16.17379842149587,-2.0315274010448503,0.06712708862236375,6.2786552804884215,225.39579873190098,250
888,2712.539133599728,624.9470047320108,276.6249188929312,-14.717724760477783,1621.3910195094504,95.73200150452857,16.936771341114717,-2.029869386410907,0.06410312674909995,6.2786552804884215,225.39579873190098,250
2200,78.56642209144856,1487.216745261296,276.50735119365515,-15.100896418671352,1619.2348298091965,115.04593449011008,14.074681013159957,-2.0284245707017123,0.07713851553615038,6.2786552804884215,225.39579873190098,250
302,2877.9500673712723,229.25097261624884,276.68318927316085,-14.692196805134841,1612.326454062888,95.37581181715188,16.90498275552225,-2.0237824275199516,0.06422366799784761,6.2786552804884215,225.39579873190098,250
858,641.7298773286726,606.6425864091466,276.636425220262,-15.016213737574542,1606.7566380578646,100.7089548501589,15.954456487494065,-2.0200252353306074,0.06804995211532454,6.2786552804884215,225.39579873190098,250
739,813.7472438927116,518.1039418339291,276.6489092627669,-14.991058283695779,1605.290576697953,96.76710417480615,16.58921789989763,-2.019034119135257,0.06544612329232832,6.2786552804884215,225.39579873190098,250
1102,436.95814686089165,768.369602766388,276.6131533526766,-15.046382994209596,1593.1173149145325,93.87821663136553,16.970042381293574,-2.010769372851087,0.06397744776387769,6.2786552804884215,225.39579873190098,250
1714,2801.0257654825173,1164.7306887893956,276.5440840815549,-14.70719754715456,1590.9099513178662,93.81511749605959,16.957927397838493,-2.009263974336866,0.06402315415847261,6.2786552804884215,225.39579873190098,250
72,288.80098723135995,64.83654732720606,276.7187751582466,-15.064835208739852,1589.3613862626953,274.01635610963007,5.800242762248887,-2.00820662224314,0.1871818205724633,6.2786552804884215,225.39579873190098,250
2070,1117.5799206009178,1390.3741823131904,276.51748707871684,-14.950811971512996,1589.253424630544,91.93629309687,17.286464040441615,-2.0081328681963178,0.06280636673064018,6.2786552804884215,225.39579873190098,250
2278,1672.944072539535,1539.096917758041,276.4929867352596,-14.871363946352533,1581.1161296501232,94.63406354573989,16.70768505978733,-2.0025594011169625,0.0649820723885383,6.2786552804884215,225.39579873190098,250
2141,1435.2968827426396,1440.446958231283,276.5086924703745,-14.905222487543838,1580.8046718900296,96.08812210899228,16.451613760303594,-2.0023455052045054,0.06599352597370757,6.2786552804884215,225.39579873190098,250
52,2883.868662536491,50.2031339740586,276.70984771419637,-14.690580296045972,1577.5034040773899,186.61477069636774,8.453261219306551,-2.0000757410111776,0.12843563825051932,6.2786552804884215,225.39579873190098,250
434,1133.1761537632385,319.29652770833934,276.6772142885946,-14.944191326673971,1577.0106019437662,103.8494408955406,15.185547349552314,-1.9997365108656857,0.07149561191365339,6.2786552804884215,225.39579873190098,250
2310,2675.438212856706,1563.3926823946226,276.4851815496039,-14.726931285749783,1575.5559139646648,88.99080250455702,17.704705088865605,-1.9987345288236502,0.06132268199614299,6.2786552804884215,225.39579873190098,250
126,2157.512946743775,107.03668803303763,276.70449545336436,-14.7955986979341,1571.6956084994163,94.24030691717637,16.677530665097578,-1.9960710775697552,0.06509956550534982,6.2786552804884215,225.39579873190098,250
2237,1262.1130772076233,1507.117357184924,276.4994674639739,-14.930448935275573,1567.3323009771848,93.01921873631215,16.849553482277756,-1.9930526883504633,0.06443494191949549,6.2786552804884215,225.39579873190098,250
1559,1060.069866074424,1064.690824248382,276.5663195812691,-14.957789487078626,1564.946454707373,98.79672572366388,15.840063962084683,-1.9913986847466092,0.06854138989582167,6.2786552804884215,225.39579873190098,250
1550,2460.6203796875607,1057.826425319422,276.5614553613118,-14.755850600386886,1564.265064915293,93.9443964467498,16.650967211247774,-1.9909258438575432,0.06520341949064717,6.2786552804884215,225.39579873190098,250
1510,3028.615688273798,1033.5823208402624,276.5626716945007,-14.673831721566117,1560.16566666773,92.41473904944871,16.882216870546223,-1.9880767695579489,0.0643102744340514,6.2786552804884215,225.39579873190098,250
92,463.98584738368106,86.84350569341382,276.7147447485493,-15.039679580700058,1559.423916339496,101.45698901972047,15.370295643569577,-1.987560454715882,0.07063624702978444,6.2786552804884215,225.39579873190098,250
2667,487.9616052528553,1837.5418121253051,276.45336492885906,-15.04329840461308,1555.493290861632,98.65493780065565,15.767008986460427,-1.9848203339550876,0.06885897007684344,6.2786552804884215,225.39579873190098,250
99,1042.649961488364,91.98737590785727,276.7115091821952,-14.956291364853765,1552.525178287411,95.0091915025421,16.340789282959758,-1.9827466086582262,0.06644109909257398,6.2786552804884215,225.39579873190098,250
713,169.33777026143983,507.3963642984369,276.6532312408012,-15.083879432383366,1533.3911631033116,105.63534555108855,14.515891012650835,-1.9692823685666307,0.0747938930551211,6.2786552804884215,225.39579873190098,250
369,2343.0806899454733,275.1344421312975,276.6786404141462,-14.769544962988098,1532.5958250134136,91.79868191458756,16.69518334086093,-1.9687190736916416,0.06503073238751347,6.2786552804884215,225.39579873190098,250
655,1191.9714004166499,469.1544923309971,276.65460949579693,-14.936338165399073,1529.2435091411025,99.878758017609,15.310998449454999,-1.9663415928577406,0.07090981059035023,6.2786552804884215,225.39579873190098,250
2018,1835.8801296709328,1360.6787775561165,276.51891830597816,-14.847159984027057,1526.0094507694012,98.43753239130797,15.50231312893158,-1.9640430364894244,0.07003470972172439,6.2786552804884215,225.39579873190098,250
403,1131.8382295912713,296.9613998577185,276.68055182866067,-14.944291155195327,1518.5360309665557,114.59618110432703,13.251192285230676,-1.9587127309976102,0.0819322500670437,6.2786552804884215,225.39579873190098,250
2359,358.82399812746894,1602.1275068908226,276.4890372346582,-15.060978034679248,1515.1088009023515,96.98772433521863,15.621655330995102,-1.9562595306053066,0.06949967701859677,6.2786552804884215,225.39579873190098,250
1973,437.80151569514544,1330.2302400032859,276.52929310281866,-15.048523293242576,1499.9355291228567,102.2531908381469,14.668838369034894,-1.9453314593792452,0.07401404069540045,6.2786552804884215,225.39579873190098,250
511,119.7199430809046,369.3026097375054,276.67405248005406,-15.090461685083199,1493.6203800907533,290.6606222972742,5.138709083761431,-1.9407505553828417,0.21127874380568937,6.2786552804884215,225.39579873190098,250
2390,1143.2708598640081,1628.1208676266215,276.48190762031425,-14.948056709261415,1486.731083131599,104.81404719041535,14.18446403878155,-1.9357310316461636,0.0765414891272312,6.2786552804884215,225.39579873190098,250
234,2315.5806545326013,177.54250454825254,276.6933069187755,-14.773099049295398,1476.9780797813291,99.73746326477112,14.808658967598001,-1.9285851030238597,0.07331521391474809,6.2786552804884215,225.39579873190098,250
1944,115.94456591092488,1313.4432973883643,276.5331375497176,-15.094824281382335,1472.580546379948,108.05606726581557,13.6279302369707,-1.9253476255783653,0.07966727016657639,6.2786552804884215,225.39579873190098,250
842,505.7905434384506,597.2239537065367,276.6384045966857,-15.035765427837752,1472.0421373851423,93.12035589049415,15.807952228148757,-1.9249505830992961,0.0686806225329253,6.2786552804884215,225.39579873190098,250
997,628.2623097885966,699.7978190831842,276.6225811049776,-15.018535935686627,1466.9109771418298,100.2331119736167,14.634993848419564,-1.9211593745348048,0.07418520371412696,6.2786552804884215,225.39579873190098,250
1581,2069.1461452910467,1080.7580756763246,276.5596848953779,-14.812393347549968,1466.3590262905927,96.9422122701045,15.126114743543926,-1.9207507704657578,0.07177652810437622,6.2786552804884215,225.39579873190098,250
2246,2299.3965901912798,1514.1561731665922,276.4940935562042,-14.78095410426058,1465.120474841271,94.3720647144777,15.524938224823067,-1.9198333223106676,0.0699326454171687,6.2786552804884215,225.39579873190098,250
1848,1494.1238973224079,1253.5883383168577,276.53632108474756,-14.895991952380975,1460.6088602584932,98.18047095984463,14.876775859588978,-1.9164848053317738,0.07297952259596632,6.2786552804884215,225.39579873190098,250
286,2083.5937834064634,211.5401625410132,276.6892312129226,-14.806701246447327,1458.8141723457811,93.45053486751009,15.61054920032316,-1.9151499128774983,0.06954912258804608,6.2786552804884215,225.39579873190098,250
777,766.8434588289717,548.5779279781244,276.6445607229854,-14.997943873253995,1458.36382378712,104.4340106227904,13.964452912324184,-1.9148146849692724,0.07774740670591017,6.2786552804884215,225.39579873190098,250
314,264.27545413754973,237.17449838216493,276.6931598216552,-15.069085842672438,1456.953890637873,110.43907403017847,13.19237691398741,-1.9137644971436347,0.0822975273583088,6.2786552804884215,225.39579873190098,250
755,1201.2906156021368,530.030528365989,276.64548881247,-14.935246748869238,1456.1275805459882,95.5803068642134,15.234598300826157,-1.9131485481452608,0.07126541695169762,6.2786552804884215,225.39579873190098,250
2387,1935.920278668502,1625.4482480944496,276.47901245699,-14.833801996488265,1444.9321532720642,91.00874753713809,15.876849120271963,-1.9047686165507662,0.06838258597631634,6.2786552804884215,225.39579873190098,250
1880,517.8608405588756,1275.5068181352267,276.537127245563,-15.036770342969678,1444.2789465024543,100.28514890651078,14.401723109060347,-1.9042776795949325,0.07538681252085519,6.2786552804884215,225.39579873190098,250
1304,637.9056341190517,906.0261318707398,276.59176571872047,-15.017985804340702,1435.7389339787915,96.28520980653742,14.911313345669315,-1.8978386723754421,0.07281048790483095,6.2786552804884215,225.39579873190098,250
85,444.43762962597134,75.94883599146,276.71645378542735,-15.04245146657061,1431.8717511964933,104.26885022201245,13.732497751223955,-1.8949102812069945,0.07906063555723018,6.2786552804884215,225.39579873190098,250
514,663.6178798611218,371.36709173150444,276.6714399075617,-15.012090035688265,1429.5752241215378,111.64711929212696,12.804407611996016,-1.893167510400927,0.08479111512998419,6.2786552804884215,225.39579873190098,250
2710,856.3861078978622,1861.7642316691579,276.44823052970895,-14.99031544367344,1427.849843851509,101.20795469797056,14.108079232631113,-1.891856324274079,0.07695590463433487,6.2786552804884215,225.39579873190098,250
1202,1310.6481234756538,830.9986559027806,276.60012988660276,-14.920721101425443,1425.5192615644482,101.24623356513186,14.079726340115254,-1.8900827029608518,0.07711087373244449,6.2786552804884215,225.39579873190098,250
2267,2425.9830649280098,1535.8733751752366,276.4903266576141,-14.762790008122124,1417.4379544755357,91.4835758504598,15.493906324699173,-1.8839101223316537,0.07007270969937789,6.2786552804884215,225.39579873190098,250
1912,2022.6250843049709,1293.928507520068,276.52809152007416,-14.819968005093381,1414.5481778930407,93.06225220399041,15.200020893459381,-1.881694337365491,0.07142753339682449,6.2786552804884215,225.39579873190098,250
2176,1405.604884295431,1467.420122300154,276.5047923724709,-14.90960995471766,1412.8493575276516,91.90946081598595,15.372186334074463,-1.8803896244802776,0.07062755917766908,6.2786552804884215,225.39579873190098,250
1342,1091.4706965533946,932.0984389557412,276.58597005006254,-14.952725646594114,1412.6457210425433,98.00611041660575,14.413853534617882,-1.8802331241157564,0.07532336841029116,6.2786552804884215,225.39579873190098,250
564,365.8524428197862,405.9064625540194,276.6675475007788,-15.055145207131028,1407.9002876594895,95.38294747559007,14.76050305553613,-1.8765797224858627,0.07355440366192624,6.2786552804884215,225.39579873190098,250
2921,518.6375432679228,2007.034097142699,276.42793987678743,-15.039539631738062,1405.0725286615198,95.10962791512067,14.773189207673678,-1.8743968351584055,0.07349124043141965,6.2786552804884215,225.39579873190098,250
1963,814.5569910044968,1323.463020222939,276.5287340112331,-14.994211458447197,1403.1007260183542,95.9413311023505,14.624570139865186,-1.8728721016921956,0.07423807945236525,6.2786552804884215,225.39579873190098,250
925,1347.6267890886124,653.7725707413911,276.6264105792129,-14.914662575222106,1402.3210070254718,100.50454863909371,13.952811350470606,-1.8722685780565607,0.07781227544249576,6.2786552804884215,225.39579873190098,250
2831,937.0092660383622,1944.1872350045287,276.43559807918126,-14.979021977883168,1399.7590519460791,95.96101302890233,14.586747344199964,-1.870283189986828,0.07443057553414745,6.2786552804884215,225.39579873190098,250
751,717.5380554500247,524.9370240128137,276.64829675858937,-15.004952651825242,1392.625680004261,99.24489794969881,14.032214338213116,-1.8647359765686686,0.07737196523882736,6.2786552804884215,225.39579873190098,250
2774,1228.5173953871845,1905.8341975562473,276.44011869477424,-14.936868500281278,1388.7545978651906,93.42755855569894,14.864506997014734,-1.8617137528351957,0.07303975841365228,6.2786552804884215,225.39579873190098,250
360,1766.3710318978353,269.71866212568517,276.6819113603166,-14.852692013262189,1384.0670517814287,99.22501625935612,13.948771226841924,-1.8580428038986565,0.07783481299849294,6.2786552804884215,225.39579873190098,250
1460,1765.1770670449318,1003.292752274681,276.57251646365535,-14.855901826702144,1375.9519621439104,92.18041721806308,14.926727429416403,-1.8516581580177656,0.07273530016099773,6.2786552804884215,225.39579873190098,250
1611,793.1869269529179,1101.2391415841585,276.5619841397217,-14.9963985852442,1374.3611156729603,103.57189839551847,13.269633336492252,-1.850402126610808,0.08181838732606597,6.2786552804884215,225.39579873190098,250
2228,748.2025322294166,1503.552339024044,276.50213548445424,-15.004490011292248,1374.2583907915541,92.08519995440278,14.92377050244813,-1.8503209715999658,0.0727497115974746,6.2786552804884215,225.39579873190098,250
1320,76.14835468780393,919.0941701643994,276.59217086608874,-15.098979238696584,1367.986067510501,98.93284773767613,13.827420303696943,-1.8453541639692554,0.0785178996627248,6.2786552804884215,225.39579873190098,250
1908,321.97010650573793,1293.5675831929718,276.53524739358687,-15.065065107607335,1365.652239823292,93.18747063449537,14.65489116213619,-1.843500281672894,0.07408448060024635,6.2786552804884215,225.39579873190098,250
372,1960.5297783603419,276.6329785931414,276.68005157213054,-14.824722800914575,1365.0390440863412,89.14062234920046,15.313321896485332,-1.84301266241888,0.0708990516452989,6.2786552804884215,225.39579873190098,250
2530,518.2361251353708,1732.6147425562042,276.46890136862925,-15.03852619215222,1356.0090445902897,97.72226110971268,13.876152978776247,-1.8358064440401314,0.07824214691641063,6.2786552804884215,225.39579873190098,250
2391,1449.0545526532594,1628.7575274890507,276.4805431991271,-14.903991386786787,1354.1653018735087,106.69868553545595,12.691490013000394,-1.8343291822312717,0.08554551111712452,6.2786552804884215,225.39579873190098,250
185,1683.382541352789,143.47877124494968,276.70109144675615,-14.864127965336003,1353.7887988568837,96.5476336590933,14.02197803870647,-1.8340272694633453,0.07742844818348868,6.2786552804884215,225.39579873190098,250
1500,1648.0784987653378,1028.0524722907367,276.5693162519177,-14.872884286131272,1348.7211758483172,92.01508085491191,14.657610071276922,-1.8299554190185263,0.07407073832094495,6.2786552804884215,225.39579873190098,250
1539,1218.1589593980202,1054.5201181606205,276.5671739248484,-14.93496327034991,1347.668780881082,94.60323699741215,14.245482751482882,-1.829107898152488,0.07621363339806679,6.2786552804884215,225.39579873190098,250
2444,372.43792797903603,1669.6018784901314,276.4789092233623,-15.059282256696626,1341.5868422165804,98.04195518691874,13.683803425368467,-1.8241969538714133,0.07934197578337145,6.2786552804884215,225.39579873190098,250
230,858.9189829211114,175.16740231417302,276.6998835190722,-14.983124760059708,1339.703648256167,93.39502843673425,14.344485682807857,-1.8226718284089767,0.07568762129277543,6.2786552804884215,225.39579873190098,250
670,1073.1609175659312,473.9808705293301,276.65439335924316,-14.953484740990818,1338.557679253805,90.01150120078196,14.870962725840823,-1.821742703160036,0.07300805065655985,6.2786552804884215,225.39579873190098,250
1069,2298.030977439938,748.0738473964584,276.60832368152205,-14.77801971912246,1337.8694749607384,94.38075589563323,14.175235854649882,-1.8211843406187322,0.07659131820680497,6.2786552804884215,225.39579873190098,250
910,2962.8575116262573,638.128910714206,276.6218889100926,-14.681672300755121,1335.878593161775,98.16882587541448,13.607971586184917,-1.8195674546646792,0.07978411720834458,6.2786552804884215,225.39579873190098,250
1607,1049.3703751425642,1097.6911201659343,276.5614407841237,-14.959465011794714,1333.5765833776095,101.15504338216513,13.183490795800848,-1.8176948808092375,0.08235299867208258,6.2786552804884215,225.39579873190098,250
24,1578.3194674030087,34.487743248624106,276.71779489667864,-14.878817871245326,1326.6746685419348,102.09319536148135,12.994741361993599,-1.812061070372922,0.08354918114610606,6.2786552804884215,225.39579873190098,250
2566,1709.391770854617,1764.8155498225515,276.45916662723056,-14.867009808974089,1326.3381473370973,91.69982597973572,14.463911279724762,-1.8117856301220998,0.0750626838759661,6.2786552804884215,225.39579873190098,250
1900,1817.1934391055634,1286.8297853770896,276.5300106253754,-14.849555529505125,1324.910718012252,91.83933315319182,14.426397410815754,-1.8106165117735937,0.07525787409585913,6.2786552804884215,225.39579873190098,250
1985,1069.1429227674964,1338.4951026866886,276.52542954493913,-14.957584636010301,1321.893240590478,98.47179949119685,13.424079253356716,-1.8081409329589482,0.08087705529066501,6.2786552804884215,225.39579873190098,250
1688,157.6006825549477,1153.5422188562468,276.55683355414834,-15.088186107387692,1321.3223668880673,100.56638164051087,13.138807873304282,-1.807671944916554,0.0826330676625502,6.2786552804884215,225.39579873190098,250
493,528.4079414054236,365.252121255244,276.6729257281287,-15.031551362388273,1317.3333325879212,95.94041730863155,13.730744242545665,-1.804389180695363,0.07907073213379674,6.2786552804884215,225.39579873190098,250
1180,770.699575409729,816.3854373759457,276.604584017741,-14.998484691423652,1315.363217586797,98.93229862651965,13.29558936614258,-1.8027642113585856,0.08165865913133205,6.2786552804884215,225.39579873190098,250
1218,1269.0273484275567,840.8669721990797,276.59883318267936,-14.926760941299769,1314.4504471453838,106.84936347954297,12.301902457257446,-1.8020105245343354,0.08825464222076454,6.2786552804884215,225.39579873190098,250
1685,908.0122340239265,1148.4145289746036,276.554464300881,-14.980041581588459,1313.3510709655675,100.53144321330022,13.064082529671794,-1.8011020597340162,0.08310572116596052,6.2786552804884215,225.39579873190098,250
1641,1373.5370969477642,1126.5470803415458,276.5557771874091,-14.91285964574085,1309.8193530706922,91.81221682011524,14.266286104789078,-1.798178485828768,0.07610249731607018,6.2786552804884215,225.39579873190098,250
1145,1180.3155426915364,794.7441620081578,276.60608769463875,-14.939359345473212,1309.8101078367326,95.24555992395058,13.75192826712929,-1.7981708222371182,0.07894892839101753,6.2786552804884215,225.39579873190098,250
236,1880.2732586189072,178.56843064850855,276.69501696772477,-14.835883712589577,1309.4112801221636,93.08301241830155,14.06713476609308,-1.7978401730644245,0.0771798961233337,6.2786552804884215,225.39579873190098,250
2241,2534.230760605878,1508.9803560839048,276.4938839421165,-14.74707322031231,1307.668467637268,95.59715920442349,13.678946932313854,-1.7963941071626923,0.07937014489289704,6.2786552804884215,225.39579873190098,250
2168,2183.891730504237,1462.182721842587,276.50232612001116,-14.797397769931855,1303.5526305027306,91.42978292118777,14.257417975348247,-1.792971404202917,0.07614983315192322,6.2786552804884215,225.39579873190098,250
2063,1530.6712569185058,1387.9409314723744,276.51612711393506,-14.891265092881495,1303.1394157202012,91.29732826550529,14.273576680475152,-1.792627180761455,0.076063626118682,6.2786552804884215,225.39579873190098,250
1771,716.0358757559148,1200.7211890814792,276.547461438807,-15.007916252845813,1299.9575418025343,92.88201309460692,13.995794217750591,-1.7899728981985485,0.07757330403036565,6.2786552804884215,225.39579873190098,250
433,2915.1881340740365,319.62119492618416,276.6695614632224,-14.68720783942066,1298.8605752287258,93.89175101964116,13.83359625444644,-1.7890563150890788,0.0784828456773148,6.2786552804884215,225.39579873190098,250
1669,666.9375572220055,1140.7679559649418,276.5566134458791,-15.014750248478537,1295.5078205286118,99.6772161588925,12.997030519627284,-1.7862500758548705,0.08353446568894683,6.2786552804884215,225.39579873190098,250
2861,2006.3851658412198,1964.2064526926656,276.4281967572575,-14.824990831819404,1294.9684341311367,93.11030596378227,13.907895809459044,-1.7857979340160848,0.07806357013845282,6.2786552804884215,225.39579873190098,250
2283,1237.7413110563689,1542.5829662801427,276.4942775573014,-14.934102651659147,1292.4509537729027,90.786376796851,14.236177269910968,-1.7836851567485126,0.07626345046255455,6.2786552804884215,225.39579873190098,250
2078,164.9544740536269,1398.1479590824722,276.520289323594,-15.088100262544653,1291.0103039318492,95.4813415233203,13.521074205021865,-1.7824742495996013,0.08029687460754857,6.2786552804884215,225.39579873190098,250
983,2476.102381926562,690.3868391990547,276.61616870522585,-14.75209927636811,1290.276393902066,94.36058952981759,13.673890766593225,-1.7818568577287095,0.0793994934238089,6.2786552804884215,225.39579873190098,250
1776,470.49701664749443,1204.6493068818706,276.54790007250307,-15.04331119127041,1285.8781030631508,104.488688361271,12.306385726818682,-1.778149480513231,0.08822249067278862,6.2786552804884215,225.39579873190098,250
1273,1967.6183474730399,880.904346049326,276.5899151555882,-14.826212878101384,1285.5539802561689,91.13775250745317,14.105614247520942,-1.7778757716562288,0.07696935283699621,6.2786552804884215,225.39579873190098,250
2158,2257.035045995747,1456.5861629124224,276.5028549285266,-14.786829585619936,1280.0904028257064,92.09865670263741,13.899121318987149,-1.7732515822480823,0.07811285153089928,6.2786552804884215,225.39579873190098,250
2178,2597.192053828079,1471.5275342739799,276.4992043770258,-14.737842958954511,1279.9942779684352,92.1890003059989,13.884457730529741,-1.773170048821826,0.07819534770974285,6.2786552804884215,225.39579873190098,250
505,831.5503857230254,368.731713372478,276.67112063248106,-14.987874910934584,1277.9995411253622,107.51965174077473,11.88619494607892,-1.7714767230347817,0.0913412580666243,6.2786552804884215,225.39579873190098,250
506,1142.8279834843324,368.38167761736196,276.6698509454648,-14.943004180002337,1276.8728944338072,97.24855277836357,13.129993793778013,-1.7705191478813154,0.08268853870399293,6.2786552804884215,225.39579873190098,250
346,403.4193971894981,262.9117066633596,276.6887281154154,-15.0491405422972,1274.4021900773805,91.21728918538584,13.971059669262303,-1.768416251156533,0.0777106408319654,6.2786552804884215,225.39579873190098,250
2543,154.30425063124167,1744.5362645626471,276.46862379907077,-15.090997343330953,1273.1424937294505,121.77535449275355,10.454845309485107,-1.7673425129394074,0.103846586712766,6.2786552804884215,225.39579873190098,250
809,433.6595914601789,572.9053121734522,276.6423382576666,-15.046060190705791,1272.9957444603642,95.70018273820035,13.301915503576424,-1.7672173579165926,0.08161982382974038,6.2786552804884215,225.39579873190098,250
2023,2282.0484894964784,1361.6550392164988,276.5169054943738,-14.782839156679062,1272.0807641726278,91.3284777009773,13.928632078349153,-1.7664366919802523,0.0779473528981806,6.2786552804884215,225.39579873190098,250
2398,1862.0298430271187,1634.6424401943311,276.4779486512228,-14.844490124161458,1271.2758911601122,98.87633713254543,12.857230840336905,-1.7657495057790873,0.08444275547996234,6.2786552804884215,225.39579873190098,250
1824,306.3723164984275,1235.9359217709448,276.5439146258697,-15.06708242506244,1269.3613025424274,101.87323881336795,12.460203654346367,-1.7641131142643205,0.08713340729557709,6.2786552804884215,225.39579873190098,250
579,2102.090967009264,420.3571254796891,276.65801784265335,-14.804911156108178,1262.9132126921904,101.22395129814089,12.476426739877576,-1.758583745555578,0.08702010781098479,6.2786552804884215,225.39579873190098,250
2536,929.986260866042,1739.979854415297,276.4661002005979,-14.979232395108916,1261.8672141773568,96.84263025269763,13.030079943973913,-1.7576841199797717,0.0833225893216495,6.2786552804884215,225.39579873190098,250
773,595.34427283412,544.017940921213,276.64596618545545,-15.022641502010611,1261.1033889121027,105.18452924828887,11.989437970818491,-1.757026710203441,0.09055470345169832,6.2786552804884215,225.39579873190098,250
458,2562.2817657630844,337.9492781545758,276.6683394559558,-14.73819302748401,1260.6754394613527,89.39184043655509,14.102802149555291,-1.7566582082462368,0.07698470052167866,6.2786552804884215,225.39579873190098,250
2133,596.2754500115934,1434.4010112067708,276.51308667027087,-15.026105399205504,1259.5551102316822,103.42049852221007,12.178969626231172,-1.755692913951099,0.08914547234452493,6.2786552804884215,225.39579873190098,250
1633,1645.594784003506,1117.1089126668376,276.5560436931116,-14.873604816560487,1256.8264916645567,98.94540969735442,12.702221310809948,-1.7533382940268427,0.08547323916298316,6.2786552804884215,225.39579873190098,250
2539,1505.3343496918274,1741.2443306544526,276.46352889782094,-14.896326812074987,1255.2562071920838,94.79452982132892,13.241863318041894,-1.7519809223715475,0.08198997179805849,6.2786552804884215,225.39579873190098,250
2269,542.6505059342724,1533.1115572603007,276.49857696621353,-15.034222777011681,1253.6842735262617,108.14166886804504,11.592980639646063,-1.7506204233649774,0.09365149772501878,6.2786552804884215,225.39579873190098,250
352,1056.2733538876269,266.97517714105464,276.6853466576825,-14.95505926261255,1253.5699513623113,92.72464148876392,13.519275256666427,-1.7505214116961478,0.0803075593467657,6.2786552804884215,225.39579873190098,250
1931,617.5086745447987,1308.3506474426272,276.5318103454031,-15.022543977862762,1252.6903884952044,99.32764769531158,12.611698933391063,-1.749759341393077,0.08608673627035866,6.2786552804884215,225.39579873190098,250
277,1173.9118259189393,208.6090369016458,276.6935523774236,-14.93785694639281,1246.1848732087383,103.94570044236526,11.988806347018748,-1.744106166508583,0.09055947427743552,6.2786552804884215,225.39579873190098,250
2177,606.4886647874964,1468.3839174639077,276.5079724861859,-15.02476883654963,1245.2918266162887,91.60445968451563,13.594227081356681,-1.7433278224369313,0.0798647833012106,6.2786552804884215,225.39579873190098,250
1160,1375.5439161550848,801.5997611333644,276.6042416876676,-14.911245936251168,1243.2081844015047,97.3357144873032,12.77237436381764,-1.7415096297031376,0.08500377213148694,6.2786552804884215,225.39579873190098,250
955,1895.084294066243,673.7240053601499,276.6211172890714,-14.835816491041427,1242.1814512371784,97.104623760289,12.792196737238884,-1.7406125780565354,0.08487205304148111,6.2786552804884215,225.39579873190098,250
1326,828.0881452897395,920.4093155009052,276.58882081337657,-14.990637305171681,1238.1761775691557,93.5243642475642,13.239076122363521,-1.7371060882176046,0.08200723297949995,6.2786552804884215,225.39579873190098,250
808,2919.978616544715,571.5895410867521,276.63198848217394,-14.687578812316854,1231.1422619664518,90.41450336785826,13.616645738322049,-1.7309205777831345,0.07973329268194566,6.2786552804884215,225.39579873190098,250
2281,486.91012840520506,1541.2397909546758,276.4975949028858,-15.042285412694364,1228.7976806851657,112.14797743158084,10.956931269088912,-1.7288509357493846,0.09908796298311343,6.2786552804884215,225.39579873190098,250
179,1109.1023521590737,139.4145929707417,276.70415059012686,-14.946910376511484,1228.1666326224222,93.08749181132734,13.193680576459284,-1.7282932135716402,0.08228939557147923,6.2786552804884215,225.39579873190098,250
1732,2370.4387122412495,1172.5568188966365,276.5447296316829,-14.769324799083865,1227.8571135862148,86.68060072363241,14.16530461643945,-1.7280195549590394,0.07664501607258048,6.2786552804884215,225.39579873190098,250
2480,183.78365615367,1700.0858093023635,276.4751379497221,-15.086577226836983,1227.6724510183121,106.53503868234232,11.52364955419867,-1.727856254269116,0.09421494422350102,6.2786552804884215,225.39579873190098,250
1105,1059.0257248498363,770.6469958187629,276.6101940407702,-14.956743112003279,1223.3550759199134,96.24237244554352,12.711189934684123,-1.7240312990204452,0.08541293187961321,6.2786552804884215,225.39579873190098,250
1141,2147.7882167525527,793.3577536859715,276.60220808898544,-14.799872877045667,1222.5247948634205,93.94527417947832,13.013159049680782,-1.723294168592615,0.08343093293911848,6.2786552804884215,225.39579873190098,250
1137,1725.0827276724422,792.1311381492001,276.60417831666575,-14.860816380056686,1218.9418001155864,92.77220978088982,13.139083384932764,-1.7201074037849482,0.08263133494114407,6.2786552804884215,225.39579873190098,250
892,934.3386660930536,628.7091137831526,276.6318967855326,-14.974132560593127,1218.0882643794612,98.7031156400348,12.340930237924471,-1.7193468758766888,0.08797553985546197,6.2786552804884215,225.39579873190098,250
2089,1310.467452883288,1402.7901209192569,276.5148306306646,-14.923062972355634,1215.062007173241,89.6829515955989,13.548416789985188,-1.7166460819747333,0.08013482437317217,6.2786552804884215,225.39579873190098,250
1391,743.5900279851692,964.4040872094065,276.5826107034371,-15.002992791776913,1214.1113479859923,91.95347055508024,13.2035402324346,-1.7157962742420052,0.08222794651187335,6.2786552804884215,225.39579873190098,250
1906,1039.9413167706862,1290.214934600979,276.53275503982184,-14.961599344297607,1214.0279280020768,97.87148277254605,12.40430709345117,-1.71572167218135,0.08752604976808365,6.2786552804884215,225.39579873190098,250
1799,3060.220254294224,1220.059075778197,276.5347453521933,-14.670040983887896,1213.968227200152,96.80084003456433,12.54088525230447,-1.7156682789154862,0.08657283582117901,6.2786552804884215,225.39579873190098,250
1868,2618.4040482554074,1265.3505218981422,276.5298528739552,-14.733946189646092,1204.7403261340805,89.87215816760137,13.40504501836238,-1.707383597505552,0.08099189510462637,6.2786552804884215,225.39579873190098,250
557,2006.633316544649,400.4230339575135,276.6613968087857,-14.818593555934884,1200.8078328417614,100.89933706790052,11.901047794136389,-1.7038337586632288,0.09122726156388694,6.2786552804884215,225.39579873190098,250
2325,2158.827019814493,1578.561625987874,276.48507622014705,-14.801479661891262,1189.012083947222,88.65571097547914,13.411567860259845,-1.6931156492756558,0.08095250393632687,6.2786552804884215,225.39579873190098,250
1049,2855.9427191279115,739.5085894518737,276.6072335856515,-14.697518200756587,1177.0537122160022,89.17660219574825,13.199131647024354,-1.6821406817045683,0.08225541111598528,6.2786552804884215,225.39579873190098,250
2258,348.9821518488524,1523.3712887705556,276.50083365778306,-15.062085226737663,1172.855355905791,97.55395188729209,12.022632945314577,-1.6782611168666905,0.0903046782629354,6.2786552804884215,225.39579873190098,250
2793,786.5608200893724,1917.6144246656447,276.44018353707247,-15.000594032841896,1169.6087835504877,97.08151143170481,12.047698540141575,-1.6752515310675717,0.09011679669627938,6.2786552804884215,225.39579873190098,250
796,567.158629954333,563.9894185705617,276.64310503443585,-15.026785435952826,1163.1403151488921,99.42368947102474,11.698824710059352,-1.669230250564753,0.09280419417400537,6.2786552804884215,225.39579873190098,250
2952,145.66038664538272,2037.6714950240082,276.4248972341134,-15.093381324725168,1156.959483658895,196.37625648586516,5.891544651897216,-1.6634453542397538,0.18428104413167423,6.2786552804884215,225.39579873190098,250
535,1124.268975014502,383.29932210796454,276.66770442618304,-14.945741531631743,1156.405785900337,98.28706958946208,11.76559430177906,-1.6629256181458907,0.0922775316021081,6.2786552804884215,225.39579873190098,250
1255,1659.6866461696002,864.9998617730338,276.59358650761914,-14.870543992243277,1154.2780017585465,102.61264214519647,11.248886858650884,-1.6609260256928011,0.09651621655035578,6.2786552804884215,225.39579873190098,250
1513,1294.2136420990792,1035.7614903154076,276.56965317610684,-14.92392495905835,1147.278135541288,98.41430638992387,11.657635740434909,-1.6543217708666251,0.09313209163280102,6.2786552804884215,225.39579873190098,250
906,432.323064509417,635.7785544819903,276.6329608091127,-15.04651014085973,1146.3377373238764,94.48202490939524,12.132865890873653,-1.653431452255888,0.0894842166529397,6.2786552804884215,225.39579873190098,250
1932,1422.2057801115782,1306.6716522674762,276.52870327074623,-14.906572109428,1145.192463180545,96.6871389704371,11.844310167567345,-1.6523461811954867,0.09166426618689164,6.2786552804884215,225.39579873190098,250
1838,452.54036503585337,1242.495881899247,276.54232633971367,-15.046049750562373,1140.706185572053,103.31274673604055,11.041291821293905,-1.6480844696968957,0.0983308853322898,6.2786552804884215,225.39579873190098,250
1759,2428.733728310566,1194.2325224151145,276.5412527778322,-14.761007230378217,1139.2153035532247,96.85868502371444,11.761622649267894,-1.6466645042960606,0.09230869178306617,6.2786552804884215,225.39579873190098,250
650,544.4232668135179,467.40489989005596,276.6576141059714,-15.029664780643227,1137.7050378325075,103.16081071037995,11.02846158340662,-1.6452241812575625,0.0984452810384306,6.2786552804884215,225.39579873190098,250
934,197.51981012322003,659.3130817816423,276.6304376921715,-15.080439596040131,1137.6107921265211,100.89621902968668,11.275058699591133,-1.645134236842951,0.0962921816131539,6.2786552804884215,225.39579873190098,250
158,305.6472566310822,126.82964313234608,276.70945180620174,-15.062665668902882,1134.714677740616,147.2538848003568,7.705838655999021,-1.6423666597628332,0.14089316536036983,6.2786552804884215,225.39579873190098,250
1394,225.17088972048546,965.9496320038926,276.584552783588,-15.077698350022349,1128.1202095356857,96.9488610185959,11.63623994839196,-1.6360384268097492,0.09330333551174626,6.2786552804884215,225.39579873190098,250
1365,369.60190180616024,943.4194291210542,276.58731057261093,-15.056797945258067,1124.6552108624746,92.44250759755766,12.16599635914883,-1.6326984778369367,0.08924053303563202,6.2786552804884215,225.39579873190098,250
1795,1750.5507108708334,1212.9507735832815,276.541308555514,-14.858863576899783,1122.9279680791951,90.23019078566905,12.445146777386022,-1.6310297250086017,0.0872388264614779,6.2786552804884215,225.39579873190098,250
686,1298.1876962250578,485.2405098829788,276.65175934358894,-14.921092990108004,1120.9733456367685,88.55298172680561,12.65878713260134,-1.6291381936153373,0.08576651053748245,6.2786552804884215,225.39579873190098,250
1340,1709.4558256623252,930.8327438574192,276.5835580117826,-14.863638692129573,1118.783623484458,96.78926554707287,11.55896387022737,-1.6270152299104559,0.0939271038640805,6.2786552804884215,225.39579873190098,250
106,1604.9062640316802,97.21109441792417,276.70832698758994,-14.875248916717435,1114.2951981910592,92.35922476054685,12.064795921360455,-1.6226506258859816,0.08998908950277329,6.2786552804884215,225.39579873190098,250
1310,1028.6671548515235,914.7178342453547,276.5888271718099,-14.961706674999057,1111.2459555041423,93.42977867620178,11.893916171581346,-1.6196754616223203,0.0912819616632334,6.2786552804884215,225.39579873190098,250
2457,1631.9722634374095,1680.6890450339795,276.4720366571964,-14.877834334968998,1108.2582824282,92.75774803399375,11.947878273435947,-1.6167524423909552,0.09086969042979517,6.2786552804884215,225.39579873190098,250
871,1471.8504580247609,611.9521479298006,276.63212278287057,-14.896581734799243,1107.9979170447186,93.8698742795209,11.803551731041837,-1.6164973381979664,0.09198078889634104,6.2786552804884215,225.39579873190098,250
1859,780.8469748496865,1258.5070742953528,276.53856764662993,-14.998808947241368,1107.5267935362062,98.1794758379055,11.280634614150264,-1.6160355822488028,0.09624458526811194,6.2786552804884215,225.39579873190098,250
409,529.7507403228549,302.70309417091056,276.6822538444698,-15.03109900086631,1101.931773106262,101.81783609063727,10.822580948639812,-1.6105367425568087,0.10031802997384386,6.2786552804884215,225.39579873190098,250
2328,1512.3606273410576,1579.4391038484302,276.4876372848624,-14.894670846794584,1099.6187866819237,89.69037940831333,12.260164288924848,-1.6082553559088042,0.08855509391344464,6.2786552804884215,225.39579873190098,250
954,1205.5906914221698,673.0890150896145,276.62412961517117,-14.93521687110662,1098.882674651948,92.52475200206784,11.876634639640958,-1.6075282938389124,0.09141478482264921,6.2786552804884215,225.39579873190098,250
1492,1564.4966825698864,1020.6505056542165,276.5707717104878,-14.884903074563166,1097.2684502664779,92.74685023408874,11.830789374485747,-1.6059322086208716,0.09176902450325236,6.2786552804884215,225.39579873190098,250
1136,962.0030317520128,792.8548305191947,276.60728958489864,-14.970817871103852,1093.158757427038,95.24955599893669,11.476785859655255,-1.6018580741084452,0.09459965649586607,6.2786552804884215,225.39579873190098,250
760,2258.7617040429004,534.536180785388,276.6403272083584,-14.782794466550317,1092.549713640241,94.7035747616446,11.536520309714103,-1.6012529971592762,0.09410983302181747,6.2786552804884215,225.39579873190098,250
2474,2945.0938069412628,1694.0031800889114,276.464585075202,-14.688572271854586,1090.3203125143627,90.22612550328263,12.084308247002078,-1.5990352358359683,0.0898437856605772,6.2786552804884215,225.39579873190098,250
291,2283.5711560760283,213.04046059002377,276.68815194921314,-14.777865945700572,1089.4158908470272,99.36137735387412,10.964178636202758,-1.598134242951204,0.0990224654325782,6.2786552804884215,225.39579873190098,250
296,962.3950268682171,217.1000883846689,276.69318684883274,-14.968383972344512,1087.4355233759416,96.03774015751385,11.323001994761766,-1.596158768427578,0.09588446601901734,6.2786552804884215,225.39579873190098,250
1415,950.3314484549003,978.0670849083991,276.57970441006665,-14.973254044398908,1081.3200871307636,119.92678296362544,9.016502072424762,-1.5900356551498704,0.12041254926568529,6.2786552804884215,225.39579873190098,250
2174,1020.8469778995666,1465.8442937728958,276.5066292100892,-14.965053385906433,1078.9967329088104,102.72504588231779,10.503735711589881,-1.5877003025345422,0.10336322521919822,6.2786552804884215,225.39579873190098,250
2122,2980.164013523105,1424.66162926946,276.50458607655895,-14.68242380959542,1076.7889590280538,89.42532786056637,12.041207841105185,-1.5854764628632378,0.09016537330198186,6.2786552804884215,225.39579873190098,250
2243,1721.0411124585903,1513.683031652998,276.49657706520725,-14.86432934492893,1074.2294099957362,97.99667382631964,10.96189664456982,-1.5828925738515278,0.0990430794234702,6.2786552804884215,225.39579873190098,250
1970,2137.788428904597,1327.135395208634,276.52265712921746,-14.803498889268841,1071.0810793274577,101.17849116444764,10.586055069615597,-1.5797058472102752,0.1025594513593839,6.2786552804884215,225.39579873190098,250
2844,1109.7178268008347,1949.6833701939531,276.43406609563084,-14.95415881622897,1070.7688832682034,93.0941743631474,11.50199666728106,-1.5793893333807958,0.09439230695383666,6.2786552804884215,225.39579873190098,250
2914,1245.9314473861725,2003.7273318577677,276.4254407663678,-14.934742924776407,1066.518382215363,91.30803053920744,11.68044449011966,-1.5750708413932246,0.0929502298408575,6.2786552804884215,225.39579873190098,250
1000,1033.5190192416399,703.2441435986202,276.62035763668825,-14.960143345192991,1065.528850496281,94.23908896530894,11.306654830762644,-1.5740630114785557,0.09602309580072045,6.2786552804884215,225.39579873190098,250
2799,1156.1001451285056,1920.9454860741166,276.43816285006227,-14.947362879122664,1062.973040804689,92.738083486615,11.462098426458308,-1.5714556034610938,0.09472087567262955,6.2786552804884215,225.39579873190098,250
933,933.8545128140133,660.4769755343024,276.62715909008415,-14.974332808787885,1062.1222914911777,95.99724624530172,11.064091242546032,-1.570586287749784,0.0981282580014373,6.2786552804884215,225.39579873190098,250
65,2057.6673263771727,58.47123575229779,276.712164265384,-14.80979311675505,1057.184115805925,92.3242351294007,11.450775783023673,-1.5655265514023542,0.09481453663686287,6.2786552804884215,225.39579873190098,250
1464,153.5711467674778,1004.6583872774496,276.57907448502783,-15.088169629308524,1056.822547364267,103.50909254755638,10.209948917083963,-1.5651551543218498,0.10633745661384603,6.2786552804884215,225.39579873190098,250
1885,1579.5996846397554,1279.466547965824,276.5321033025197,-14.8837756092685,1053.3830292303319,97.15057172125982,10.842787752733484,-1.5616157715115175,0.1001310755830569,6.2786552804884215,225.39579873190098,250
354,310.77012776182187,269.23504066772085,276.6881777161464,-15.062518432953453,1052.8059047510033,92.46860976223097,11.38554918753655,-1.5610207584550606,0.09535771899246513,6.2786552804884215,225.39579873190098,250
1861,3040.9728094113852,1258.614601490632,276.5290799009576,-14.672975263822535,1051.7762428932183,94.38844003237008,11.143062037390559,-1.5599583706094686,0.09743282379268216,6.2786552804884215,225.39579873190098,250
1151,1096.7169648455197,796.6590265927482,276.60615440384845,-14.951416919035106,1050.9356025413435,92.9437279520888,11.307224550785032,-1.5590902405175402,0.09601825763021773,6.2786552804884215,225.39579873190098,250
2750,2391.3321983255028,1893.2777907409668,276.4371796695051,-14.769216930668835,1050.401127754143,88.29991411218457,11.89583408223494,-1.558537926715434,0.09126724469210346,6.2786552804884215,225.39579873190098,250
382,93.33228215061463,282.69806543347573,276.6870906248326,-15.093906876766278,1048.6168745450996,196.98259995070177,5.3233984870112065,-1.5566920837812737,0.20394866224068087,6.2786552804884215,225.39579873190098,250
1748,2833.8736941272355,1183.4823117716076,276.54115057190967,-14.702536999387316,1048.0125641854975,90.81847818190667,11.539640227029128,-1.55606620145569,0.0940843889965461,6.2786552804884215,225.39579873190098,250
508,2004.7761945925706,371.0283421061926,276.66578769818517,-14.81873825466381,1046.0851610504615,100.31533708370128,10.427968359191448,-1.5540675822598693,0.1041142399557666,6.2786552804884215,225.39579873190098,250
2531,1961.0217291862073,1732.4014993767587,276.46295685639416,-14.830610387895403,1040.009793760706,87.73461620359038,11.85404164015874,-1.5477435509808104,0.09158901520321142,6.2786552804884215,225.39579873190098,250
834,676.2208766921558,586.8627286301038,276.6392311061497,-15.0111618653055,1037.3362047804258,101.6400438082744,10.205979512731943,-1.5449488177420183,0.10637881436520533,6.2786552804884215,225.39579873190098,250
847,83.2948673165848,603.6210004038254,276.63923153818655,-15.096670276388611,1030.490031108755,103.74173232238323,9.933225598223572,-1.5377594653197764,0.10929984316415439,6.2786552804884215,225.39579873190098,250
2776,1857.2308830237173,1906.6045916291766,276.43740510432553,-14.846262432648253,1028.2560178871354,96.38231419098649,10.668513476960031,-1.5354031280825113,0.10176675526020593,6.2786552804884215,225.39579873190098,250
258,2633.5165621164097,194.2431829785222,276.68945501007687,-14.727309829725654,1027.3716814928193,103.82577981203616,9.895150157819664,-1.5344689549343125,0.10972041683895249,6.2786552804884215,225.39579873190098,250
2516,1183.4541876048916,1725.1314857759883,276.46726662121176,-14.94265021083175,1024.3780795207422,89.77819792619121,11.410098478061542,-1.5313006695889042,0.09515255298519118,6.2786552804884215,225.39579873190098,250
1655,628.5210794897386,1133.9362141489942,276.5577935526942,-15.020258364435113,1024.177296357142,131.20460701814105,7.805955291002349,-1.5310878390710752,0.13908611560348652,6.2786552804884215,225.39579873190098,250
1627,551.1795550202114,1114.8111495641854,276.5609710332521,-15.031325685498615,1019.7368476768024,103.23940865560692,9.877399153636286,-1.5263702598158435,0.10991759906759546,6.2786552804884215,225.39579873190098,250
228,553.5978372949793,174.64138716019428,276.7012619406533,-15.027130224716958,1016.7003331169835,101.33267935263034,10.03329172397525,-1.5231323929488214,0.1082097510835496,6.2786552804884215,225.39579873190098,250
343,2278.3632940214143,258.60478937729687,276.6813814023388,-14.778809426058466,1010.6902545899356,92.37161285726789,10.941567688675619,-1.5166951735943723,0.09922709714839908,6.2786552804884215,225.39579873190098,250
2110,1793.3172293516725,1419.069213714578,276.5103874459262,-14.853530921608256,1010.5186263984506,97.13210280393913,10.403549364499804,-1.5165107859801545,0.10435861473438587,6.2786552804884215,225.39579873190098,250
2090,1661.9673722268785,1402.3907608835316,276.5134235809841,-14.872397860073702,1007.9952573941118,92.06514686532145,10.948717204227885,-1.5137962002295537,0.09916230182479764,6.2786552804884215,225.39579873190098,250
1217,914.486981172333,839.1313422863725,276.6005850493677,-14.977854970234329,1001.0664211195399,107.53829289622223,9.308929816150233,-1.506307213398559,0.1166299479577555,6.2786552804884215,225.39579873190098,250
37,1481.3947798392767,38.42794990817426,276.71762228708,-14.892810260480852,996.1951281133224,101.39289833637811,9.825097659289456,-1.5010110120369913,0.11050271841048724,6.2786552804884215,225.39579873190098,250
1626,962.270747251393,1114.8196392404318,276.55924993353966,-14.972086786567885,992.2487377917278,93.23165377431773,10.642831030259593,-1.4967013661380613,0.10201233082749774,6.2786552804884215,225.39579873190098,250
2884,612.3645089611769,1982.613474215984,276.43119961815546,-15.025942951639694,991.3262046293676,97.21258266678329,10.197509184869082,-1.4956914444000293,0.10646717549526175,6.2786552804884215,225.39579873190098,250
1066,1840.2648088602234,747.8848588598171,276.6102900278109,-14.844027249088336,987.9627010001132,96.21713210151226,10.268053925758043,-1.4920013502758012,0.10573571271148617,6.2786552804884215,225.39579873190098,250
2161,691.2199246925798,1456.9959652886528,276.5093200485784,-15.012515448567571,986.3313437174656,93.2941762606285,10.57227131693655,-1.4902070642903693,0.10269316473752732,6.2786552804884215,225.39579873190098,250
2113,568.7197745727245,1418.9183500912236,276.51551190355576,-15.030014047880444,984.2921174667426,105.18845120634347,9.357416200908794,-1.4879599961883043,0.11602561825715914,6.2786552804884215,225.39579873190098,250
63,226.77534225360478,59.06816530797101,276.7199002146211,-15.073749790196658,982.686106327179,156.90519170319433,6.262929197308218,-1.4861870179154832,0.1733533887732005,6.2786552804884215,225.39579873190098,250
204,883.4654619204368,155.80653397079854,276.70266742321525,-14.979505602161163,975.5256765291997,90.78078184627422,10.745949271302036,-1.478246740370982,0.10103341943921637,6.2786552804884215,225.39579873190098,250
1050,1250.0325036069034,741.3365627273779,276.61376092117996,-14.92909114072785,968.4217595966766,93.17937602541288,10.393091270889796,-1.4703113260686917,0.10446362604752232,6.2786552804884215,225.39579873190098,250
2949,1659.8337856722733,2035.7141806700017,276.4189622462741,-14.875221570285776,966.8072015835205,90.16093024586786,10.723128066081927,-1.4684996701546331,0.1012484410620957,6.2786552804884215,225.39579873190098,250
1980,1611.661789941789,1337.4785426554358,276.52331604393964,-14.879387930273055,963.6923001375399,93.4809830745014,10.308966256479218,-1.4649959508259658,0.10531608824673708,6.2786552804884215,225.39579873190098,250
2040,754.7886269938998,1371.8696014998927,276.52175938702806,-15.003017065748672,955.1299682423705,94.61371639676106,10.095047574677743,-1.4553061576719406,0.10754778439314668,6.2786552804884215,225.39579873190098,250
1219,285.39319752046214,840.4012082432613,276.6030395945229,-15.068514309988739,953.7401389194274,99.88692304026395,9.548198201430024,-1.4537251299473848,0.11370731703468366,6.2786552804884215,225.39579873190098,250
2660,2824.44290926529,1830.4650152387214,276.4447454781919,-14.70651868833117,952.9544616581406,89.93589446220757,10.595930216256276,-1.4528303476410243,0.10246386847039811,6.2786552804884215,225.39579873190098,250
1409,882.895737334046,974.6349138148947,276.5804995595378,-14.982958767945938,951.5919906588097,93.90997069226194,10.133024040409158,-1.4512769233678002,0.10714471767464208,6.2786552804884215,225.39579873190098,250
2901,1404.1578836061174,1993.9664725629848,276.4262447995674,-14.911904071316256,949.4522443986498,93.23245395768974,10.183709685787367,-1.4488327919563453,0.10661144450290344,6.2786552804884215,225.39579873190098,250
1459,1052.8630673265247,1003.1339982519451,276.57553400710157,-14.958578691787338,947.9647502587759,88.61120789389928,10.698023114568576,-1.447130449690588,0.10148603983865888,6.2786552804884215,225.39579873190098,250
784,816.0085823628541,552.3616390661497,276.6437882386614,-14.990873461135946,946.1725898979203,89.89881057987064,10.524862162189486,-1.4450758848732366,0.10315574525055272,6.2786552804884215,225.39579873190098,250
803,866.654964877254,570.5982538849759,276.64085306760825,-14.98364891227531,943.0467448037962,98.57708395114604,9.566592021236518,-1.441483029111263,0.1134886903915099,6.2786552804884215,225.39579873190098,250
1118,166.17508547049925,779.1524502169179,276.61268218778514,-15.085443024132006,937.3529978239822,93.49323226603887,10.025891448021664,-1.434907910013428,0.10828962248680973,6.2786552804884215,225.39579873190098,250
1280,1294.5651220219484,885.6616961972181,276.5920432848653,-14.923262914771378,937.0142410792469,88.62044947312828,10.573341104113569,-1.4345154570738594,0.1026827744711279,6.2786552804884215,225.39579873190098,250
2162,1890.0679170454225,1457.855134422385,276.50419873895254,-14.839739817260012,936.996109972155,90.69713781561255,10.331043873479997,-1.434494448012312,0.10509102596950676,6.2786552804884215,225.39579873190098,250
2102,2325.7998475057148,1411.1879913304429,276.5093365806962,-14.776731426117916,936.6700060237636,89.2023295078129,10.50051059419613,-1.4341165120888992,0.10339497210736505,6.2786552804884215,225.39579873190098,250
2148,268.6225514885273,1445.8232310469928,276.5127423701418,-15.073355101539828,935.3417266540928,95.50894659761818,9.793236759219146,-1.4325757511860349,0.11086222325605935,6.2786552804884215,225.39579873190098,250
2248,2242.793574445692,1515.6454275300587,276.49410787602045,-14.789121016323739,932.8482424409158,90.30541228469824,10.32992617873228,-1.4296774723828756,0.10510239678530216,6.2786552804884215,225.39579873190098,250
677,1467.767783469803,480.2211338891813,276.65178833185837,-14.896624575012202,932.5386116045847,94.86004485737097,9.830678585559651,-1.4293170351776143,0.1104399854547978,6.2786552804884215,225.39579873190098,250
2559,1002.9884883200649,1760.0357137874075,276.4628054634582,-14.968792586194615,923.5032704939076,89.49690280881406,10.318829384148888,-1.418746072792885,0.10521542314361565,6.2786552804884215,225.39579873190098,250
2707,2617.5456559280665,1860.4656754692057,276.441132966843,-14.736471387940561,919.5880590773886,84.07767958713039,10.937362491366237,-1.4141332865353118,0.09926524798433194,6.2786552804884215,225.39579873190098,250
111,2069.1912324522345,99.48330109398775,276.7060001467393,-14.808304867617434,917.9143920595816,92.28055569715166,9.946996798242234,-1.4121554264488234,0.10914852211391661,6.2786552804884215,225.39579873190098,250
1849,1561.5538113004716,1252.0816402308687,276.5362636346049,-14.886266267309598,915.0176124394056,92.94778513595428,9.844426213072358,-1.4087236121516868,0.11028575729058797,6.2786552804884215,225.39579873190098,250
1729,1698.8472474268865,1171.8887341016664,276.54764971609774,-14.866150535593071,913.9797480315319,93.16733150278945,9.810088292634711,-1.407491410172001,0.11067178679881298,6.2786552804884215,225.39579873190098,250
1924,1289.1413576330285,1299.8936595145742,276.5302703965033,-14.925723571988252,892.8840359192836,87.45217500330394,10.209969459142103,-1.3821376237757266,0.10633724266705363,6.2786552804884215,225.39579873190098,250
220,1156.3710376358683,167.52249151964253,276.6997560381546,-14.940213732985399,884.6688953380653,89.6935254393068,9.863241421329759,-1.3721018730484738,0.11007537518569899,6.2786552804884215,225.39579873190098,250
2319,785.7141704821328,1573.031335931362,276.491611247485,-14.999360570532021,883.0585752144107,92.62322178534734,9.53387885017521,-1.370123758919171,0.11387809904675342,6.2786552804884215,225.39579873190098,250
1258,672.7831461526166,866.5624083514251,276.59750828697787,-15.012799612846562,881.9128930091974,93.6673960811345,9.415366818196658,-1.3687142077208052,0.11531149247437884,6.2786552804884215,225.39579873190098,250
667,1749.5311317981968,473.0015600621869,276.6516681012182,-14.855970062406275,881.6550641000504,90.77557790062586,9.712469856872943,-1.3683967442715965,0.11178413071024505,6.2786552804884215,225.39579873190098,250
2349,1474.1272824472937,1594.8080515945478,276.48550357242414,-14.90024261369911,879.567086048206,89.67069462886273,9.808857728699868,-1.3658224018724774,0.11068567105661406,6.2786552804884215,225.39579873190098,250
882,1601.9875241211714,618.3238029545904,276.63062119210275,-14.8778462680905,878.7141582498152,94.32121287255758,9.316188071469064,-1.3647690383489817,0.11653908140014575,6.2786552804884215,225.39579873190098,250
1363,622.55192680111,941.5161690707644,276.58653397552115,-15.020342114138941,875.7819954761217,93.36332017529188,9.38036472815898,-1.36114000987972,0.11574176820020973,6.2786552804884215,225.39579873190098,250
928,1063.6772001957347,656.1995811527264,276.6272489035605,-14.955603264626616,873.8320763703814,90.25579598765361,9.681728101870773,-1.3587199348699766,0.11213907151453813,6.2786552804884215,225.39579873190098,250
1919,2536.432046023331,1297.5070441956002,276.5254031352399,-14.745898080306388,872.5900558945868,91.97911575033544,9.486828056306951,-1.357175626881598,0.11444288792376862,6.2786552804884215,225.39579873190098,250
2702,1057.4281940276194,1859.0361962961993,276.4478078291066,-14.961337768560691,870.7436772221117,92.89705969209619,9.373210305128698,-1.3548758022595249,0.11583011205946617,6.2786552804884215,225.39579873190098,250
2304,620.1982069637066,1560.2711940396796,276.49420190478554,-15.023157647273356,869.8618510544329,95.37259544410833,9.12066875189742,-1.353775690071081,0.1190373238556807,6.2786552804884215,225.39579873190098,250
2075,1181.11326928602,1395.9477765226816,276.51639070936557,-14.941678173054159,867.860996290372,99.87535695384454,8.689440746544086,-1.3512754048027338,0.124944749802431,6.2786552804884215,225.39579873190098,250
1044,1782.712804327234,734.4220751592745,276.61254122110523,-14.85226961444529,862.4392239962472,97.37197112071844,8.857160988628078,-1.3444712286598361,0.12257878132665269,6.2786552804884215,225.39579873190098,250
1009,2744.5183481147174,706.3621224915977,276.6126474540352,-14.713451978682203,861.6895567554457,104.42991209863611,8.251367251382563,-1.3435270521861986,0.13157819388272712,6.2786552804884215,225.39579873190098,250
1636,1239.847108217302,1119.2901028603433,276.5574201943728,-14.93209972326789,859.3963628088968,92.7774080228241,9.262991725285938,-1.3406337565785846,0.11720835257104646,6.2786552804884215,225.39579873190098,250
1163,2970.14263735508,801.1115476086887,276.597567118672,-14.68130199924808,858.6606964331877,91.56224515900695,9.377890362365383,-1.3397039391860242,0.1157723067820292,6.2786552804884215,225.39579873190098,250
2497,2993.7899265270794,1712.5230236063023,276.46162129584314,-14.681624328026542,858.3432011469995,95.47735964492352,8.990018202630901,-1.3393024070386956,0.1207672749408086,6.2786552804884215,225.39579873190098,250
1054,304.6528065518132,742.9600563931456,276.6175021127153,-15.065343744624998,854.9273662597116,102.66138888906109,8.32764270492747,-1.3349730260392836,0.13037302853514487,6.2786552804884215,225.39579873190098,250
804,2632.81480474091,570.7929093970891,276.63333036743177,-14.728997570047559,853.0384100834199,91.68124658665627,9.304393666562287,-1.332571445194504,0.1166868082873299,6.2786552804884215,225.39579873190098,250
1662,2357.8035785738375,1137.8197956258,276.54996197787057,-14.7710048107347,852.773796690497,89.54637325352391,9.523264490859074,-1.3322345964580207,0.11400502433195168,6.2786552804884215,225.39579873190098,250
1754,401.962117060303,1191.5630443806729,276.5501391315458,-15.053133199221156,848.6243047636526,105.05777751236154,8.077691389043519,-1.3269386430358698,0.13440721460003166,6.2786552804884215,225.39579873190098,250
839,3029.0775117566423,596.4153497255091,276.627823623594,-14.671944754555598,848.1428459514864,94.48331277960897,8.976641705290941,-1.3263224862729603,0.12094723568615592,6.2786552804884215,225.39579873190098,250
1992,1927.7947709622863,1342.0747309597937,276.52130844284574,-14.833834338145016,841.7370182395971,88.50001023102902,9.511151648934785,-1.3180910462408373,0.11415021440874562,6.2786552804884215,225.39579873190098,250
2062,830.3872057499962,1387.7393605227944,276.5190764612587,-14.992187127158795,840.8567257628747,102.16438348340117,8.230429207253918,-1.3169549841303456,0.1319129261257863,6.2786552804884215,225.39579873190098,250
190,2673.215414252977,147.1119521215324,276.6963096832853,-14.721382996507822,838.3127769521379,90.16615075103519,9.297422258457821,-1.3136651918424345,0.11677430257750679,6.2786552804884215,225.39579873190098,250
2346,1379.6981935329227,1591.226482598456,276.4864303578524,-14.913837839132107,836.8576518471382,92.84738994302612,9.013259848883836,-1.311778957010263,0.12045586371666059,6.2786552804884215,225.39579873190098,250
447,2939.9084528869507,333.06322400345437,276.6674523230556,-14.683698490998918,835.5840284173028,97.29663453966899,8.588005457440826,-1.3101253037287952,0.12642050652859416,6.2786552804884215,225.39579873190098,250
2107,1602.5817232028412,1414.6950484817273,276.51183615457944,-14.881007385933378,834.68987093537,90.74102164838796,9.198594591206021,-1.3089628366100707,0.11802889987541616,6.2786552804884215,225.39579873190098,250
1296,1127.7540468661502,898.9530713338602,276.5907624852699,-14.947361081138222,830.8477081231104,100.99575780639034,8.226560463221157,-1.3039535438482073,0.1319749614500357,6.2786552804884215,225.39579873190098,250
1058,624.9668211182343,745.2220767754363,276.6158165273023,-15.019196307308478,829.5200567658321,92.29302863923232,8.987895066358416,-1.3022172062926443,0.12079580279744946,6.2786552804884215,225.39579873190098,250
1068,1742.2015702025926,746.7849993656937,276.6108688158471,-14.85816145672362,827.7722313330596,106.25256422821373,7.790609453482324,-1.2999271116978135,0.13936008555976365,6.2786552804884215,225.39579873190098,250
2587,489.10328742823486,1783.4980864899492,276.4614268489211,-15.042922540809256,824.4704540698876,97.0712159551142,8.493459631237373,-1.2955877202532795,0.12782776950007466,6.2786552804884215,225.39579873190098,250
2134,2833.1752509670337,1436.8614600573646,276.5033839134232,-14.703671990624875,817.7495578219532,109.4322757498785,7.472654225806513,-1.2867007732273497,0.14528974139477488,6.2786552804884215,225.39579873190098,250
690,702.4037342182316,487.67103293315546,276.6539213942372,-15.00698035302593,815.6490296334377,100.98509358568383,8.076925025982927,-1.2839082879416364,0.1344199675628257,6.2786552804884215,225.39579873190098,250
527,2172.416513626627,376.54578917748034,276.66425021728264,-14.794585563950202,814.1199693253438,98.19739832848924,8.290647035290645,-1.2818709972287503,0.13095479705968918,6.2786552804884215,225.39579873190098,250
2245,1116.2201718078845,1514.5409064802177,276.49896665478695,-14.951503531710358,796.1247409638163,92.19739703592478,8.635002359704426,-1.2576027797868,0.12573244971726485,6.2786552804884215,225.39579873190098,250
1107,1596.4979318080286,770.8376475568443,276.6078973611806,-14.879266908807352,791.6055427023966,95.00123310847005,8.332581765528886,-1.2514220443432658,0.1302957511309928,6.2786552804884215,225.39579873190098,250
807,455.4586884854198,573.4574408100974,276.6421638313945,-15.04292112492424,791.3603923663322,97.41340538133096,8.123731936775044,-1.2510857533445716,0.13364547334276036,6.2786552804884215,225.39579873190098,250
2189,1508.5711043481488,1476.1724958732177,276.5030577148359,-14.894804396323446,790.4480606089928,91.51483018833301,8.63737668509344,-1.2498333239146124,0.12569788716911273,6.2786552804884215,225.39579873190098,250
2213,360.1442983016719,1496.4013109616044,276.5048130651781,-15.06037061516101,783.5222203294397,96.83074563498396,8.091667736227379,-1.2402782717469463,0.1341750595046296,6.2786552804884215,225.39579873190098,250
1128,604.9814170262955,785.4362280437567,276.60989959059475,-15.022240247160234,773.5536553454149,90.81667679905838,8.517748970896449,-1.2263760850188228,0.12746325393124797,6.2786552804884215,225.39579873190098,250
801,2656.5051338442017,568.8725565318167,276.63351575875936,-14.725572490304588,770.852416152251,89.03935334073955,8.657435024289995,-1.2225780732982836,0.12540665877986643,6.2786552804884215,225.39579873190098,250
89,617.223622677469,83.32004464608521,276.7146173955675,-15.017578892870542,768.1726174681535,90.9421494161683,8.44682715770057,-1.2187970335754552,0.12853346939983484,6.2786552804884215,225.39579873190098,250
2057,1068.5629723987518,1384.664714160766,276.51854322156294,-14.957853045371477,768.1515348032408,92.68600474131483,8.287675544405431,-1.2187672348997578,0.13100175003024803,6.2786552804884215,225.39579873190098,250
2833,881.4134806352703,1945.3489732148598,276.43565376477136,-14.987036633125898,767.6081257205224,86.80694747748448,8.842703816069795,-1.2179988868894664,0.12277918864894737,6.2786552804884215,225.39579873190098,250
2783,2937.111885537559,1912.5420222647704,276.4320416445959,-14.690600126024497,764.6895499606908,126.62175405403059,6.039164088932074,-1.2138628665180784,0.1797765359596295,6.2786552804884215,225.39579873190098,250
2958,343.89186720375136,2043.3882391459965,276.4232307536894,-15.064851722312044,762.6760326136719,111.24576924792656,6.855775619780586,-1.2110002251518648,0.1583628257709442,6.2786552804884215,225.39579873190098,250
2106,1498.0738230058478,1414.0710071517872,276.5123653080502,-14.896068507288279,759.9859477450373,87.35556992011092,8.699914023113413,-1.2071638837810643,0.12479433671592352,6.2786552804884215,225.39579873190098,250
1135,1978.5673227853479,790.4736041662966,276.6033540205531,-14.824261687889026,759.9181035908841,93.18351742432156,8.155069958676405,-1.2070669554855848,0.1331319051217818,6.2786552804884215,225.39579873190098,250
1976,3062.0449822238616,1334.303960531231,276.51771007823163,-14.67024573656942,746.177484333035,91.86319180005363,8.122703660864953,-1.187255328833445,0.1336623918992495,6.2786552804884215,225.39579873190098,250
1537,126.4554002069506,1053.3618651947556,276.5719177989945,-15.092271727905867,745.2338002672768,103.51696269164215,7.199146699147175,-1.185881338837038,0.1508095397095623,6.2786552804884215,225.39579873190098,250
570,620.5583206936257,409.24566885676967,276.6659703529235,-15.018452508952956,745.0591246063996,91.3921961983361,8.1523276121902,-1.1856268228465137,0.1331766891183997,6.2786552804884215,225.39579873190098,250
1080,556.0346876401338,751.2855479808643,276.61520189121643,-15.02915455623006,744.045079843374,91.92845760673686,8.093740493573208,-1.18414810123743,0.13414069809405113,6.2786552804884215,225.39579873190098,250
1226,1126.169281544705,846.283390327641,276.5986269066058,-14.947374614237754,735.5665205591213,91.39379889836472,8.048319792211663,-1.171704863383321,0.13489772126731706,6.2786552804884215,225.39579873190098,250
1051,1497.76205155811,741.6848567007304,276.6126627384361,-14.89338119712585,734.9758610782155,111.05586452973112,6.618073383071569,-1.1708326676199097,0.16405076480069292,6.2786552804884215,225.39579873190098,250
1898,938.2019485441693,1284.8265760384886,276.53398365386573,-14.9762393122548,734.8431119707675,94.2245654717423,7.798848509321543,-1.1706365475328238,0.13921285927048352,6.2786552804884215,225.39579873190098,250
2684,1104.7334244384294,1847.5837436164702,276.44932133326046,-14.954476460194918,731.5803365401807,89.56165800919412,8.168454590971049,-1.1658050382407115,0.1329137583993026,6.2786552804884215,225.39579873190098,250
1400,780.1734671464071,967.4686493258791,276.5819999213931,-14.997733242476754,724.6445896064834,98.44960325908946,7.360563837920594,-1.1554626133039845,0.1475022870403794,6.2786552804884215,225.39579873190098,250
2935,2819.227341657991,2022.8056640117038,276.41609339289244,-14.708037948305428,722.5910521194164,96.44284284529178,7.492427958376928,-1.1523814267582648,0.14490629820285833,6.2786552804884215,225.39579873190098,250
1964,2099.0403951409953,1325.8197522754942,276.52301562450936,-14.809080115831405,716.679869937725,85.37576270894328,8.394418359470203,-1.1434629938270102,0.1293359412775946,6.2786552804884215,225.39579873190098,250
1364,935.0728125876079,941.7994186654443,276.58517983243036,-14.975305889084387,715.681961593451,92.84418569195411,7.708419824672684,-1.1419501562606178,0.14084598720543887,6.2786552804884215,225.39579873190098,250
845,185.61813417430344,600.068036154339,276.6393306320742,-15.081912743641189,713.8509489992284,91.89668837831908,7.767972509090384,-1.1391688313434591,0.13976620009010995,6.2786552804884215,225.39579873190098,250
470,246.12971997789418,347.8342972326345,276.67672138468043,-15.072158135197602,708.8648044026631,91.0775570471477,7.783089790558483,-1.131558513031393,0.13949472885653227,6.2786552804884215,225.39579873190098,250
1706,1536.4942616785204,1160.2148091519489,276.55007177803634,-14.889506818235722,705.1628372155828,90.26175497696426,7.81242107906663,-1.1258735195155867,0.1389710038683311,6.2786552804884215,225.39579873190098,250
1784,899.6103579849929,1208.1516913850028,276.5455858016561,-14.981492777931754,704.1914774803736,97.0377143581177,7.256884420026164,-1.1243768900472428,0.14960965852010713,6.2786552804884215,225.39579873190098,250
835,876.4987009468936,590.2774015668558,276.63787526710945,-14.982311097187544,704.0349704273976,97.6434137609012,7.21026583678612,-1.1241355575901397,0.15057697241353538,6.2786552804884215,225.39579873190098,250
1293,545.3794017650097,896.6318113567111,276.59355607413056,-15.031280735476363,702.8998657992634,91.49493125334202,7.68239132125244,-1.122383629317953,0.14132318370668487,6.2786552804884215,225.39579873190098,250
625,1876.3814457282824,444.1635260101674,276.6554290908252,-14.837558945993003,699.7982419230393,89.36696122295123,7.8306147187571264,-1.1175820960360752,0.13864811882512362,6.2786552804884215,225.39579873190098,250
2493,2647.7041127748184,1710.2250256515485,276.4634068618832,-14.73152156721909,699.0422155135893,87.51889848139925,7.9873287671937465,-1.1164084878235683,0.13592779659443616,6.2786552804884215,225.39579873190098,250
1448,1602.0535555169781,998.4682278311348,276.573922394798,-14.879398551462424,697.6432906392001,89.12370670117076,7.827808295478308,-1.1142335330680662,0.13869782690349597,6.2786552804884215,225.39579873190098,250
1234,1100.0087690129951,852.9094140468163,276.59774851894264,-14.951172296064438,695.7470795568806,95.4868792819708,7.2863107977626305,-1.1112784583971147,0.1490054473566212,6.2786552804884215,225.39579873190098,250
2068,1631.854871958893,1391.0537517877647,276.51524034360415,-14.876692844794777,695.2229136878595,90.4035655930761,7.6902156361530265,-1.1104601720343648,0.14117939617920955,6.2786552804884215,225.39579873190098,250
771,964.0872250907772,543.6072550470017,276.6444678953012,-14.969494454238431,690.4840792854084,100.15668355198095,6.894038967724502,-1.1030341517245368,0.15748387920098372,6.2786552804884215,225.39579873190098,250
2574,1525.789657169921,1770.2377729626248,276.45911892474805,-14.893493596077818,689.8770550051267,87.97347602571537,7.841875598998384,-1.1020792301980151,0.13844902106565843,6.2786552804884215,225.39579873190098,250
1810,809.0435102600951,1228.2368288395967,276.54296700982644,-14.994624463215441,689.6308930223167,95.70875805787655,7.205515012589406,-1.1016917485888067,0.15067625257918074,6.2786552804884215,225.39579873190098,250
2494,130.79817569413126,1710.42304019466,276.47381341556763,-15.094249729989553,685.7331929909269,122.29182333673403,5.607351123572187,-1.0955379084362347,0.19362083380795145,6.2786552804884215,225.39579873190098,250
1001,825.1106404193014,702.2491099159498,276.62138540918426,-14.990176917590018,684.4984980051668,103.11278454489181,6.6383475242796814,-1.093581227066938,0.163549738248723,6.2786552804884215,225.39579873190098,250
2809,1126.6178992714435,1926.0552137599243,276.4375220462575,-14.951631098436119,683.942677763378,92.85017187933906,7.3660895173374294,-1.09269923929323,0.1473916380522675,6.2786552804884215,225.39579873190098,250
2637,816.7674577229518,1814.3821157153616,276.4554650699815,-14.99583779228178,681.9675834774971,92.5476943628112,7.368823050350726,-1.0895593070012854,0.14733696176193634,6.2786552804884215,225.39579873190098,250
1918,1542.3994237127347,1295.4819799580937,276.5298699753627,-14.8892024290913,679.03593830303,95.85909383389371,7.083688267277752,-1.084881878651728,0.1532676141347525,6.2786552804884215,225.39579873190098,250
740,953.352588923496,518.1752555073632,276.64830765398864,-14.970936806999369,677.1682612647564,98.403426829205,6.881551619539541,-1.081891464875088,0.15776965138461702,6.2786552804884215,225.39579873190098,250
317,1788.5680062216684,238.32126892371735,276.6864986724941,-14.849359401514056,677.0376899269468,87.86304129219565,7.705602719525758,-1.081682093428923,0.1408974793430331,6.2786552804884215,225.39579873190098,250
942,1625.2980778452938,666.7198196495333,276.62330444313693,-14.874685579336544,672.3522047429724,98.64575196767895,6.815825226445301,-1.0741420616463153,0.15929105631809634,6.2786552804884215,225.39579873190098,250
850,1073.3020828067724,603.6393037774232,276.63504958905486,-14.953999677022246,671.6287589607527,89.12993865547786,7.535388996023672,-1.0729731889092573,0.1440801530714486,6.2786552804884215,225.39579873190098,250
1369,1440.0028076486608,945.741992563434,276.5824688470869,-14.902543754782485,670.5393877879833,90.81267211875227,7.383764535759331,-1.0712107122996197,0.14703881668246466,6.2786552804884215,225.39579873190098,250
1497,712.2901131327018,1028.3180472737017,276.5732044380178,-15.00776180001839,669.0088583186298,108.61356249879339,6.159533330159039,-1.0687296490228344,0.17626335337517646,6.2786552804884215,225.39579873190098,250
34,2773.8821065162374,34.927489558804815,276.7125974917588,-14.706382721467302,668.5005078021932,130.53657980632738,5.1211737644269855,-1.0679043320554025,0.21200217956702752,6.2786552804884215,225.39579873190098,250
1322,1137.5848881797851,918.3338267063315,276.5878297277472,-14.946023099774461,666.711686657407,117.59592802776676,5.669513373796267,-1.0649951479560005,0.1914979167379621,6.2786552804884215,225.39579873190098,250
2554,2919.1992945000925,1754.1471240187711,276.4557277160559,-14.692548484774207,663.0706932909961,85.62437819570151,7.743947544652458,-1.0590495612831872,0.14019981330448505,6.2786552804884215,225.39579873190098,250
715,2266.7214211093687,504.24031239786376,276.6448101639004,-14.781519957597121,660.6906799457065,88.45952341268391,7.4688473830390585,-1.0551454294760885,0.14536379501681973,6.2786552804884215,225.39579873190098,250
2504,1691.9785066423324,1719.9319206678576,276.4659338572746,-14.869341425656037,660.0569095839019,93.97480396249328,7.023764687472402,-1.0541034325259002,0.1545752240157556,6.2786552804884215,225.39579873190098,250
2728,303.5692428228365,1873.6572460695397,276.4487334576896,-15.07000086520133,659.0636627706263,93.12926945325475,7.076869244651772,-1.052468397409573,0.15341529742413992,6.2786552804884215,225.39579873190098,250
1926,991.2263046630487,1301.8162672476983,276.53122733413096,-14.968666225621966,657.7698479507089,89.84932546630972,7.320810084404574,-1.050334882378523,0.14830325981449138,6.2786552804884215,225.39579873190098,250
682,1363.9358567283086,483.9240114684013,276.65167674621534,-14.911609131763594,657.026394582077,91.26065579027645,7.199448534448087,-1.0491070201458965,0.15080321705268365,6.2786552804884215,225.39579873190098,250
1381,1350.577491136373,959.9292387636538,276.5807287328176,-14.915492062137082,651.7085338355828,90.85563275308623,7.173011888065303,-1.040283498138341,0.15135901305369703,6.2786552804884215,225.39579873190098,250
1134,569.1574910216656,791.7523658318514,276.6091077361926,-15.027428334785219,650.2574974662712,89.76344707234267,7.244123512126399,-1.0378633990958266,0.14987320387105188,6.2786552804884215,225.39579873190098,250
1515,364.10618696256256,1038.497251352889,276.57314297606075,-15.0579731020095,648.55987537498,90.57019300308978,7.160853409607447,-1.0350251697116666,0.1516160069054559,6.2786552804884215,225.39579873190098,250
1981,1961.5921636435735,1336.9427293279555,276.5219323645949,-14.828941176084399,641.6858652391966,90.96153187964266,7.0544751388779865,-1.0234561607140458,0.15390230720590228,6.2786552804884215,225.39579873190098,250
748,610.124146252309,524.7639633400321,276.64877684193044,-15.020432354640004,640.9382116002671,102.06050193084151,6.27998294614092,-1.0221903888780057,0.17288263508218094,6.2786552804884215,225.39579873190098,250
119,491.959293260763,106.27849390098939,276.71172544698356,-15.03572901436695,640.4700396628323,95.92300937943806,6.6769177052124755,-1.021397025413019,0.16260496952844358,6.2786552804884215,225.39579873190098,250
1909,639.5773537748179,1293.0745787560597,276.53399817381654,-15.01930315805202,639.4347512811946,97.44216731722683,6.562197546360904,-1.019640566133528,0.16544762517886707,6.2786552804884215,225.39579873190098,250
1031,362.9105122442615,722.3604273627566,276.6203314891276,-15.056865537266969,635.9656278729817,103.55156453897236,6.141535675529379,-1.0137340880836851,0.17677988981256165,6.2786552804884215,225.39579873190098,250
353,1905.4819152729153,268.55476902870186,276.681491151208,-14.832627145256302,631.9214928879519,88.99689835170949,7.100488945026405,-1.006807795373245,0.15290496308151955,6.2786552804884215,225.39579873190098,250
1321,597.459853115167,920.1623190740258,276.5898259315823,-15.02387138443924,627.3653702026786,101.7873497096447,6.1634905711984915,-0.9989513345742363,0.17615018429222415,6.2786552804884215,225.39579873190098,250
621,1570.8011402478749,444.6047986467063,276.65666277869525,-14.881621707979338,626.1155939916789,102.14043855034096,6.129948166250446,-0.996786279390268,0.1771140588068135,6.2786552804884215,225.39579873190098,250
1224,605.0518702270479,843.1871233728529,276.6012811594885,-15.022465027747403,625.132395757726,104.21075382431893,5.998732115608623,-0.9950799923112764,0.1809882453618862,6.2786552804884215,225.39579873190098,250
1389,492.0172326185025,963.0294703953699,276.5838707767828,-15.039238625447066,616.248611734336,94.50283943007413,6.520953396223818,-0.9795398631231975,0.16649405907864823,6.2786552804884215,225.39579873190098,250
2458,894.0031734345565,1681.16636408896,276.47502558065514,-14.984185146734502,614.9884643563855,90.73086235294464,6.778161789800582,-0.977317402257013,0.16017617071839504,6.2786552804884215,225.39579873190098,250
528,2778.4381706272584,378.98230900770915,276.6612993269003,-14.707186066019865,613.8157324330823,92.73031710134802,6.619364104645764,-0.9752450169290527,0.16401877625042677,6.2786552804884215,225.39579873190098,250
2488,1304.6750105980195,1707.3065318122683,276.46942379655155,-14.925110829996372,612.4883677575999,94.2207265803662,6.50056935439968,-0.9728945910474223,0.16701613978861446,6.2786552804884215,225.39579873190098,250
704,1518.7083918090102,493.58387151112447,276.6495790009898,-14.889335857114148,609.4472037687665,89.92830287419739,6.777034418422587,-0.967490200273043,0.16020281630098407,6.2786552804884215,225.39579873190098,250
2175,1868.574036090039,1465.1431304388946,276.50320150519053,-14.842867607505674,608.9712168350379,88.56215743316397,6.876201240858612,-0.9666418935427902,0.15789241209939223,6.2786552804884215,225.39579873190098,250
2495,760.111302298825,1710.898244940565,276.4711427439192,-15.003593876763299,608.629047030452,90.87953413912061,6.697096907415347,-0.966031666745345,0.16211502013624157,6.2786552804884215,225.39579873190098,250
278,2810.2561129857604,205.9264674591658,276.6869557971854,-14.701863519824382,607.9667197382369,96.56921292640565,6.295657811786886,-0.964849494636508,0.17245219363214528,6.2786552804884215,225.39579873190098,250
412,280.0672194837675,303.7152738117287,276.6831620830176,-15.067085509518039,606.430902898428,94.30712840237123,6.430382444803399,-0.9621032889378612,0.1688391023892194,6.2786552804884215,225.39579873190098,250
1484,109.1808475833113,1016.3927590182241,276.57750850433354,-15.094611947547481,605.8383784238104,93.38047786950712,6.48784834096082,-0.9610419318030405,0.16734361577866552,6.2786552804884215,225.39579873190098,250
98,836.3909262453566,91.8786956548795,276.7124057030628,-14.98602385030338,604.355765663684,95.73323688197408,6.312914775970351,-0.9583816525998978,0.1719807788523675,6.2786552804884215,225.39579873190098,250
2843,1342.3553677406237,1949.024340874716,276.4332048583772,-14.920633829019232,601.963532286245,93.10797872906694,6.465219635342818,-0.9540754331813422,0.1679293297423191,6.2786552804884215,225.39579873190098,250
1399,651.680871246327,968.0410403062514,276.58245348580795,-15.016251986756707,600.5352618750185,89.872659878272,6.682068414225341,-0.9514962611565312,0.16247962946453406,6.2786552804884215,225.39579873190098,250
1251,142.83776321308747,861.0972709442188,276.60054860875897,-15.089137180074168,598.6497786835826,96.21649632929913,6.221903743353064,-0.9480820440305571,0.17449643144348975,6.2786552804884215,225.39579873190098,250
2099,814.9296996232437,1410.1576034328084,276.51579542152575,-14.994503866174817,597.9897869995475,94.25134246967987,6.344628854405098,-0.946884395282504,0.1711211207013622,6.2786552804884215,225.39579873190098,250
728,1146.0184795329767,513.7477714673083,276.6481520454975,-14.943146957109981,586.2382381285279,93.67323021323526,6.2583326826034575,-0.9253353343991,0.17348071044832192,6.2786552804884215,225.39579873190098,250
469,1093.1907025370467,346.88835933572057,276.6732682113486,-14.950070233867915,581.3447840495646,90.10147592821154,6.452111666991469,-0.9162344289090381,0.1682704912802985,6.2786552804884215,225.39579873190098,250
203,500.15756610352645,157.30129902429493,276.7040768389708,-15.034760092164722,577.2382291978865,89.32924899489899,6.461917408830437,-0.9085376926371336,0.1680151464821189,6.2786552804884215,225.39579873190098,250
2344,1180.16239615827,1592.5778096138038,276.48705763331185,-14.942599302778488,576.4907850934687,97.40058532576369,5.918760992712224,-0.9071309026046692,0.1834336614262383,6.2786552804884215,225.39579873190098,250
2604,1000.2312082015582,1793.9355419787798,276.45775834692006,-14.969323364051915,575.4799595988006,89.00334673163947,6.465823822715033,-0.9052254894281874,0.16791363788568384,6.2786552804884215,225.39579873190098,250
2424,1473.403834567217,1653.3285849829065,276.47677656338976,-14.900579781759713,575.1873472035077,89.24306242881711,6.44517715494461,-0.9046732883245308,0.16845153731221693,6.2786552804884215,225.39579873190098,250
2143,1126.2392331925482,1443.3332714446724,276.50954940141196,-14.949775739258675,574.401563989275,88.41886915929412,6.496368585696812,-0.9031890126685171,0.16712413799771275,6.2786552804884215,225.39579873190098,250
1177,360.47702991834785,814.783355471043,276.60654780656176,-15.057591913212558,574.2486321621545,87.64012991023603,6.552348025388818,-0.9028999018093504,0.16569632684240307,6.2786552804884215,225.39579873190098,250
2885,2789.9331080756333,1980.997112458063,276.42244770542254,-14.71209561706775,572.9091905488458,88.65866827835943,6.46196476525112,-0.9003644513493937,0.16801391518540854,6.2786552804884215,225.39579873190098,250
890,1181.170635168673,627.9045903339436,276.63097340851755,-14.938550965255256,572.8963204138272,88.65309150253557,6.462226084890021,-0.9003400605231728,0.16800712103505389,6.2786552804884215,225.39579873190098,250
1283,214.5866448971889,890.0363152538365,276.59592816329,-15.078916936314368,571.7442451364332,88.62012317024802,6.45162999873128,-0.8981544831475251,0.16828305408299982,6.2786552804884215,225.39579873190098,250
1833,1645.6722545127805,1240.339459169095,276.5376629091984,-14.874093243924886,570.0233024375484,87.30209334724712,6.529319980567486,-0.8948815030852797,0.16628071579142276,6.2786552804884215,225.39579873190098,250
196,2371.756428243459,153.2405509945084,276.696689044809,-14.764893578049529,567.7660489908594,90.35383813663493,6.283806650607049,-0.8905735263888774,0.17277743577535373,6.2786552804884215,225.39579873190098,250
1700,2520.031231895812,1158.0024455357534,276.5462702483525,-14.74769369370017,567.3822660795122,94.5110371622607,6.00334398093003,-0.8898393720727203,0.1808492072832723,6.2786552804884215,225.39579873190098,250
2421,473.25759613524406,1652.059239813509,276.48111083558064,-15.044689320477545,561.0014722253836,94.24581143198,5.9525347991754,-0.8775599807407074,0.18239288582578322,6.2786552804884215,225.39579873190098,250
1367,423.10251324722117,946.4910457925023,276.5866279006145,-15.04910167251862,558.22176734409,100.24077621552382,5.568809305146231,-0.8721668968110188,0.19496088670098408,6.2786552804884215,225.39579873190098,250
1516,1500.6258601675672,1038.1044035371517,276.56843672015356,-14.8941813192691,556.5397314669972,87.91348521603653,6.330538825748627,-0.8688904136577114,0.17150198899089908,6.2786552804884215,225.39579873190098,250
2772,391.6071519291998,1903.5301057977067,276.4439119117251,-15.05743578181972,554.2939225415175,93.1315444434395,5.95173124051594,-0.8645002705021572,0.1824175111619932,6.2786552804884215,225.39579873190098,250
1854,162.7763832907439,1256.6358984916235,276.54142278936706,-15.087851913495761,552.6335708003608,103.77686919699283,5.325209510332526,-0.8612431369305082,0.2038793023811386,6.2786552804884215,225.39579873190098,250
1267,1940.7417106485395,874.604524369791,276.59096807494916,-14.830062169112049,550.4396902688022,91.04741399585905,6.045637828811227,-0.8569243328277323,0.17958402913683713,6.2786552804884215,225.39579873190098,250
401,756.0574293182766,295.8453313300974,276.6823160664719,-14.998453692495172,544.5236095425644,99.82038785336798,5.455033999090918,-0.8451917650956091,0.19902717383263463,6.2786552804884215,225.39579873190098,250
2381,885.8988798113174,1620.3426333279642,276.48413562222316,-14.985112496163115,544.080572134073,87.42729380378931,6.2232347412598426,-0.8443080246339884,0.1744591109189317,6.2786552804884215,225.39579873190098,250
261,2048.880477067327,197.02860266741087,276.69154333787975,-14.811646313204973,540.2184753484034,89.40051242441164,6.042677616698892,-0.8365735605135372,0.17967200451000012,6.2786552804884215,225.39579873190098,250
868,386.4130392331789,611.206656789736,276.6368215383502,-15.053025264803487,536.0606355071941,94.91805674023247,5.647614941952099,-0.8281847705405608,0.1922404432949403,6.2786552804884215,225.39579873190098,250
1612,1603.4682261370042,1102.7610530240904,276.55836059767284,-14.87961927967597,534.4498508753022,91.56404567445044,5.836896425213683,-0.8249173788894948,0.18600638437065528,6.2786552804884215,225.39579873190098,250
480,1687.8426921902117,355.66651119315674,276.66942889664017,-14.86437523486433,528.7243696829537,87.93936134961204,6.012374454039474,-0.8132232986627465,0.18057757518255732,6.2786552804884215,225.39579873190098,250
1519,653.3052929023877,1040.3446681404407,276.57165679990317,-15.016310088821328,527.7460800582048,100.4763944853685,5.252438473347646,-0.8112125187716823,0.20670399196661665,6.2786552804884215,225.39579873190098,250
2586,1273.0711610864646,1782.475884971497,276.4583397341243,-14.92996245957748,526.4566395305301,89.89364963451163,5.856438599066678,-0.8085564964774281,0.18538570526002351,6.2786552804884215,225.39579873190098,250
1874,74.63547023085634,1271.436002626665,276.5395802369548,-15.1006080067306,523.8853833714093,96.01747946981544,5.456145967006982,-0.8032406823530419,0.19898661189879613,6.2786552804884215,225.39579873190098,250
1983,170.5381185190061,1337.627027904438,276.5293005130246,-15.087055876392744,523.3898042381188,91.79750943681688,5.7015686748926635,-0.8022131238777442,0.19042127910884793,6.2786552804884215,225.39579873190098,250
2182,1577.439047063246,1469.3773123245219,276.5037843230756,-14.884850838864292,519.0677032779204,87.85545780728616,5.908200995509152,-0.7932099974225582,0.18376152077853228,6.2786552804884215,225.39579873190098,250
957,2435.611656218909,677.033220431885,276.6183313458985,-14.757883372681551,507.3959885289805,89.70951942478099,5.655988258352207,-0.768517551741247,0.19195584403782048,6.2786552804884215,225.39579873190098,250
639,1247.424755693637,458.6246869320886,276.6559449675138,-14.9283005705627,505.2785132575809,90.61635879373625,5.576018723150325,-0.7639770544514292,0.19470881535824616,6.2786552804884215,225.39579873190098,250
612,2083.205072284448,434.8522089592544,276.6559370501764,-14.80769536908799,503.1511846847425,96.80098646613322,5.197789847531924,-0.7593962272863995,0.20887724049011427,6.2786552804884215,225.39579873190098,250
824,543.8649109707078,579.3954648740256,276.64090440959546,-15.030205520296207,498.74780597825884,94.54770628479831,5.275091544536487,-0.7498524738482399,0.20581633339130964,6.2786552804884215,225.39579873190098,250
517,984.565991548844,373.3305428434246,276.66978492279924,-14.965838231899445,494.83925840504526,97.89455484572987,5.054819026296742,-0.7413103467409915,0.2147851375789817,6.2786552804884215,225.39579873190098,250
2441,2362.7307533852436,1669.8449945072468,276.4706146652235,-14.772448433903035,493.2411249040306,81.44338676619611,6.056245258071159,-0.7377981771959486,0.1792694902098107,6.2786552804884215,225.39579873190098,250
1631,2627.3542613782574,1116.5285933697587,276.552001230331,-14.732046577612609,491.42572956113145,85.45405708916499,5.750759487619939,-0.7337947060238357,0.18879245469007394,6.2786552804884215,225.39579873190098,250
2406,1971.0826582553925,1641.7136866089716,276.4764402848375,-14.828798215757656,489.3797417055903,86.16646496778056,5.679468710809705,-0.7292649468075638,0.19116224690763636,6.2786552804884215,225.39579873190098,250
48,2378.214807832365,45.48044342922171,276.712725268629,-14.763504492409108,485.80352231735014,96.75687089734342,5.020868469721136,-0.7213016266491439,0.21623749089374195,6.2786552804884215,225.39579873190098,250
2499,1612.8754062549847,1715.9234290362003,276.46686007280385,-14.88072683702543,477.6633048048825,87.5117345834713,5.458277190806601,-0.7029546759762896,0.19890891613724734,6.2786552804884215,225.39579873190098,250
1821,1023.123635540083,1235.366590868838,276.5410089679523,-14.963802671678776,468.2831830710493,91.49919777760888,5.117893866230646,-0.681421382648128,0.2121380451368413,6.2786552804884215,225.39579873190098,250
1888,2129.590371517505,1280.470046197837,276.529650178407,-14.804491653445895,468.252480678304,88.05143626958558,5.317942563079418,-0.6813501953977573,0.20415790263280176,6.2786552804884215,225.39579873190098,250
1878,1087.1578119619164,1274.1591767989373,276.5349534796402,-14.954730316790533,463.2987636538892,90.78976678687752,5.102984400669845,-0.6698028314664186,0.2127578520242949,6.2786552804884215,225.39579873190098,250
1696,535.3758987185099,1155.5100360542415,276.5549630928914,-15.033766271348773,460.96016940279515,91.46760299363211,5.039600408407846,-0.6643084796687209,0.21543374712579716,6.2786552804884215,225.39579873190098,250
67,1409.2454515657753,59.79834809370324,276.71474378647855,-14.903303322559147,455.0765488248144,88.89213959012552,5.119423954954123,-0.6503611179626514,0.21207464151300778,6.2786552804884215,225.39579873190098,250
449,930.6524526857554,333.06396192510533,276.67602130184923,-14.973442373041935,447.8327483433095,87.74118057298163,5.104020089754887,-0.6329396001811283,0.21271467997927476,6.2786552804884215,225.39579873190098,250
806,367.48842393210964,570.9683957611102,276.64290663517784,-15.055587579568336,444.2692856678332,86.94326866366359,5.10987558319748,-0.6242657021937492,0.21247092660534575,6.2786552804884215,225.39579873190098,250
2711,2866.579061743953,1861.8795849266976,276.4398871215983,-14.700568429742441,441.21090550211375,88.10521641748677,5.007772790789535,-0.6167655744405212,0.2168029671787139,6.2786552804884215,225.39579873190098,250
2028,1413.8066151212677,1364.2654452339748,276.520146698849,-14.908014314308604,427.0961054830259,81.96954128063831,5.210424491955874,-0.5814640065419476,0.20837073863677721,6.2786552804884215,225.39579873190098,250
