ID,X_pix,Y_pix,RA_deg,Dec_deg,Fluxo,Erro_Fluxo,SNR,Mag_Inst_B,Erro_Mag_B,Std_Fundo_Local,Area_Ap,Exptime,Mag_B_Calibrada,Mag_Inst_G,Erro_Mag_G,Mag_Ap_B,Mag_Ap_G,Cor_B_G,Erro_Cor_B_G
486,2204.844014859281,1270.3620057698313,276.5308418632585,-14.793600429865808,4442835.957734531,2119.5149033567736,2096.156979457048,39.37569932633727,0.0005179478496315,6.2786552804884215,352.1809355185953,250,8.573723430027226,40.40645875153058,0.0005364858205594,8.808026675720754,7.90074518622388,0.9072814894968744,0.0007457124181607731
193,289.1672453270022,504.8703878943148,276.65310214473146,-15.066602528247996,631078.6697513051,803.5118926457624,785.4005342389171,41.494641268144825,0.0013823520008833,6.2786552804884215,352.1809355185953,250,10.77533573206048,42.645336297260464,0.001515400744435,10.92696861752831,10.139622731953764,0.7873458855745454,0.0020511792877708707
509,1749.7749027951834,1318.2261027456432,276.5256101250376,-14.859401273797303,495457.4641649537,712.2851904679947,695.5886080397403,41.7573340828579,0.0015608363728952,6.2786552804884215,352.1809355185953,250,11.0482774871492,42.33691248544968,0.0013101985627431,11.189661432241387,9.831198920142981,1.3584625120984057,0.002037849468622923
53,1920.2134818221275,136.2320665434027,276.70115888882606,-14.829945350148115,436561.1919155735,677.217302173845,644.639749330424,41.89473720542103,0.001684196485134,6.2786552804884215,352.1809355185953,250,11.191041382187642,42.88893796614185,0.001715197685836,11.327064554804515,10.383224400835154,0.9438401539693615,0.0024038346245186856
591,294.8752661630573,1556.710563059171,276.4960812997516,-15.07001128076072,370665.7207607696,620.2717750612043,597.5859867623265,42.07239396106269,0.0018168096709935,6.2786552804884215,352.1809355185953,250,11.3756294027666,43.23624873679186,0.0020050270321538,11.504721310446172,10.730535171485158,0.7741861389610136,0.00270572185937191
375,1121.1244062649712,1007.8023386714024,276.57455097583744,-14.948759364361488,225864.55462681784,489.43449858845,461.4806583479931,42.61022981775018,0.0023526446457942,6.2786552804884215,352.1809355185953,250,11.934448884884016,43.60400422061343,0.0024025385148308,12.042557167133666,11.098290655306734,0.9442665118269318,0.0033626073432129274
697,2231.69366657358,1960.2423565019928,276.42785557414595,-14.79249674315881,178759.47547410388,435.6370502142669,410.3403863059432,42.864177342531576,0.0026458521662318,6.2786552804884215,352.1809355185953,250,12.198304153213208,44.011172557131665,0.0029122566171691,12.296504691915061,11.505458991824966,0.7910457000900948,0.00393468833451885
402,1818.3247732005,1066.943827363843,276.56279995955805,-14.84849940725943,173927.410718447,430.6424634971779,403.878914554804,42.893929942670084,0.0026881819299647,6.2786552804884215,352.1809355185953,250,12.22921754880466,43.61270782321138,0.0023920025452153,12.326257292053569,11.106994257904681,1.219263034148888,0.0035983327062551083
8,1100.9471987593208,35.212828109604885,276.719729402943,-14.947648597998889,158451.2505711135,416.3477509968751,380.5742920232629,42.99511084369436,0.0028527938506514,6.2786552804884215,352.1809355185953,250,12.334346015059772,43.93665919658932,0.002800089512771,12.427438193077847,11.430945631282619,0.9964925617952289,0.0039973658869116024
658,1347.5136783276546,1807.225453027132,276.45433914034794,-14.91933234694952,155603.180460093,409.323707527278,380.147002479018,43.014803847851965,0.0028560004233097,6.2786552804884215,352.1809355185953,250,12.354807340290977,43.81984433971233,0.0026564170975118,12.44713119723545,11.314130774405633,1.1330004228298165,0.0039004217994850505
683,1446.288642701757,1914.8317128510143,276.4378769862292,-14.905521819294334,153067.70102166673,406.6602162547526,376.4019564819622,43.03264112311719,0.0028844164630478,6.2786552804884215,352.1809355185953,250,12.37334053550688,43.60998241570698,0.002394553412061,12.464968472500672,11.104268850400281,1.360699622100391,0.0037488324016304274
367,1468.7848280681949,992.0682309623892,276.5754375019166,-14.89858374114804,132972.48746959277,380.4480484815221,349.51549364052283,43.185445539114895,0.0031063000632431,6.2786552804884215,352.1809355185953,250,12.53210660428297,43.72501857037551,0.0025241129634341,12.61777288849838,11.219305005068811,1.3984678834295678,0.004002529991777721
398,684.7244951387097,1058.0133238186108,276.56888854494224,-15.011853908440145,129239.59637966804,377.5198597736576,342.33853672533616,43.21636103910757,0.0031714220969258,6.2786552804884215,352.1809355185953,250,12.56422827017878,43.60735534013642,0.0024094624654718,12.648688388491053,11.101641774829723,1.5470466136613297,0.003982891850074099
68,283.7280169031367,201.69945939546128,276.6983715504881,-15.066135529975073,128126.4357431891,377.81528710598513,339.12454078981443,43.22575315920538,0.0032014787177342,6.2786552804884215,352.1809355185953,250,12.573986823134646,44.10945889453827,0.0030625289803561,12.658080508588867,11.603745329231572,1.0543351793572953,0.004430411914893014
401,820.5588716893594,1066.275724901492,276.5670867659952,-14.992313042320172,127151.63308836608,373.8464679313134,340.1172513196716,43.23404516551852,0.0031921344647689,6.2786552804884215,352.1809355185953,250,12.582602341449402,44.22654745701349,0.0032529346208989,12.666372514902008,11.72083389170679,0.945538623195219,0.004557554836643011
487,2765.8829131642983,1275.2208608752137,276.52776168874,-14.71271813905259,125452.80159991371,373.88483940070864,335.53861611773056,43.24864911072616,0.0032356931448363,6.2786552804884215,352.1809355185953,250,12.5977760584791,44.32164467418219,0.0033884366702634,12.680976460109648,11.815931108875489,0.8650453512341585,0.0046852121825939055
596,431.883185471063,1591.0768062475718,276.4903842880332,-15.050409606383278,122382.89871087816,365.9786298776617,334.399029669541,43.275548182923885,0.0032467199473422,6.2786552804884215,352.1809355185953,250,12.625724595952136,44.426041299594445,0.0035867056758596,12.70787553230737,11.920327734287746,0.7875477980196237,0.00483793840615124
562,785.1790079061436,1464.585198094543,276.5077970113876,-14.999007363664868,111125.54802023944,351.0182553668192,316.58053768204064,43.38031523236818,0.0034294590815637,6.2786552804884215,352.1809355185953,250,12.73457912393771,44.34258486329028,0.0034231990024998,12.812642581751668,11.836871297983578,0.9757712837680899,0.004845563022274642
364,312.2889776000241,988.3824276908788,276.58083973083603,-15.06523708049314,103564.20730573343,339.07814557574045,305.4287297988072,43.45682580824085,0.0035546754253117,6.2786552804884215,352.1809355185953,250,12.814074754164004,44.43567183986884,0.0036677329297837,12.889153157624335,11.92995827456214,0.9591948830621959,0.005107639594130995
10,1006.0524140151398,37.240710900225785,276.71983249701987,-14.9613374047324,101930.7853644812,339.94260091294325,299.84704797438707,43.47408659565057,0.0036208460524605,6.2786552804884215,352.1809355185953,250,12.83200896989414,44.39297956934262,0.0034926978475108,12.906413945034053,11.887266004035922,1.0191479409981312,0.005030851258944689
61,393.54027463453775,176.90647181212887,276.70160478495023,-15.050207307126444,101409.40530090002,335.7163729321797,302.0686909464091,43.47965443199603,0.0035942155957918,6.2786552804884215,352.1809355185953,250,12.83779403495516,44.37326732918504,0.0034661751194013,12.911981781379517,11.867553763878341,1.0444280175011755,0.004993271042852533
234,1018.7342425405462,624.5773207700588,276.6321565743187,-14.961951239314011,101327.87545221212,338.34282134404737,299.4828589821796,43.48052767951057,0.0036252492168996,6.2786552804884215,352.1809355185953,250,12.838701352155688,43.78555250516868,0.0026225494963959,12.912855028894057,11.279838939861982,1.6330160890320755,0.00447439356177768
112,1837.2743783230533,296.1193124927228,276.67767193855923,-14.842578608126043,89282.81031688314,317.3864478266183,281.30630947940324,43.61793039190372,0.0038594939516615,6.2786552804884215,352.1809355185953,250,12.9814648210214,44.63111600338625,0.0039942021071369,13.050257741287204,12.125402438079554,0.9248553032076501,0.005554218580103645
263,1985.939150435264,715.7760850843196,276.6144615961957,-14.822890096448129,81697.28982467376,304.8844080817054,267.9615213473949,43.7143308972925,0.0040517011343298,6.2786552804884215,352.1809355185953,250,13.081626384865434,44.132290503952476,0.0030793093110217,13.146658246675983,11.626576938645776,1.520081308030207,0.005089049804715447
547,2689.212264469245,1410.304704718308,276.5079461831956,-14.72432512663619,79322.92853914041,304.07042369392497,260.87025359291863,43.74635317259383,0.0041618390178521,6.2786552804884215,352.1809355185953,250,13.114898006825191,44.7462443130266,0.0041915311609313,13.178680521977313,12.240530747719902,0.9381497742574112,0.005906762013453244
679,1600.2806648222063,1898.94278344232,276.439610870662,-14.883266352622163,78696.36279299477,297.6418952124421,264.3994815878497,43.75496337043411,0.0041062864173554,6.2786552804884215,352.1809355185953,250,13.123844130885558,44.26324855997382,0.0033047262665746,13.187290719817597,11.757534994667118,1.4297557251504784,0.00527093955935235
494,2914.071028695214,1290.14492095468,276.52491410922363,-14.69140728335838,76824.04067597649,296.6958003287562,258.9320124883837,43.78110715717653,0.004192992552625,6.2786552804884215,352.1809355185953,250,13.151007915498145,44.66789586016332,0.0040780000991524,13.213434506560013,12.16218229485662,1.0512522117033924,0.005849040208021799
472,1968.1985044848943,1235.2988458181987,276.53706305184016,-14.827577019271263,71155.86760538927,286.8908968659716,248.02413873254244,43.86432322571813,0.0043773965128884,6.2786552804884215,352.1809355185953,250,13.237470652684678,44.70300522327726,0.0041261428622893,13.296650575101616,12.19729165797056,1.099358917131056,0.006015534485901353
248,746.1589155256687,679.5575231750372,276.62510427249833,-15.001462567946932,67894.26103174919,282.9702629868309,239.93426134289209,43.915267357244645,0.0045249894447063,6.2786552804884215,352.1809355185953,250,13.290402365664733,44.47501084403034,0.0036789806256231,13.34759470662813,11.969297278723644,1.378297427904485,0.005831846012920228
334,962.595433244095,885.6191290826818,276.5934465101956,-14.9711108224289,67640.7851244146,281.5507240647971,240.2436908982962,43.919328421866496,0.0045191613396399,6.2786552804884215,352.1809355185953,250,13.294621872416869,44.46010181463363,0.0036492001340232,13.35165577124998,11.954388249326932,1.3972675219230482,0.0058085696029100695
165,1746.996717568304,418.6017727688357,276.6597915003423,-14.856108702342048,60813.95237846783,269.08829710329144,225.9999897175906,44.034841947436405,0.0048039825194536,6.2786552804884215,352.1809355185953,250,13.41464214948448,44.61295558591303,0.003937422183412,13.46716929681989,12.107242020606328,1.3599272762135612,0.0062114041486318276
313,2278.639091238302,834.3459223516929,276.5955430569781,-14.78117319681407,59566.20275220164,272.8768976372202,218.2896510037017,44.05735023313051,0.0049736668458991,6.2786552804884215,352.1809355185953,250,13.438028594249246,44.984309920792285,0.0048355754657821,13.489677582513991,12.478596355485585,1.0110812270284057,0.0069368690328756874
90,524.5072385157331,247.5377865626228,276.6905080256497,-15.0316259224612,57411.17091842703,265.65368160609086,216.11283747821668,44.09735901036256,0.0050237644957552,6.2786552804884215,352.1809355185953,250,13.47959831091088,44.73046148129007,0.0042897929757206,13.529686359746044,12.224747915983372,1.3049384437626728,0.0066060982041862126
575,929.5077658245788,1502.0530949279262,276.5016060670799,-14.978359556753482,54196.34214129738,260.3818804030288,208.1417572429013,44.159925082154146,0.0052161565962614,6.2786552804884215,352.1809355185953,250,13.544605393279902,45.039061611926556,0.0049637400027131,13.59225243153763,12.533348046619857,1.0589043849177742,0.007200486403796313
677,1674.4930844782343,1877.8223216285487,276.4424544764708,-14.872487153740051,53896.93889328369,256.17259464223525,210.3930710018178,44.165939771955706,0.0051603410455975,6.2786552804884215,352.1809355185953,250,13.55085474575094,45.02999919026392,0.0049221663259772,13.598267121339191,12.524285624957223,1.0739814963819683,0.007131398253320466
668,2655.124164846529,1841.616497027882,276.44378705752365,-14.730977830893323,50860.96790985737,251.34160234745409,202.3579361109797,44.22888846977699,0.0053652454698122,6.2786552804884215,352.1809355185953,250,13.616259382275375,45.185126061190516,0.005317421132098,13.661215819160475,12.679412495883817,0.9818033232766581,0.007553861691044039
255,1844.7097813880468,695.5373150935359,276.6180777398267,-14.843170103997284,50525.09158936469,252.7579398776606,199.89517090469937,44.23608224804154,0.0054313468158648,6.2786552804884215,352.1809355185953,250,13.62373382525697,45.25199012734829,0.005628831107448,13.668409597425025,12.746276562041594,0.9221330353834318,0.007821973400004565
462,2465.0918009051147,1207.8348886552574,276.53907192612047,-14.755819892026912,50403.4409414767,246.11103165479247,204.79960041846093,44.23869955701045,0.0053012798744803,6.2786552804884215,352.1809355185953,250,13.626453248338125,45.16894909361671,0.0054059369214982,13.671026906393934,12.663235528310011,1.0077913780839225,0.007571507267828996
43,2707.6700830674727,120.0565649679826,276.7001943008871,-14.716297583138942,50311.75864258857,251.3380239497942,200.17567518012527,44.240676275899865,0.0054237359210755,6.2786552804884215,352.1809355185953,250,13.628507088766083,45.1531813062691,0.0051878924660314,13.67300362528335,12.647467740962398,1.025535884320952,0.00750540735607802
108,1792.7284388108976,293.5207098524874,276.67824947324107,-14.848991193061533,48647.36242244564,245.3042579993604,198.3143823886355,44.27720177535057,0.0054746407543571,6.2786552804884215,352.1809355185953,250,13.666457627826148,45.339605212467,0.0058455156779831,13.709529124734054,12.8338916471603,0.8756374775737541,0.008008854158418288
399,541.6920684533296,1058.88894900226,276.569356568921,-15.032467691551998,48301.589320743165,247.3976601986352,195.2386666954,44.284946469031496,0.0055608861624416,6.2786552804884215,352.1809355185953,250,13.674504480147585,44.82875999382697,0.0044085131432812,13.71727381841498,12.323046428520271,1.3942273898947093,0.007096368299779652
598,1732.128789233492,1600.650750949746,276.4835590449078,-14.86307901067021,47206.23833497983,243.22879704002693,194.0816174295815,44.30985153487062,0.0055940382936777,6.2786552804884215,352.1809355185953,250,13.700381215254154,45.1195454474977,0.0051046564857132,13.742178884254102,12.613831882191,1.1283470020631015,0.00757302992653973
393,1327.1166497639313,1054.2925251460151,276.5667506113896,-14.91925761537268,46945.86999600826,242.0076884649204,193.98503532590527,44.31585654225347,0.0055968234775222,6.2786552804884215,352.1809355185953,250,13.706620507547656,45.19488866833352,0.0053480675404161,13.748183891636955,12.68917510302682,1.0590087886101358,0.007741205297329092
256,1142.591510413709,704.2627536067613,276.619745204618,-14.944425969895384,46555.803930583934,243.2346404234098,191.4028521987744,44.324915445448895,0.0056723292653574,6.2786552804884215,352.1809355185953,250,13.716032843168776,45.28576829087698,0.0056507843699255,13.75724279483238,12.780054725570281,0.9771880692620982,0.008006664929296364
634,1430.3745112624188,1707.392122406609,276.4688898404441,-14.906995903721576,43386.77639024367,235.3212683591265,184.3725248158641,44.40145656286646,0.0058886214260194,6.2786552804884215,352.1809355185953,250,13.79556020651604,45.1294280045439,0.0051659116824645,13.833783912249942,12.623714439237197,1.2100694730127444,0.00783342235616068
150,2660.9411878663154,379.7279207511926,276.6616903446632,-14.724138119505325,43358.639937783824,232.8282998914505,186.2258151521896,44.4021608944029,0.005830018781836,6.2786552804884215,352.1809355185953,250,13.796292017494306,45.02925632669496,0.0048345960508793,13.834488243786382,12.523542761388264,1.3109454823981181,0.007573799440950244
699,2347.6243689711746,1961.690110493721,276.4271596099673,-14.775789781777592,43278.74830320568,236.37977473108265,183.0898957088936,44.40416329236217,0.0059298739332192,6.2786552804884215,352.1809355185953,250,13.798372538859107,44.84693748431955,0.0044542785336266,13.836490641745655,12.341223919012847,1.4952667227328078,0.0074164683049952615
454,1412.606977915314,1198.113916595432,276.5449375138704,-14.907517744953523,40017.39303639848,229.85685550964945,174.0970176750658,44.48922803973924,0.0062361780488758,6.2786552804884215,352.1809355185953,250,13.886756080946608,45.36337884476559,0.0059623093102171,13.921555389122723,12.857665279458892,1.0638901096638307,0.008627806729869526
510,1029.9418915746091,1319.6746912283795,276.5284011790196,-14.963158525612304,39362.56271849177,225.68678950360228,174.41234732910004,44.50714160760523,0.006224903320356,6.2786552804884215,352.1809355185953,250,13.905368545313337,45.29831190686053,0.0057541434250513,13.939468956988712,12.792598341553834,1.146870615434878,0.008477003474332204
436,1786.0681978078042,1154.938276480662,276.5498118778267,-14.853507906252014,38240.777388763,222.2639991360701,172.0511533014934,44.538533240741444,0.0063103325910142,6.2786552804884215,352.1809355185953,250,13.937984920651411,45.22032802251961,0.0054170377627068,13.970860590124929,12.71461445721291,1.2562461329120183,0.008316525448275108
502,2229.257933313361,1310.9744669559027,276.5246836805875,-14.790245228398035,37005.40876072415,242.64654937062977,152.50745933419535,44.57418700723815,0.0071189960460941,6.2786552804884215,352.1809355185953,250,13.975029716161966,45.58375508163826,0.0076636664117752,14.006514356621636,13.07804151633156,0.9284728402900768,0.010460013746419018
293,2093.364255431383,791.7953599055875,276.6026713361141,-14.80771424339051,36848.64816417769,219.4325831353096,167.92696707879327,44.578796121966306,0.0064653105983303,6.2786552804884215,352.1809355185953,250,13.979818655153998,45.510038803266305,0.0062840423524906,14.01112347134979,13.004325237959605,1.0067982333901853,0.009016065074120623
274,753.6318123760425,740.3363702305892,276.616003625799,-15.000634158685235,36244.25298245973,222.1686803326523,163.13844475374006,44.596752138955594,0.0066550836722691,6.2786552804884215,352.1809355185953,250,13.998475224793378,45.59279543453748,0.0070656343929305,14.029079488339079,13.08708186923078,0.9419976191082995,0.00970635503469068
395,274.8972517798207,1054.486823311389,276.57112947755843,-15.0708903539132,34882.34327566816,221.2148960478017,157.68532724907695,44.63833589256048,0.0068852316124825,6.2786552804884215,352.1809355185953,250,14.04168136541238,45.232828450535884,0.0054694591311868,14.070663241943961,12.727114885229184,1.343548356714777,0.00879325864200815
25,1292.1651046226386,84.70508627319323,276.7115295496362,-14.920288769280685,32600.98055883957,212.0941919737931,153.7099165962443,44.71177336469361,0.0070633048539857,6.2786552804884215,352.1809355185953,250,14.117983994988265,45.59549541928199,0.0067302999355378,14.144100714077098,13.089781853975289,1.0543188601018088,0.009756393425986781
452,2493.980403384236,1184.6769061032207,276.5424030548775,-14.751559465707064,32019.019671008224,213.31447922052453,150.10242055771076,44.73132994428882,0.007233061238893,6.2786552804884215,352.1809355185953,250,14.138303573063045,45.25456087358817,0.005673237939152,14.163657293672301,12.74884730828147,1.414809985390832,0.009192540649886187
171,544.7099222940343,431.5049052090289,276.66297008849256,-15.029475517880352,29954.01689487529,205.1560582190626,146.006007109431,44.80371234565959,0.0074359954189163,6.2786552804884215,352.1809355185953,250,14.213509968370255,45.60929721846456,0.0068081260864964,14.236039695043075,13.103583653157862,1.132456041885213,0.010081895093670485
236,356.15368572953986,633.4610342779511,276.6336278075105,-15.057476525592394,29192.354565405665,204.5463765582483,142.7175345591742,44.83167720854006,0.0076073343289842,6.2786552804884215,352.1809355185953,250,14.242565878269218,45.33419344709221,0.0057750179581849,14.264004557923542,12.828479881785512,1.43552467613803,0.009551040153318358
583,2066.882428182775,1531.6358066600644,276.49245754571297,-14.814546579785684,28373.46752718996,202.3761643575256,140.20162709015622,44.86256898604129,0.0077438473613565,6.2786552804884215,352.1809355185953,250,14.274662896142384,45.7434631640529,0.0073221765647582,14.294896335424774,13.237749598746198,1.0571467366785754,0.010657459434662758
661,338.6638680368966,1826.4179089406207,276.45564060691817,-15.064761494303957,27887.994031311973,210.8321781667441,132.2757952500769,44.88130682963841,0.008207850861508,6.2786552804884215,352.1809355185953,250,14.2941317952958,45.51702103793221,0.0065101456648464,14.313634179021896,13.01130747262551,1.3023267063963857,0.010476202190788224
478,603.6644950744025,1249.3190135327543,276.54067791489746,-15.024302749573849,27432.45494394144,198.63647422976345,138.10381527518575,44.899188335251736,0.0078614772360679,6.2786552804884215,352.1809355185953,250,14.312710946503492,45.21921689887167,0.0054512467628186,14.331515684635221,12.713503333564972,1.6180123510702487,0.009566551918134039
626,801.1476174465861,1686.4619551344638,276.4746197184733,-14.997585085749169,27193.87563789109,200.27317450183097,135.78391467321788,44.908672253888,0.0079957924516529,6.2786552804884215,352.1809355185953,250,14.322564879510864,45.79007625610222,0.0077579960035573,14.340999603271484,13.284362690795518,1.056636912475966,0.011140879629594808
338,1161.3183924789353,907.1449301996954,276.58939915796634,-14.942556701136876,27079.59459367077,204.14712197737188,132.6474472496964,44.9132446259909,0.0081848540813323,6.2786552804884215,352.1809355185953,250,14.3273156423669,45.34441002420905,0.0060514599012142,14.345571975374384,12.838696458902348,1.5068755164720358,0.010178998146610765
32,1756.2836687492024,103.82584605283732,276.7066927764457,-14.853448419662456,26810.012015860964,196.40001339769444,136.50718017810323,44.92410750011147,0.0079534277873403,6.2786552804884215,352.1809355185953,250,14.338602330702903,45.48008999954057,0.0063084748605266,14.356434849494953,12.974376434233868,1.3820584152610849,0.010151545135314768
426,1445.018834946172,1126.7715037731705,276.5554439731294,-14.902557066646674,26741.45012079473,194.44830903335472,137.52472445624423,44.926887636057096,0.0078945804421184,6.2786552804884215,352.1809355185953,250,14.341490933443003,45.97457317842907,0.0082858375249297,14.35921498544058,13.468859613122369,0.8903553723182114,0.011444627728616229
328,2777.2939822197523,878.8672971334922,276.58679526014555,-14.709441611556556,26426.19919119915,193.57410604982164,136.5172219077568,44.9397632611256,0.0079528427609931,6.2786552804884215,352.1809355185953,250,14.354868900053551,45.84079926489053,0.0076216278651255,14.372090610509083,13.335085699583829,1.0370049109252548,0.011015303867598834
407,2929.911576407155,1080.7922695370291,276.55605216015715,-14.68826339369246,25922.87487799957,191.5805055965785,135.3106089644986,44.96064211255559,0.0080237610953687,6.2786552804884215,352.1809355185953,250,14.37656233829914,45.57211099832538,0.0065712766875197,14.392969461939074,13.066397433018679,1.3265720289203955,0.010371230371537034
355,1255.969116986268,962.5889001175952,276.58072976595264,-14.929139902550752,25420.542123401683,192.78476386614668,131.85970516348243,44.98188800126776,0.0082337511573677,6.2786552804884215,352.1809355185953,250,14.398637133758823,45.90742862902511,0.0079179704907679,14.414215350651247,13.401715063718413,1.0125002869328341,0.011423174463087098
635,445.42587576246734,1709.830041242296,276.47260297409923,-15.04892581524066,25070.748161137308,198.55688218390847,126.26481583205027,44.996931785766876,0.0085985948884139,6.2786552804884215,352.1809355185953,250,14.41426785037682,45.66349260220561,0.0070299560604193,14.42925913515036,13.157779036898908,1.2714800982514518,0.011106579863598143
228,2666.82295333088,609.0341807968791,276.6274853344986,-14.724252279711935,24859.70372985408,190.227374102263,130.6841554596129,45.00611015030222,0.0083078166299626,6.2786552804884215,352.1809355185953,250,14.423804308113043,45.947598933883256,0.0081713040542305,14.438437499685705,13.441885368576557,0.9965521311091479,0.011652897798563537
298,707.4022982572536,807.8726763747069,276.60612059795113,-15.007571950302909,24478.623113499227,196.99069252290684,124.26284105099413,45.02288255734134,0.0087371252002395,6.2786552804884215,352.1809355185953,250,14.441231089349223,45.82089810125336,0.0076654080826737,14.455209906724825,13.315184535946663,1.1400253707781616,0.011623073510848127
533,3032.0877705971266,1369.705621133353,276.5125594199318,-14.674711060942045,24101.818250429,186.5385242743053,129.20558015666097,45.03972550379673,0.0084028878527041,6.2786552804884215,352.1809355185953,250,14.458731162091675,45.787869848582034,0.0074288114623954,14.472052853180216,13.282156283275334,1.1898965699048816,0.011215871076690361
81,2596.387994975492,232.73681710323737,276.68387644600864,-14.732828763165356,23347.771302595764,186.9257275169024,124.90400124554596,45.074236445097114,0.0086922755810332,6.2786552804884215,352.1809355185953,250,14.49458854516696,46.028386300976024,0.0085006854424465,14.506563794480599,13.522672735669325,0.9838910588112739,0.01215801413751637
144,787.7875728494397,373.1954960349272,276.67064033956103,-14.994201134777745,22972.415812321124,187.704576793621,122.38601852302745,45.0918333501061,0.008871111366334,6.2786552804884215,352.1809355185953,250,14.512871992099178,46.03856177257267,0.0090094925221973,14.524160699489585,13.532848207265971,0.9913124922236136,0.012643874895831157
568,1082.2768262619388,1485.892625442793,276.5033822944677,-14.956280902421245,22590.2406910134,185.57287451550204,121.73245012231732,45.11004787618285,0.0089187394068638,6.2786552804884215,352.1809355185953,250,14.531797156538596,46.000446987371404,0.008466041188251,14.542375225566332,13.494733422064705,1.0476418035016266,0.012297063308315025
625,1818.6072503271407,1682.2799776972208,276.4710240452868,-14.850939380720591,22517.831433542044,181.89006852218327,123.79912557345467,45.113533612381296,0.008769851927232,6.2786552804884215,352.1809355185953,250,14.535418888472218,45.792815473031325,0.0074835048207596,14.545860961764781,13.287101907724626,1.258759054040155,0.011528796434489898
46,1981.7528202588933,124.11298592366472,276.7027024508208,-14.82101933336538,22395.226041948743,182.49340609627657,122.7180012747084,45.11946139600143,0.0088471128010765,6.2786552804884215,352.1809355185953,250,14.54157794412371,45.57644903670804,0.0066581996220684,14.551788745384911,13.070735471401342,1.4810532739835693,0.01107262512335189
318,1627.55994689954,852.4281869770942,276.5955970654979,-14.87512401113001,22007.91307567217,186.9949392704143,117.69255981760244,45.138402866533745,0.0092248821988628,6.2786552804884215,352.1809355185953,250,14.561258414701856,45.98110664874912,0.008481505685525,14.57073021591723,13.47539308344242,1.0953371324748105,0.012531336332430339
438,2132.8298082849624,1158.2639023318711,276.54785963689187,-14.803527522217502,21238.29438498121,180.02221207587684,117.97596607706149,45.1770509309736,0.0092027218432847,6.2786552804884215,352.1809355185953,250,14.60141433046422,45.630398763702374,0.0068865388464038,14.609378280357085,13.124685198395674,1.4846930819614101,0.011494107473305525
16,2649.628440381231,44.183588997725735,276.7117523035389,-14.724347374262685,21225.387898523128,187.505066371556,113.1990100814842,45.17771093214645,0.0095910732719171,6.2786552804884215,352.1809355185953,250,14.602100081533102,45.916574567605416,0.0078109945284426,14.610038281529931,13.410861002298716,1.1991772792312148,0.012369329894163339
692,1624.5678784801175,1940.56925702648,276.4333008963513,-14.879930066199371,20494.313460091536,181.91390049730023,112.65941417377113,45.21576658556451,0.0096370108788721,6.2786552804884215,352.1809355185953,250,14.641640473402289,46.05091011100683,0.0092379237035415,14.648093934947994,13.54519654570013,1.1028973892478646,0.013349577260421136
361,414.1092073875808,977.4512390108736,276.5820448456017,-15.05052250907675,20031.46110924261,181.3320545910917,110.4683954219459,45.24056845117473,0.0098281503578743,6.2786552804884215,352.1809355185953,250,14.667409981930804,46.136590098665096,0.0095570748412946,14.672895800558216,13.630876533358396,1.0420192671998194,0.01370876431262464
76,670.1414790890498,217.28172351836648,276.6944035839429,-15.010510403580268,19792.929039103765,180.08680854499707,109.90771172536073,45.2535748525622,0.0098782877284622,6.2786552804884215,352.1809355185953,250,14.680923827088549,46.150372326075114,0.0094598280756299,14.685902201945687,13.644658760768415,1.0412434411772722,0.01367731390539687
678,440.62733142280587,1886.399259908829,276.4462672479103,-15.05030774077442,19463.888394136564,181.46133432629827,107.26190494740432,45.27177600746269,0.0101219533676226,6.2786552804884215,352.1809355185953,250,14.699835098676264,45.98654753944899,0.008442976958023,14.704103356846176,13.480833974142293,1.223269382703883,0.01318096354179139
601,1591.63549166094,1607.9666175878422,276.48305213448185,-14.883358595577494,19436.915619584062,173.72812961921113,111.88122304768484,45.27328164845444,0.0097040412182235,6.2786552804884215,352.1809355185953,250,14.701399482137877,46.0356334544544,0.0087021111482587,14.705608997837928,13.529919889147699,1.1756891086902286,0.013034383545132812
477,283.1617116759364,1242.793736732751,276.54298770058483,-15.070453692340696,18850.672860629973,179.86177699710126,104.80644178742756,45.30653288009435,0.010359096077339,6.2786552804884215,352.1809355185953,250,14.735948008075187,46.25007211839241,0.0102874631297184,14.738860229477837,13.74435855308571,0.9945016763921259,0.014599409891665338
251,451.5080809507011,684.8872387114462,276.6255510294433,-15.043946191060188,18746.952783273475,177.2122069293237,105.78815708079404,45.31252330778189,0.0102629635486589,6.2786552804884215,352.1809355185953,250,14.742172151847662,46.05429099988964,0.0086840344671072,14.744850657165372,13.548577434582938,1.196273222582434,0.013443990308945001
180,823.3070970073035,468.6766875429852,276.6562435688414,-14.989476518412324,18382.424341324484,176.3136961135116,104.2597639691575,45.333843053751856,0.0104134131775051,6.2786552804884215,352.1809355185953,250,14.764323686100482,46.0007900540098,0.0084400408361869,14.766170403135341,13.495076488703099,1.2710939144322424,0.013404233037437813
660,613.1028977143371,1818.978337133796,276.45561964006794,-15.025197931993276,18123.82883507904,174.7192851725613,103.731129721479,45.349225141765075,0.0104664819800491,6.2786552804884215,352.1809355185953,250,14.78030590511871,45.46752176735133,0.0063186503556262,14.78155249114856,12.96180820204463,1.8197442891039302,0.01222589822284431
542,1964.6001309108567,1396.9235275238525,276.5129746033024,-14.828749758140123,18054.944858922303,169.02966915655242,106.81524106989832,45.353359605683025,0.0101642798267855,6.2786552804884215,352.1809355185953,250,14.784601674834937,46.20825952745792,0.0097820499070622,14.78568695506651,13.70254596215122,1.0831409929152898,0.01410677442867271
50,784.2745846588042,129.71677178925705,276.7069826572021,-14.99369442278949,17909.27128159409,196.44306658613937,91.16774438939518,45.36215523416823,0.0119088171729111,6.2786552804884215,352.1809355185953,250,14.79374046410285,46.061662168922794,0.0092683765602966,14.794482583551712,13.555948603616095,1.2385339799356174,0.01509048476760365
418,574.4045688689508,1104.061918955519,276.5624781442303,-15.027935971257294,17890.760326414136,180.1079002771931,99.33356781617884,45.36327802736767,0.0109298399712082,6.2786552804884215,352.1809355185953,250,14.794907062994383,45.74858068998893,0.0074679768533906,14.795605376751155,13.242867124682228,1.5527382520689272,0.013237525451495768
161,1331.323581523386,404.3232239454024,276.66368860570384,-14.91598004685767,17691.000176674133,180.2267687282045,98.15967018391972,45.37546905459353,0.0110605506107115,6.2786552804884215,352.1809355185953,250,14.807573722229035,46.180528976858696,0.0095486692218574,14.807796403977015,13.674815411551997,1.1329809924250185,0.01461207937702767
480,978.4057878056936,1251.5375020119814,276.5387829402202,-14.970312021400176,17685.8833050651,169.8562264837221,104.12266698247883,45.3757831338596,0.0104271243857276,6.2786552804884215,352.1809355185953,250,14.807900055274004,46.21438470827664,0.0097283397285579,14.808110483243084,13.70867114296994,1.0994393402731433,0.01426062820599686
417,1191.55735207087,1099.4836257261345,276.5605774803714,-14.938979576734743,17394.869703748205,169.96385350572288,102.34452411472596,45.393797071646425,0.0106082861725259,6.2786552804884215,352.1809355185953,250,14.826616805486474,46.18431735782224,0.0097817695572508,14.82612442102991,13.678603792515538,1.1475206285143713,0.014429786941925466
408,348.42613922689765,1081.436141005366,276.56679969797403,-15.06040490907308,16945.918003167113,170.3525604006154,99.47556974380466,45.42218727008169,0.0109142375640187,6.2786552804884215,352.1809355185953,250,14.856114645374866,46.304951258957345,0.0106002920636486,14.854514619465178,13.799237693650646,1.0552769258145318,0.015214689396714227
702,1084.428706943839,1982.5243947901308,276.42926991413066,-14.957931182910638,16837.820355875592,174.25333072772793,96.6283989267603,45.42913534247083,0.0112358272729211,6.2786552804884215,352.1809355185953,250,14.863333796284827,46.27032239310451,0.0109403923745696,14.861462691854314,13.764608827797808,1.0968538640565058,0.015682346757308303
372,472.88022129871774,1007.3925384891309,276.5773300636995,-15.042175171432207,16021.415866338968,165.58638554960734,96.75563491020932,45.48309778791398,0.011221051890234,6.2786552804884215,352.1809355185953,250,14.91940158247159,46.35591396948891,0.0107404858058943,14.915425137297461,13.85020040418221,1.065224733115251,0.015532869692041486
143,2488.6619201307662,368.1532782705576,276.66415163605814,-14.748939168427988,15961.898378411075,165.2608865412884,96.58606287594368,45.4871386678276,0.0112407522128165,6.2786552804884215,352.1809355185953,250,14.92360011701062,46.2990692689323,0.0099626826856731,14.919466017211086,13.7933557036256,1.1261103135854853,0.015020304810667113
420,761.7497921726526,1109.1786803804305,276.5609309363714,-15.000960783792989,15872.568232484193,167.28027923183205,94.88606968718985,45.49323201497632,0.011442143231132,6.2786552804884215,352.1809355185953,250,14.929931195639297,46.389244415141384,0.0125456579118972,14.925559364359806,13.883530849834685,1.0420285145251214,0.01697987556385761
368,1328.9196506050027,993.1494533539048,276.575864165289,-14.918749185885732,15737.416288958746,166.44592726471174,94.54972282938664,45.50251643916273,0.011482846987919,6.2786552804884215,352.1809355185953,250,14.93957785093588,46.18010568085669,0.009678819416177,14.934843788546218,13.674392115549992,1.2604516729962256,0.01501783340695073
544,2234.7390228816216,1401.2877216142967,276.51119389755405,-14.789820797620614,15642.770943241863,167.65289804619374,93.30450666550232,45.50906580671701,0.0116360938908583,6.2786552804884215,352.1809355185953,250,14.94638274157188,46.443589325897435,0.0113273576060206,14.941393156100496,13.937875760590735,1.0035173955097605,0.016239079757533754
651,781.3738262909598,1784.481183292853,276.46007353729703,-15.000819805760944,15541.236378964417,170.70175185919,91.04321548957628,45.516136106624245,0.0119251060516893,6.2786552804884215,352.1809355185953,250,14.953728888697349,46.18828397903976,0.0094959429586861,14.94846345600773,13.68257041373306,1.2658930422746693,0.01524405087300147
645,2819.724657992881,1756.3664854811975,276.45581136285824,-14.70690200960804,15476.122453194024,159.05332686267704,97.30146962946428,45.52069462824936,0.0111581048481022,6.2786552804884215,352.1809355185953,250,14.958465260700244,46.42157090690764,0.011100287512702,14.953021977632844,13.91585734160094,1.0371646360319033,0.01573911327444751
397,2564.1552679074457,1055.0130776798126,276.5614382216603,-14.74090820102411,15389.589843839727,162.93844432335712,94.45033004794462,45.52678240825,0.0114949307159528,6.2786552804884215,352.1809355185953,250,14.964790554978972,46.17347389354127,0.0094562721464557,14.959109757633485,13.667760328234571,1.2913494293989132,0.014884707423136977
287,732.45005986624,776.5873830712382,276.6106835649457,-15.003834744080804,15196.52625280252,170.74553440938595,89.00101724690938,45.54048920998489,0.0121987369760956,6.2786552804884215,352.1809355185953,250,14.979032126550926,46.143697742488186,0.009871428496808,14.972816559368376,13.637984177181487,1.3348323821868888,0.015692491337565083
606,392.2196001665905,1623.2297047678242,276.48574921426143,-15.056250221371275,15072.466435095295,164.4980008395045,91.62704931472707,45.54938920816198,0.0118491210632655,6.2786552804884215,352.1809355185953,250,14.988279357486402,46.447742002357295,0.0113733233401102,14.981716557545468,13.942028437050595,1.0396881204948727,0.016424194158941786
215,1717.7219753418829,571.162614665416,276.6371641613224,-14.860964523649796,15017.91961911248,161.74672016423943,92.84837184867251,45.5533255829052,0.0116932583564255,6.2786552804884215,352.1809355185953,250,14.992369309593672,46.247622730696975,0.0098294927697224,14.985652932288687,13.741909165390275,1.2437437668984117,0.01527583775444541
356,1389.4034305414289,963.7638139042602,276.57999343238924,-14.909911099197512,14857.64634689549,161.7064566114422,91.88035319205784,45.56497497986749,0.0118164543591877,6.2786552804884215,352.1809355185953,250,15.004473206900824,46.21619886086569,0.0095413016995026,14.997302329250978,13.710485295558989,1.2868170336919889,0.015187660509232394
331,2045.574781960959,881.5478168837112,276.5894900415533,-14.814975177627316,14707.535446846625,159.8341326379161,92.01748840571292,45.5760002622795,0.0117988440981246,6.2786552804884215,352.1809355185953,250,15.015928639875526,46.43245394010722,0.0107454193471795,15.008327611662985,13.926740374800524,1.081587236862461,0.015958595144892587
260,799.4213844071592,711.5121201130227,276.62011160218424,-14.993917197910518,14673.897957635929,170.0257215968539,86.30398871312566,45.578486285022265,0.0125799515895941,6.2786552804884215,352.1809355185953,250,15.018511654608314,46.44238290395081,0.0116681657522575,15.01081363440575,13.936669338644109,1.0741442957616414,0.01715812559747381
422,440.8911027831616,1111.980154215829,276.561854493086,-15.047205268677889,14598.1839255527,162.4683292405737,89.85248998244178,45.58410294389171,0.0120831375982141,6.2786552804884215,352.1809355185953,250,15.024347447000403,46.38361133118286,0.0108383487795648,15.016430293275192,13.877897765876163,1.138532527399029,0.016231821169692236
109,706.0689036329313,294.6134555020322,276.68271224338963,-15.005653548462265,14510.942258412715,163.90604316896986,88.53207592506803,45.59061098673621,0.0122633518829821,6.2786552804884215,352.1809355185953,250,15.031109400646194,45.6057251690602,0.0066385432258756,15.022938336119694,13.1000116037535,1.922926732366193,0.01394489353016578
376,2929.0462478307063,1008.041450200668,276.5668993160615,-14.688088063739766,14486.1571892816,157.06523007568936,92.23019749374674,45.59246703813163,0.0117716326051845,6.2786552804884215,352.1809355185953,250,15.033037865746971,46.376811611066415,0.0104317972279057,15.024794387515115,13.871098045759716,1.1536963417553991,0.015728754801178125
121,2836.8164517716,310.6558295962432,276.6712331694053,-14.698475900124654,14339.010989625938,163.89989621570098,87.48639456583327,45.60355202768824,0.0124099296283493,6.2786552804884215,352.1809355185953,250,15.044555335336028,46.353772353814946,0.0109326146297686,15.035879377071723,13.848058788508247,1.1878205885634756,0.01653869450783865
297,1671.8082304400582,801.6203899042786,276.60298810740545,-14.868536124935243,13410.723825951049,159.9709096266512,83.83226586164774,45.67621947430448,0.0129508607317352,6.2786552804884215,352.1809355185953,250,15.120057896907486,46.392771287105376,0.0104773979344733,15.108546823687966,13.887057721798676,1.22148910188929,0.016658351093974042
254,507.1422843099904,692.2094929293401,276.6242238927625,-15.0359591239974,13279.183022818876,158.5753070536913,83.74054743796107,45.68692162995775,0.012965045407714,6.2786552804884215,352.1809355185953,250,15.131177596357304,46.56975845545132,0.0121501662788199,15.119248979341236,14.064044890144622,1.0552040891966143,0.01776848173106127
600,2524.124391225751,1606.6556602159385,276.47936342843394,-14.748924341101048,13253.055644565027,161.93695850728088,81.84083341277004,45.68905996815308,0.0132659939387981,6.2786552804884215,352.1809355185953,250,15.133399361656233,46.37518039064778,0.010462925952588,15.121387317536566,13.869466825341078,1.251920492195488,0.01689554422543315
674,1363.7088005526475,1870.9808854359544,276.4447603182125,-14.917249826062724,13126.447124850034,155.62557345372963,84.34633738877608,45.69948203792464,0.0128719282142116,6.2786552804884215,352.1809355185953,250,15.144228047694764,46.50680800235574,0.0116456417083475,15.131809387308124,14.00109443704904,1.1307149502590832,0.017358211507843183
207,2351.1312692804013,547.5296421727074,276.63799708303367,-14.769527302445368,13023.436757499032,159.2655407228708,81.77184278776535,45.70803600813048,0.0132771864126613,6.2786552804884215,352.1809355185953,250,15.153115750403751,46.52316763969154,0.0113702990708931,15.140363357513962,14.017454074384844,1.1229092831291183,0.01748048569113886
335,1509.4571456203853,893.3707155007648,276.589988234164,-14.892317629121392,13000.976676751365,155.72752852620792,83.48541070285711,45.70991007372244,0.0130046674126602,6.2786552804884215,352.1809355185953,250,15.155062932523592,46.507317296417696,0.0116165495932376,15.142237423105925,14.001603731110997,1.1406336919949283,0.01743747685205789
469,1375.2641922381845,1229.669185571308,276.5403865454401,-14.913027670920703,12984.00752945844,155.9521255523252,83.25636783387111,45.71132812501333,0.0130404439714016,6.2786552804884215,352.1809355185953,250,15.156536308978772,46.586791951841775,0.0120992396422942,15.143655474396816,14.081078386535076,1.0625770878617402,0.01778889481932275
590,2922.595011647285,1554.6753144607446,276.4854476427651,-14.691254176852336,12930.078453302762,155.84314151830236,82.96854341699883,45.71584712175036,0.0130856822994142,6.2786552804884215,352.1809355185953,250,15.16123161403305,46.443680884237196,0.0111882638177108,15.148174471133842,13.937967318930497,1.2102071522033455,0.017216629417394647
623,761.0243365168348,1672.102590592785,276.47692870955666,-15.0033094443607,12888.66263376712,164.94797391059217,78.13774445482576,45.719330381692146,0.0138946933722623,6.2786552804884215,352.1809355185953,250,15.164850773099054,46.53319401990399,0.0131687800895431,15.15165773107563,14.027480454597288,1.124177276478342,0.019143648371089995
657,1052.137740668764,1806.5535156055123,276.4556609682103,-14.961893758251051,12834.322085498134,160.8028984487111,79.81399719353757,45.72391768670776,0.0136028771666119,6.2786552804884215,352.1809355185953,250,15.169617051474251,46.67657876795357,0.0133097569829327,15.156245036091242,14.170865202646873,0.9853798334443695,0.01903123480372877
653,2439.1511927720207,1788.526256776313,276.45260043179513,-14.761905248417234,12731.528355768358,159.15708626872473,79.99347471260019,45.732648667566636,0.01357235704413,6.2786552804884215,352.1809355185953,250,15.178688670893582,46.54082577839826,0.0118902529647925,15.16497601695012,14.035112213091558,1.1298638038585622,0.018044029242386583
633,1374.6912192469415,1707.3113777127292,276.4691327972322,-14.915020537000524,12716.654480497731,157.9140971022536,80.52893765566324,45.73391784319534,0.0134821100539334,6.2786552804884215,352.1809355185953,250,15.180007363313823,46.671198405163665,0.0129826493851642,15.166245192578828,14.165484839856965,1.000760352721862,0.01871674321468552
272,1528.9169549878357,726.3228410200477,276.6148223994797,-14.888826563789154,12573.636197587795,156.2877972117315,80.45181019829471,45.74619779560718,0.0134950350691178,6.2786552804884215,352.1809355185953,250,15.19276641714388,46.56346150099395,0.0125880885164922,15.178525144990665,14.057747935687253,1.1207772093034123,0.01845469978124169
100,2827.2706285210093,272.80713498088136,276.6769150071548,-14.699692699825611,12514.656592386978,155.93795560703902,80.25407633227987,45.751302679483814,0.0135282847877386,6.2786552804884215,352.1809355185953,250,15.19807046768037,46.08992908533855,0.0094423470922318,15.183630028867299,13.584215520031847,1.5994145088354514,0.016497648556941014
51,1158.0603405972895,130.30149241763837,276.7053010624222,-14.93981420722033,12359.449555530737,154.77232178832404,79.85568357909798,45.76485219842246,0.0135957761719565,6.2786552804884215,352.1809355185953,250,15.212148620079638,46.52185834638203,0.0117215770859836,15.197179547805945,14.016144781075333,1.1810347667306118,0.01795105843956272
503,2152.8804003719165,1311.81254031128,276.5248788187161,-14.801260851242883,12332.831581692968,161.22646782900765,76.49383967632926,45.76719301974447,0.0141932998081146,6.2786552804884215,352.1809355185953,250,15.214580768369174,46.65660600844274,0.0132723701958067,15.199520369127953,14.150892443136044,1.0486279259919087,0.019432075804132812
673,2179.734363251549,1867.994355599148,276.4418274981424,-14.79962127128232,12254.061741424955,153.5248540423195,79.81809732284191,45.77414986125354,0.0136021784083457,6.2786552804884215,352.1809355185953,250,15.22180903052562,46.62396911951153,0.012681302056928,15.206477210637026,14.11825555420483,1.0882216564321965,0.018596630859150597
358,2098.839121223248,969.3334875258768,276.5761750859148,-14.807655754319496,12248.348620418665,152.87491272885362,80.12006942004231,45.77465617408885,0.0135509118733789,6.2786552804884215,352.1809355185953,250,15.222335097118048,46.57401208194019,0.0118235097182293,15.206983523472331,14.06829851663349,1.1386850068388412,0.01798395381047071
589,406.3395674179716,1554.35871528414,276.4959706784043,-15.053944620579085,12159.06098028412,158.13098015665625,76.89233930149838,45.78259993031442,0.0141197420947608,6.2786552804884215,352.1809355185953,250,15.230588778394306,46.47967660416512,0.0118096558578924,15.214927279697903,13.973963038858422,1.2409642408394816,0.018407473707828904
557,326.5231935890932,1446.5084863560876,276.5123998099998,-15.0650166727801,12031.364839804211,155.29541203422255,77.47405208051384,45.79406278026856,0.0140137242191966,6.2786552804884215,352.1809355185953,250,15.242498850575831,46.65555650967684,0.013496610692571,15.226390129652046,14.149842944370143,1.0765471852819033,0.019456180680660816
447,2597.676498990655,1175.6959427280208,276.54330569024705,-14.73656894911907,12001.746728986822,151.43072353160136,79.25569163963107,45.79673887748709,0.013698700718386,6.2786552804884215,352.1809355185953,250,15.245279355525742,46.688446662092446,0.0132721031245074,15.229066226870572,14.182733096785746,1.0463331300848253,0.01907362374378472
411,2588.1469968960378,1093.6676389052238,276.55557449827654,-14.737607017960707,11996.645465630718,153.90688808099,77.94742402508818,45.797200460609346,0.0139286193684932,6.2786552804884215,352.1809355185953,250,15.24575894727874,46.753656613262265,0.0136583469504191,15.229527809992831,14.247943047955566,0.9815847620372651,0.01950786710356585
492,1349.1325859642895,1288.0806002636773,276.53178204366475,-14.917029544925647,11434.318940866971,151.83568438835317,75.30719136893528,45.84932426679845,0.0144169498326006,6.2786552804884215,352.1809355185953,250,15.299916359839475,46.371708387780586,0.0105514932153227,15.281651616181932,13.865994822473887,1.4156567937080453,0.017865678032157734
380,2794.784551097004,1018.240733684249,276.5659464093314,-14.707495136914458,11327.35386512798,150.14906561350375,75.44072165114592,45.859528851609625,0.0143914317922422,6.2786552804884215,352.1809355185953,250,15.310519075758275,45.78325440972529,0.0073311406712616,15.29185620099311,13.277540844418589,2.014315356574521,0.01615112790403771
686,1658.143116544748,1920.9127242367017,276.4360943341417,-14.87501364216455,11317.151501709654,154.39709644671646,73.29899176967542,45.86050719720891,0.014811936341656,6.2786552804884215,352.1809355185953,250,15.311535591437416,46.70031451195037,0.0142499282313643,15.292834546592395,14.194600946643668,1.0982335999487276,0.020553683679289777
63,2609.035020304424,178.98934747433148,276.6918336170448,-14.730776617508283,11308.547826052672,160.13550788070464,70.61861529472368,45.861332923960575,0.0153741332291617,6.2786552804884215,352.1809355185953,250,15.312393533856088,46.73490677657671,0.0135839190015439,15.29366027334406,14.229193211270008,1.0644670620740513,0.020515526510146393
643,381.269312670038,1741.4340936054066,276.46815051144256,-15.058291862455103,11169.245080419758,155.86523352551012,71.65963074499042,45.87479047037888,0.0151507897642341,6.2786552804884215,352.1809355185953,250,15.32637612543406,46.778975455182724,0.0140312022787452,15.307117819762368,14.273261889876025,1.033855929886343,0.020649965323629123
617,1052.2197855998563,1652.8111809223626,276.4786012158692,-14.961275155347147,11157.915237384295,153.3722608532663,72.75054286419662,45.875892376905156,0.0149235999795448,6.2786552804884215,352.1809355185953,250,15.327521022760443,46.67594670451016,0.013109896762074,15.308219726288641,14.17023313920346,1.1379865870851802,0.019864119146383207
125,501.3928691150605,333.56633937731976,276.67776861406924,-15.035313659344997,10822.11171234469,149.8052881387369,72.24118618778111,45.90906999000886,0.0150288229927159,6.2786552804884215,352.1809355185953,250,15.361993057939896,46.711939515431936,0.0130060196545977,15.341397339392344,14.206225950125237,1.1351713892671071,0.019875162082412502
116,2589.081984136967,307.60994909302207,276.6727472657949,-14.734199238301402,10779.459718812052,148.8281697203453,72.42889393229208,45.91335753676544,0.0149898740827788,6.2786552804884215,352.1809355185953,250,15.366447883010178,46.76260757283101,0.0137192779770533,15.345684886148923,14.25689400752431,1.0887908786246143,0.020320307901929617
230,594.8252540063685,615.1062714869815,276.635360245526,-15.0230080024597,10622.491673308308,146.94595619980413,72.28842458832132,45.92928402335592,0.0150190020903485,6.2786552804884215,352.1809355185953,250,15.382995740275138,46.15684879366124,0.0094730080570351,15.361611372739404,13.65113522835454,1.710476144384863,0.017756922746876624
166,2126.9064169150624,419.0386310496736,276.65810869619816,-14.80132694352827,10515.836048713623,159.00176292131746,66.13660034648433,45.94024050556053,0.0164160237192735,6.2786552804884215,352.1809355185953,250,15.39437968880754,46.60352680134271,0.0124328476601322,15.372567854944016,14.09781323603601,1.2747546189080055,0.02059275444645045
554,2899.377857076431,1427.363422107317,276.50452217724467,-14.694085870568822,10301.353623168194,145.3328473975609,70.88111055161973,45.96261428213877,0.0153171979325765,6.2786552804884215,352.1809355185953,250,15.417626376593413,46.55556178364482,0.011755115105821,15.394941631522258,14.04984821833812,1.3450934131841379,0.019308010867430826
442,893.2693267783967,1165.703163290361,276.5519462598087,-14.98223579960102,10108.47396531637,155.8612724875896,64.85558473880197,45.98313602945481,0.0167402700071632,6.2786552804884215,352.1809355185953,250,15.43894877833495,46.578629873198906,0.0125044765702304,15.415463378838297,14.072916307892207,1.3425470709460896,0.020894941354504176
666,724.2291391557125,1840.181676314968,276.4519966798891,-15.00927129304969,10098.100411468911,149.0160094170535,67.76520489961047,45.98425080960148,0.0160214966015138,6.2786552804884215,352.1809355185953,250,15.440107051545052,46.884548039046535,0.0152364358820013,15.416578158984962,14.378834473739836,1.0377436852451254,0.02210966602503654
621,1313.5485470372498,1665.6383781734714,276.4756035998727,-14.923666878891042,10057.037767335016,145.37019518468992,69.18225400026292,45.98867481907121,0.0156933308359087,6.2786552804884215,352.1809355185953,250,15.444703663410955,46.764766094226445,0.0142740235604742,15.421002168454692,14.259052528919746,1.1619496395349458,0.021213872379418505
250,2755.465103230127,682.5349397121499,276.61615252279177,-14.71177364439101,10022.733096508831,146.1829098982188,68.56296063258867,45.9923846083509,0.0158350804863574,6.2786552804884215,352.1809355185953,250,15.448558189839918,46.8025042987428,0.0141395636407755,15.424711957734388,14.296790733436097,1.1279212242982908,0.021229155281380307
512,1191.779084402773,1326.408834635192,276.5267211357687,-14.93986231241446,9895.58074940255,147.01704832820573,67.30906967545239,46.00624680403559,0.0161300699182885,6.2786552804884215,352.1809355185953,250,15.46296121804491,46.76260679186936,0.0136396450620701,15.438574153419076,14.25689322656266,1.1816809268564157,0.021123898148498275
195,1110.9959691068311,507.57110436086055,276.6492218983778,-14.948169867031307,9753.00231174071,149.1714058558671,65.38117848915554,46.02200420379003,0.0166056963959448,6.2786552804884215,352.1809355185953,250,15.479333391563664,46.937417775705136,0.015058587322031,15.454331553173517,14.431704210398436,1.0226273427750812,0.02241673939112303
172,2566.74642091322,436.2733680486412,276.65366387638164,-14.73796298047506,9714.1490335298,146.74449297378493,66.19770757097629,46.0263381164505,0.016400870057863,6.2786552804884215,352.1809355185953,250,15.48383639150008,46.79753222495756,0.014284295739981,15.458665465833988,14.291818659650858,1.1668468061831305,0.021749244663715254
638,1038.694190330083,1724.6432451833932,276.46793888516305,-14.963508076996904,9647.25935992904,145.0130395127826,66.52684056786946,46.033840135706356,0.0163197288602994,6.2786552804884215,352.1809355185953,250,15.49163110147202,46.87254052687429,0.0149362290674402,15.46616748508984,14.36682696156759,1.099340523522251,0.02212294032963825
284,347.57343345834704,768.3757785864126,276.6135283183057,-15.05926269580408,9587.061212304803,149.62023807266323,64.07596549638451,46.04063627092651,0.0169439506933572,6.2786552804884215,352.1809355185953,250,15.498692387395792,46.90889842375921,0.0152666549600007,15.472963620309997,14.403184858452512,1.069778761857485,0.02280719664418742
413,2176.696511004284,1094.7505789946724,276.5571458520948,-14.79694324317316,9568.17733679124,150.95544461883102,63.384115498127926,46.04277698182611,0.017128897223975,6.2786552804884215,352.1809355185953,250,15.500916617969867,46.6977162450394,0.0134454732714447,15.475104331209593,14.192002679732703,1.2831016514768905,0.021775671553424757
27,2403.262482230697,92.46259333774636,276.7056141426801,-14.760091275355348,9388.922254646835,154.73560134674017,60.67719498893869,46.06331066447668,0.0178930486189732,6.2786552804884215,352.1809355185953,250,15.522251420702112,46.93139440241148,0.0154970844769656,15.495638013860166,14.425680837104778,1.0699571767553877,0.023671096640568788
282,931.8989485703736,760.1744314706291,276.6122923905718,-14.975023105920997,9309.23671105114,141.76645165117523,65.66600632677941,46.07256483796148,0.016533668799609,6.2786552804884215,352.1809355185953,250,15.53186664506824,46.827469047303325,0.0139206538412561,15.504892187344964,14.321755481996625,1.183136705348339,0.021613579234898653
676,1956.211682859264,1871.5431618871207,276.4422246772153,-14.83185648807935,9100.504828949022,140.47845648921512,64.78220971660299,46.0971863105626,0.0167592307324729,6.2786552804884215,352.1809355185953,250,15.557448722567996,46.83952523211814,0.0145197931887278,15.529513659946083,14.333811666811442,1.1957019931346409,0.022174223977124662
705,2529.520767226148,1995.752369785024,276.4213271821161,-14.749700987308918,9093.677535195571,158.2984031135039,57.446426219948535,46.098001146888656,0.0188993479915202,6.2786552804884215,352.1809355185953,250,15.558295349671926,46.81005778345908,0.014268305114858,15.53032849627214,14.30434421815238,1.2259842781197605,0.02368058034245068
276,3090.88828075876,745.3480634496293,276.6053650000828,-14.663651598014113,9001.805049626419,165.82906992038014,54.28363708455022,46.10902601350105,0.0200005021459588,6.2786552804884215,352.1809355185953,250,15.569750350624634,46.813194129804174,0.0149025647229216,15.541353362884536,14.307480564497475,1.2338727983870612,0.024942063294991653
64,2725.800413246924,183.48455058134724,276.690662840821,-14.713951776313362,8982.688539087569,164.39516190109134,54.64083270584337,46.11133416805822,0.0198697557528967,6.2786552804884215,352.1809355185953,250,15.57214855765796,46.73877464433441,0.0134247099638649,15.543661517441706,14.233061079027713,1.3106004384139922,0.02397978380414771
249,889.773298995653,681.9951262054348,276.6241346314539,-14.980774454655617,8977.726861911302,146.60603172856037,61.237090698515566,46.11193405091877,0.0177294510176055,6.2786552804884215,352.1809355185953,250,15.572771844903112,46.92909010163699,0.0154682824133776,15.544261400302254,14.423376536330288,1.1208848639719662,0.02352873124938273
459,959.2748948088076,1203.1438797500937,276.5460836840578,-14.972874453565618,8915.092086576013,142.59222381852857,62.52158671655121,46.11953543795907,0.0173652022768095,6.2786552804884215,352.1809355185953,250,15.580669799486136,46.9223591050091,0.0159209844969847,15.551862787342557,14.416645539702401,1.1352172476401563,0.02355903218444546
224,2735.462046393413,597.0910421442171,276.6289734461058,-14.71430183057164,8835.827675551205,141.95082614659046,62.24569391675523,46.129231928502506,0.0174421704006058,6.2786552804884215,352.1809355185953,250,15.59074459787762,46.72955493091552,0.0135167846843761,15.56155927788599,14.22384136560882,1.3377179122771707,0.02206655334408963
608,251.43848348779625,1633.4192321018334,276.4848104373608,-15.076570342742173,8799.143328441045,148.2981547906594,59.334138990886906,46.133749041827755,0.0182980661464852,6.2786552804884215,352.1809355185953,250,15.595437946038956,46.97542282102249,0.0159614416763351,15.56607639121124,14.469709255715792,1.0963671354954485,0.024281409454316994
559,1654.5922292740238,1453.100348508372,276.5058905348794,-14.873664646824178,8763.751750543714,140.6479052184839,62.30986332096458,46.138124854506344,0.0174242076957775,6.2786552804884215,352.1809355185953,250,15.599984480719534,46.83706845786753,0.0145429943990858,15.570452203889829,14.331354892560832,1.2390973113289974,0.02269585204211185
270,1813.141907799452,722.9035076722749,276.6141302641337,-14.847834763934795,8694.203772070527,147.43989533608928,58.96778312445276,46.14677548459403,0.0184117486273582,6.2786552804884215,352.1809355185953,250,15.608972614488383,47.06241486276838,0.0175019746883427,15.579102833977515,14.556701297461679,1.0224015365158365,0.025402984185099495
484,2888.090158435172,1263.0232686092784,276.5290660510576,-14.695043452555057,8652.622629401681,143.99384664823535,60.09022490064661,46.15198061404579,0.0180678305297592,6.2786552804884215,352.1809355185953,250,15.614380821673564,46.928148330657734,0.016187767581728,15.584307963429275,14.422434765351035,1.16187319807824,0.024258819413403916
82,2835.5302900490374,233.95014315000947,276.682670809157,-14.69833637988173,8456.323211076611,140.42104150071444,60.22119705637981,46.17689608696511,0.0180285356829349,6.2786552804884215,352.1809355185953,250,15.640268369891782,47.06992129599117,0.0179951285635656,15.609223436348593,14.564207730684473,1.0450157056641203,0.025472588225190457
377,621.8718404043593,1013.4835028204866,276.57579700441147,-15.020731141066207,8421.651098554896,143.08585158498556,58.85732939537262,46.181356909114065,0.0184463007607232,6.2786552804884215,352.1809355185953,250,15.644903230680818,46.84717819417985,0.0149936341683029,15.61368425849755,14.341464628873148,1.2722196296244022,0.02377130785901267
556,2456.993538416071,1444.8452236723467,276.5037691870273,-14.757950967966591,8337.034815574152,147.61930896142565,56.4765874751026,46.192320983878446,0.0192238952199196,6.2786552804884215,352.1809355185953,250,15.656295067996131,46.79318992087341,0.0137745870482853,15.62464833326193,14.28747635556671,1.3371719776952204,0.02364946924937718
615,707.7595127704279,1650.591929673466,276.48035942492885,-15.01089890818816,8315.729920887243,141.6526689163237,58.70507053982488,46.195099082108555,0.0184941435214437,6.2786552804884215,352.1809355185953,250,15.6591815535194,46.748763130829246,0.0139760032724521,15.62742643149204,14.243049565522547,1.384376865969493,0.02318107012334309
525,1362.921618066117,1357.211449871432,276.52141141650264,-14.91532008392716,8164.610423531529,135.5120205129183,60.25008255819785,46.21501135394233,0.0180198923205006,6.2786552804884215,352.1809355185953,250,15.67987070113865,47.06127942989292,0.0170332568392653,15.647338703325815,14.555565864586221,1.091772838739594,0.02479613594483654
327,925.4432363967296,877.5158700910815,276.5948117809189,-14.976432304452103,8061.525035136146,148.08100387448098,54.43996747867402,46.22880700411095,0.0199430684896221,6.2786552804884215,352.1809355185953,250,15.694204587559277,47.09690654225511,0.0181204725046398,15.661134353494433,14.591192976948413,1.0699413765460193,0.026945825364482066
93,485.2171825622007,250.363693066166,276.6902532555053,-15.037300138561246,7952.637428534537,145.5322722296723,54.64518148925795,46.24357206459767,0.0198681744741469,6.2786552804884215,352.1809355185953,250,15.709545705768535,46.928950717664115,0.015328360479023,15.675899413981156,14.423237152357416,1.2526622616237404,0.02509388355575949
570,316.0187317604049,1496.892311585635,276.50492273692856,-15.066729290002089,7942.075033287372,147.7030393377439,53.77055928501712,46.24501505724625,0.0201913466111654,6.2786552804884215,352.1809355185953,250,15.711044996666594,46.983008093930565,0.0166366780597249,15.677342406629734,14.477294528623865,1.2000478780058685,0.02616236867783864
98,254.24294387073147,271.21986477172743,276.6881213519441,-15.07067251239209,7937.895560745237,142.48594017183925,55.71002690631839,46.24558657023914,0.0194884127739824,6.2786552804884215,352.1809355185953,250,15.71163880719584,46.13821132422317,0.0092599651041722,15.677913919622625,13.632497758916472,2.0454161607061536,0.021576496151590675
665,1276.275733959905,1837.124911983214,276.45017292395937,-14.929716175464588,7837.345793025801,139.65104658657225,56.12092415052032,46.259427499729675,0.019345725617206,6.2786552804884215,352.1809355185953,250,15.72601973950772,47.18510632019559,0.0188733358531324,15.69175484911316,14.679392754888887,1.0123620942242724,0.02702702177231804
146,160.61612629725636,374.0600046211219,276.67316930573674,-15.084588447654175,7797.842839557823,168.7632334747753,46.20581556185549,46.26491382663552,0.0234970422402041,6.2786552804884215,352.1809355185953,250,15.731720115044482,47.07051384376815,0.0180591174296523,15.697241176019006,14.564800278461448,1.132440897557558,0.029635160137510767
162,207.6148515895327,407.19151955885616,276.66802543545856,-15.077952567934318,7701.925731730676,143.32643876340558,53.73695040622993,46.27835170546963,0.0202039749519193,6.2786552804884215,352.1809355185953,250,15.745682271708931,47.16707990522309,0.018647945546757,15.710679054853117,14.661366339916391,1.0493127149367254,0.02749448084566422
341,1367.6273186731376,915.0344687226236,276.58735405321994,-14.912851259985125,7678.484872837347,135.3576582728966,56.727376720396855,46.281661189140905,0.0191389072220155,6.2786552804884215,352.1809355185953,250,15.749120874636317,47.149603249492245,0.0181073771507641,15.71398853852439,14.643889684185545,1.0700988543388448,0.026347198654371795
281,1309.2373053771576,758.0549366966557,276.6110170614354,-14.920625474284876,7665.379586080875,143.3555194009599,53.47111585317549,46.28351585721404,0.0203044201093761,6.2786552804884215,352.1809355185953,250,15.7510479024446,47.210067247025876,0.0196577407869655,15.715843206597526,14.704353681719176,1.0114895248783498,0.028261214567416655
237,224.34253126517547,634.2966501373648,276.6340585884716,-15.076472802019763,7647.605225069274,140.69005358866443,54.35782438059609,46.28603636855414,0.0199732055572768,6.2786552804884215,352.1809355185953,250,15.753666751344753,46.31799918061206,0.0103130439832524,15.718363717937628,13.812285615305363,1.9060781026322644,0.022478607973665347
506,2517.2514643677096,1315.4509706755753,276.5228084133287,-14.748736985525358,7626.2033600194845,140.7167745759054,54.19541048324527,46.289079066753764,0.0200330616618477,6.2786552804884215,352.1809355185953,250,15.756828160185409,47.06018543529777,0.0174971003135705,15.721406416137249,14.554471869991069,1.1669345461461802,0.026598347296975824
479,927.4333357533426,1252.4936283096758,276.5388531271412,-14.977661419981567,7352.123291470809,139.72164983731852,52.61978583870913,46.32881806832321,0.0206329231997998,6.2786552804884215,352.1809355185953,250,15.79811757590728,46.5928255487601,0.0128252611432147,15.761145417706693,14.087111983453404,1.674033434253289,0.02429413186677988
540,2946.32190533344,1389.1254423557791,276.51002493776497,-14.687159904713326,7351.512219223543,133.66856710535555,54.99806258437103,46.32890831311504,0.0197406953805774,6.2786552804884215,352.1809355185953,250,15.798211341592872,46.47886470256593,0.011315613422337,15.761235662498528,13.97315113725923,1.7880845252392987,0.022753860358904445
516,2951.195173836732,1335.3960151984295,276.5180131429252,-14.68623791662104,7259.194924605923,134.63393167563166,53.9180192857713,46.34262887598658,0.0201361254434379,6.2786552804884215,352.1809355185953,250,15.81246721119118,47.20161757805478,0.018829809579557,15.774956225370062,14.69590401274808,1.0790522126219813,0.027568555941076125
360,2429.14429310388,975.9487536641656,276.5737951067123,-14.760053160082842,7252.107310537423,145.57201622949978,49.81800416299931,46.343689467198416,0.0217933258917339,6.2786552804884215,352.1809355185953,250,15.81356918128924,47.025317264471795,0.0163316544474194,15.776016816581901,14.519603699165096,1.2564131174168054,0.02723365547283789
296,1786.3862167930786,798.9668540701368,276.60289984043226,-14.852006038888875,7242.851949080592,133.86944723294775,54.103845939374224,46.34507600195267,0.0200669653173376,6.2786552804884215,352.1809355185953,250,15.815009811592478,46.70757509508777,0.0134370190312043,15.777403351336154,14.20186152978107,1.5755418215550847,0.024150291457706603
31,2468.4153721714206,99.60227769834673,276.70427023907416,-14.750723693210697,7228.893159165775,152.54872471083303,47.38743750803985,46.34717050654376,0.0229111354631867,6.2786552804884215,352.1809355185953,250,15.8171860331224,47.15688763498311,0.0179271526008919,15.779497855927247,14.651174069676408,1.1283237862508386,0.029091286128120158
588,1455.578407158057,1553.382699906108,276.49176047001947,-14.902750843419533,7113.268183582666,136.5379377181545,52.09737529701143,46.36467706486782,0.0208398214652913,6.2786552804884215,352.1809355185953,250,15.83537560850058,46.73134965472889,0.0134889382132563,15.797004414251305,14.225636089422188,1.5713683248291161,0.024824375376356643
639,2212.2486266950173,1730.567894666218,276.4621862041083,-14.794386639596729,7095.406932994549,132.8505336753805,53.40894565265455,46.36740675169386,0.0203280552861098,6.2786552804884215,352.1809355185953,250,15.838211793852498,47.2188058223024,0.0188905408571227,15.799734101077348,14.7130922569957,1.0866418440816474,0.02775035793624577
59,799.086431759296,168.5257890674147,276.70112929791327,-14.991721502559113,7093.970626395603,138.5705367147932,51.19393194670568,46.3676265569777,0.0212075915780457,6.2786552804884215,352.1809355185953,250,15.83844017482292,46.97287768718812,0.0163106766864434,15.799953906361182,14.467164121881417,1.3327897844797647,0.026754441024078285
616,2034.3642731102768,1651.097985882687,276.4747773965265,-14.819713264962392,7085.272646121215,135.88068734443289,52.14333828148319,46.36895860454825,0.0208214517094995,6.2786552804884215,352.1809355185953,250,15.839824192129086,47.21220295237897,0.0186687216582004,15.801285953931732,14.706489387072274,1.0947965668594577,0.027965228760773266
550,1191.3780382691357,1416.2755072299,276.513315101418,-14.940280185766133,7049.278362638346,142.48604941711733,49.47346348274495,46.374488370749525,0.0219450979084709,6.2786552804884215,352.1809355185953,250,15.845569701742114,47.210464672729444,0.0189678374729076,15.80681572013301,14.704751107422744,1.1020646127102651,0.02900631277172284
267,852.3485996810812,717.8465529552137,276.6189432737761,-14.98631514708187,6986.744172910112,136.0176729697045,51.36644393604853,46.38416291820558,0.0211363667952506,6.2786552804884215,352.1809355185953,250,15.855621700938322,47.05937762196651,0.0175818107219541,15.816490267589067,14.553664056659812,1.262826210929255,0.027493018560463534
548,591.1560478393235,1412.142193105271,276.5164299502838,-15.026754522772537,6977.180587487208,150.43803732169502,46.37909874194438,46.38565011220621,0.0234092517847509,6.2786552804884215,352.1809355185953,250,15.857166917700845,47.084008230671714,0.0185740875485556,15.817977461589692,14.578294665365014,1.2396827962246775,0.029882934885704773
7,529.3583793783132,34.81651687292185,276.7222294985268,-15.030040241284752,6889.974939020525,144.58118307947575,47.6547140663051,46.399305916063746,0.022782635910676,6.2786552804884215,352.1809355185953,250,15.871355501717098,46.78464939394376,0.0149359637177134,15.83163326544723,14.27893582863706,1.5526974368101705,0.027242090801098115
157,1646.2051664473988,390.4869460608006,276.6644132384142,-14.870524267675442,6818.238446004078,132.72938407573773,51.36947250590322,46.41066955864525,0.0211351206667585,6.2786552804884215,352.1809355185953,250,15.883162495957826,46.92378859092604,0.0147906873164619,15.842996908028738,14.418075025619338,1.4249218824094,0.02579646791504196
78,1042.6383125122752,217.9913748552038,276.69271212866244,-14.956820430117588,6666.264608637022,135.0683237291083,49.35475931430686,46.43514365063774,0.0219978785244583,6.2786552804884215,352.1809355185953,250,15.908591442805609,46.733625752166304,0.0132959363845744,15.867471000021226,14.227912186859605,1.6395588131616208,0.02570386321002104
175,1478.1119168897562,441.671094834756,276.6574942104163,-14.894973030975384,6652.51437374152,133.5108478040352,49.82751950991997,46.43738546772529,0.0217891641140966,6.2786552804884215,352.1809355185953,250,15.910920724217934,46.98807334283305,0.0165695239969319,15.869712817108777,14.482359777526348,1.387353039582429,0.027373651533471693
514,2701.8904533943805,1332.5232637774602,276.5194883420546,-14.722180470093887,6593.880901836936,131.40455075725706,50.18000414626262,46.44699727496789,0.0216361082162417,6.2786552804884215,352.1809355185953,250,15.920907535395983,47.01193421614409,0.0158630281964764,15.879324624351376,14.506220650837392,1.3731039735139845,0.02682828437129603
326,1680.1231236342662,874.5590543993042,276.5920745945593,-14.86763692343354,6552.656476906734,138.35039426514354,47.36275969224059,46.453806520031165,0.0229230730441974,6.2786552804884215,352.1809355185953,250,15.927982442642412,47.13348668400972,0.0175372651850252,15.88613386941465,14.627773118703018,1.2583607507116312,0.02886213692642155
347,1641.469255872851,934.7004046658632,276.5832675834719,-14.873455838523366,6473.077342272358,135.70544933583352,47.699465083773305,46.46707303135548,0.022761261538116,6.2786552804884215,352.1809355185953,250,15.941766545906589,47.15947302482553,0.0177927501331876,15.899400380738967,14.653759459518831,1.2456409212201365,0.028890430666720184
185,394.082280487664,478.1027672319587,276.6566535927504,-15.05137430612352,6468.404458221863,129.80160439061558,49.83300852550569,46.46785710225137,0.021786764077154,6.2786552804884215,352.1809355185953,250,15.94258120726942,46.96554564982564,0.0154799108487143,15.900184451634857,14.459832084518943,1.4403523671159135,0.02672621800475538
405,934.838945409279,1073.135742195333,276.5655844235065,-14.975871737828596,6467.537190322444,137.5020195888208,47.03594325132566,46.46800268487452,0.0230823477738888,6.2786552804884215,352.1809355185953,250,15.94273246978764,47.35995001947142,0.0210100213544422,15.900330034258005,14.85423645416472,1.0460935800932845,0.031212429832822478
640,960.5926869120836,1731.1226067530922,276.46729528195294,-14.974787450988597,6458.547488599317,136.63918214066885,47.26717027587518,46.469512878633395,0.0229694308684718,6.2786552804884215,352.1809355185953,250,15.944301583642249,47.40773191376806,0.0231103528627893,15.90184022801688,14.902018348461361,0.9998218795555189,0.032583479922564114
226,1736.7894994305957,604.4910263084242,276.6321128680662,-14.858353528997933,6425.6420552778,137.45353567239377,46.74773932765652,46.475058698624,0.0232246524776372,6.2786552804884215,352.1809355185953,250,15.950063773381984,46.71604222064701,0.014540255049854,15.907386048007481,14.210328655340312,1.697057392667169,0.02740079377722157
614,2173.490356580792,1646.802126067919,276.47483887205897,-14.799639290200629,6420.494193904917,133.42225209080812,48.1216145979539,46.47592887774407,0.0225615871177806,6.2786552804884215,352.1809355185953,250,15.95096790247486,47.073765897822526,0.0168973381481157,15.908256227127552,14.568052332515826,1.3402038946117258,0.02818767904182552
9,2288.288814086987,35.31607710933373,276.71462668771744,-14.776432198357217,6388.052512525552,144.7530798692133,44.13068459957645,46.48142882776103,0.0246019296970167,6.2786552804884215,352.1809355185953,250,15.956682432627389,47.30676952420366,0.0199162996522719,15.913756177144514,14.80105595889696,1.1127002182475536,0.031653024131290175
607,157.26358301100643,1624.2451979420357,276.486569225083,-15.09009985568273,6308.760295364365,144.95921828207292,43.52093209476536,46.49498995549444,0.0249466164381756,6.2786552804884215,352.1809355185953,250,15.970772646737668,47.2026954522156,0.0200044052103412,15.927317304877924,14.696981886908901,1.2303354179690231,0.03197670870388288
67,1677.4855583825392,200.1932006523917,276.6926589216856,-14.865216927995924,6288.802233658353,129.3308047086649,48.62571023063475,46.498430177878824,0.022327694440872,6.2786552804884215,352.1809355185953,250,15.974347089139204,47.30614553556217,0.0195638574226887,15.930757527262308,14.800431970255474,1.1303255570068345,0.029686199761846215
669,2450.391574554088,1843.752789976948,276.4443191446104,-14.760505012235573,6275.095823257434,135.23161358528827,46.40258040920171,46.50079911653876,0.0233974057137715,6.2786552804884215,352.1809355185953,250,15.976808451762494,47.01642735822199,0.0162236189744596,15.933126465922243,14.51071379291529,1.4224126730069528,0.0284718177635934
214,2564.903297856421,570.4688809429477,276.63366774045454,-14.738791437916731,6215.792927570408,134.87628411370395,46.08514364415871,46.51110867672477,0.0235585682098142,6.2786552804884215,352.1809355185953,250,15.98752023866247,47.30639601779741,0.0193354013433671,15.943436026108252,14.800682452490712,1.14275357361754,0.030477268270065652
566,194.541912701234,1474.720650794319,276.5087359909771,-15.084141054444927,6152.793855762022,135.3529777696385,45.45739559741091,46.522169110038675,0.0238839024042511,6.2786552804884215,352.1809355185953,250,15.99901219394886,47.037870976468156,0.0169055055859568,15.95449645942216,14.532157411161457,1.422339048260703,0.029261526159320674
534,1171.152967988681,1372.657284043593,276.5199071059803,-14.943020361525406,6079.764214781899,140.0789244441423,43.402419306883374,46.53513317966797,0.0250147346009307,6.2786552804884215,352.1809355185953,250,16.01248205577808,47.36561448624687,0.0226922528302912,15.967460529051458,14.85990092094017,1.1075596081112877,0.03377388466950254
403,1174.050691496211,1067.5697608952548,276.565412105612,-14.941373546385188,6064.727613756724,135.52419410384246,44.75014704097601,46.53782177145139,0.0242613727951746,6.2786552804884215,352.1809355185953,250,16.015275542767377,46.62620055943182,0.0129100803283739,15.970149120834876,14.120486994125123,1.8496621267097524,0.02748243773742615
324,591.076144752468,871.452485323427,276.5971218098735,-15.024593749893906,6026.70278314114,143.25747767760444,42.06902760569335,46.54465058657451,0.0258075848621009,6.2786552804884215,352.1809355185953,250,16.022370783598067,47.35608052397562,0.0218382317888646,15.976977935957997,14.850366958668921,1.1266109772890758,0.033807392742989155
444,2098.7093853379606,1170.7538216365365,276.5461405333389,-14.808497998628184,5957.723617798736,129.64575414581148,45.953866033268895,46.557149141236906,0.0236258685877265,6.2786552804884215,352.1809355185953,250,16.035356968429014,47.1457222471807,0.0181886732210487,15.98947649062039,14.640008681874,1.3494678087463896,0.029816262342329494
141,1569.7095700583486,367.46438362605295,276.6681723613316,-14.881457563821122,5895.666474201571,130.54817827166383,45.16084829566141,46.56851775437575,0.0240407353044407,6.2786552804884215,352.1809355185953,250,16.04716912715299,47.367175296142534,0.0206563832579623,16.000845103759232,14.861461730835835,1.1393833729233975,0.031696105806202864
325,1360.78324103255,874.5447337140946,276.593422763497,-14.913672381865634,5895.594800072868,133.9901880694687,44.0001979623779,46.5685309538452,0.0246748889840977,6.2786552804884215,352.1809355185953,250,16.047182841598747,47.175470083856304,0.018648969243454,16.000858303228682,14.669756518549605,1.3311017846790776,0.030929503717661545
91,1568.3812664433062,248.3032432131604,276.68594977590755,-14.881150647867504,5889.067675921309,131.66614780732667,44.72727252975504,46.569733658758196,0.024273780594999,6.2786552804884215,352.1809355185953,250,16.04843246995332,47.1167634319393,0.0177666853819176,16.00206100814168,14.611049866632598,1.3910111415090824,0.030081082657281377
246,2002.3702667003715,666.8371737478357,276.62168954715776,-14.820318134847977,5862.686547123711,125.1972081174095,46.82761409204672,46.574608334356256,0.0231850377400371,6.2786552804884215,352.1809355185953,250,16.053497330652604,47.51205723751668,0.0239943555350447,16.00693568373974,15.00634367220998,1.0005920115297613,0.033365776966063215
55,1761.067117375601,143.83512381194925,276.70070609155573,-14.85292739814379,5750.283628487843,128.2232672677417,44.84586729864506,46.5956268554998,0.024209588651055,6.2786552804884215,352.1809355185953,250,16.0753358878151,47.368046657112274,0.0209344401097302,16.027954204883287,14.862333091805574,1.1656211130777123,0.03200554585319818
584,464.98091173286656,1533.556586786729,276.49883257366605,-15.045414322959866,5738.988581454207,135.5120506982064,42.35039283875413,46.59776162003938,0.025636125835567,6.2786552804884215,352.1809355185953,250,16.07755394003236,47.03666642070353,0.0177665061321411,16.030088969422863,14.530952855396833,1.4991361140260295,0.031190698741779307
602,1794.1941078678085,1608.737364737872,276.4820946388142,-14.854164974620163,5738.482943985669,129.4231873811705,44.33890912518624,46.59785728377598,0.0244863940367734,6.2786552804884215,352.1809355185953,250,16.077653336082435,46.95068087228731,0.0156256744565994,16.030184633159465,14.444967306980608,1.5852173261788565,0.029047292389270205
273,1587.2171227306658,739.3829564255442,276.61262803073834,-14.880475428622006,5669.148347183276,130.80664551260702,43.339910789447536,46.61105546787785,0.0250508129856222,6.2786552804884215,352.1809355185953,250,16.091366446342736,47.55464281991296,0.0247839143154447,16.04338281726133,15.048929254606257,0.9944535626550746,0.03523897898685378
159,270.61224241806224,397.53410180562304,276.66920019063934,-15.06883505662413,5660.2386674315785,131.05328104299196,43.19036213656292,46.61276316201187,0.0251375525995161,6.2786552804884215,352.1809355185953,250,16.093140766034747,47.187885896667396,0.018560668733089,16.045090511395358,14.682172331360697,1.3629181800346615,0.031247319477243265
303,1569.681354711314,814.0581062182671,276.60156421837627,-14.883310573542596,5629.912363536219,131.9370208471235,42.671210304647126,46.618595935230616,0.0254433842454607,6.2786552804884215,352.1809355185953,250,16.099201104461194,47.497915113660525,0.0243125638178218,16.0509232846141,14.992201548353826,1.0587217362602743,0.035191853620657944
323,1035.2258007736243,867.0460219412039,276.5959120909348,-14.960567209057542,5562.25310582621,127.62432555353288,43.58301665220621,46.631723153688284,0.0249110796681174,6.2786552804884215,352.1809355185953,250,16.11284048035803,47.52580788732796,0.0254910111359611,16.06405050307177,15.020094322021258,1.0439561810505111,0.035642019288544595
531,2473.344205324536,1368.1780226221513,276.5151314063494,-14.755282598544428,5524.80285586603,129.48130165741438,42.66873120015216,46.639058057930704,0.0254448625366232,6.2786552804884215,352.1809355185953,250,16.12046155533688,47.429431400263894,0.02237318238923,16.07138540731419,14.923717834957195,1.147667572356994,0.033882153410451976
392,1424.5542373752112,1053.490497671481,276.56646116688256,-14.905209469062754,5443.272687277611,127.96993633071156,42.535558298713305,46.655199793266824,0.0255245268529328,6.2786552804884215,352.1809355185953,250,16.137233059261074,47.188303504824404,0.0181920484663902,16.08752714265031,14.682589939517705,1.4049372031326044,0.03134409192287404
370,680.8479369072716,1003.1540323630056,276.5770913435116,-15.012190988756531,5383.541258183919,131.23715371980742,41.02147224007792,46.66717990735103,0.0264666268837438,6.2786552804884215,352.1809355185953,250,16.149680576593735,47.295332010814775,0.020948044464292,16.099507256734512,14.789618445508076,1.3098888112264362,0.033753561374783324
641,663.3248270983764,1739.496585678299,276.4672748224554,-15.017650820166244,5365.547290558345,136.2683127454235,39.3748714022919,46.67081495422572,0.0275734233874045,6.2786552804884215,352.1809355185953,250,16.153457444548387,47.3943424866616,0.0222744252479431,16.103142303609204,14.8886289213549,1.214513382254303,0.03544634956419731
220,1262.0750404448022,580.1027860268799,276.6377618923996,-14.926691380543147,5291.351976614882,127.45365937073586,41.51588901204832,46.68593339312052,0.0261514332424609,6.2786552804884215,352.1809355185953,250,16.169165728197694,47.71350420553691,0.0280277390945603,16.118260742504006,15.207790640230208,0.9104701022737984,0.038333426919434595
80,942.7605083790578,231.0012573012007,276.69119656518745,-14.971272258022752,5262.950530047383,137.6250184330475,38.24123397017185,46.69177680214156,0.0283908202556132,6.2786552804884215,352.1809355185953,250,16.17523711738147,47.41992445641522,0.0214869765912779,16.124104151525046,14.914210891108517,1.2098932604165284,0.03560517992962065
113,1082.0623754385272,300.6673407383926,276.6802107437019,-14.951482067272655,5242.311258323287,128.8839184350304,40.67467316309058,46.69604301346196,0.0266922857780993,6.2786552804884215,352.1809355185953,250,16.179669774615128,47.321139436150474,0.0197680412350528,16.128370362845445,14.815425870843775,1.3129444920016695,0.0332152611660735
135,992.0709535995508,350.9204780926073,276.6730963617348,-14.964663378172895,5220.139217824792,133.6444068249929,39.05991535179287,46.700644807887635,0.0277957591618325,6.2786552804884215,352.1809355185953,250,16.184451107703644,47.09206654173905,0.0169734902088683,16.13297215727112,14.586352976432352,1.5466191808387677,0.032568444808635605
290,2324.854085399957,779.4472267467945,276.603532507861,-14.77428153519562,5169.450169523392,130.1183957122207,39.72881882863453,46.71123913833618,0.0273277694130056,6.2786552804884215,352.1809355185953,250,16.195458775156496,47.62050767133849,0.0245075891423614,16.143566487719667,15.114794106031788,1.0287723816878795,0.03670734131834114
321,2473.067689389294,858.7066290205839,276.59108849577314,-14.753235146471454,5143.818640369631,126.36006227318612,40.70762983045127,46.716635901864024,0.0266706758541821,6.2786552804884215,352.1809355185953,250,16.201066093006805,47.32878926953815,0.0198230271966822,16.14896325124751,14.82307570423145,1.325887547016059,0.033230668933370185
543,973.830958804213,1398.055724649818,276.5169397933442,-14.971558119715642,5129.381771393295,127.8725586526676,40.11323324909702,46.71968746146007,0.0270658810587012,6.2786552804884215,352.1809355185953,250,16.2042367089706,47.40338433203108,0.0216592132520825,16.152014810843554,14.897670766724382,1.254344044119172,0.034665305943882084
628,2169.2186616232325,1689.1486121657788,276.46854177081065,-14.800424566697782,5070.501534702111,127.60343084946793,39.73640442852759,46.73222272542712,0.0273225525966449,6.2786552804884215,352.1809355185953,250,16.21726103531695,47.522149619530765,0.0245662516790064,16.164550074810606,15.016436054224066,1.14811402058654,0.036742653714078845
488,766.1958026210899,1282.629387478851,276.53502907334985,-15.001016747620604,5036.162751810276,136.72240993619047,36.83494720551442,46.73960063018793,0.0294747266486502,6.2786552804884215,352.1809355185953,250,16.224926788476186,47.68897238441383,0.0301732954355703,16.171927979571414,15.183258819107131,0.9886691604642834,0.04218041332721691
437,2456.00690064064,1155.5329930649898,276.5469078404601,-14.756916239422036,5023.563757733937,134.42000781323108,37.37214302735268,46.742320225228895,0.0290510501151988,6.2786552804884215,352.1809355185953,250,16.227752488312785,47.28820018753025,0.0195981118208368,16.17464757461238,14.782486622223551,1.3921609523888279,0.03504353720356744
291,504.767676130296,780.3231913186812,276.61108419701395,-15.036660459594373,4953.215124724084,129.19436551486777,38.33925036114725,46.75763204573177,0.0283182375704518,6.2786552804884215,352.1809355185953,250,16.24366169833904,47.004101916599225,0.0161767835349866,16.189959395115253,14.498388351292526,1.6915710438227265,0.03261304807334576
439,353.85680656594263,1159.8048888304286,276.5550799484548,-15.059936838136773,4895.755834903481,127.45756668544264,38.41086851270197,46.77030064620065,0.028265437414959,6.2786552804884215,352.1809355185953,250,16.25682456330081,47.55910942554042,0.0272146182033617,16.202627995584137,15.05339586023372,1.1492321353504167,0.0392373596998283
453,1467.48074219991,1195.2011516431553,276.54514219870214,-14.899596428690083,4893.403431569022,140.8031272976149,34.75351382804061,46.77082246619521,0.0312400065608333,6.2786552804884215,352.1809355185953,250,16.257366742063144,47.62582469935721,0.0275236411906237,16.203149815578698,15.12011113405051,1.083038681528187,0.041635187453776465
173,1833.853054362065,439.6454319813461,276.65628378629594,-14.843672502210849,4873.278054615686,130.36207332032805,37.38263691649779,46.775297042611136,0.0290428950323955,6.2786552804884215,352.1809355185953,250,16.262015893740834,47.5906635118412,0.0243185006858038,16.20762439199462,15.0849499465345,1.1226744454601203,0.03787979972845927
127,689.1325543287785,341.69066313749147,276.67575975953565,-15.00828981449638,4861.663368841633,136.10206420047643,35.720717370461564,46.777887811324945,0.0303941264320126,6.2786552804884215,352.1809355185953,250,16.264707741100835,47.505607760034366,0.0247027536121825,16.21021516070843,14.999894194727666,1.2103209659807632,0.03916668172808826
627,595.7705347572161,1688.4137659934988,276.4751780785882,-15.027182485585682,4846.307708005159,139.0605301406153,34.85034684611562,46.78132255802754,0.031153205010957,6.2786552804884215,352.1809355185953,250,16.268276494187273,47.37130295355766,0.0215415663287979,16.213649907411025,14.86558938825096,1.3480605191600645,0.037875602468511516
561,556.1585523796126,1459.543336981735,276.50950092678306,-15.031985153764714,4843.985091912211,131.73441449106932,36.77084010754532,46.78184302701279,0.0295261135406372,6.2786552804884215,352.1809355185953,250,16.268817269230766,47.32476304711717,0.0209330645484564,16.214170376396275,14.819049481810474,1.3951208945858014,0.03619370901419806
675,936.8121038476056,1871.603482169257,276.446430384484,-14.978766221862884,4814.121855687146,128.19944074962976,37.55181635377805,46.788557324186776,0.0289120502127394,6.2786552804884215,352.1809355185953,250,16.275793524203163,47.184147492322936,0.0185233923925276,16.22088467357026,14.678433927016236,1.5424507465540245,0.03433690016922777
192,785.3469619269346,500.8638000583571,276.65160181065994,-14.995080503985037,4797.414156451385,126.67808260288496,37.8709091413271,46.79233199083877,0.0286684429979848,6.2786552804884215,352.1809355185953,250,16.279715459190214,47.55136271318792,0.0245372816390562,16.224659340222253,15.045649147881221,1.1790101923410319,0.03773536556286514
312,1416.1168849763608,834.4253268744377,276.5991740920431,-14.905531767048323,4792.210293951415,129.34164191344811,37.05079217378601,46.79351035241165,0.0293030171907673,6.2786552804884215,352.1809355185953,250,16.28093979445109,47.141529594510565,0.0183403750250851,16.225837701795136,14.635816029203866,1.59002167259127,0.03456929522774754
232,1801.501343241061,622.3356867333365,276.62917729008774,-14.84909708601316,4771.610912106553,130.38801986175417,36.59547032898976,46.79818746394877,0.0296676061337553,6.2786552804884215,352.1809355185953,250,16.285799383142475,47.46047190555136,0.0213708128674587,16.230514813332256,14.954758340244659,1.275756473087597,0.03656334908516414
174,308.6045212245073,441.9239136595327,276.662414467963,-15.063543070534102,4666.156205978652,133.13399971521807,35.04856923069878,46.82245183841883,0.0309770134368008,6.2786552804884215,352.1809355185953,250,16.31101043035448,47.64763859974941,0.0260964299053609,16.254779187802313,15.141925034442714,1.1128541533595993,0.04050430860129762
216,291.17487057618854,574.9734737150463,276.6426309242368,-15.066600480882514,4659.033509056346,131.42033651690318,35.45138927914025,46.82411043661667,0.030625033942995,6.2786552804884215,352.1809355185953,250,16.31273373863606,47.666195412594256,0.0254632579938069,16.256437786000156,15.160481847287556,1.0959559387125992,0.0398280078797417
211,1114.882956925417,563.9327928243018,276.64079726466366,-14.947842369188244,4623.432726328232,130.43260039097555,35.44691060723589,46.83243866475499,0.0306289033769383,6.2786552804884215,352.1809355185953,250,16.321386891967776,47.638332907336135,0.0248350586366931,16.264766014138473,15.132619342029436,1.1321466721090374,0.039432345346958594
316,1735.7181540030872,845.630218078259,276.5961545526948,-14.859503020395833,4576.703504198144,127.62664371941848,35.86009449766479,46.8434680763457,0.0302759938368456,6.2786552804884215,352.1809355185953,250,16.33284661522078,47.53946211501367,0.0232701375371994,16.275795425729186,15.03374854970697,1.242046876022215,0.038185535269377714
149,1061.5438172072086,376.8183908731631,276.6689376782832,-14.954756548767852,4553.9675208820845,132.1514090663633,34.46022674336518,46.8488751994781,0.0315058867164603,6.2786552804884215,352.1809355185953,250,16.33846469685484,47.56385023392814,0.0241833722038401,16.281202548861586,15.058136668621444,1.2230658802401422,0.039717205200516005
644,594.4169331970504,1742.2262191756854,276.4671521320949,-15.027589000750552,4509.415116420307,132.21699675941414,34.106168094452855,46.85954948083415,0.0318329516524192,6.2786552804884215,352.1809355185953,250,16.349555434493823,47.78577162765957,0.0296060813849841,16.291876830217632,15.280058062352872,1.01181876786476,0.04347248400861815
684,260.9648487194711,1919.283474483044,276.4420976598377,-15.076315109160584,4506.876716595463,141.8689570029566,31.76788503845516,46.860160825878395,0.0341760239526728,6.2786552804884215,352.1809355185953,250,16.350190631118917,47.4916055954043,0.0230101540004844,16.29248817526188,14.985892030097602,1.3065961451642778,0.04120033738138164
384,764.4706093186464,1031.5841809806657,276.5724984144815,-15.000255582030334,4491.751074661559,132.23652622832446,33.96755195237007,46.86381082072546,0.0319628568323789,6.2786552804884215,352.1809355185953,250,16.35398303023996,47.319345201872906,0.0220344126090604,16.296138170108946,14.813631636566207,1.4825065335427396,0.03882189531583267
504,2436.8192677002044,1311.6655210170452,276.52371025151825,-14.760319782742704,4449.805108034809,122.85198836221994,36.22086355586602,46.873997546114595,0.029974437200412,6.2786552804884215,352.1809355185953,250,16.36456718995272,46.800107351191244,0.013791495345867,16.30632489549808,14.294393785884544,2.011931109613535,0.03299503340438548
138,1340.056193393177,360.894505125296,276.67012934940163,-14.914540328526948,4376.399826428329,128.033640328447,34.18164019394803,46.89205754133778,0.0317626653911191,6.2786552804884215,352.1809355185953,250,16.38333179452896,47.77934540142188,0.0297802759111571,16.324384890721262,15.273631836115179,1.0507530546060835,0.0435400016776853
304,614.6659026024688,817.5147180209345,276.60507182241435,-15.020975230145847,4356.936036963161,133.3385208460225,32.67574898325512,46.89689706113256,0.0332264763251906,6.2786552804884215,352.1809355185953,250,16.388360127823944,47.65245073698439,0.0285872249123085,16.329224410516048,15.146737171677692,1.1824872388383554,0.043831816722277935
446,1502.0947985650512,1174.372162559118,276.5481041918745,-14.894522734683678,4338.53134261581,128.29053839486593,33.8180149284449,46.90149317355724,0.0321041906894067,6.2786552804884215,352.1809355185953,250,16.39313555722861,47.388518019763225,0.0217920028305586,16.333820522940727,14.882804454456526,1.4510160684842006,0.03880168098406127
501,1663.08977852976,1306.6175310267834,276.52770420301226,-14.871850271091931,4336.769051576557,125.86771099160492,34.45497671651318,46.90193428409497,0.0315106873800224,6.2786552804884215,352.1809355185953,250,16.39359387766074,47.66565472587297,0.0272841656324794,16.334261633478455,15.15994116056627,1.1743204729121857,0.04168152004692335
340,2943.48343110591,913.6211055898244,276.5809113395269,-14.685614900888668,4312.320939277735,122.7034495815682,35.144251885201335,46.908072333620595,0.030892676376963,6.2786552804884215,352.1809355185953,250,16.399971402726187,47.543654815152266,0.0235385918901669,16.34039968300408,15.037941249845566,1.3024584331585132,0.03883841863288976
605,1164.9904638254482,1619.6285939248648,276.4830845772721,-14.94489309773946,4289.228333409759,131.75117263813834,32.55552301754729,46.91390210630368,0.0333491800888842,6.2786552804884215,352.1809355185953,250,16.406028623551308,47.576283133893355,0.0281029293279212,16.346229455687165,15.070569568586656,1.2756598871005096,0.04361126516636457
689,1878.9747781820968,1922.3033383188624,276.43497360657835,-14.843190356577432,4289.057134407834,128.6334155603074,33.34325778201068,46.91394544292504,0.0325613054098677,6.2786552804884215,352.1809355185953,250,16.40607365094769,47.744232853368146,0.0288716819447398,16.346272792308525,15.238519288061447,1.1077535042470785,0.043517957538387456
221,1404.7468736339388,580.2262582359315,276.6371391939307,-14.906124522502845,4279.798411061143,126.56723761831536,33.81442537260384,46.916291738764926,0.0321075986960176,6.2786552804884215,352.1809355185953,250,16.408511487343002,47.12568726973301,0.0181000225615581,16.34861908814841,14.619973704426307,1.7286453837221032,0.03685795315469136
637,1485.254108133088,1716.6623160431222,276.4672792892092,-14.899123366013402,4231.023111310205,124.4533907629979,33.99684882324765,46.928736527669344,0.031935312759269,6.2786552804884215,352.1809355185953,250,16.42144180874898,47.76827778307188,0.0296897963215798,16.36106387705283,15.262564217765181,1.098499659287647,0.04360445168385016
595,827.0674063360979,1581.5838954835235,276.490163427647,-14.993436006486371,4228.967458400206,128.01293056252334,33.03547102481743,46.92926416344254,0.0328646744338648,6.2786552804884215,352.1809355185953,250,16.421990030192113,47.500277126693135,0.0231973236126465,16.361591512826024,14.994563561386435,1.3670279514395887,0.04022688961918102
539,857.4267517439603,1388.9291950709833,276.5187863385324,-14.988295579670888,4174.305152140383,130.28252807051504,32.04040644560607,46.943389536924904,0.0338853379354958,6.2786552804884215,352.1809355185953,250,16.436666504056735,47.6411117775632,0.0265277439840257,16.37571688630839,15.135398212256497,1.240318674051892,0.04303414142148955
70,830.6190667349051,206.71877485181545,276.6952967203768,-14.987335654848671,4170.704550082359,125.29192325118018,33.28789631332499,46.944326457167165,0.0326154584771822,6.2786552804884215,352.1809355185953,250,16.437639978171653,47.28357557568886,0.019209336922083,16.37665380655065,14.777862010382158,1.5987917961684914,0.03785190558826461
308,414.9188547809796,827.7015485125747,276.6043910963174,-15.049799805230252,4098.061641680339,131.77455810133395,31.09903535801616,46.96340380511141,0.0349110506966302,6.2786552804884215,352.1809355185953,250,16.457461627408733,47.606596518756625,0.0266486939832608,16.395731154494896,15.100882953449926,1.294848201044971,0.043919635150535624
129,1525.7866878071595,343.855616287902,276.6718804229213,-14.88769182499126,4090.855399340653,126.86798438766316,32.244978266860954,46.9653147000903,0.0336703591801084,6.2786552804884215,352.1809355185953,250,16.459447075811262,47.85672266783364,0.0314779309136149,16.397642049473788,15.351009102526938,1.0466329469468505,0.04609287604304837
473,2153.6087838682324,1238.6804682529516,276.5357809891213,-14.800858925229749,4075.461145757408,125.68334172435937,32.426422546079706,46.969408129035045,0.0334819543678357,6.2786552804884215,352.1809355185953,250,16.463700209577908,47.71184967375166,0.0308099371117666,16.40173547841853,15.206136108444959,1.1955993699735714,0.045500477943872686
119,1462.6418864027744,312.06880535645786,276.676890207624,-14.896663166119408,4068.7610066302,127.73847504413118,31.85227477644869,46.97119456981046,0.0340854776501789,6.2786552804884215,352.1809355185953,250,16.46555634820558,47.9240637139798,0.0322704302823281,16.403521919193942,15.418350148673099,0.9851717705208429,0.04693826218819188
202,1647.8564986597694,530.2904722508945,276.6435561953535,-14.870868157450303,4053.1753722787535,127.75187423678784,31.72693470442713,46.9753615338129,0.0342201353554808,6.2786552804884215,352.1809355185953,250,16.469885885994657,47.66889994726423,0.0258863964238946,16.407688883196386,15.16318638195753,1.2445025012388555,0.04290831135761987
286,1544.4489353971046,770.8898323204882,276.60810943822446,-14.886770794896126,4027.944568286068,127.69884408314287,31.542529591446662,46.982141308543376,0.0344201943871492,6.2786552804884215,352.1809355185953,250,16.476930173125478,47.4244625980084,0.0233047137127907,16.41446865792686,14.918749032701697,1.4957196252251634,0.04156752894849864
54,557.02816010305,145.15075559317654,276.7056478595906,-15.02651297375532,4005.9715689304,131.3865401472941,30.48996924981361,46.98808036491555,0.0356084321077705,6.2786552804884215,352.1809355185953,250,16.483100941334573,47.90115836826601,0.031858357499819,16.42040771429903,15.395444802959311,1.0249629113397205,0.04777986374781719
546,337.98675857841874,1405.9463227398303,276.51840673382384,-15.063204418276342,4001.458421689575,127.60914523875354,31.35714461689204,46.98930425020242,0.0346236882619451,6.2786552804884215,352.1809355185953,250,16.48437257641372,47.31068370093382,0.0211577225406498,16.421631599585908,14.804970135627123,1.6166614639587849,0.04057645883967051
75,1466.4847433767434,212.1171189232088,276.6917813908203,-14.895690737455777,3982.0354975861264,135.005707300972,29.495312288604683,46.99458720368651,0.0368092390199731,6.2786552804884215,352.1809355185953,250,16.489861643929984,47.776903888960334,0.0333833226327073,16.42691455306999,15.271190323653634,1.1557242294163572,0.04969271885527032
434,314.6329698973291,1146.9107982567127,276.5571682134564,-15.065536310310836,3970.223874206451,127.83112479161358,31.05835046573039,46.99781253021865,0.0349567824343393,6.2786552804884215,352.1809355185953,250,16.49321280633379,47.70623785551801,0.0286363738210356,16.430139879602137,15.200524290211312,1.229615589390825,0.04518869929285225
210,896.2943967200341,563.7374039134179,276.641751365991,-14.97934870280474,3945.435908331303,126.11660093250818,31.284033023080912,47.004612539492996,0.0347046047163735,6.2786552804884215,352.1809355185953,250,16.500278117457682,47.70033674332477,0.0313159564972135,16.43693988887648,15.19462317801807,1.242316710858411,0.04674503952137705
104,448.94493368619806,282.42207514357244,276.6856233011431,-15.042660504705546,3936.6441742640745,126.04685053737713,31.23159489888824,47.00703461788804,0.0347628740547812,6.2786552804884215,352.1809355185953,250,16.502794693058835,47.61616217840018,0.0241980923172464,16.439361967271523,15.110448613093482,1.3289133541780416,0.04235569718872019
406,1027.9259052390871,1073.74579460546,276.56510331861324,-14.962458761627234,3926.6538097184384,127.90470865753956,30.699837800591983,47.00979348734569,0.0353650076932675,6.2786552804884215,352.1809355185953,250,16.505661199600542,47.85252587143204,0.0353244867765306,16.442120836729174,15.346812306125344,1.0953085306038304,0.049985029110426196
593,1402.292494405072,1565.8121884453367,276.4901278474358,-14.910480261944455,3917.3483842920978,123.64587102943656,31.68199917779292,47.01236952997692,0.0342686707965388,6.2786552804884215,352.1809355185953,250,16.508337746340953,47.809084443524085,0.0308666761960869,16.444696879360407,15.303370878217386,1.141326001143021,0.04612042386574119
241,713.1604760880236,656.4383953662287,276.62869322901463,-15.00612355029761,3876.261544643552,128.3322671313406,30.204886357040856,47.023817339921024,0.0359445153067732,6.2786552804884215,352.1809355185953,250,16.52023219172759,47.78108527347475,0.0312159324802958,16.45614468930451,15.275371708168052,1.1807729811364567,0.04760716985132848
515,664.7226196315795,1336.086885471696,276.52747438207604,-15.015851828392876,3875.486629872176,125.97526124854792,30.763870552535547,47.02403441431682,0.0352913980100763,6.2786552804884215,352.1809355185953,250,16.520457735264586,47.80466584622776,0.0302270951163187,16.456361763700308,15.298952280921064,1.1574094827792436,0.04646676288140369
183,1699.0848618854684,472.3836413296603,276.6519746650633,-14.863241167648384,3867.407822959911,125.260090849155,30.875020102111,47.02630009322859,0.0351643495748126,6.2786552804884215,352.1809355185953,250,16.522811809468408,47.74358019672388,0.027822552169603,16.458627442612077,15.237866631417184,1.2207608111948929,0.04484000323650639
189,565.4858752988354,491.3436222633976,276.6539527254449,-15.026727915999128,3852.9692563387216,131.55083013145864,29.288825106526904,47.03036116243316,0.0370687453679408,6.2786552804884215,352.1809355185953,250,16.527031320982047,47.97829943748019,0.0345704597318179,16.462688511816644,15.47258587217349,0.9901026396431547,0.050687361040228515
92,2091.443862923801,247.65849505663687,276.6838125023989,-14.805721360702128,3808.437764660979,126.6445106254234,30.071873986904965,47.04298286419947,0.0361035032426903,6.2786552804884215,352.1809355185953,250,16.540145457491896,47.760561348264865,0.0290294597418876,16.475310213582958,15.254847782958166,1.2204624306247922,0.046326800874880426
545,747.2118900375528,1404.6908903618098,276.516892965471,-15.004239642845592,3783.741405178822,123.21494557545398,30.708461441162964,47.0500464030306,0.0353550763876655,6.2786552804884215,352.1809355185953,250,16.547484579758372,47.4307527315732,0.0237762873810444,16.482373752414084,14.925039166266501,1.557334586147583,0.04260625855439168
476,482.6749394124509,1240.9378468332636,276.5424332520913,-15.041701777860563,3772.7542312847218,128.95493513210852,29.25637725628496,47.053203734541206,0.0371098578094376,6.2786552804884215,352.1809355185953,250,16.550765094320006,47.68233220579667,0.0300347511615431,16.48553108392469,15.17661864048997,1.3089124434347212,0.047741259136856576
513,743.581546343342,1329.1501124665103,276.52818110316144,-15.004461370333429,3771.7242424636206,128.06250359042485,29.45221385431068,47.053500188739974,0.0368631032414256,6.2786552804884215,352.1809355185953,250,16.551073114657,47.265697116713135,0.0196762282136345,16.48582753812346,14.759983551406435,1.7258439867170239,0.04178567143535005
464,1238.482298564422,1210.854007135796,276.5437657563617,-14.932666348519003,3750.303495365515,129.7522054560247,28.903581886602755,47.05968398500804,0.0375628184859413,6.2786552804884215,352.1809355185953,250,16.557498171270606,47.74181420771028,0.0299835280953516,16.492011334391528,15.236100642403578,1.2559106919879497,0.0480622231035198
275,680.3672790629367,745.0640529975627,276.61560679834554,-15.011211908849484,3731.557662072126,123.25759143397852,30.27446519649778,47.06512462926912,0.0358619051716757,6.2786552804884215,352.1809355185953,250,16.563151081857654,47.84508704775317,0.0314878172008975,16.497451978652606,15.339373482446469,1.1580784962061372,0.04772377682685431
190,980.4204470900604,491.0306294386702,276.65224280140524,-14.96692318265131,3727.4760997179255,127.33766392232052,29.2723769613976,47.06631285299991,0.0370895742915495,6.2786552804884215,352.1809355185953,250,16.564385664047776,47.59951402848519,0.0262850102237589,16.498640202383392,15.09380046317849,1.4048397392049026,0.04545919360912025
374,1006.0557288646056,1007.4275284903767,276.5750898488085,-14.965342120369655,3708.628330665611,127.49791568868676,29.08775653808345,47.07181674263802,0.0373249823711407,6.2786552804884215,352.1809355185953,250,16.570104287525474,47.78413997573853,0.0286155197211358,16.504144092021505,15.278426410431834,1.2257176815896713,0.047031928281930736
619,1886.4937782170289,1662.6804318297957,276.47366511025933,-14.841075611360685,3694.212258376501,122.14794187092568,30.243753613795583,47.07604540897549,0.0358983218109792,6.2786552804884215,352.1809355185953,250,16.574497934961524,47.39073578947264,0.02277430326755,16.508372758358973,14.885022224165944,1.6233505341930297,0.04251303797856563
620,1235.7955246146362,1664.1125942135866,276.476153772564,-14.934865946350104,3652.7372582756216,126.51936341285167,28.87097405285064,47.08830393544597,0.0376052431765045,6.2786552804884215,352.1809355185953,250,16.587234726918744,47.63707015298779,0.0257240119793038,16.520631284829456,15.13135658768109,1.389274697148366,0.045561816323270124
101,898.3739259799246,274.855515246157,276.6848427725846,-14.977853093380697,3648.35777084704,127.47843105255016,28.619412246633985,47.089606471191864,0.0379357895488469,6.2786552804884215,352.1809355185953,250,16.58858808099863,47.78759306771269,0.0280929742455131,16.52193382057535,15.281879502405992,1.2400543181693564,0.04720528922327946
131,751.8180572796604,345.9080557192937,276.6748644252513,-14.99927243519678,3589.87502973582,124.98832816065918,28.72168211676068,47.10715169608444,0.0378007108214053,6.2786552804884215,352.1809355185953,250,16.606817831518594,48.18609245428522,0.0471716374180781,16.539479045467928,15.680378888978524,0.8591001564894043,0.06044879746782507
36,1430.8607947831556,108.60347713239936,276.7073722225838,-14.900392264642402,3584.517683345708,126.91709777805136,28.24298495711114,47.10877320364639,0.0384414041804967,6.2786552804884215,352.1809355185953,250,16.608502602075912,47.47410068573505,0.0251029166257129,16.541100553029878,14.968387120428353,1.5727134326015246,0.045911850087812865
474,641.014609900489,1240.410390199312,276.5418516311067,-15.018885379860576,3570.459253228095,129.00697634356342,27.6764819579948,47.113039818714086,0.0392282516848705,6.2786552804884215,352.1809355185953,250,16.612935678809045,47.89489027228423,0.0336591703966944,16.54536716809757,15.38917670697753,1.1561904611200404,0.05168941363611367
115,1569.5721286544672,308.3567697508188,276.676988327955,-14.881230408070476,3534.1778117888025,121.95383943160262,28.979635477331023,47.124129031746975,0.0374642393569538,6.2786552804884215,352.1809355185953,250,16.624457536652987,47.42479789510912,0.0211146475515898,16.55645638113046,14.919084329802423,1.637372051328036,0.04300462267969553
458,805.2188991318947,1201.9365139530832,276.54690758516244,-14.9950699944019,3528.681838739838,131.0994832134415,26.91606215559853,47.12581876605271,0.0403365096173317,6.2786552804884215,352.1809355185953,250,16.62621319581536,47.720656882042974,0.0295347248254691,16.558146115436195,15.214943316736274,1.3432027986999202,0.04999333934260917
294,871.5477131837241,794.3615653070988,276.6074457484352,-14.983860845224552,3506.6687867158325,119.90497172293944,29.245399388597324,47.13261315252427,0.0371237877648308,6.2786552804884215,352.1809355185953,250,16.633272664763243,47.905995114046284,0.0325881986290024,16.564940501907756,15.400281548739585,1.1646589531681713,0.049398039514655996
194,1714.103095766519,506.2573625586658,276.64685913314537,-14.86121670763962,3449.966411284404,118.18245018073412,29.191867371241987,47.15031285462361,0.0371918653299159,6.2786552804884215,352.1809355185953,250,16.65166291940655,48.056192314236725,0.0346516645287578,16.58264020400709,15.550478748930026,1.0321614550770661,0.050832791594916084
245,1739.2923096337354,665.6330019712132,276.6229838525211,-14.85824580115932,3432.1622668714263,121.33589707388064,28.28645396491036,47.15593049073949,0.0383823296248735,6.2786552804884215,352.1809355185953,250,16.657499727172276,47.974182530103306,0.0320923838167478,16.588257840122978,15.468468964796607,1.1197888753263712,0.05003123350941788
204,1071.4898919405891,539.0248205714773,276.64469686424155,-14.953994456867994,3428.676861504675,125.43993858032634,27.333215404192003,47.15703363018051,0.03972090308239,6.2786552804884215,352.1809355185953,250,16.658645905515478,47.43038507376891,0.0214361665181991,16.589360979563992,14.924671508462211,1.6646894711017808,0.045136009755810044
450,1310.946384275079,1182.8122807920834,276.547645867775,-14.922108871375617,3414.9332613568986,125.8757343784831,27.1294008985789,47.161394470163046,0.0400193135137337,6.2786552804884215,352.1809355185953,250,16.663176883341407,47.61060781902382,0.0247025363110136,16.59372181954653,15.10489425371712,1.4888275658294106,0.04702936055601282
22,898.6682892019065,72.02907549955327,276.71510130734595,-14.976963446214206,3410.528724315081,130.89677809026716,26.05510062259257,47.162795742635254,0.0416693842686058,6.2786552804884215,352.1809355185953,250,16.664632826353547,47.67356231108944,0.0255389288620681,16.59512309201874,15.167848745782742,1.427274346235997,0.0488730444391027
470,1805.7730630102928,1234.5665365756888,276.53785320084296,-14.850990316618654,3375.710714658664,122.89959426649544,27.46722423947775,47.17393696619956,0.0395271102217732,6.2786552804884215,352.1809355185953,250,16.676208723915877,48.04431926560994,0.0367965935607377,16.606264315583047,15.538605700303243,1.0676586152798038,0.054003534515421586
389,438.05730492564055,1051.965504256203,276.57082346014045,-15.047372271124695,3375.390267507668,126.56245074148212,26.66976064174261,47.1740400371134,0.0407090267732174,6.2786552804884215,352.1809355185953,250,16.676315816133652,47.98506650672667,0.0360380480077743,16.606367386496885,15.479352941419968,1.1270144450769166,0.05436879403695815
105,604.9662000273665,288.7478212110959,276.6840169040016,-15.020200929652386,3363.1999141161505,121.36833350276216,27.71068710471837,47.17796831353546,0.039179829641075,6.2786552804884215,352.1809355185953,250,16.68039735396438,47.177762193841964,0.0179204759584042,16.610295662918944,14.672048628535265,1.9382470343836786,0.043083668707288636
695,418.2648217751019,1954.0469748897224,276.4362615983697,-15.053792347217064,3302.448175110738,137.27714367908044,24.05679552038928,47.1977599941469,0.045130699102456,6.2786552804884215,352.1809355185953,250,16.700961205503834,47.65517967335242,0.0278161344436438,16.630087343530384,15.149466108045722,1.4806212354846622,0.05301431256616735
379,205.67421347453885,1018.7939291872364,276.5767465832311,-15.080720006389456,3299.152861088689,125.95960903096928,26.19214910612764,47.19884392576208,0.0414513522964788,6.2786552804884215,352.1809355185953,250,16.702087426629316,47.653336738103555,0.0267072847189694,16.63117127514556,15.147623172796855,1.4835481023487063,0.04931017810013359
416,1689.4329143413604,1097.9116204812217,276.5587229304574,-14.867207144448573,3205.719718198874,123.08711380044204,26.04431625065337,47.23003615034092,0.0416866386335929,6.2786552804884215,352.1809355185953,250,16.73449661350019,47.98139427592146,0.0356976083073263,16.662363499724407,15.47568071061476,1.1866827891096463,0.054882557150984244
667,645.1336020350288,1840.490973473877,276.45227675845246,-15.020667638740566,3201.3203460175428,129.89192860668211,24.64602982153931,47.23152718469011,0.0440517198048326,6.2786552804884215,352.1809355185953,250,16.736045820442182,47.72239087106523,0.030081240468406,16.663854534073593,15.21667730575853,1.4471772283150628,0.0533426194133879
471,172.38164611742263,1234.318391408396,276.5447142259839,-15.086379252740242,3190.8528282426414,130.64105422549184,24.424579602175424,47.23508308747028,0.0444511233226425,6.2786552804884215,352.1809355185953,250,16.73974045650143,47.9551068108363,0.0373945360963551,16.667410436853764,15.449393245529599,1.218017191324165,0.05808832666299121
382,1251.010923086708,1027.557585377623,276.57105843435727,-14.93011874704149,3170.2295720051334,123.13996988510182,25.744927296662315,47.242123239759536,0.0421714144883506,6.2786552804884215,352.1809355185953,250,16.747055279801874,47.567884529705296,0.0241383678929243,16.67445058914302,15.062170964398597,1.6122796247444242,0.048591038314512544
672,188.89786385780104,1860.5137622128573,276.45116745507545,-15.08646688213398,3134.476522024983,186.86242011323893,16.774247706550543,47.25443746863472,0.0647242141044585,6.2786552804884215,352.1809355185953,250,16.75984994738891,47.621886845614654,0.0262357155346121,16.686764818018204,15.116173280307954,1.57059153771025,0.06983936326351259
485,235.83812444511088,1268.351921098532,276.5393697732161,-15.077373257136466,3122.967958608875,121.8347426813323,25.63281942308712,47.258431200610474,0.0423558556739226,6.2786552804884215,352.1809355185953,250,16.76399949451682,47.969017977501665,0.0355345392381042,16.69075854999396,15.463304412194965,1.2274541377989934,0.05528762961761454
489,1394.5604199921993,1282.9373994837722,276.53235941692685,-14.910461187425932,3102.791158717824,120.47196009260232,25.75529738482568,47.26546865850821,0.0421544346305884,6.2786552804884215,352.1809355185953,250,16.771311518304262,48.04449769994824,0.0370799168711131,16.697796007891696,15.538784134641539,1.159011873250158,0.05614193258334815
238,1239.1832077152178,634.7509986732947,276.6297067240112,-14.930216717358714,3068.84049653128,128.91468253366827,23.80520539799491,47.27741423044452,0.0456076720132583,6.2786552804884215,352.1809355185953,250,16.78372314582973,47.77866795417274,0.0287402012615682,16.709741579828005,15.27295438886604,1.4367871909619652,0.05390787433227535
523,2076.33959191488,1353.1644104131817,276.51903294600777,-14.812463663594064,3060.0365240775864,121.35714255817892,25.215133279943515,47.280533496235385,0.043057476157129,6.2786552804884215,352.1809355185953,250,16.786964109540428,48.253647712304854,0.0429938347830452,16.71286084561887,15.747934146998155,0.9649266986207152,0.060847482136679405
646,433.4784077017208,1762.7776168164364,276.46474916639806,-15.05085453227037,3029.470952759788,127.32003208746325,23.794142234261106,47.29143303982865,0.0456288774485303,6.2786552804884215,352.1809355185953,250,16.79828889800584,47.882687277646795,0.0323300195849469,16.72376038921213,15.376973712340096,1.3467866768720356,0.055921593535735795
586,758.1935838412522,1543.4921068700817,276.4961336475574,-15.003208851226582,3011.436296405969,118.63034634881258,25.38504176285001,47.29791582021559,0.0427692816164233,6.2786552804884215,352.1809355185953,250,16.805024603581195,47.93181778525757,0.0330322396275817,16.730243169599078,15.426104219950872,1.3041389496482054,0.05404017306410947
348,1130.9970872077802,939.8683365452038,276.58464469229466,-14.947060296014524,2992.201652212505,126.50596616517169,23.652652463092192,47.30487287566086,0.0459018286297545,6.2786552804884215,352.1809355185953,250,16.81225308802054,48.5428748414799,0.0607269655634699,16.737200225044347,16.0371612761732,0.7000389488711463,0.0761232042028067
257,1232.409711835646,703.8801933061479,276.61942295107866,-14.931477579073132,2974.829335173621,123.66103192266496,24.05631983593682,47.31119488300472,0.0451315915071146,6.2786552804884215,352.1809355185953,250,16.818821748004638,47.98750195498894,0.034089818017712,16.7435222323882,15.481788389682244,1.261733842705958,0.056559492964892995
365,1958.591344647808,987.7501053876848,276.5740199409027,-14.827952883942384,2973.825356945977,118.26866189515422,25.14466054906657,47.311561371085574,0.0431781529872473,6.2786552804884215,352.1809355185953,250,16.81920253459036,48.08694492597063,0.0376112951058447,16.74388872046906,15.581231360663928,1.1626573598051309,0.057262225026007064
387,1722.6109123660965,1044.5508740782388,276.5665421410654,-14.862206814343333,2970.4640290005773,118.19483439654849,25.131927669821422,47.312789277601695,0.0432000288343864,6.2786552804884215,352.1809355185953,250,16.820478347786704,47.287396190093844,0.019901623457849,16.74511662698518,14.781682624787145,1.963434002198035,0.04756382141449341
466,448.52812302940265,1212.7230956917551,276.54678669681965,-15.046508767211597,2955.791514804325,128.95150271407607,22.92172989529401,47.31816552650303,0.0473655350167485,6.2786552804884215,352.1809355185953,250,16.826064350633896,48.020307631836005,0.0385652259955998,16.750492875886515,15.514594066529305,1.2358988093572094,0.06108003408246033
38,744.8934562568375,112.84148079838054,276.7096683237097,-14.999300338326616,2944.1703424782027,135.37526259807106,21.748215190683982,47.322442687664065,0.0499213379342074,6.2786552804884215,352.1809355185953,250,16.8305083849154,47.908926110064925,0.0338546791504993,16.75477003704755,15.403212544758226,1.3515574922893236,0.06031815051478773
279,230.092142401012,750.529131104582,276.61668591829687,-15.076117628868117,2893.019617021608,123.67722971465685,23.39169161288838,47.34147157536229,0.0464139155888067,6.2786552804884215,352.1809355185953,250,16.850279683233598,47.91755108644023,0.0318907096010476,16.773798924745776,15.411837521133528,1.3619614036122485,0.05631402062668961
495,420.8338021301929,1291.3483036680088,276.5351670527032,-15.050812928415924,2891.395053169923,127.55057423211797,22.66861651213055,47.34208143753077,0.0478944094104293,6.2786552804884215,352.1809355185953,250,16.850913339128642,47.62657394761007,0.0265921266845258,16.774408786914258,15.12086038230337,1.6535484046108877,0.05478152657949291
496,1147.1720381061994,1294.5224624759724,276.5316646730861,-14.94616302845514,2886.565006775578,125.62182375353298,22.978212865616005,47.34389666553794,0.0472491053307549,6.2786552804884215,352.1809355185953,250,16.85279938811975,47.319186124201195,0.0220926589760581,16.776224014921425,14.813472558894496,1.962751456026929,0.05215902160881828
20,819.2076064327202,62.01860497744488,276.7169339701357,-14.98837569260292,2875.845162120968,120.7292577459028,23.82061495129639,47.34793627276345,0.0455781684150397,6.2786552804884215,352.1809355185953,250,16.856996600316844,47.66721358180842,0.0309481702958292,16.780263622146933,15.16150001650172,1.6187636056452135,0.0550922742381304
307,1289.3088450878945,823.2716931367202,276.6013725025559,-14.923765457980965,2835.283272599103,146.38216864620853,19.36904814856041,47.363358882495945,0.0560533481910257,6.2786552804884215,352.1809355185953,250,16.87302092200616,47.54421580404744,0.0266377550006518,16.79568623187943,15.03850223874074,1.757183993138689,0.06206083978564191
429,1876.189705041624,1135.0460738424465,276.5524002124774,-14.84043451134184,2834.4739956544654,124.05865512353026,22.847853644971924,47.363668829198375,0.0475186867383898,6.2786552804884215,352.1809355185953,250,16.873342961255833,47.97223173187979,0.0326691417493013,16.79599617858186,15.466518166573088,1.3294780120087708,0.05766540047530377
448,1812.379358645405,1179.60183786134,276.54602308239504,-14.849814976940031,2830.6040296145075,140.91515536654833,20.087293110890336,47.36515222020398,0.0540490943207966,6.2786552804884215,352.1809355185953,250,16.87488422664977,47.88371402810746,0.0361813204859239,16.797479569587466,15.378000462800763,1.419479106786703,0.0650414679185787
353,188.2900372216769,949.8473598014313,276.5871107085181,-15.082947000619866,2822.7425973869103,123.00645786086623,22.94792197479372,47.368171828820124,0.0473114733958284,6.2786552804884215,352.1809355185953,250,16.87802164506858,47.31059333499513,0.0207702404810037,16.80049917820361,14.804879769688434,1.995619408515175,0.05166989843731941
332,257.7495437195772,883.2700683848062,276.5967571007199,-15.072670758061609,2691.380540732731,116.56380248887945,23.089333766282177,47.41991225157758,0.0470217118860947,6.2786552804884215,352.1809355185953,250,16.93178071652197,48.061151626676505,0.0366780820854166,16.852239600961063,15.555438061369806,1.2968015395912573,0.05963491505958114
701,382.353776621874,1981.3154330774569,276.4323387841388,-15.0590710634181,2680.676013522054,127.09087425536131,21.092592440082058,47.42423920086135,0.0514730469042228,6.2786552804884215,352.1809355185953,250,16.93627648140607,48.387051439552835,0.0515861188729923,16.856566550244835,15.881337874246135,0.9752286759987001,0.0728738788454602
363,1702.8878316981345,982.1087284750316,276.5759381096868,-14.86479530440487,2680.663428360742,120.86852121786924,22.17834222964277,47.42424429815669,0.0489531628991139,6.2786552804884215,352.1809355185953,250,16.936281777572002,47.62159416025422,0.0267760679417907,16.85657164754017,15.11588059494752,1.740691052592652,0.05579758034404873
212,692.8374732184407,568.643813494834,276.6418794789433,-15.008692277977453,2654.617723742209,127.18079931061668,20.87278691541145,47.43484504751733,0.0520150952721302,6.2786552804884215,352.1809355185953,250,16.947296114370324,48.21577522480463,0.041175541729384,16.867172396900813,15.710061659497931,1.1571107374028813,0.06633999828818979
200,1003.425958310686,529.7001011589061,276.6463762089475,-14.963766848971485,2642.7339933938056,119.76766448148648,22.06550494939572,47.43971639403921,0.0492034967017481,6.2786552804884215,352.1809355185953,250,16.952357516109764,47.97361622052449,0.0338501739925622,16.872043743422694,15.467902655217792,1.4041410882049021,0.059722846273479555
520,786.5121280343452,1345.6682737432575,276.5255372703992,-14.998341347688411,2634.935002686718,124.40794643786268,21.1797966137378,47.44292525489848,0.05126111547718,6.2786552804884215,352.1809355185953,250,16.95569157043372,48.4623970312506,0.0581767980760333,16.875252604281968,15.956683465943904,0.9185691383380643,0.07753864710158628
39,1220.7232985136598,113.31260826168696,276.7075676815086,-14.930708944459823,2599.022859092074,125.4388956171858,20.719433524221763,47.45782477354906,0.0524000812440541,6.2786552804884215,352.1809355185953,250,16.971172392681968,48.081197785501644,0.036462206456482,16.890152122932548,15.575484220194944,1.3146679027376038,0.06383777106117183
240,617.9121003989078,652.1977467426593,276.62972785371244,-15.019832836794755,2597.5693883996573,123.51228428077562,21.030858618845595,47.45843212764548,0.0516241404916826,6.2786552804884215,352.1809355185953,250,16.9718034426527,48.13599666000414,0.0390887692655262,16.890759477028965,15.63028309469744,1.2604763823315253,0.06475325292368353
414,311.68513377936665,1096.0600367333004,276.5647704997522,-15.065757123462388,2586.330847120844,119.75251873991382,21.597298113937818,47.46313982251527,0.0502701770504961,6.2786552804884215,352.1809355185953,250,16.976694807883174,48.39755186554564,0.0504228098768499,16.89546717189875,15.891838300238938,1.0036288716598136,0.07120077567390103
449,287.87308093721066,1182.8219412403105,276.5519197004551,-15.069535371882624,2550.031232767331,120.3500522949482,21.18845138943384,47.47848627242321,0.051240177021215,6.2786552804884215,352.1809355185953,250,16.992639998378124,48.397442188926945,0.0515642641351281,16.910813621806696,15.891728623620246,1.0190849981864503,0.0726940786925779
400,897.9001479303997,1064.0261308712318,276.5670984417515,-14.981158297745727,2536.039214009332,127.4528718271183,19.897858539031645,47.484460110114654,0.0545636606004757,6.2786552804884215,352.1809355185953,250,16.998846904897054,47.75083601087667,0.0317739979203152,16.91678745949814,15.245122445569969,1.6716650139281697,0.06314095344516187
461,1560.01612761122,1206.7328628769644,276.5430344314659,-14.886304570356735,2534.8283498369565,122.8059582744144,20.64092317225187,47.484978632469826,0.0525993915552931,6.2786552804884215,352.1809355185953,250,16.999385657362843,47.787352830170924,0.0294662634236918,16.91730598185331,15.281639264864225,1.6356667169890855,0.06029060185585674
682,615.0857722335255,1914.8139596374072,276.44130777669443,-15.025286808413195,2514.0730304422323,123.06541253735006,20.42875393343533,47.4939052986698,0.0531456790530457,6.2786552804884215,352.1809355185953,250,17.008660596772113,48.02206556694477,0.0365989665642221,16.926232648053286,15.516352001638069,1.4098806464152176,0.06452865685552728
433,1405.421373281536,1143.689807864502,276.5530862653533,-14.908333283058091,2463.102223940717,120.26140203329852,20.481236558831423,47.516143930803295,0.0530094946602162,6.2786552804884215,352.1809355185953,250,17.03176686746291,47.942411749813125,0.0378044558185481,16.94847128018678,15.436698184506426,1.5117730956803541,0.06510901169475732
415,1497.3034354034585,1096.5476882441567,276.55973302753915,-14.894897825962085,2450.695345160464,124.51589975996424,19.681786421531683,47.52162670697229,0.0551626756203519,6.2786552804884215,352.1809355185953,250,17.03746355373109,48.16450450411542,0.0397920229255031,16.953954056355776,15.658790938808721,1.2951631175470553,0.06801709983599662
342,570.5536173585489,918.1763517318368,276.5902352130419,-15.027740491982446,2420.139722629916,128.50011551180378,18.83375523041928,47.53524892179566,0.0576464962359941,6.2786552804884215,352.1809355185953,250,17.05161723823954,48.21761552244641,0.0447562333510145,16.967576271179148,15.711901957139709,1.2556743140394389,0.07298108626251698
549,300.62189992113946,1413.1656450521298,276.51748431243504,-15.068615921535809,2414.462902125349,126.9707696331364,19.01589561992567,47.5377986793914,0.0570943394778817,6.2786552804884215,352.1809355185953,250,17.054266474435778,48.14369919860793,0.0442813704075359,16.970126028774885,15.637985633301234,1.332140395473651,0.07225374291747796
500,1253.3816630827862,1300.3270878542137,276.53035510803863,-14.930879221740357,2276.619625587162,116.75140923496772,19.49971859444846,47.601623833271375,0.0556777265651975,6.2786552804884215,352.1809355185953,250,17.120581761886015,48.40291738328993,0.0506920594916886,17.03395118265486,15.897203817983232,1.1367473646716277,0.07529737134175266
213,1202.589539613514,568.5785494014264,276.63973288558174,-14.935218783040204,2258.665958050493,116.6135211953606,19.368817053955425,47.610220005802944,0.0560540169787128,6.2786552804884215,352.1809355185953,250,17.1295133134413,48.1313335912548,0.0387751962726497,17.04254735518643,15.625620025948102,1.4169273292383266,0.0681584086186901
630,1085.732810833809,1702.0144683878252,276.4711206201965,-14.956640595790882,2236.1193253678503,118.091048971113,18.935553074093207,47.62111258428132,0.0573365877274219,6.2786552804884215,352.1809355185953,250,17.1408308650484,48.23179236181381,0.0435888555700543,17.053439933664805,15.72607879650711,1.3273611371576948,0.07202411139425048
311,963.7311425549744,833.1102169561325,276.6012761666779,-14.970733144200176,2227.007866466389,121.63762974405712,18.308543755352108,47.62554564393906,0.059300183264582,6.2786552804884215,352.1809355185953,250,17.145436880194712,47.59175173262806,0.0253686896015234,17.057872993322547,15.086038167321362,1.971834826001185,0.06449869880324294
114,202.33514483647627,305.1463200633404,276.68327807235704,-15.078292716995303,2223.06968709518,134.18528241393733,16.567164797085656,47.627467329567644,0.0655332407987507,6.2786552804884215,352.1809355185953,250,17.14743354024332,47.65736319082637,0.0274450616980138,17.05979467895113,15.151649625519674,1.9081450534314541,0.07104813200355677
460,766.2616407991477,1205.8195465350452,276.5464908660092,-15.000699327362604,2142.701692889096,122.35306262936074,17.51244837556618,47.66744573984076,0.0619959001001137,6.2786552804884215,352.1809355185953,250,17.1889717051814,48.13527557325948,0.046783553215693,17.099773089224243,15.629562007952778,1.470211081271465,0.0776671905035122
698,1263.442597413026,1960.6121268927843,276.4318015263683,-14.932050744707196,2130.094092031388,118.53660305104042,17.96992690193927,47.67385305211203,0.0604176080361703,6.2786552804884215,352.1809355185953,250,17.195628998258233,48.13088764670766,0.0393279086672113,17.106180401495514,15.625174081400964,1.4810063200945507,0.07209002539151185
235,558.9875404478175,631.0090398327211,276.63313834984405,-15.028237712586796,2064.1239362170745,116.12232226465322,17.77542763494473,47.70801059646361,0.061078699331296,6.2786552804884215,352.1809355185953,250,17.23111919662938,48.10996950733644,0.0383744105887923,17.140337945847094,15.604255942029738,1.5360820038173557,0.07213323020661193
587,1576.4566442708142,1550.131919926102,276.4917424167546,-14.885315561433137,2012.653362072626,116.52568754619467,17.272186111536506,47.735427563969495,0.0628582851637312,6.2786552804884215,352.1809355185953,250,17.259605835057002,47.97278710656981,0.0341821227434301,17.16775491335298,15.467073541263112,1.7006813720898677,0.07155125106503639
636,493.5113976876027,1716.093298693185,276.47146946180294,-15.042023219293696,1875.5823717101305,123.57777302450214,15.177343998084938,47.812009666120915,0.0715342552779322,6.2786552804884215,352.1809355185953,250,17.33917578215442,48.56909004407604,0.0591617656712717,17.2443370155044,16.063376478769342,1.180960536735057,0.09282922059088308
688,816.7878122640544,1921.86093947727,276.4394252519968,-14.996255761682889,1782.3441954886075,118.44007548749984,15.048489188751963,47.867371081396925,0.0721467774194574,6.2786552804884215,352.1809355185953,250,17.396697118876677,47.93088126788749,0.0347795341745934,17.29969843078041,15.425167702580794,1.8745307281996162,0.08009228108509857
