ID,X_pix,Y_pix,RA_deg,Dec_deg,Fluxo,Erro_Fluxo,SNR,Mag_Inst,Erro_Mag,Std_Fundo_Local,Area_Ap,Exptime,Mag_R_Calibrada
1178,2008.2346608360435,1328.3908041816749,276.53084121960944,-14.793650964834558,1980849.996564228,1411.1765282178917,1403.6868931385573,14.865466149087183,0.0007734630887465,3.344222022651961,399.5664568589252,175,8.13745405507906
1233,1553.526625777577,1376.1919972247156,276.52560855238994,-14.859468867536332,514938.5918873254,720.3655655200618,714.8295484051488,16.32820651898951,0.0015188236166542,3.344222022651961,399.5664568589252,175,9.59117686779332
337,3052.9592104401177,409.0928701586448,276.6636697096942,-14.638984189453009,382807.2225074894,628.5136804836791,609.0674465715626,16.650144813938326,0.0017825612025587,3.344222022651961,399.5664568589252,175,9.911130465358058
1469,398.4619626886507,1648.593485834326,276.48978001220013,-15.027221876243422,269155.85827038455,524.1669699186726,513.4925962850074,17.032585529655126,0.0021143440194752,3.344222022651961,399.5664568589252,175,10.291213496077587
865,126.788051121174,983.7579165269696,276.5902598257935,-15.063771461153436,249087.8264871017,505.7987703431413,492.4642784681285,17.11671386408148,0.0022046269089348,3.344222022651961,399.5664568589252,175,10.374823192964131
476,95.55830420534257,564.1539244037978,276.6531052578363,-15.06659239948782,216817.8244306972,470.6502650167134,460.6771536036376,17.26735766582185,0.0023567480859581,3.344222022651961,399.5664568589252,175,10.524538300094596
150,1724.2240933813553,195.60953798970183,276.70118873437264,-14.829961633269454,204143.41484051791,459.29824451337794,444.4680929638777,17.332756683656388,0.0024426950262282,3.344222022651961,399.5664568589252,175,10.589534143589036
982,490.359294528917,1116.6083827737612,276.5688619802481,-15.011840836009434,202696.60994890795,455.1962824107426,445.29495907878777,17.340478908503126,0.002438159197324,3.344222022651961,399.5664568589252,175,10.597208762171801
587,823.8626407750378,683.9524002445806,276.63208255273423,-14.961959848399976,188240.1852090859,439.0184720587207,428.7750907754696,17.42081426804194,0.0025320967177371,3.344222022651961,399.5664568589252,175,10.677048867245935
1726,1250.715799391167,1972.2005022399371,276.43789448875424,-14.905562693912405,167896.82634621736,413.6844634041557,405.8572201735985,17.54498890420194,0.0026750786878587,3.344222022651961,399.5664568589252,175,10.80045798690969
923,1272.9658535917915,1050.536647888691,276.57541676516973,-14.89863333241049,153295.19654703548,395.7348892525629,387.3684143355897,17.64377375522233,0.0028027582007742,3.344222022651961,399.5664568589252,175,10.898633845342113
989,1622.1749658755573,1125.341785110016,276.56277368977527,-14.848538180516538,151938.97316582585,394.1899543958269,385.44608118870514,17.653422154144167,0.0028167363815237,3.344222022651961,399.5664568589252,175,10.908222763449144
1451,101.22768251464169,1614.755866126816,276.4960870332713,-15.069966283453928,125018.57639893744,358.2569378074828,348.963448311834,17.865158748632762,0.0031112140977865,3.344222022651961,399.5664568589252,175,11.118654036167113
670,1789.6045676517797,774.4265024357223,276.6144654890847,-14.822927407959847,120163.91748493524,351.5293400711792,341.83182962936723,17.9081599257122,0.003176123186589,3.344222022651961,399.5664568589252,175,11.161390117962762
1021,472.8263151573346,1168.955595023753,276.5611157526292,-15.014580822217608,111902.68316730738,345.7475377381172,323.6543169602176,17.985493871641843,0.0033545049242567,3.344222022651961,399.5664568589252,175,11.238247312655927
1648,1152.0524225397494,1864.7343785679511,276.454348262143,-14.919366754026957,111339.51393148817,338.77215667006936,328.6560354483968,17.990971819214188,0.0033034537111687,3.344222022651961,399.5664568589252,175,11.243691489569771
941,925.9813341811196,1066.4422817868276,276.5745089446456,-14.94877496972158,109708.65788385647,337.45544526217765,325.1056085303974,18.00699286629735,0.0033395302065312,3.344222022651961,399.5664568589252,175,11.259613769495575
1711,1404.48719165899,1956.2624308224133,276.43963499970465,-14.883315283529914,99602.81468796596,320.64651560423243,310.6312086388106,18.11191609327246,0.0034951414082234,3.344222022651961,399.5664568589252,175,11.363890161790332
240,1095.94408862843,303.1820600036244,276.6878090009708,-14.921122149666028,88028.82930884694,306.45322612065365,287.25045718457903,18.246032806132423,0.0037796284491284,3.344222022651961,399.5664568589252,175,11.497180066863367
620,1235.3880123244196,725.3682536594952,276.624142522106,-14.90272824154361,87489.86897415295,304.53841124882007,287.28681093259604,18.252700706398674,0.0037791501686958,3.344222022651961,399.5664568589252,175,11.503806860605719
66,906.0653234846986,95.03136831105294,276.71972866866247,-14.947677082966264,87203.50965529663,302.43686858030816,288.33624043472355,18.256260211183175,0.0037653955616647,3.344222022651961,399.5664568589252,175,11.507344421620418
1751,862.0519629121912,2005.22111728531,276.4345815378122,-14.961760730638806,84854.82799683188,298.214085013944,284.5433272974488,18.28590372804168,0.0038155876305792,3.344222022651961,399.5664568589252,175,11.53680519100437
278,2558.8840526212907,348.16417078651534,276.67485372428723,-14.71007588006546,82182.2822221739,293.67284912365164,279.84296971073024,18.320649627821215,0.0038796758093379,3.344222022651961,399.5664568589252,175,11.571336887946027
778,2467.3355730266385,877.3510047727256,276.59624264488883,-14.725515191432647,81999.13414470264,292.92193607751204,279.9351091377612,18.323071955334587,0.0038783988308722,3.344222022651961,399.5664568589252,175,11.573744282203075
839,767.686591342233,944.5859055030276,276.59338350556675,-14.971126278397374,75869.99064740672,283.0855017757758,268.01086658087223,18.407420045395686,0.0040509551491353,3.344222022651961,399.5664568589252,175,11.657572379966508
119,3031.1646690706293,159.23654883486628,276.70105620933333,-14.641067372833726,75738.9609139082,300.0860201162312,252.3908340834155,18.40929676520036,0.0043016617617784,3.344222022651961,399.5664568589252,175,11.65943753009791
486,319.77604016309186,574.7721142802724,276.650554880391,-15.034274073883171,74830.81365489398,280.81430383621205,266.47792734425616,18.422393953101906,0.0040742586480621,3.344222022651961,399.5664568589252,175,11.672453975959835
629,551.7528238917756,738.8315537693927,276.62504477521435,-15.00145733036444,74772.47495242677,279.7926953581626,267.2424126609544,18.42324073187539,0.0040626036458419,3.344222022651961,399.5664568589252,175,11.673295534479488
213,1111.0433025132222,271.48083206262504,276.6924807912074,-14.918811377250298,70667.4368814572,291.629883216393,242.31891499617367,18.484546772529907,0.0044804591503603,3.344222022651961,399.5664568589252,175,11.734223633334524
203,90.03542598928293,261.3962723176592,276.69838577754973,-15.066164150518468,70385.7365062534,277.72912390342435,253.4330412201525,18.488883473300803,0.0042839717929947,3.344222022651961,399.5664568589252,175,11.73853359904839
401,1550.9358158379223,477.8580558307521,276.6597696001506,-14.856155860030292,64090.81938110892,263.34741473650075,243.3698445273772,18.590605561868557,0.0044611114499761,3.344222022651961,399.5664568589252,175,11.839628587434989
1767,2035.2439770508336,2017.54797438971,276.42787806800214,-14.792561276423344,63147.8401437001,257.05924478930626,245.6548108023037,18.606698869472083,0.0044196162755947,3.344222022651961,399.5664568589252,175,11.85562268240677
987,626.0586807798097,1124.9185711242494,276.567044743646,-14.99229261460921,60547.63110147102,254.71671247338057,237.705765411049,18.6523522311223,0.0045674113041497,3.344222022651961,399.5664568589252,175,11.900994598485385
1772,2151.165106915112,2018.9644841649008,276.42718859878767,-14.775841941956315,58792.45558863829,249.1674487017526,235.95560292874143,18.684291122275354,0.0046012893380111,3.344222022651961,399.5664568589252,175,11.932736591553569
301,2320.578683798946,370.19538110382433,276.6725750519021,-14.744580776011476,58276.17971096077,249.57190369197536,233.50456861877345,18.693867436964588,0.0046495878278619,3.344222022651961,399.5664568589252,175,11.942253869815604
1509,1227.0735174503643,1702.9176559934174,276.4781941754969,-14.907894879725674,57026.95933610358,246.54082106807076,231.308385723102,18.717394582405632,0.0046937338506165,3.344222022651961,399.5664568589252,175,11.965635974220076
1371,590.7616415312134,1522.5746012577697,276.5077935497715,-14.998978345184542,56398.376696650754,244.28775822989957,230.86861619800925,18.72942861183862,0.0047026746981877,3.344222022651961,399.5664568589252,175,11.977595815813002
245,330.4698992932168,307.2514771263306,276.6904929466892,-15.031644106840414,55839.09752290291,247.2000605562857,225.8862615051372,18.740249145313655,0.0048064012072523,3.344222022651961,399.5664568589252,175,11.988349642453779
181,1165.3035971847023,229.23847825092295,276.6985594769938,-14.910802843853544,55734.333459302696,249.12884922093892,223.71689843866665,18.742288092565445,0.0048530084565679,3.344222022651961,399.5664568589252,175,11.990376019926389
67,811.3196179763173,97.03125609709404,276.7198383567256,-14.961364740567785,55320.98329839131,242.95099698137204,227.7042859907793,18.750370394619743,0.0047680261936042,3.344222022651961,399.5664568589252,175,11.998408495899119
983,347.751344321453,1117.439540403263,276.5693435273228,-15.032422185197294,53198.32130834696,238.5423488049032,223.01415901566529,18.792850301223616,0.0048683007607769,3.344222022651961,399.5664568589252,175,12.040626520767157
187,199.7347217321656,236.6551696040088,276.70161003835653,-15.050228516697414,52867.35852829352,240.32426622670948,219.9834388693033,18.799626092215377,0.0049353715242402,3.344222022651961,399.5664568589252,175,12.047360540106189
921,118.73958294119312,1047.0863006699233,276.5808306064268,-15.06518601463251,51917.42370240256,238.64384225785915,217.5519100396683,18.81931228837087,0.0049905330631297,3.344222022651961,399.5664568589252,175,12.066925374054621
1657,418.8721851930351,1876.5426815697667,276.45564797449674,-15.025178995644929,50096.60045622831,232.01077294702927,215.9235962188097,18.858074482356706,0.0050281674583623,3.344222022651961,399.5664568589252,175,12.105448605400065
1157,409.59440767453015,1307.5935075111554,276.5406718378788,-15.024259254977244,49783.35934458586,231.28489639256796,215.24691028715867,18.864884623879263,0.0050439748405753,3.344222022651961,399.5664568589252,175,12.11221676350444
1614,1823.987268909228,1821.4614476487927,276.4580142097782,-14.822248322816876,49060.20860786893,230.1566623217776,213.16006285874448,18.880771645394194,0.0050933556006664,3.344222022651961,399.5664568589252,175,12.128005844107912
1185,2569.326106346438,1332.9571173932568,276.5278193328448,-14.712686014038429,48966.98009866953,229.28198657949696,213.56662522501145,18.882836819344547,0.0050836594849786,3.344222022651961,399.5664568589252,175,12.130058286595743
1139,1771.7434203967423,1293.3214478305804,276.5370661268526,-14.827638687147438,46106.81917972825,221.9550411431915,207.73044370721468,18.948182216424286,0.0052264847685505,3.344222022651961,399.5664568589252,175,12.195000839898642
1201,1254.7665851743527,1341.9225757431834,276.53197936631415,-14.902443267362225,45154.61318532957,221.10969817284197,204.21814854105637,18.97083980604502,0.005316373729545,3.344222022651961,399.5664568589252,175,12.217518749153433
284,511.83012415540895,354.2280144343848,276.6826904110463,-15.00565592045946,44284.29094174586,218.56166415899963,202.61691871786735,18.991970883315346,0.0053583876749787,3.344222022651961,399.5664568589252,175,12.238519556758922
1427,705.221129986071,1587.46534707933,276.4976202545137,-14.98272365113498,44064.906713134056,220.01062490153785,200.2853577314941,18.99736298410744,0.0054207657129659,3.344222022651961,399.5664568589252,175,12.243878416123996
1533,2353.688538163705,1728.6691568661545,276.4696668008678,-14.745436509073032,43513.70109257649,217.2753085715516,200.2698851454944,19.01103006139688,0.0054211845141432,3.344222022651961,399.5664568589252,175,12.257461238098147
1470,238.04104677562412,1649.0428132028453,276.4903882185308,-15.050365661320464,43117.773107524845,216.04601358347784,199.5768049238484,19.020954314557983,0.0054400109291972,3.344222022651961,399.5664568589252,175,12.267324309847792
1207,2717.4995038442644,1347.844931385607,276.52498154106786,-14.691360290974922,42758.49380216657,217.11714769197653,196.9374333474016,19.030039125517053,0.0055129184002555,3.344222022651961,399.5664568589252,175,12.276353114420457
946,2598.4228461700827,1075.8771614858415,276.5660626805744,-14.707418442988542,42354.12433101435,213.68835272868083,198.20511408401933,19.040355853821744,0.0054776588637353,3.344222022651961,399.5664568589252,175,12.286606241768071
856,966.0966161782476,965.932709125162,276.5893522860165,-14.94257800530979,42067.22342468592,217.16221110036415,193.7133685070283,19.04773550147427,0.0056046725549589,3.344222022651961,399.5664568589252,175,12.293940395089477
286,1641.2599826852577,355.39924600304903,276.67767557729377,-14.842606811938063,41901.55853516198,212.42646732522175,197.25206120860315,19.05201967941739,0.0055041249929034,3.344222022651961,399.5664568589252,175,12.298198161770282
1400,2307.4186483677668,1557.5792053811297,276.4953886899977,-14.751412627825127,40557.7560270215,210.1970474099216,192.95112146807023,19.087410325678263,0.0056268136289617,3.344222022651961,399.5664568589252,175,12.333370630435768
370,2464.349647139961,438.25687213168186,276.6618036766113,-14.72410663557038,40034.44895364987,208.17622391274787,192.31038108573517,19.10151048390876,0.0056455610657647,3.344222022651961,399.5664568589252,175,12.347383863477203
743,90.77358700835023,841.7158196535328,276.6116411439393,-15.068399462136004,37902.32001730593,204.73041666257572,185.1328231299125,19.16093063638155,0.0058644381998006,3.344222022651961,399.5664568589252,175,12.406437700345341
1089,2297.4544171381945,1242.6410347391932,276.5424315917529,-14.751554277708175,37548.88569214122,206.81922431902865,181.5541365449677,19.171102488400876,0.0059800344991373,3.344222022651961,399.5664568589252,175,12.416546844546398
593,162.42007412367772,692.6529489493479,276.6336122108239,-15.057460739373324,36442.02134133302,201.52765529419517,180.8288856838732,19.203588976413368,0.0060040186383608,3.344222022651961,399.5664568589252,175,12.448833058628177
1563,1234.741551090286,1764.8932164681607,276.46890933396423,-14.907037325279102,36039.44110268832,199.31837038073155,180.81344451014192,19.215650003344155,0.0060045313717758,3.344222022651961,399.5664568589252,175,12.460819731283705
1325,2492.5915841457886,1467.994228390338,276.5079878247171,-14.724319422704692,35398.71420719725,197.1405169368739,179.56082675045548,19.235126403293968,0.0060464190305207,3.344222022651961,399.5664568589252,175,12.480176062386045
975,81.34668008521712,1113.1612475416832,276.57111613554724,-15.070845184444217,35351.42769790621,197.8946965418827,178.63756995844702,19.236577727104667,0.0060776688814819,3.344222022651961,399.5664568589252,175,12.48161843902079
1056,1589.807230439888,1213.167306977372,276.54979653497963,-14.853568694345151,34705.80064924946,195.6009797658751,177.4316298966939,19.256589952071195,0.0061189766482567,3.344222022651961,399.5664568589252,175,12.501507291865506
238,987.8872355812894,299.46802766216854,276.68882754966086,-14.93670713581247,34333.27095954568,197.68809855453068,173.67393996191998,19.26830716922403,0.0062513696656968,3.344222022651961,399.5664568589252,175,12.513152274274615
1271,383.0935335540796,1417.5438303044757,276.5243584692145,-15.02852121687556,33884.41793293224,196.4941009035752,172.44496286206683,19.282595047409153,0.0062959217942968,3.344222022651961,399.5664568589252,175,12.527352070007593
1480,1535.9826178882468,1658.3923769055132,276.4835522389039,-14.863144544129444,33720.77193497948,192.8668448183715,174.83965150534473,19.287851351906284,0.0062096897966352,3.344222022651961,399.5664568589252,175,12.532575970239842
348,1709.243109386981,420.0099328842375,276.6677354024254,-14.833059920106496,33463.6908285135,193.2335162609458,173.1774667047075,19.29616052386926,0.0062692913844921,3.344222022651961,399.5664568589252,175,12.540833917505052
1701,1478.879080136699,1935.24022598569,276.4424641161438,-14.872498593051008,33301.05954999206,190.75256778909588,174.57725437704786,19.301449992199615,0.006219023227706,3.344222022651961,399.5664568589252,175,12.546090777120869
448,1367.5275195656204,530.6157798331685,276.6526707718831,-14.882852295625009,32855.33201963341,194.77640178772037,168.68230297960443,19.316080470934246,0.0064363598363443,3.344222022651961,399.5664568589252,175,12.560631061326523
121,1560.4608870466843,163.22123847315677,276.706727849594,-14.853473131197529,32745.67095331848,190.3384600122436,172.0391714381429,19.31971038802261,0.0063107720812894,3.344222022651961,399.5664568589252,175,12.564238600564652
1403,734.7833467140684,1559.892936847184,276.50161393607,-14.978348509117238,32585.91886007957,190.05906178090777,171.4515401409446,19.325020192287575,0.0063324015585248,3.344222022651961,399.5664568589252,175,12.569515670747338
1740,2773.5507680177434,1981.4173104107429,276.4302294930189,-14.685884713775344,31137.154786446656,190.7028457664855,163.27577420933676,19.37439780770257,0.0066494861546821,3.344222022651961,399.5664568589252,175,12.618588881170188
138,1785.6571987782047,183.41422039242877,276.70274763988147,-14.821039857297697,30368.247306429374,183.9777638334775,165.0647701855773,19.401545803025734,0.0065774180570413,3.344222022651961,399.5664568589252,175,12.645569513504396
47,1943.6247426752725,75.90205039295418,276.71813051313865,-14.797777860983556,29214.25891789608,186.78426005733823,156.4064279770041,19.443607936769585,0.0069415305626673,3.344222022651961,399.5664568589252,175,12.68737234101435
1234,835.0292194826454,1377.8443390859786,276.5283813578735,-14.963155508457271,28972.52890682392,181.18411641241795,159.90656068811012,19.45262910959996,0.0067895900914134,3.344222022651961,399.5664568589252,175,12.696337899777069
1337,1913.1670927045611,1479.16736832246,276.5087323860801,-14.80798810516189,27957.776336699662,178.71180048738086,156.44057225350272,19.491338556240596,0.0069400155238545,3.344222022651961,399.5664568589252,175,12.73480870895614
976,1131.5430727266385,1112.807014416678,276.5667143359594,-14.919296979682972,27760.331926679617,176.22147623140373,157.530923700959,19.49903348517444,0.0068919801553438,3.344222022651961,399.5664568589252,175,12.742456199900888
1060,1936.2928771018896,1216.338759055187,276.5478688969979,-14.803574330627926,27570.24225132531,175.73279691817785,156.88728987886174,19.506493666375896,0.0069202546671454,3.344222022651961,399.5664568589252,175,12.74987039029495
1116,2268.439019915946,1265.840701673565,276.53909019328694,-14.755838048949212,27385.7663855851,177.13403778750808,154.60476556424103,19.513782874002565,0.0070224226015133,3.344222022651961,399.5664568589252,175,12.757114661138592
195,1111.3615646229352,247.18682413228527,276.6961092869942,-14.918665088098852,27252.61819222127,186.6530322116235,146.0068334776517,19.519074542173733,0.0074359533327334,3.344222022651961,399.5664568589252,175,12.762373707033559
461,2863.7415159177376,546.077984777597,276.6440214895722,-14.66688928607165,27021.42063506131,174.73241970895705,154.6445741441086,19.52832467656722,0.0070206148906864,3.344222022651961,399.5664568589252,175,12.771566815848479
580,2288.880110783253,672.9953365139571,276.6275002284718,-14.75042642172068,26987.64598761566,177.0287883822473,152.44778114474187,19.52968261013682,0.0071217828940991,3.344222022651961,399.5664568589252,175,12.77291637797782
1018,380.42355853353007,1162.5712747182558,276.5624616915246,-15.027888469763036,26941.396946190915,176.04774178102366,153.03460682672016,19.531544844965723,0.0070944737436371,3.344222022651961,399.5664568589252,175,12.774767132430975
772,969.4802397570364,869.2044952875609,276.60378698141574,-14.941696487432065,26764.75968848637,185.95252955280432,143.93329175382942,19.53868675082294,0.0075430776769622,3.344222022651961,399.5664568589252,175,12.781865009596684
791,2082.036574805379,892.6829911584113,276.5955744205503,-14.781201884637758,26552.93299572938,176.75860612457532,150.2214436847024,19.547313872813444,0.00722733035557,3.344222022651961,399.5664568589252,175,12.79043894677906
766,2568.1889880771246,865.1436169070118,276.5976412401805,-14.710904009788011,26552.66966577369,176.26792687158513,150.63812309495117,19.547324640297568,0.0072073388707562,3.344222022651961,399.5664568589252,175,12.79044964788339
133,2510.992681110237,178.99785867371276,276.7003142097229,-14.716276869730343,26431.72617788741,173.36196464861874,152.46554358945426,19.552281305349627,0.0071209531966348,3.344222022651961,399.5664568589252,175,12.795375755899157
709,903.4564939020116,807.2728415337357,276.6133194659436,-14.950973774435328,26019.05199915136,187.16163985844767,139.01914953742573,19.56936644909164,0.0078097154500842,3.344222022651961,399.5664568589252,175,12.81235557250046
268,2632.367347923752,332.4383679314595,276.6768900952234,-14.699397832607795,25767.80798099769,176.84251341432577,145.7104826407103,19.57990143294882,0.0074510768225035,3.344222022651961,399.5664568589252,175,12.822825609890474
26,2204.8697908939016,57.2980916545215,276.71979214556654,-14.759971998659788,25746.058156184707,171.00828039494417,150.5544532505917,19.58081825691955,0.0072113443113695,3.344222022651961,399.5664568589252,175,12.823736781790094
1660,144.8986723463843,1884.156292310644,276.4556595766168,-15.064727127353388,25588.08101964672,179.32206588390702,142.6934320297895,19.587500828825448,0.0076086192935169,3.344222022651961,399.5664568589252,175,12.830378156723812
263,60.74984605088719,330.9558550136302,276.68811379899506,-15.07067351365301,25525.271149831067,179.30495045121293,142.35675638401426,19.590169211199374,0.0076266137806011,3.344222022651961,399.5664568589252,175,12.833030088953096
1674,2458.602418276353,1898.971899839028,276.4438240173402,-14.73099367217554,25203.386994041502,169.1356847210379,149.01282976215478,19.603947851708305,0.0072859498187701,3.344222022651961,399.5664568589252,175,12.846723786377582
1096,1216.8188495512322,1256.4124420126716,276.5449082170124,-14.907573015414062,25080.24840103899,168.22467343164743,149.08781149294086,19.609265537863468,0.0072822854472674,3.344222022651961,399.5664568589252,175,12.852008689859895
79,559.2045220548725,107.49374381921564,276.719363108404,-14.997806901978938,24992.616503190453,171.0958261508684,146.07379423243518,19.613065808589138,0.0074325446648727,3.344222022651961,399.5664568589252,175,12.855785532532776
663,947.4321228098506,763.5863454014215,276.61965862553353,-14.944448628572458,24863.706126149016,169.40877544817025,146.76752169639488,19.618680461577988,0.0073974131841368,3.344222022651961,399.5664568589252,175,12.861365572096402
1000,2733.414713747816,1138.7469821241607,276.55611664414147,-14.688193306424768,24731.989794400404,168.3258204229627,146.92926927226495,19.624447475175135,0.0073892697171736,3.344222022651961,399.5664568589252,175,12.86709703298988
951,640.7418220075965,1084.2431980847114,276.5730589662747,-14.99001002039068,24708.27299593596,173.5029924510993,142.408339169711,19.62548914393965,0.0076238512879933,3.344222022651961,399.5664568589252,175,12.868132280035374
120,2657.916200648468,162.4387497648827,276.702162018707,-14.694988030671237,24620.401861541817,167.73814524288483,146.77878920081938,19.629357278372723,0.0073968453201679,3.344222022651961,399.5664568589252,175,12.87197656804691
992,541.9401915477993,1129.2846626810365,276.5667492650444,-15.004448613761548,23935.871343890205,169.97215904177224,140.82230571659528,19.65997201710758,0.0077097161168839,3.344222022651961,399.5664568589252,175,12.902402571881835
545,578.2611807332052,638.7574210443216,276.6398850512434,-14.997225404550363,23835.692515897303,173.6415875946822,137.26949198100556,19.6645256859077,0.0079092592558748,3.344222022651961,399.5664568589252,175,12.90692816805221
1149,990.6692060020762,1298.5839681583466,276.5395630670068,-14.940378203295596,23392.587885596266,164.90874284311388,141.85171436211135,19.684899447241584,0.0076537672095275,3.344222022651961,399.5664568589252,175,12.927176328451198
228,2985.347903125607,285.7958843344152,276.6823586365938,-14.648224045009863,23261.71960925672,168.99156824252532,137.6501789478222,19.690990580342728,0.0078873853147081,3.344222022651961,399.5664568589252,175,12.933229910704489
1565,251.53856888344583,1767.5972109492009,276.4726222412492,-15.048886595307286,22900.67712222843,162.81264231319707,140.6566271320331,19.707974312580006,0.0077187973445493,3.344222022651961,399.5664568589252,175,12.950108940986544
124,325.5843571749684,167.5807510597505,276.71139145032885,-15.03177970895266,22708.50671118317,165.87914092895454,136.8979040041517,19.717123680752024,0.007930727704692,3.344222022651961,399.5664568589252,175,12.959201904787408
651,1648.5523885993184,754.3454496732231,276.6180612851393,-14.843206400135822,22660.356764420896,162.28283100486993,139.6349609142626,19.719428263943225,0.0077752734192881,3.344222022651961,399.5664568589252,175,12.961492280596937
443,2984.534297150301,528.9180174190591,276.6460739252799,-14.649373869322744,21973.10440214508,181.09948956427525,121.3316749539841,19.75286657369338,0.0089481992267209,3.344222022651961,399.5664568589252,175,12.994724448589713
1164,1485.4994602091317,1313.2011204057333,276.5352987197627,-14.86902982991188,21740.71746488541,160.50872018737022,135.44882445954548,19.764410441394872,0.0080155734413499,3.344222022651961,399.5664568589252,175,13.00619715021873
341,1243.93115988067,412.0988952622276,276.6709028897011,-14.900206525343709,21538.55615474921,159.09008892161685,135.3859080772856,19.77455365460819,0.0080192984293477,3.344222022651961,399.5664568589252,175,13.016277832167374
1714,2823.533872367163,1957.1703311296424,276.43364095863615,-14.678572621449788,21425.832618797314,165.9880890058281,129.0805427493356,19.78025085214444,0.008411027540443,3.344222022651961,399.5664568589252,175,13.021939907404649
482,495.06316243607455,569.3436285466087,276.65061417447856,-15.00895198294686,21420.51184026699,162.02383552860545,132.2059298891562,19.780520511644706,0.0082121883709018,3.344222022651961,399.5664568589252,175,13.022207904497824
42,1788.4977429043936,74.19954335821954,276.7190489799475,-14.820172349634529,21414.795201787754,158.90060086877128,134.76849731659135,19.7808103081622,0.0080560369939387,3.344222022651961,399.5664568589252,175,13.022495914466775
1538,1622.4061296519576,1739.9158590661266,276.4710229213651,-14.851004044276202,21302.980130423995,157.2448086053032,135.47652427684366,19.786494215975,0.0080139345602149,3.344222022651961,399.5664568589252,175,13.028144781909594
281,1596.7906588346364,352.77748936591905,276.6782569716233,-14.84901652346344,20851.928492242587,154.68294395796053,134.80431622706695,19.80972955439951,0.0080538964210257,3.344222022651961,399.5664568589252,175,13.051236878240468
939,768.2776564635722,1066.3215394557274,276.5751952760277,-14.971533210356537,20848.736391176004,158.19692751375197,131.78976810003869,19.809895776195432,0.0082381205737904,3.344222022651961,399.5664568589252,175,13.051402075305974
582,400.6907012717889,674.41745897509,276.6353163831675,-15.022998990599664,20530.53630151003,156.74766009484162,130.97826333795248,19.826594386167443,0.0082891616695104,3.344222022651961,399.5664568589252,175,13.067997741055288
141,1613.0868921133217,186.3853214351939,276.7030421446489,-14.845970825626592,19919.613275576063,154.4554433157701,128.96672883746947,19.85939286504996,0.0084184503227049,3.344222022651961,399.5664568589252,175,13.100594022633972
420,350.7179194389063,491.13017603141526,276.6629226263657,-15.029468985411134,19603.68325246917,153.2204489875358,127.94430105125129,19.876750929811678,0.0084857237960532,3.344222022651961,399.5664568589252,175,13.117845077741153
403,776.5060544621019,478.2982431809625,276.66301289325304,-14.967956142720713,19571.92524312329,152.56049070836963,128.2896059933134,19.878511251063358,0.0084628835796454,3.344222022651961,399.5664568589252,175,13.119594546897764
1453,341.0643433212886,1618.9230886534085,276.4944535345255,-15.035384521988258,19534.068927942422,152.61219765828042,127.99808421396224,19.880613332121815,0.0084821582031269,3.344222022651961,399.5664568589252,175,13.121683668967359
752,1897.0066397401956,850.3527266070314,276.60267453184434,-14.807737017821664,19304.31142518515,150.66391375549918,128.12830188728952,19.89345933377436,0.0084735377274808,3.344222022651961,399.5664568589252,175,13.134450477102773
105,1096.9599403362083,144.45928834050702,276.7115205997802,-14.920319605422218,19246.50058295764,156.2521235767914,123.17592966023778,19.896715678749466,0.0088142220886397,3.344222022651961,399.5664568589252,175,13.137686747239146
113,1195.057620609674,157.23588266936432,276.7091898419583,-14.9062087607983,19178.04448009824,152.63488284347093,125.6465371665111,19.90058431780949,0.0086409066615277,3.344222022651961,399.5664568589252,175,13.141531536766687
1225,2240.26049675953,1369.421685191733,276.5237483479792,-14.76033189552699,18776.658174613254,148.68736156339375,126.28281231964505,19.923549371468514,0.0085973695078305,3.344222022651961,399.5664568589252,175,13.164355014593829
92,2845.2930577764605,121.79814579891936,276.7074335326999,-14.667753183639777,18702.610552785016,157.66140732768952,118.62516559878723,19.927839545275564,0.0091523581401946,3.344222022651961,399.5664568589252,175,13.168618740175036
888,488.67776171632806,1004.5825302809536,276.58560629168653,-15.0116331973927,18347.25050122026,152.1441430049599,120.59123761748845,19.948667645288552,0.0090031416995968,3.344222022651961,399.5664568589252,175,13.189318438328849
1292,1963.348108994893,1437.9626326962373,276.5146733844885,-14.800577858255728,18126.042189052823,146.67012476037348,123.58373744255528,19.96183765547816,0.0087851364788563,3.344222022651961,399.5664568589252,175,13.202407257541237
1307,2749.5822571276067,1447.1673508470735,276.5100287312529,-14.687141370668904,17912.91296124141,145.63487417711983,122.99878763554864,19.97467958253635,0.0088269162718658,3.344222022651961,399.5664568589252,175,13.21517001620151
697,559.2367091832975,799.5329357094801,276.61594279358434,-15.000622985084986,17463.344593917427,147.78790017521,118.1649145377514,20.002276562298448,0.0091880064759251,3.344222022651961,399.5664568589252,175,13.242596865058397
1481,2120.1014251307506,1659.2388482947674,276.48099561832265,-14.778860737365408,17378.713906540186,143.54431496825126,121.068632431622,20.007551037228062,0.0089676407356231,3.344222022651961,399.5664568589252,175,13.24783882370536
612,1213.288095248448,715.8763166204744,276.62565432844616,-14.905879397726082,17310.855183322274,190.7546219414257,90.74933549257774,20.011798813635597,0.0119637239667589,3.344222022651961,399.5664568589252,175,13.252060413260145
75,2453.486221696526,103.52876784185048,276.7118277653862,-14.724262387012706,17131.463352917985,144.7054081833555,118.3885493153842,20.02310896781136,0.0091706504242037,3.344222022651961,399.5664568589252,175,13.263300842169427
871,304.40120492362814,989.3635682942904,276.58866480703114,-15.038164157130128,17114.18974092597,151.84032432778244,112.71175701641044,20.024204265218355,0.0096325354935415,3.344222022651961,399.5664568589252,175,13.264389387245513
1764,2925.726311688198,2015.609531991628,276.4245053872352,-14.664066200001288,17095.001132067147,168.36479111804337,101.53548742908816,20.02542228698445,0.0106928131975359,3.344222022651961,399.5664568589252,175,13.265599900104933
990,978.7202695637058,1125.873512179562,276.5654087361802,-14.941404607526955,16717.3445033991,143.23660973168924,116.71139476642196,20.049676890978585,0.0093024335984746,3.344222022651961,399.5664568589252,175,13.289704978398477
768,513.0473435158179,867.0122571698016,276.6060572424265,-15.007561823614388,16655.887064099952,144.48416223498782,115.27828937410426,20.053675703151843,0.0094180786850215,3.344222022651961,399.5664568589252,175,13.293679138543117
1300,453.4804181183101,1443.1447165008224,276.52023686179456,-15.018468044561816,16592.051407999912,144.75545064358226,114.62125491117402,20.057844910106198,0.0094720652015314,3.344222022651961,399.5664568589252,175,13.297822643012664
1539,606.5728350623991,1744.165132643874,276.4746316208693,-14.99757888721971,16481.06259141254,142.33145204723849,115.79353933621525,20.06513209986789,0.0093761707796804,3.344222022651961,399.5664568589252,175,13.305064908431136
1160,732.7258031497256,1310.7411934894878,276.53883550418675,-14.977647624903131,16287.64592221781,142.75047086836406,114.09871941674577,20.07794932268004,0.0095154442183919,3.344222022651961,399.5664568589252,175,13.317803115143041
1430,1870.4006639956551,1589.2871116438216,276.4924739602488,-14.814608600527668,16271.06039370576,142.3642768772169,114.291736316259,20.079055479058827,0.0094993744516728,3.344222022651961,399.5664568589252,175,13.318902452247125
1284,2835.449989771333,1427.418317255264,276.5126192021007,-14.674665531335354,16214.77400423243,140.70005960874994,115.24354751036692,20.082817871693837,0.0094209179034716,3.344222022651961,399.5664568589252,175,13.322641650341636
1006,525.0190890682887,1147.6798493309786,276.56407288991625,-15.006964195190337,15862.094928072853,142.6296423206674,111.21176965732596,20.106693760160404,0.0097624559284088,3.344222022651961,399.5664568589252,175,13.346370347827426
1649,1735.6889207054437,1865.5921695951736,276.4517940510585,-14.835166787615917,15728.266115329983,138.63662121670885,113.44957758848189,20.11589300016216,0.0095698901933172,3.344222022651961,399.5664568589252,175,13.355512876006285
1756,2689.558383636589,2008.679719920206,276.4265078024467,-14.69811626379283,15673.93159390695,141.1694120523813,111.02923335893117,20.119650254128636,0.0097785057786555,3.344222022651961,399.5664568589252,175,13.35924696711132
1766,957.5187752059956,2017.198946868834,276.43239580864565,-14.948037248233996,15672.946155421349,138.40858325739526,113.23680791006096,20.11971851778477,0.0095878718239949,3.344222022651961,399.5664568589252,175,13.359314809933084
568,1540.5372929143764,663.6715142454858,276.63206106422325,-14.858425159557308,15259.348137072724,138.97666509839738,109.7979155440872,20.14875516815991,0.009888165860162,3.344222022651961,399.5664568589252,175,13.388172454067133
1215,1419.825318778267,1356.217007685219,276.5291516759789,-14.878682102169927,15027.375296216342,139.13365913493055,108.00675688147416,20.165387289994293,0.0100521488779765,3.344222022651961,399.5664568589252,175,13.40470204156741
1224,2032.749676932552,1368.9320898309525,276.52468737094216,-14.790279115944784,15019.380755006336,146.17473495616846,102.74949880709552,20.165965053731725,0.0105664748987079,3.344222022651961,399.5664568589252,175,13.405276243485085
978,2367.53527958942,1112.929893578672,276.5614984470512,-14.740901866145755,14888.945272388635,138.02547254932074,107.87099654426729,20.175435287779493,0.0100647999442042,3.344222022651961,399.5664568589252,175,13.414688095075606
1681,2511.187647670506,1910.2155133487452,276.4419299063324,-14.723451715340186,14846.370135475445,145.56406234096042,101.99200198672808,20.178544412301864,0.0106449523379419,3.344222022651961,399.5664568589252,175,13.417778052349464
1228,45.74631768706588,1374.4094033184324,276.5322306455172,-15.077019872920689,14585.46359650136,136.5088794544515,106.8462627104638,20.197794527580683,0.0101613287396122,3.344222022651961,399.5664568589252,175,13.436909493789111
738,1302.4830129425789,836.4844224185218,276.6072608130701,-14.893498699631168,14496.38010408607,137.33247923783648,105.55682227931536,20.20444620183331,0.010285455516339,3.344222022651961,399.5664568589252,175,13.443520161548582
1744,1428.880054218909,1997.9631940750864,276.43330928823457,-14.879963315390125,14482.19157879788,136.04329527170938,106.45281378897542,20.205509401013522,0.0101988849458898,3.344222022651961,399.5664568589252,175,13.444576806278251
754,539.7591190519822,852.7910399862777,276.60806822560414,-15.00364937607877,14424.134883716992,158.38950994706292,91.06748855109052,20.209870684389784,0.0119219275426806,3.344222022651961,399.5664568589252,175,13.44891120304971
1483,1395.7747717815466,1665.6719434974032,276.48305044286684,-14.883404309202756,14286.562036276824,132.65046025381812,107.70081015128336,20.220275793319548,0.010080704114249,3.344222022651961,399.5664568589252,175,13.459252166170172
806,1431.6192163164058,911.1237334007758,276.59556641059373,-14.875164824534751,14116.686429981695,135.62033222906746,104.08974965595957,20.233263201819863,0.0104304218579493,3.344222022651961,399.5664568589252,175,13.472159509403072
1044,529.5712752184222,1197.554315376836,276.5566026710971,-15.0065074547374,14112.557847752876,145.54304114005555,96.96484103401696,20.23358078391225,0.011196841952426,3.344222022651961,399.5664568589252,175,13.472475133653356
831,2580.9270524676454,937.0135404005996,276.5868608382349,-14.709365221545845,13982.79293956593,131.817524738701,106.07688899699578,20.24361030529908,0.0102350286689756,3.344222022651961,399.5664568589252,175,13.482442824667183
135,1202.1979667938388,181.61110393005208,276.70551718362475,-14.905278812089083,13899.980478592945,134.59882371824287,103.26970247295712,20.25005964590879,0.0105132480679346,3.344222022651961,399.5664568589252,175,13.48885240613784
360,1258.659630984764,432.5197771718101,276.667789228478,-14.898164455207224,13882.6788338779,133.3988029326371,104.06899109048445,20.251411930028617,0.0104325024065624,3.344222022651961,399.5664568589252,175,13.490196353645347
1387,887.4859227465703,1543.6384009879337,276.5033998889939,-14.956251778386484,13752.942057895794,131.28052773359565,104.75995408705472,20.2616060885121,0.0103636929727727,3.344222022651961,399.5664568589252,175,13.500327666794826
899,1193.7522207759716,1022.5082138413956,276.5799376616618,-14.909951741918626,13634.296826492326,132.2162250737169,103.12120784639365,20.271013260200014,0.0105283871540491,3.344222022651961,399.5664568589252,175,13.509676844794713
897,1060.6723375338424,1021.382018604558,276.5806690764062,-14.92915377357902,13588.621555478749,130.8619513052182,103.83936216712132,20.2746566125578,0.0104555726974964,3.344222022651961,399.5664568589252,175,13.513297736476003
145,589.8511362754225,189.48700542195655,276.7069758286332,-14.993718903679136,13388.20925283336,140.37864438663328,95.3721223860755,20.29078889270742,0.0113838297065989,3.344222022651961,399.5664568589252,175,13.529330563734453
32,129.54205579504918,64.73302564578253,276.7276154336346,-15.059660770683305,13345.205869656056,152.4953781205675,87.51219895402292,20.29428192718137,0.0124062703597518,3.344222022651961,399.5664568589252,175,13.532802064217288
759,1590.0571272670102,857.7283615888277,276.6028701343264,-14.852076136820784,13245.375694598855,131.66187669933066,100.60144991588284,20.30243441864768,0.0107920909778914,3.344222022651961,399.5664568589252,175,13.540904296895688
682,880.2122497000048,781.3997051164,276.6172836782333,-14.954223390793588,12972.660216955876,145.6831497744749,89.04708771768202,20.325022513988213,0.0121924256910247,3.344222022651961,399.5664568589252,175,13.563353140291243
134,69.95084139214634,181.8511585893515,276.71036438471566,-15.068740166588878,12919.87228399195,141.87110656754598,91.06767823679937,20.329449570275443,0.0119219027103875,3.344222022651961,399.5664568589252,175,13.567752904494336
1631,586.7224294168003,1842.7899349740685,276.4599858996398,-15.000833436785426,12887.904079136815,128.23652423347158,100.50104021591136,20.332139383971622,0.010802873260491,3.344222022651961,399.5664568589252,175,13.570426135925247
924,1133.2711969916184,1051.9065929436051,276.5758027110898,-14.918800191621546,12880.07279865042,133.3215182405157,96.60910683161,20.332799327517506,0.0112380709811589,3.344222022651961,399.5664568589252,175,13.571082011026187
129,482.9937984464921,173.751217548327,276.7097889486225,-15.00908093038662,12879.082234567322,129.76583564788817,99.24863636307126,20.332882831133002,0.0109391931192716,3.344222022651961,399.5664568589252,175,13.571164999855432
1017,996.3737787256304,1157.9966254285691,276.56053619498937,-14.938987001362316,12877.704398563596,131.27826211993505,98.09472025763566,20.332998992085546,0.0110678739604794,3.344222022651961,399.5664568589252,175,13.571280444694542
375,2688.621486740064,447.4244758295556,276.659486328197,-14.691760220497567,12862.794868934316,133.04282244928422,96.68161447670433,20.334256762399676,0.0112296428424,3.344222022651961,399.5664568589252,175,13.572530461058639
1703,246.6369581946823,1944.0904614142212,276.44628092711474,-15.05028812530062,12860.256209923566,129.36850544421085,99.40793677538038,20.334471069326177,0.0109216631510341,3.344222022651961,399.5664568589252,175,13.572743446817691
12,1727.5950043991093,36.51713605958124,276.72493896971014,-14.82880917770178,12851.022325933764,136.6259208356466,94.05991372159043,20.335250926506387,0.0115426429500412,3.344222022651961,399.5664568589252,175,13.57351849630484
855,1632.2546968455206,965.4579674587736,276.5866047188612,-14.846427879871866,12473.706241329754,127.60158001768524,97.75510804490769,20.3676063414659,0.0111063249963494,3.344222022651961,399.5664568589252,175,13.60567444537776
573,2470.211910341417,667.4696564181919,276.62756008560734,-14.724222537533535,12467.93052310322,125.21821173035396,99.56962610160711,20.368109187895612,0.010903927658542,3.344222022651961,399.5664568589252,175,13.606174191840774
1448,1259.947629091963,1611.1424472879364,276.49175907874525,-14.902782646025988,12310.464097489808,123.22532761186204,99.90206020198696,20.38190905697892,0.0108676437483358,3.344222022651961,399.5664568589252,175,13.619888986968915
576,2255.770933894264,671.0099519040516,276.6279364360047,-14.755198359307824,12267.156468366216,126.6358415302364,96.86954593686043,20.385735359807608,0.0112078568088639,3.344222022651961,399.5664568589252,175,13.623691701261125
389,1136.0014399022862,463.717703706984,276.6636527069975,-14.916000584275892,12261.866122153908,129.93329228393702,94.37047200619403,20.386203696488067,0.0115046579392835,3.344222022651961,399.5664568589252,175,13.62415715072189
1735,2006.095073921398,1978.3686997189527,276.43384464972416,-14.796608301425524,12119.997969092306,128.7433307988496,94.14078301289844,20.398838754073253,0.0115327275305458,3.344222022651961,399.5664568589252,175,13.636714315225918
222,847.5134251443071,277.6076515160195,276.6926970393622,-14.956882771240268,12043.42263277978,128.35520691058628,93.82885916867689,20.40572030405933,0.0115710668297504,3.344222022651961,399.5664568589252,175,13.643553441572214
171,2090.352026253232,215.61341289553263,276.6966376504481,-14.777176382322516,11998.392761170602,125.61712083073712,95.51558483288154,20.409787436118286,0.0113667314281704,3.344222022651961,399.5664568589252,175,13.64759550042154
249,794.9505653102219,311.310406413236,276.68788662867155,-14.964609472518916,11995.53998393743,128.35333860159307,93.45717154402516,20.4100456150149,0.0116170860091625,3.344222022651961,399.5664568589252,175,13.647852087687122
19,528.349961020994,45.82140922001265,276.72871471705304,-15.002008174385576,11964.663035720005,127.71763092232234,93.68059013713535,20.412843941815584,0.0115893804512833,3.344222022651961,399.5664568589252,175,13.650633163256844
359,593.3419330529852,432.817737153942,276.6705949512417,-14.994210272606848,11890.437002229708,132.32970943747495,89.8546294159882,20.419600581012297,0.0120828498994044,3.344222022651961,399.5664568589252,175,13.657348148868541
910,220.4886666193595,1036.2000351090212,276.58202376100274,-15.050460501229349,11827.1999675743,125.47943807556068,94.25608011132664,20.425390272522478,0.0115186203236721,3.344222022651961,399.5664568589252,175,13.663102147869397
876,1365.7479327176122,993.4435430975614,276.5835511446766,-14.885009232962233,11813.690578521111,129.30265241505717,91.36464223950767,20.42663114239302,0.0118831527534896,3.344222022651961,399.5664568589252,175,13.664335367978401
1316,1768.3070003099772,1454.9390497042662,276.5129537489736,-14.828794304340622,11806.945703798849,122.340872899553,96.50859458468018,20.427251206543204,0.0112497752627344,3.344222022651961,399.5664568589252,175,13.664951609533647
1554,1525.7108504547937,1758.5017017526843,276.4686510233112,-14.865030772805827,11747.084157026897,124.17369473465936,94.6020345301689,20.43276992150786,0.0114764973649035,3.344222022651961,399.5664568589252,175,13.670436302515439
1047,649.8945576155818,1201.8609009774125,276.5554496786529,-14.989162468716389,11699.128948316124,126.55523243959183,92.44287037993809,20.437211302184135,0.0117445509376526,3.344222022651961,399.5664568589252,175,13.67485030280004
528,1520.9688496789695,627.4579885554894,276.6375528306319,-14.861100639475884,11648.855932654842,123.43266485210066,94.37417515543976,20.44188693632207,0.0115042065078904,3.344222022651961,399.5664568589252,175,13.6794971124117
279,411.6047353822943,348.2165442330616,276.6840203654947,-15.020099113629556,11585.868021099684,123.41417889407046,93.87793302943037,20.447773679259676,0.0115650181567124,3.344222022651961,399.5664568589252,175,13.685347564533666
72,588.49171861044,100.7222657333536,276.72024867431685,-14.993550849437703,11539.97506917559,132.78393601307292,86.90791533728486,20.45208294527546,0.0124925329964072,3.344222022651961,399.5664568589252,175,13.689630264623238
1136,1132.239200001638,1288.644519425638,276.54045098636163,-14.919909030525668,11415.868683242705,120.08218116706364,95.0671329608882,20.463822710602876,0.0114203507162319,3.344222022651961,399.5664568589252,175,13.701297656201087
100,1472.6939205831554,134.5683872049623,276.7113845631588,-14.866026773718234,11387.304214704023,126.36978032704316,90.11097578261074,20.466542813986948,0.0120484767873251,3.344222022651961,399.5664568589252,175,13.704000990588876
484,2972.3955120431115,572.9905705428365,276.6395472246767,-14.651313342241576,11286.561779988697,132.62982992734482,85.09821498053283,20.476190963845696,0.0127581994551632,3.344222022651961,399.5664568589252,175,13.713589661168252
635,257.7868636715103,744.3013137778345,276.625484680818,-15.043905576135142,11208.113298738288,122.72647112937965,91.32596411838948,20.483763840653815,0.0118881854736574,3.344222022651961,399.5664568589252,175,13.721115852418839
1211,951.8798880108698,1352.6752663753512,276.5316480818378,-14.946193460088452,11199.48866001144,124.46323412628632,89.98230472340055,20.48459963584496,0.0120657056222039,3.344222022651961,399.5664568589252,175,13.721946495068158
442,628.9289206592456,528.2878487911718,276.6561755223178,-14.989462649073822,11190.326794852095,123.68098364626827,90.4773431205625,20.485488197814743,0.0119996892321792,3.344222022651961,399.5664568589252,175,13.722829579197482
1158,783.5170387382906,1309.8464133094878,276.5387547278975,-14.970315165216713,11139.53397683159,122.3885241158761,91.01779809261204,20.490427565520015,0.0119284362262343,3.344222022651961,399.5664568589252,175,13.727738496501802
90,1776.395747216146,120.0962686226012,276.7122450507607,-14.822112230075325,11094.997387845302,122.0917229091266,90.87427979129558,20.49477711091633,0.0119472748779241,3.344222022651961,399.5664568589252,175,13.732061227656056
233,2399.9232570416766,291.43738393307325,276.6839977168506,-14.732791611083758,10985.924476860411,119.17674419447027,92.1817805236716,20.505503598909975,0.0117778154623646,3.344222022651961,399.5664568589252,175,13.742721588590586
1032,1249.307017615139,1185.160510054607,276.5554117764726,-14.902595451707484,10966.44884604012,119.76042932630084,91.5698858774194,20.50743007881525,0.0118565179982137,3.344222022651961,399.5664568589252,175,13.744636192059636
174,1091.6283383117432,217.769384595922,276.7005894696087,-14.921392573975838,10961.286195278226,147.13250632587375,74.49941871445336,20.50794132878591,0.0145732680702026,3.344222022651961,399.5664568589252,175,13.745144290257128
221,475.88526651128456,277.0042252130798,276.6943869020407,-15.01052942074118,10947.760840737465,125.5780104501972,87.17896390848796,20.509281868057062,0.0124536923969372,3.344222022651961,399.5664568589252,175,13.746476565321048
637,82.6091630660274,746.0681370294807,276.6259711218136,-15.06919370052634,10858.702097329136,131.9036041961879,82.32301280546025,20.518150325078494,0.0131882928357547,3.344222022651961,399.5664568589252,175,13.755290349743019
925,2800.331847323794,1053.1689100983017,276.5686078471568,-14.678175905910711,10811.399683007416,121.59801200885758,88.91099043806638,20.522890314386572,0.0122110888052279,3.344222022651961,399.5664568589252,175,13.760001117785633
1250,1362.7050199285811,1391.764080753742,276.5240837708383,-14.88706909788319,10810.231195197935,118.72733048077995,91.05090758313597,20.523007666267006,0.011924098603945,3.344222022651961,399.5664568589252,175,13.760117746210751
354,2292.42117939346,426.85361856092777,276.66423476216795,-14.748884629755988,10764.49410759483,117.44258029343374,91.65750684887394,20.527611060804343,0.0118451836333505,3.344222022651961,399.5664568589252,175,13.764692761567234
819,2982.3642940432696,928.5897974672432,276.5864375578098,-14.651373588233636,10736.007571021444,117.50467596138286,91.36664122668414,20.530488098993125,0.0118828927650556,3.344222022651961,399.5664568589252,175,13.767552063282112
547,1208.7795676411554,639.5373569064936,276.6370767547362,-14.906217081863057,10734.235973379662,121.70006266813442,88.20238657272509,20.530667276066765,0.0123091907394684,3.344222022651961,399.5664568589252,175,13.767730135758148
932,665.6702527144229,1062.579510483043,276.5761895448689,-14.986325364215231,10667.654593641812,126.2003254738563,84.52953313382481,20.537422758488702,0.0128440316626515,3.344222022651961,399.5664568589252,175,13.774443971726397
1076,1700.3144943726395,1230.8679291466035,276.5466896266011,-14.83769218989748,10661.394137285532,118.82443462686072,89.72392059566748,20.538060124402698,0.0121004520621942,3.344222022651961,399.5664568589252,175,13.775077408382886
1449,212.57576232322532,1612.4287709554092,276.4959650563116,-15.05389447699061,10642.74605219916,118.32286266331326,89.94665792090416,20.53996087290685,0.0120704873876995,3.344222022651961,399.5664568589252,175,13.776966439080729
966,1526.4373665026342,1103.101720933745,276.56649762705075,-14.862264969393449,10615.87078958974,118.94454671871146,89.25058846703503,20.542706061964974,0.0121646256752806,3.344222022651961,399.5664568589252,175,13.77969470449346
302,2640.12809999976,369.5474048201084,276.67131722534765,-14.698433969504284,10286.21682276824,120.3685380780082,85.45602519573653,20.576955935320203,0.0127047800025008,3.344222022651961,399.5664568589252,175,13.813733432933281
61,335.39552130381963,94.8179742376348,276.7222258158678,-15.030065901322066,10279.96298915203,130.9974941060433,78.47450105290058,20.57761624402576,0.0138350672566636,3.344222022651961,399.5664568589252,175,13.81438967094274
740,310.88474814545566,839.3965102667167,276.61104658554484,-15.036625746083065,10275.630505662266,118.57832166634864,86.65690626466666,20.57807392327031,0.0125287186768942,3.344222022651961,399.5664568589252,175,13.814844528668965
1450,2725.6106054666006,1612.402421738363,276.4854754116128,-14.691284615335116,10254.440152301308,117.45212432207504,87.30740471055059,20.580315234797116,0.0124353713593871,3.344222022651961,399.5664568589252,175,13.817072022873651
1162,1557.9747088703157,1312.036542364824,276.53516841622326,-14.858565876725256,10202.756504341,121.95066134637467,83.66298625771499,20.585801316601717,0.012977064871383,3.344222022651961,399.5664568589252,175,13.822524283873529
1568,1071.8975347766846,1771.3400281986926,276.4686264854215,-14.930557111404797,10202.26635421862,118.31197105294908,86.2319025151962,20.58585347765416,0.0125904678933492,3.344222022651961,399.5664568589252,175,13.822576123361541
666,1468.2244723363538,768.0276956274498,276.61678222863105,-14.869293692926275,10129.069609425234,119.54572226380662,84.72967010122693,20.593671232414096,0.0128136932281561,3.344222022651961,399.5664568589252,175,13.830345682931076
1485,1597.9858317804335,1666.9161626883292,276.48202136035616,-14.85423249611386,10105.178008339164,117.0891623141932,86.30327357901206,20.59623520107097,0.0125800558307446,3.344222022651961,399.5664568589252,175,13.83289384513695
1001,154.7834794135767,1140.0145199080498,276.5667909162791,-15.060356189370578,10089.173960562415,118.74658564976102,84.96390784927569,20.59795609587942,0.0127783670441101,3.344222022651961,399.5664568589252,175,13.834604130907957
938,279.2257920741092,1065.649565729069,276.57737319884126,-15.04210278499732,10069.782717982976,117.43944881741072,85.74446507867214,20.600044872689953,0.0126620417889813,3.344222022651961,399.5664568589252,175,13.83668003074816
1022,247.01230286845816,1170.5873332220444,276.5618306142004,-15.047170618364136,10064.394116295734,120.74059992930752,83.35550860429998,20.600626033780642,0.0130249340227046,3.344222022651961,399.5664568589252,175,13.837257609074966
1488,2823.031594743421,1668.8835790031014,276.47664668353093,-14.677457775823925,10023.057265680747,116.82724559945083,85.79383357239627,20.605094592564217,0.0126547556484213,3.344222022651961,399.5664568589252,175,13.841698619918242
1534,566.764043796158,1729.7907815142023,276.476945365263,-15.003264633294153,10014.5283288098,118.33703599678304,84.62716886944881,20.606018873193182,0.0128292132952582,3.344222022651961,399.5664568589252,175,13.842617202507009
1787,889.4952682717694,2039.867027195225,276.42929451255645,-14.957939465657214,9997.817962617148,121.1678583137819,82.5121290559278,20.607832059265675,0.0131580655162115,3.344222022651961,399.5664568589252,175,13.844419210581384
299,629.8358711794828,369.2987257533439,276.6799305847506,-14.98868286819472,9938.808152040234,123.911297324535,80.20905572483505,20.614259352882076,0.0135358780899328,3.344222022651961,399.5664568589252,175,13.850806880974863
1341,2702.51775640408,1485.014306368333,276.50457702818244,-14.694091078408686,9787.889656595478,115.05126683348568,85.07415803392712,20.63087245995348,0.0127618071702458,3.344222022651961,399.5664568589252,175,13.867317570935091
169,601.9465454275575,212.9783419981288,276.7034127044668,-14.992069053819073,9722.329316260237,119.6599789425078,81.24963251858381,20.638169303019914,0.0133625219751199,3.344222022651961,399.5664568589252,175,13.874569430147249
1361,1507.4232753127949,1513.2062075903143,276.5053458563596,-14.866677994596325,9708.353530721592,117.30298847245552,82.7630536710602,20.639731164647262,0.0131181723225811,3.344222022651961,399.5664568589252,175,13.876121663150931
1151,89.69936326270411,1301.1185667151228,276.5429950970968,-15.070387936879616,9642.62400263606,120.87774580743128,79.77170601772801,20.647107040383034,0.0136100887670463,3.344222022651961,399.5664568589252,175,13.883452067808834
35,541.3693252351295,66.92607625346459,276.72550382821896,-15.000215217599738,9630.364350886111,119.14717651679202,80.82746593268081,20.64848832587066,0.0134323152095879,3.344222022651961,399.5664568589252,175,13.884824837895414
937,2731.931079101232,1066.1032575808113,276.56696335757647,-14.688104473548234,9625.317502573627,112.2028562264522,85.78495972640336,20.649057461370504,0.0126560646931893,3.344222022651961,399.5664568589252,175,13.88539046476719
1377,2371.5421119885905,1531.100380676083,276.4990737292938,-14.742049641796344,9592.012689642492,114.11669926950768,84.05441754838336,20.65282076012562,0.0129166322445224,3.344222022651961,399.5664568589252,175,13.889130563395723
1741,844.8730720083919,1982.167082129576,276.43809525654217,-14.964147342611808,9567.76375918201,117.00545894305328,81.7719433401706,20.6555690130455,0.0132771700861198,3.344222022651961,399.5664568589252,175,13.891861873781997
845,1313.3828561602347,952.083688622118,276.5899495000289,-14.892398258243954,9492.64965717474,113.4014805236185,83.70833972663766,20.664126489784827,0.0129700338526067,3.344222022651961,399.5664568589252,175,13.900366595064876
724,942.5439079786956,824.2819425640907,276.61061219846573,-14.945401416392816,9362.78467313986,118.833442869352,78.78913921086594,20.679082532905735,0.0137798180164693,3.344222022651961,399.5664568589252,175,13.915230436605155
340,797.534325404495,410.3746066930125,276.6730722737307,-14.964642650856216,9291.32111443393,115.0587379883369,80.75285090799238,20.687401447087847,0.0134447265674498,3.344222022651961,399.5664568589252,175,13.9234980660303
686,1333.225067995843,785.3085153784248,276.6147739588204,-14.88885157003653,9284.174437756068,115.20255121926628,80.59000724806343,20.6882368924706,0.0134718935643983,3.344222022651961,399.5664568589252,175,13.924328361027738
869,335.3285790187242,985.1006147099664,276.5891700176229,-15.033684102164278,9261.247326838726,116.46621898902772,79.51874292159539,20.690921415625816,0.0136533848512983,3.344222022651961,399.5664568589252,175,13.926996334533017
315,2467.8814732527526,386.9401490433437,276.66945022562925,-14.723380588628933,9239.370973416662,116.2306889948762,79.49166483753669,20.693489109269688,0.0136580357477595,3.344222022651961,399.5664568589252,175,13.92954819876194
902,1584.763570155884,1026.1620372431166,276.5777405631457,-14.85353170561492,9112.041926596896,113.63913371788858,80.18401433099378,20.708555848305085,0.0135401053321963,3.344222022651961,399.5664568589252,175,13.94452205379435
1491,198.51213786053887,1681.321170026744,276.4857329184807,-15.056195339690202,9068.727664404054,114.39710339478292,79.27410218690584,20.713729221344742,0.0136955193442648,3.344222022651961,399.5664568589252,175,13.94966353382811
430,3011.811047047768,503.336667928628,276.6497770796234,-14.645326529188615,9067.18890039128,139.75478148650558,64.87927499830687,20.713913462576475,0.0167341574027812,3.344222022651961,399.5664568589252,175,13.949846639242525
1019,567.3009666684937,1167.922733320317,276.5608694566408,-15.0009442591653,9050.862178012118,111.7904325559359,80.96276193835634,20.71587024239938,0.0134098686112837,3.344222022651961,399.5664568589252,175,13.951791355835125
1693,1168.2546932584296,1928.606126220346,276.4447452884691,-14.917284536592438,8988.254176440823,109.7902565712998,81.86750315683695,20.723406758669533,0.0132616723136172,3.344222022651961,399.5664568589252,175,13.959281410704568
147,963.0371115192132,190.32666996760923,276.70524281599467,-14.939844929540342,8937.61024572709,112.06971442029582,79.75045079715568,20.729541592017192,0.0136137161501627,3.344222022651961,399.5664568589252,175,13.965378423799438
790,1220.313087213965,893.2511547845228,276.5991305802131,-14.905591114728567,8903.333193717757,110.7145948393295,80.41697850801327,20.733713555487185,0.0135008802885054,3.344222022651961,399.5664568589252,175,13.96952466779115
1121,1408.086021390283,1270.1034038971982,276.54205902716484,-14.880026408714494,8900.72877031233,114.72012467938391,77.58646353626094,20.734031203988934,0.0139934203792209,3.344222022651961,399.5664568589252,175,13.969840358041393
1666,2824.7929354910425,1888.784068880211,276.44383638691085,-14.678109897805694,8878.190372191573,126.15479532879694,70.37536979115512,20.73678398864919,0.0154272723997317,3.344222022651961,399.5664568589252,175,13.972576172230601
834,1849.08268557104,940.0560133023192,276.5894830996604,-14.81502533741915,8783.400013278064,108.63688102212642,80.85099581871391,20.748438467151413,0.0134284060326774,3.344222022651961,399.5664568589252,175,13.984158802762702
1229,702.1530039519207,1373.7065930764002,276.52955962058115,-14.982311569098332,8776.595421903912,114.47544013329104,76.66793341597783,20.7492799242703,0.0141610703670504,3.344222022651961,399.5664568589252,175,13.9849950724349
1070,698.5613456666241,1224.0121205282874,276.551934794114,-14.98222896624512,8774.071549643617,114.7227521287472,76.48065781926978,20.74959219268865,0.0141957461004794,3.344222022651961,399.5664568589252,175,13.985305415769085
402,1930.5042652183324,478.1877051550901,276.65810554063296,-14.801356065024663,8758.776289881906,111.92148593103566,78.25822018909695,20.75148653656812,0.0138733029881921,3.344222022651961,399.5664568589252,175,13.987188081325717
1460,382.3488365726855,1626.3291393259876,276.49317344667446,-15.029458124339056,8737.925693604193,222.9052034342152,39.200187160202255,20.75407425372844,0.0276962963356014,3.344222022651961,399.5664568589252,175,13.98975984562936
1482,2327.681502010822,1664.2773491926484,276.4793827560526,-14.74892588764388,8718.112559784146,110.52135592417494,78.88170106929701,20.756538941951938,0.0137636484163319,3.344222022651961,399.5664568589252,175,13.992209339449625
381,1453.1778286659166,451.5732857998315,276.6641124816123,-14.870160591688805,8648.648705989966,109.82386077836588,78.75017910218703,20.76522447888493,0.013786635311536,3.344222022651961,399.5664568589252,175,14.00084133145584
667,605.081448296546,770.8539286661534,276.62003227140167,-14.993890298053737,8630.281092727237,120.5911102012697,71.5664784769215,20.767532768861006,0.0151705103158053,3.344222022651961,399.5664568589252,175,14.003135391198514
1030,1143.3617170780994,1184.8226564565612,276.5559090369807,-14.917883524598237,8599.398984551342,114.05615016053495,75.39618839008347,20.771424873494606,0.0143999321873252,3.344222022651961,399.5664568589252,175,14.007003501638179
1609,2623.433342608025,1813.8599213720247,276.4558421910858,-14.706859660120712,8488.313036119274,109.12166175127196,77.78760788547405,20.78554165343858,0.0139572359854344,3.344222022651961,399.5664568589252,175,14.021033253922921
1356,2584.390394627599,1509.2072446892869,276.5014571500111,-14.71124033634511,8485.595668746333,114.9008602100846,73.85145466475429,20.785889286292623,0.0147011322245241,3.344222022651961,399.5664568589252,175,14.02137874367679
64,39.29857895774918,95.15386816499732,276.7234588482753,-15.072812250026372,8454.742912577844,140.6495012493605,60.112142862051456,20.789844105880835,0.0180612426759019,3.344222022651961,399.5664568589252,175,14.025309182443538
515,2154.682985469316,606.1666571462313,276.6380450135839,-14.769522652818338,8437.362105235807,107.32855119847092,78.6124662172465,20.79207840154012,0.0138107866632711,3.344222022651961,399.5664568589252,175,14.027529704032387
1515,513.6699611500247,1708.1698502526165,276.4803973501157,-15.01083818300225,8431.395327761042,109.36148051136269,77.09657265370522,20.792846489720414,0.014082338068083,3.344222022651961,399.5664568589252,175,14.028293057073602
507,152.47709931156987,598.7543440593278,276.6476889748362,-15.05851713853281,8413.572936018754,112.44807774328892,74.8218476017558,20.79514396192545,0.0145104676615139,3.344222022651961,399.5664568589252,175,14.030576365735042
564,794.4113459579395,661.9874240228767,276.6354900247768,-14.966121332493929,8363.081644336518,136.01506916595585,61.48643452243137,20.801679280234524,0.017657553384461,3.344222022651961,399.5664568589252,175,14.037071394866482
1775,3065.736300268401,2020.913948321885,276.4231408462722,-14.64388434128575,8355.498809937999,297.6420038624904,28.07231070046892,20.802664167489542,0.038675120533696,3.344222022651961,399.5664568589252,175,14.03805021045128
275,2465.4625271916257,339.8282924103335,276.67649437424086,-14.723531351382162,8339.967011173372,130.1457753847643,64.08173439757847,20.804684289753794,0.016942425329253,3.344222022651961,399.5664568589252,175,14.040057878989346
647,313.45349857149495,751.5140423642522,276.62416852198464,-15.035900877131995,8319.73835372564,111.89378268971524,74.35389307372438,20.80732095061631,0.0146017909099055,3.344222022651961,399.5664568589252,175,14.042678285265199
1732,2060.930509918793,1976.7138960642428,276.433865134509,-14.788689882988177,8232.191084436112,109.0061174192561,75.52045040530801,20.81880651508458,0.0143762384118897,3.344222022651961,399.5664568589252,175,14.054093043090978
1611,2142.869692481244,1817.0860609377,276.4573459502225,-14.776218730234296,8231.847053452337,113.05124672087707,72.81518154131217,20.818851889966684,0.0149103521685793,3.344222022651961,399.5664568589252,175,14.054138138244289
506,3001.3775705464427,595.535774909486,276.6360605324222,-14.64722370642872,8229.069569040556,131.44435840343735,62.60496585013846,20.819218286988402,0.017342074790024,3.344222022651961,399.5664568589252,175,14.054502276487783
903,1902.275758631013,1027.6464537594245,276.5761815722428,-14.807708148715037,8224.52356497015,106.58411472297183,77.16462801559993,20.81981824850339,0.0140699181466994,3.344222022651961,399.5664568589252,175,14.055098539337314
1318,2038.1702185803329,1459.2753393779524,276.5111801529038,-14.789866944577312,8213.180013746896,111.56392479995608,73.61860053304731,20.821316767581767,0.0147476316058552,3.344222022651961,399.5664568589252,175,14.056587820288568
89,2575.827160436512,119.9860283231064,276.7088495304235,-14.70666341025322,8198.481793585961,108.85918077360488,75.31272728054415,20.823261530303334,0.0144158901052103,3.344222022651961,399.5664568589252,175,14.058520593863312
1134,1179.6352341235463,1288.0680387227314,276.5403375081396,-14.913067153490523,8190.304736110964,106.91335529507212,76.60693758517253,20.824344969650063,0.0141723456676871,3.344222022651961,399.5664568589252,175,14.059597353982157
1035,184.35723935667576,1187.0289131984289,276.5596401994267,-15.05627658760698,8137.399399735063,115.56966855873722,70.4112030536741,20.83138104032811,0.0154194212414234,3.344222022651961,399.5664568589252,175,14.066590048425416
789,769.0125513820839,892.0330785851954,276.6012289061295,-14.970722029675589,8082.38956565957,110.0035974859998,73.47386585868902,20.83874567344406,0.0147766826654814,3.344222022651961,399.5664568589252,175,14.073909279772424
558,2538.729276716208,655.5128722440057,276.6290561159015,-14.71427959272493,8078.147313576075,106.63607239632609,75.75435902733408,20.839315699900112,0.0143318485423162,3.344222022651961,399.5664568589252,175,14.07447579210781
1350,815.5467641749688,1501.7657530712395,276.5099555841506,-14.966463566952513,8047.270312077104,108.7338768011951,74.00886042893907,20.84347364733094,0.0146698651176024,3.344222022651961,399.5664568589252,175,14.078608106466964
377,1085.2930043939764,448.7520702317997,276.6661054152084,-14.92325941532864,8031.566498658271,113.7016159480786,70.6372238572744,20.84559447291101,0.0153700830909451,3.344222022651961,399.5664568589252,175,14.080715857501238
1405,346.4716123838372,1562.0663615646856,276.5029238436589,-15.034379057438649,7982.34781721083,110.36046368382776,72.32977780955594,20.85226850295906,0.0150104152519124,3.344222022651961,399.5664568589252,175,14.087348743236275
1205,1153.5052206014511,1346.3970749806274,276.53173697847694,-14.917073754221612,7928.6323903762095,104.80301009509124,75.65271630254034,20.85959941588543,0.014351104006077,3.344222022651961,399.5664568589252,175,14.094634462273207
883,1339.1661473180025,999.2690828148146,276.5827935010074,-14.888869622755005,7857.604431502725,108.88375272447225,72.16507729473842,20.869369717417246,0.0150446731396927,3.344222022651961,399.5664568589252,175,14.104344531480395
396,643.7893689928711,467.075990237961,276.6652589041045,-14.98706800276078,7840.442362352158,120.55791398717888,65.03465515491563,20.871743705403617,0.0166941763189765,3.344222022651961,399.5664568589252,175,14.106703884215788
1633,2242.6354329560672,1846.0874626187356,276.4526058570828,-14.761941123290802,7761.381699380057,107.81397243282366,71.98864418260807,20.882747516057123,0.0150815453232594,3.344222022651961,399.5664568589252,175,14.11763985816095
1359,1458.726208869114,1510.9392173464323,276.5058880029154,-14.87369577079534,7757.732598915085,105.75926179977776,73.35274912945154,20.883258107123915,0.0148010812530553,3.344222022651961,399.5664568589252,175,14.11814730151661
1354,132.80453801279302,1504.5176901190234,276.5124229183449,-15.064975487499074,7709.877173430956,107.5739421021964,71.67049029500555,20.88997647338668,0.0151484941086786,3.344222022651961,399.5664568589252,175,14.124824250140792
571,614.5278615399027,665.9515704257751,276.6356664114694,-14.992101310736228,7705.023556989967,107.66244440164718,71.56649284541123,20.89066019459388,0.0151705072700039,3.344222022651961,399.5664568589252,175,14.125503756317618
427,3057.5954488947377,503.54123097442897,276.64955375262946,-14.638715777092688,7693.734164436843,114.27029886084073,67.32925564329129,20.892252180732303,0.0161252339659302,3.344222022651961,399.5664568589252,175,14.127085928119646
1734,1462.409979185867,1978.231892407553,276.436115373717,-14.875047039361604,7678.027158741082,103.84697999414784,73.9359696273668,20.894471011786063,0.0146843276076836,3.344222022651961,399.5664568589252,175,14.129291080439758
1241,996.6677900624644,1384.5776973409957,276.5266950530399,-14.939859225120324,7630.271271026024,104.61284556355557,72.9381867964809,20.90124517610263,0.0148852068811283,3.344222022651961,399.5664568589252,175,14.136023483131789
926,502.87280326516367,1054.993898165788,276.5780141647615,-15.009787550916649,7603.7932031645905,109.8777493706598,69.20230207404485,20.90501937909445,0.0156887844401234,3.344222022651961,399.5664568589252,175,14.139774418774172
264,575.5450132220437,331.62408417282296,276.6857944269471,-14.9963660618013,7588.150624937407,109.67502963663529,69.18758672851729,20.9072552640755,0.0156921212508847,3.344222022651961,399.5664568589252,175,14.141996519886876
1577,2129.363755668038,1780.293102959926,276.4628922442949,-14.778017773817233,7572.974811510037,108.80238183615266,69.60302415910625,20.909428840918032,0.0155984601691758,3.344222022651961,399.5664568589252,175,14.144156696980632
371,243.3669902496031,441.4853893113923,276.67080442407723,-15.04476252623571,7572.706641306257,112.97393547988332,67.03056425483814,20.909467289118627,0.0161970887768804,3.344222022651961,399.5664568589252,175,14.144194908154306
1663,2726.1697309878787,1884.509311206692,276.4448796615305,-14.692324222605208,7454.328490104381,107.18333844416792,69.54745577352361,20.926573804448918,0.0156109233317679,3.344222022651961,399.5664568589252,175,14.161195964591512
267,1485.8964963374672,332.6234520961776,276.68174112853734,-14.86494391392348,7409.11537831946,108.1343391610461,68.51769230572495,20.93317922702003,0.015845542420717,3.344222022651961,399.5664568589252,175,14.167760665803586
297,1374.079766304414,368.4340227794682,276.676869570006,-14.881236222437078,7407.645556091447,102.20631316355392,72.47737763749964,20.933394637016832,0.0149798466140731,3.344222022651961,399.5664568589252,175,14.167974747832686
1794,2333.0879225828453,2052.858116820731,276.42138251867016,-14.749731298108598,7376.830278842244,110.7681164106263,66.59705444024833,20.937920642671994,0.0163025228236498,3.344222022651961,399.5664568589252,175,14.172472851396902
1562,1179.257678670783,1765.051322992373,276.46911722313223,-14.915042865074357,7371.594567926979,103.19121002547269,71.43626444643208,20.938691518368376,0.0151981631236349,3.344222022651961,399.5664568589252,175,14.17323897476962
1736,622.2051550627383,1979.2687891186936,276.43945672962434,-14.996254936252718,7357.98823857581,104.9912530912168,70.08191655911719,20.940697398478683,0.0154918708463711,3.344222022651961,399.5664568589252,175,14.175232488954313
192,2529.3224188505874,242.50192467708047,276.69075460389723,-14.71389843495547,7353.930828348908,110.7672855672162,66.39081919080134,20.941296270355636,0.016353164688024,3.344222022651961,399.5664568589252,175,14.175827668883256
1008,1980.2848654332663,1152.87370785706,276.5571586474554,-14.796963886383889,7329.646753878304,104.29629477503823,70.27715384988484,20.944887509989503,0.0154488328073032,3.344222022651961,399.5664568589252,175,14.17939676910712
1063,538.7464658505619,1219.1190294630285,276.5533422383091,-15.005269998393755,7310.212882719585,140.56128090208875,52.00730126962691,20.947770060838113,0.0208759149868456,3.344222022651961,399.5664568589252,175,14.182261549497172
915,1506.9184758701288,1040.594948828558,276.5759137042095,-14.86482651992338,7277.7548040145775,108.63305148380796,66.99392776515484,20.95260157268379,0.0162059463628687,3.344222022651961,399.5664568589252,175,14.18706327585578
1598,187.4310480505292,1799.2356931051124,276.4681657347037,-15.058258468103295,7267.648683870619,103.229473207696,70.40284579626042,20.954110308045408,0.0154212516230085,3.344222022651961,399.5664568589252,175,14.188562710108544
944,427.8433683275863,1072.2045862238313,276.57576166738914,-15.020683655622092,7267.062121057475,102.80012912786036,70.69117697331757,20.954197939989584,0.0153583522935231,3.344222022651961,399.5664568589252,175,14.188649801815993
1646,857.279853539282,1864.0750085696225,276.4556762335601,-14.961888621266183,7256.395130099438,102.99737620393378,70.45223283874579,20.955792813739162,0.0154104413196526,3.344222022651961,399.5664568589252,175,14.190234843427527
505,2502.51696901559,595.7720653280135,276.6381269167135,-14.719257498194544,7251.132324874285,102.81672160735762,70.52483498321726,20.956580545272317,0.0153945769636804,3.344222022651961,399.5664568589252,175,14.191017718723513
1519,857.2860489045381,1710.4017518312166,276.4786231586125,-14.961275587256155,7182.388892316201,103.84141484387766,69.16690130921944,20.96692283067958,0.0156968142196545,3.344222022651961,399.5664568589252,175,14.201296245618307
320,307.35770535425246,393.04311738232445,276.6777694017011,-15.035329327157994,7157.949894477584,103.96547344888704,68.84929830090829,20.970623486688364,0.0157692238961522,3.344222022651961,399.5664568589252,175,14.20497408768288
204,1424.1311889221606,261.9015106521715,276.69257010114075,-14.873568208741242,7120.191840162355,103.28830958743214,68.93511829753793,20.976365884111825,0.0157495921790385,3.344222022651961,399.5664568589252,175,14.210681084157391
763,1476.02001162768,860.4780263063067,276.6029420686716,-14.868548230282611,7107.689356733434,103.43174628463738,68.71864405318594,20.978274025206655,0.0157992058044641,3.344222022651961,399.5664568589252,175,14.21257746187179
1696,1760.065143685553,1928.7610710906567,276.44226529361725,-14.83190477291519,7093.027379468986,101.14614791911502,70.12652014331942,20.980516031085898,0.0154820173278401,3.344222022651961,399.5664568589252,175,14.21480564614834
1529,1118.1954406959978,1723.161105477183,276.47562656908684,-14.923684709976756,7054.673340469133,102.66161361837833,68.71773286842452,20.986402849245366,0.0157994152990875,3.344222022651961,399.5664568589252,175,14.22065617302844
1423,274.87488481774864,1581.731623492752,276.5002880703153,-15.044785773940346,7031.277258645248,108.6816946461543,64.69605835221535,20.99000956307931,0.016781547866321,3.344222022651961,399.5664568589252,175,14.22424065205645
732,1348.6881498997668,830.0190482881671,276.6080305345663,-14.88680286028262,7024.519913527765,104.23017844586676,67.39429998362745,20.99105350170726,0.0161096709998287,3.344222022651961,399.5664568589252,175,14.225278154972036
1244,549.3979889541445,1387.1481662153249,276.5281965520596,-15.004405671534428,7018.854212470178,103.7087612847672,67.67850782825917,20.99192956710894,0.0160420203523852,3.344222022651961,399.5664568589252,175,14.226148819572577
39,2920.8531849730493,70.31328886026988,276.7147987230626,-14.65662030332608,7009.075117791683,122.23726628407395,57.3399203930404,20.993443335622047,0.0189344525168154,3.344222022651961,399.5664568589252,175,14.227653255948267
1675,2253.746810364089,1900.8555270728727,276.4443880436328,-14.760560910047737,6966.008137177501,103.07037903228132,67.5849667244919,21.000135178132407,0.0160642233416467,3.344222022651961,399.5664568589252,175,14.234303844334674
977,1227.864155478272,1112.5442549466266,276.5663467732827,-14.905394943251316,6953.627540736256,101.77356686615174,68.32449480601747,21.002066559908258,0.0158903480089014,3.344222022651961,399.5664568589252,175,14.236223319455062
394,3011.2010099375407,466.1810891242409,276.6553251711167,-14.64525702640779,6945.105444298242,131.04665842320864,52.99719602059116,21.003398012179872,0.02048598947722,3.344222022651961,399.5664568589252,175,14.237546563539324
388,1100.4772882500592,462.6650780172398,276.663961851574,-14.921124597405909,6941.639206484542,108.54419849172136,63.95219001054191,21.00394002833433,0.0169767446559849,3.344222022651961,399.5664568589252,175,14.238085238252085
30,2116.9185800454165,61.60656449936546,276.71952451884016,-14.772691814781972,6925.92585322191,102.56604143811252,67.52650054648892,21.006400527169333,0.0160781321586855,3.344222022651961,399.5664568589252,175,14.240530568510755
210,636.4205712852447,266.5916589079695,276.69525147953,-14.987311974326936,6923.765470785176,102.25933266272982,67.70790783097553,21.006739250306453,0.0160350546159293,3.344222022651961,399.5664568589252,175,14.240867203474659
758,1278.319191477712,857.7223376649425,276.6041912213184,-14.897073439182412,6902.089452320564,110.3912685157746,62.52387118220563,21.01014366289941,0.0173645677958115,3.344222022651961,399.5664568589252,175,14.244250628416024
1692,1983.240396797256,1925.4843086217504,276.4418306804272,-14.799691686063571,6883.425559669995,101.68791988496146,67.6916743646359,21.013083571395548,0.0160389000595795,3.344222022651961,399.5664568589252,175,14.24717241285301
1511,1977.3231968099412,1704.2650863615634,276.4748687298567,-14.7996474441821,6875.298370550823,100.54731557810337,68.37873623001117,21.014366246233802,0.0158777429923235,3.344222022651961,399.5664568589252,175,14.24844718020888
1334,2196.1466998135515,1475.4970467159987,276.50810092885735,-14.767134444768512,6857.814888907567,99.84575587819052,68.68409006061249,21.017130726348686,0.0158071541610566,3.344222022651961,399.5664568589252,175,14.251194617752132
678,657.6094033568439,777.2757815151457,276.6188486107814,-14.986335104467305,6830.442219513963,105.18360123645569,64.93828067513051,21.021473067022313,0.0167189520374196,3.344222022651961,399.5664568589252,175,14.255510188599645
1226,1956.4479154024152,1369.8522688194926,276.5248687738498,-14.801294949946968,6799.957394365832,101.13678812603072,67.23525158710919,21.026329642689035,0.0161477792433539,3.344222022651961,399.5664568589252,175,14.260336824264906
508,876.9133688421002,598.6509735479133,276.64460062209656,-14.953954335969357,6798.32227460976,104.86714817266731,64.82795034547989,21.026590750530623,0.016747405929296,3.344222022651961,399.5664568589252,175,14.260596322418989
1421,1835.274345953676,1578.7731882566727,276.494189602204,-14.819634677449567,6787.026218480023,106.20770307093704,63.90333301857503,21.028396304498376,0.0169897241460694,3.344222022651961,399.5664568589252,175,14.262390745439314
1323,144.71343267316684,1463.9816470919332,276.51842867871096,-15.063096972561793,6759.713522596721,99.86003277581536,67.6918816737443,21.032774394506532,0.0160388509398034,3.344222022651961,399.5664568589252,175,14.266741845232504
711,928.051150722065,807.8576762312748,276.61312743675154,-14.947426334680214,6755.054222726874,144.81556691305386,46.64591222283829,21.033523023096127,0.023275351435156,3.344222022651961,399.5664568589252,175,14.267485858648238
1248,2505.2016309445007,1390.2488800555775,276.5195367891667,-14.722178484126848,6721.5534712972,100.22109555387456,67.06725200069263,21.038920977011717,0.0161882284962083,3.344222022651961,399.5664568589252,175,14.27285053505325
331,218.71090384643705,405.9232510731685,276.6762260983116,-15.04817715053163,6686.976998606842,107.73348374720192,62.06962557989793,21.044520548348594,0.0174916473211595,3.344222022651961,399.5664568589252,175,14.27841558594084
126,1235.334004129296,168.07741130630316,276.70739696986345,-14.900438385581172,6668.222493284004,106.44224552060764,62.64639063813258,21.047569916323777,0.0173306073812198,3.344222022651961,399.5664568589252,175,14.281446155056932
1398,2575.7375080043607,1555.9265813576571,276.49452207975304,-14.712681881496094,6647.5564289428,103.12218763224163,64.4629112470885,21.050940040206363,0.01684224275628,3.344222022651961,399.5664568589252,175,14.284795502672265
679,2940.775934754824,779.5466705267843,276.608853193933,-14.656751084217571,6644.107601234544,103.65645586260324,64.09738347644566,21.051503478641514,0.0169382889146944,3.344222022651961,399.5664568589252,175,14.285355467600828
1073,1902.3951509530916,1228.8500963500433,276.5461432475364,-14.808518173522607,6634.867779303313,102.41069808139858,64.78686215018038,21.053014440222185,0.0167580272290896,3.344222022651961,399.5664568589252,175,14.286857114348367
631,2558.8602501670216,741.0948020617259,276.6161963659403,-14.711731791537533,6564.193087088584,101.84770963840911,64.45106237924742,21.06464175313979,0.0168453390824102,3.344222022651961,399.5664568589252,175,14.298412746767275
718,1160.502473992318,815.4774479474094,276.61100105029743,-14.913906275113048,6563.33753434557,107.45271574759296,61.08116941188241,21.064783273219426,0.0177747088088459,3.344222022651961,399.5664568589252,175,14.298553394398569
1414,618.7340521481153,1573.0981135558618,276.5001296371201,-14.995144068906054,6552.992082218116,100.28664504256804,65.34261944286408,21.066496013686773,0.0166154955105425,3.344222022651961,399.5664568589252,175,14.300255576098666
892,132.4295626895729,1014.4635057232578,276.5856472170608,-15.063080222923478,6519.470981726918,147.22260747146686,44.28308324175316,21.072064230176586,0.0245172630386388,3.344222022651961,399.5664568589252,175,14.30578946543674
644,2678.8934218031472,748.8473064447217,276.6145343839856,-14.69443376685343,6507.584227921179,102.95123852180176,63.21035396328023,21.07404562694478,0.0171759835521677,3.344222022651961,399.5664568589252,175,14.307758647215154
1007,2391.576067905748,1151.606341105814,276.55562527309746,-14.737591896850338,6478.772547008353,99.66708998662936,65.00413073038953,21.078863288580745,0.0167020155150299,3.344222022651961,399.5664568589252,175,14.312546608748347
272,350.1342261004524,338.30748175522075,276.6857662601402,-15.02893201994188,6468.837347501365,116.03314563191974,55.7499093235118,21.08052954328123,0.0194744711368009,3.344222022651961,399.5664568589252,175,14.314202591258796
217,1187.0299618739805,272.4295281493446,276.69201311924684,-14.907844640963154,6464.300909358892,111.94380102434268,57.74594796859899,21.08129121074911,0.0188013191954244,3.344222022651961,399.5664568589252,175,14.314959563170246
722,737.149025799504,819.4748752678528,276.6122046658828,-14.97502650699712,6431.024136342196,99.51605311260876,64.62298227467966,21.08689477286356,0.0168005245469055,3.344222022651961,399.5664568589252,175,14.320528580232912
1256,216.8070115431925,1395.620233340116,276.5283369438147,-15.052424912094615,6425.349055079365,110.9753019431405,57.89891032124849,21.08785330782524,0.0187516482430508,3.344222022651961,399.5664568589252,175,14.321481205981987
73,1143.3447198487254,102.33335194022769,276.7176156421542,-14.913447818434562,6396.60109192034,101.56923621160752,62.977741395965374,21.092721952042208,0.0172394242145615,3.344222022651961,399.5664568589252,175,14.32631983579684
795,986.028081853846,897.9689277585538,276.59941987368575,-14.939425167723018,6385.634421276947,120.20186029202604,53.12425619506454,21.094584993021613,0.0204369920213747,3.344222022651961,399.5664568589252,175,14.32817139143071
21,482.9772653495181,50.42562669842937,276.72822283806033,-15.0085777055319,6368.388598023681,101.15007700565738,62.9597997999299,21.09752123142585,0.0172443369173675,3.344222022651961,399.5664568589252,175,14.331089528401316
1394,122.47615070007892,1554.8682142078926,276.50494427712243,-15.066664577668202,6363.792537144647,101.80217100521712,62.51136369988138,21.098305089251845,0.0173680421565025,3.344222022651961,399.5664568589252,175,14.331868553870917
1673,529.8767402729559,1897.772645506661,276.4520126823176,-15.009250872129078,6354.855441389576,100.74575173530262,63.07814803036258,21.099830932256552,0.0172119828165754,3.344222022651961,399.5664568589252,175,14.333384990300926
1240,2960.610113692449,1383.9779060604474,276.5185813446718,-14.65641904626256,6352.80781243596,100.1913342773719,63.40675925972507,21.100180828986375,0.0171227801684799,3.344222022651961,399.5664568589252,175,14.333732729974146
1506,2521.350449257331,1698.4074182645925,276.4734884551848,-14.721117214151665,6328.018571268563,98.44350669431296,64.28071067112982,21.10442575910277,0.0168899812815482,3.344222022651961,399.5664568589252,175,14.337951490784716
99,948.2745950494648,132.8421879183585,276.7138964197717,-14.94173902932722,6313.833351411129,102.38208341586224,61.66931889601415,21.106862334587074,0.0176051887621896,3.344222022651961,399.5664568589252,175,14.340373045176266
190,2412.2981712115466,238.0173016339348,276.69192147489383,-14.730779218731588,6302.422404898738,107.20464918132176,58.78870415628213,21.10882635329068,0.018467833499337,3.344222022651961,399.5664568589252,175,14.342324956023043
613,2981.459969922113,715.6194865641764,276.6182228144627,-14.650607211170346,6269.471642814926,102.03128514079232,61.44656155377953,21.114517765762795,0.0176690114555843,3.344222022651961,399.5664568589252,175,14.347981281860163
1208,227.08317458395496,1349.2335266527743,276.53522372143794,-15.050757963683596,6267.327268241963,100.80843194755222,62.170665163234325,21.11488918834836,0.0174632199470506,3.344222022651961,399.5664568589252,175,14.348350414685717
1798,3030.6544809022635,2056.6750474465657,276.41795115690803,-14.649093880148753,6265.999758083228,190.10365556301392,32.96096405682335,21.11511918726946,0.0329389637429384,3.344222022651961,399.5664568589252,175,14.348578995700764
428,472.3206052962267,503.6662317723311,276.6605267473046,-15.011967740832176,6261.30558595818,116.84859277428583,53.584775283113785,21.11593287109469,0.0202613521147328,3.344222022651961,399.5664568589252,175,14.349387663297156
703,2893.9047001755093,803.9756819253085,276.6054039966277,-14.663621430006646,6230.409457792441,99.87550336264908,62.38175776866679,21.1213036489617,0.0174041264439221,3.344222022651961,399.5664568589252,175,14.354725331189519
729,2998.8873104825025,829.4381192842583,276.6011643262581,-14.648570800974436,6215.416049765161,104.23779563520452,59.62727830044414,21.123919609436665,0.0182081092906753,3.344222022651961,399.5664568589252,175,14.357325164692353
1109,764.4950545705068,1261.7741381564256,276.546015431946,-14.972866707432546,6213.229084045073,99.92960374987544,62.17606045548658,21.124301705451124,0.0174617045860806,3.344222022651961,399.5664568589252,175,14.357704905146841
1634,2874.6573472972277,1845.7818900674667,276.4500457124878,-14.670737029338827,6175.723186410003,109.7124007256804,56.290110740092935,21.1308755681103,0.0192875797493626,3.344222022651961,399.5664568589252,175,14.364238241008715
361,2797.122097876688,432.2931230477427,276.6612866281744,-14.676028217326037,6156.062272376497,109.45021507876932,56.24531909732742,21.134337610868506,0.0193029396476761,3.344222022651961,399.5664568589252,175,14.36767894083471
17,2407.1578311983794,44.67140832921637,276.7208141668718,-14.730703939875117,6131.257049788983,99.56934388775171,61.57775888029332,21.13872131151314,0.0176313659305235,3.344222022651961,399.5664568589252,175,14.372035616675712
247,291.361158395449,309.97817273054466,276.6902540728831,-15.037300569404085,6126.111623460747,109.05730488026448,56.17332676785557,21.139632857234012,0.0193276784992068,3.344222022651961,399.5664568589252,175,14.372941542865027
36,393.6620527599105,70.12741745810301,276.7256644155857,-15.021553027576342,6119.6073107288685,107.45649017074872,56.9496295756989,21.140786234756742,0.019064215309019,3.344222022651961,399.5664568589252,175,14.374087810002356
1278,228.2628840913817,1422.4468944593864,276.5242805747277,-15.050878688026591,6118.211023256852,99.48810586058124,61.49690930723594,21.14103399131364,0.0176545457687294,3.344222022651961,399.5664568589252,175,14.37433403918026
1695,742.3623982464993,1929.037779039213,276.446455835583,-14.9787238577291,6094.710909407877,97.23925473041356,62.67747450661643,21.145212345363984,0.0173220125499056,3.344222022651961,399.5664568589252,175,14.378486634355427
1051,412.3694666407554,1206.2739639469362,276.5557968446402,-15.023453835820703,6090.744038940291,102.1238309946023,59.640771205128544,21.145919249629216,0.0182039899562304,3.344222022651961,399.5664568589252,175,14.379189180670492
295,2392.8559284966304,366.4752050898684,276.672823833609,-14.73412824726337,6076.243010984181,98.49350397338418,61.69181484929361,21.148507285343943,0.0175987690206917,3.344222022651961,399.5664568589252,175,14.381761261564703
1081,2401.1793283730817,1233.746704799295,276.54332586786086,-14.736545808206362,6067.089848073927,96.62594383490558,62.78944978214251,21.150144055472403,0.0172911214187574,3.344222022651961,399.5664568589252,175,14.383387941270735
771,106.5217622959174,869.7062122247789,276.6073906246598,-15.066239136290024,6056.9003616865375,115.63990384291948,52.37725179981111,21.151969048183883,0.0207284644133221,3.344222022651961,399.5664568589252,175,14.385201683198082
444,452.9784892029557,529.9227098698447,276.6566858556538,-15.0148662949251,6049.652453171962,98.84287666582024,61.20473884653669,21.153269057813965,0.0177388225235673,3.344222022651961,399.5664568589252,175,14.386493678479601
833,1391.5918337248245,940.1157752883964,276.5914059811659,-14.88106101567787,6043.678744356759,96.62420263868778,62.54829100071564,21.154341694022953,0.0173577884004469,3.344222022651961,399.5664568589252,175,14.387559702060296
426,1282.6231402830138,500.7488565379951,276.65749436872204,-14.894986290904844,6021.864349853655,98.20268592697,61.320770333429685,21.158267701086057,0.0177052570294949,3.344222022651961,399.5664568589252,175,14.39146150592648
380,484.1987607098088,451.9734365648082,276.66820107585494,-15.010042901882109,6013.388360466604,101.9292109537012,58.9957314905345,21.159796990132435,0.0184030263303743,3.344222022651961,399.5664568589252,175,14.39298136715387
1401,1804.344617774352,1558.3324556702887,276.49736959574045,-14.824014795907452,6010.944860262214,98.66345892921838,60.92371913065093,21.160238261448864,0.0178206454808137,3.344222022651961,399.5664568589252,175,14.393419918104188
372,1931.8926526943171,442.1777472350242,276.6634772366898,-14.801005461704284,6006.938485484687,117.25547366867352,51.22949315320131,21.16096216035548,0.0211928702232759,3.344222022651961,399.5664568589252,175,14.39413935429143
1285,1699.239320318732,1427.665422312395,276.51731390725564,-14.838650418625951,5986.191705550562,100.68953179357273,59.45197677374318,21.16471856960264,0.0182617981590731,3.344222022651961,399.5664568589252,175,14.397872605884709
59,1099.037566324107,92.4703182854738,276.71928010319823,-14.919804328348476,5967.782537538034,106.71305120922196,55.92364260897741,21.16806264841779,0.0194139714322849,3.344222022651961,399.5664568589252,175,14.401196068996226
821,206.14779341190507,930.539069942418,276.59787398223733,-15.0521065212867,5951.631279275112,105.25059521538626,56.54724580982761,21.17100507777728,0.019199874095571,3.344222022651961,399.5664568589252,175,14.404120358755845
365,268.15214908542066,435.631003265553,276.67157275947164,-15.04116129082259,5947.13344619883,101.06745320511388,58.84321072313231,21.17182591263857,0.018450726713544,3.344222022651961,399.5664568589252,175,14.404936133303321
726,153.92449130419902,827.4566497851359,276.613501952632,-15.059228998440554,5906.972528610495,98.08840527097608,60.22090493052743,21.179182743962098,0.0180286231376379,3.344222022651961,399.5664568589252,175,14.412247610954692
1049,552.7345098979863,1201.7772982253498,276.55587365063354,-15.003182042899416,5904.030695333262,192.2621777418863,30.70822750826986,21.179723604870006,0.0353553457198927,3.344222022651961,399.5664568589252,175,14.412785137542807
1478,2706.813959253571,1654.7853551646328,276.4792299606012,-14.69417225471186,5879.8758299105975,96.81323638565055,60.73421413667459,21.18417473465211,0.0178762500747399,3.344222022651961,399.5664568589252,175,14.417208826831585
452,200.4437437540406,537.4510818390653,276.65664546594,-15.051346511373897,5878.226893892977,97.62572438540772,60.21186455617846,21.18447925819429,0.0180313300045214,3.344222022651961,399.5664568589252,175,14.417511473035505
258,464.92408859962944,325.76103012471737,276.6871469219651,-15.012310791614343,5861.696186928981,110.38765077023965,53.10101398144153,21.187536858960364,0.0204459372542197,3.344222022651961,399.5664568589252,175,14.420550224188668
481,916.0077104519848,567.1574759428802,276.64913891975914,-14.94818240005002,5832.291183912079,103.1197665228547,56.55842115022102,21.192997125446528,0.0191960804053625,3.344222022651961,399.5664568589252,175,14.42597682901736
252,1376.624371329376,319.32120685980175,276.68419552851526,-14.880665455283284,5831.966279222164,98.13839958897462,59.42593626600528,21.193057611214464,0.0182698004982224,3.344222022651961,399.5664568589252,175,14.426036941900344
74,1814.8697185401763,102.53225960303386,276.7147039099938,-14.816482848329656,5824.118984181259,100.4598218943778,57.97460989234745,21.194519524615067,0.0187271635292764,3.344222022651961,399.5664568589252,175,14.427489842841892
1079,220.82231357523136,1232.36880951106,276.55271082385065,-15.051195983419028,5823.928100232559,100.70875705856626,57.82941097014738,21.19455510991319,0.0187741839625594,3.344222022651961,399.5664568589252,175,14.42752520876242
1227,2320.931260007843,1373.288039837509,276.5228350621528,-14.748704638846291,5810.878523804247,97.86611403371916,59.37579703841256,21.19699063015586,0.0182852282268753,3.344222022651961,399.5664568589252,175,14.429945714417729
234,2638.7221987936096,292.8214473130255,276.6827776711752,-14.698312538854404,5791.49634351104,100.77480790805568,57.46968378044492,21.200618155500948,0.0188916995636824,3.344222022651961,399.5664568589252,175,14.433550876657291
298,195.99722172045432,369.2405776457891,276.68180713509554,-15.051306850044211,5779.745208182489,100.32160470543634,57.61216863658571,21.202823387740267,0.0188449771236443,3.344222022651961,399.5664568589252,175,14.435742513997445
1165,2556.0766623754325,1313.7222620352295,276.53074482306346,-14.714518784067558,5773.151598883851,99.4339999206248,58.06013640698742,21.204062716928853,0.0186995771485879,3.344222022651961,399.5664568589252,175,14.436974202922551
1578,843.8880208577655,1782.3828504746016,276.4679305435019,-14.963495412507156,5757.230409937212,94.33761935084564,61.02793826634343,21.20706109499387,0.0177902126606619,3.344222022651961,399.5664568589252,175,14.439954096473
1174,2691.532838799251,1320.9119495026823,276.5291082747981,-14.69499661280052,5745.950602959201,96.91053764328392,59.29128805485898,21.20919040144054,0.0183112905051997,3.344222022651961,399.5664568589252,175,14.442070276090709
510,737.9950917957152,600.7086666193077,276.6448870444203,-14.974014796364395,5743.751527498331,104.76276249183466,54.826270240306094,21.20960601114859,0.0198025507706675,3.344222022651961,399.5664568589252,175,14.4424833236323
309,1109.018309373569,375.6895152385984,276.6769197141682,-14.919533559593154,5743.285769594106,99.7161167836454,57.59636410687094,21.209694056517726,0.0188501482139648,3.344222022651961,399.5664568589252,175,14.442570826216015
421,2370.205636566286,494.8934799932669,276.6537464842535,-14.73793860080558,5741.892084388703,100.85921940293883,56.92976922069451,21.209957556920106,0.0190708659961568,3.344222022651961,399.5664568589252,175,14.442832702181141
671,506.99556549622014,775.2832054018661,276.6197892402509,-15.008064515766897,5732.491020755522,104.80563616278458,54.69640021889464,21.211736663882135,0.0198495695448884,3.344222022651961,399.5664568589252,175,14.444600841237241
1311,3005.755651915579,1449.6922983591792,276.5085906390319,-14.650176122970834,5729.794150165079,105.62637093726484,54.24586776315738,21.21224757249241,0.020014427730058,3.344222022651961,399.5664568589252,175,14.445108600178783
1067,571.4913322609312,1222.0862955346936,276.5527602858854,-15.000556995153287,5707.9825030986685,110.51828418861297,51.6474042734621,21.216388538753634,0.0210213855908701,3.344222022651961,399.5664568589252,175,14.44922403805449
1367,362.1976693427685,1518.6256035194444,276.50934670653385,-15.031937883030436,5697.571844181628,95.29040586977304,59.79166309741732,21.21837059628395,0.0181580498644282,3.344222022651961,399.5664568589252,175,14.451193876521534
847,212.9692221126199,953.0488862564832,276.5944811225999,-15.051212433279462,5692.738496204809,99.38981218922405,57.27688151142338,21.21929203583156,0.0189552917573465,3.344222022651961,399.5664568589252,175,14.452109635543751
984,1830.04220760784,1121.5896937916375,276.56245979417514,-14.818520755711669,5670.582624132658,94.93969881476092,59.72825588162719,21.223525914762753,0.0181773263587622,3.344222022651961,399.5664568589252,175,14.45631741329788
487,2275.103342692776,574.3716575015814,276.6422827327783,-14.752003291532471,5648.422544791509,95.83812804894696,58.93711260623451,21.22777717727598,0.0184213299903862,3.344222022651961,399.5664568589252,175,14.46054246746708
877,1445.4881407596367,993.689742992056,276.58317744571514,-14.873501070582392,5639.710331987008,95.55502921315032,59.02054950354061,21.229453126141372,0.0183952878977324,3.344222022651961,399.5664568589252,175,14.462208084379485
1416,640.993488694442,1576.2125437450106,276.49957086717154,-14.991945068868691,5599.7189288891095,93.48047964172032,59.902548107914896,21.23717955004664,0.01812443767908,3.344222022651961,399.5664568589252,175,14.469886876134266
1389,219.57103404203747,1547.4457566796368,276.5056432118201,-15.052628247283591,5598.157560106716,96.16057416933609,58.21676511881592,21.23748232792219,0.018649267058796,3.344222022651961,399.5664568589252,175,14.470187787433309
373,557.6378254258731,442.3637947627771,276.66932171004606,-14.999403057976595,5590.471998638473,101.8000319497795,54.91621064909285,21.23897393037602,0.0197701186437912,3.344222022651961,399.5664568589252,175,14.471670194399882
792,2904.5244776519075,893.2334582113601,276.5920392144162,-14.662463352556196,5582.663199467497,93.83221195489163,59.49623357649583,21.240491552279934,0.0182482139580161,3.344222022651961,399.5664568589252,175,14.473178460410852
909,2232.3248567178257,1034.031623639786,276.57384172676035,-14.760092658784878,5576.403415561188,97.92850998977993,56.943615461351925,21.24170966038313,0.0190662287809398,3.344222022651961,399.5664568589252,175,14.474389059075113
964,661.6327955633707,1100.0849594656963,276.5706037510363,-14.987059137435958,5573.923662040936,106.765676619631,52.20707476897176,21.242192580426902,0.0207960320474661,3.344222022651961,399.5664568589252,175,14.474869001995126
68,404.8906828905897,98.1631731694998,276.7214250006354,-15.020046818294428,5537.865655978792,100.262428452041,55.233707595939045,21.249239081930913,0.0196564751354809,3.344222022651961,399.5664568589252,175,14.481872062959999
392,2842.9164856275693,464.5245323461869,276.656282140326,-14.669551599738051,5536.844242993597,105.09541185532711,52.68397682874624,21.249439355359527,0.0206077837200703,3.344222022651961,399.5664568589252,175,14.482071101735402
1522,812.7547364115765,1715.8631893627864,276.47799410640846,-14.9677218111312,5523.071087657299,95.1186612759293,58.06506329641717,21.252143539014767,0.0186979904673072,3.344222022651961,399.5664568589252,175,14.484758614536906
466,785.3943547055588,550.6675112658414,276.6521613246718,-14.966968821974998,5479.9038362618885,99.24967320610966,55.21331868651991,21.26066277830922,0.01966373378431,3.344222022651961,399.5664568589252,175,14.493225334102556
1499,57.68154939271072,1691.4248145163483,276.48481687470706,-15.076549969651357,5476.907203617186,97.23812073803964,56.32469202456126,21.261256665093246,0.0192757378864417,3.344222022651961,399.5664568589252,175,14.493815559670862
860,1172.2848594254142,973.9079536352924,276.58728723118554,-14.912852127386437,5438.22574976983,92.58786423817584,58.735837515166914,21.26895204194104,0.0184844559289658,3.344222022651961,399.5664568589252,175,14.501463495768244
1497,596.6049190184484,1687.350566885369,276.48315858152563,-14.998791227238849,5429.132651859662,93.54279529329304,58.03902518453955,21.270768989087472,0.0187063789673919,3.344222022651961,399.5664568589252,175,14.503269241730143
1335,462.6894171854048,1475.6347112228502,276.5153447147957,-15.0172688354217,5417.966690506291,98.01574611873052,55.27649286006846,21.273004295025363,0.0196412605761445,3.344222022651961,399.5664568589252,175,14.505490767369396
1739,2225.479137274992,1981.0647883585957,276.43253703060043,-14.76496584008973,5407.004709124944,95.0447299092186,56.88905333614406,21.27520325217556,0.0190845151453804,3.344222022651961,399.5664568589252,175,14.50767616830534
632,695.1270910678921,741.3985017057239,276.6240490175936,-14.980774596647594,5405.2509140080365,98.085590798389,55.10749203844133,21.275555474493867,0.0197014953836521,3.344222022651961,399.5664568589252,175,14.508026219230166
1270,1167.2587668913775,1415.2482067393314,276.52139766410653,-14.915367198225288,5395.98329768487,94.2009942734232,57.28159600972739,21.277418629915903,0.0189537316630568,3.344222022651961,399.5664568589252,175,14.509877888601148
143,191.4108547219619,188.4692792826899,276.70884924192933,-15.051233902629814,5390.413311453507,122.36980951023769,44.05018960990158,21.278539956428933,0.0246468859638224,3.344222022651961,399.5664568589252,175,14.510992302318057
780,1093.9442021206178,882.6721077902271,276.60124671560385,-14.923787274385042,5376.293045035389,108.07088702463685,49.747838599767945,21.281387789880114,0.021824063729375,3.344222022651961,399.5664568589252,175,14.513822579337804
672,1230.2953029929035,775.6656011143406,276.61665127520234,-14.903669423407694,5347.3109938475245,96.05780964080188,55.66763404082639,21.28725651438042,0.0195032538872363,3.344222022651961,399.5664568589252,175,14.519655124103215
1302,916.388886798218,1446.4815338153023,276.5177879218701,-14.951691794184944,5343.578526899393,96.7244863306004,55.245354404212165,21.288014631776626,0.0196523311635633,3.344222022651961,399.5664568589252,175,14.520408567828609
103,1438.321128121296,140.13535157274674,276.7107003342437,-14.871013160562612,5327.22106939365,94.63227604278566,56.29391252288044,21.29134332286158,0.0192862771717762,3.344222022651961,399.5664568589252,175,14.52371673807279
329,1739.468161632538,404.75816394744425,276.6698845836464,-14.828632540576065,5325.227880542807,103.43764259682416,51.48249463978317,21.291749628929544,0.0210887216634802,3.344222022651961,399.5664568589252,175,14.524120539329731
1599,2908.957278306433,1798.7031188549902,276.45692704892434,-14.665593017497724,5310.775337216328,101.11824047115635,52.52044846183027,21.294700297310694,0.0206719483895694,3.344222022651961,399.5664568589252,175,14.52705301731878
1351,2260.805098508565,1502.4765632645128,276.50380549022714,-14.757913663368525,5305.085711166612,93.96229830109188,56.45972700845445,21.295864109375874,0.0192296360171458,3.344222022651961,399.5664568589252,175,14.528209654671295
91,624.4799258189106,121.98389834711372,276.7169154035827,-14.988442502691615,5300.258883594244,105.90102168366256,50.04917610168741,21.29685241518046,0.021692664786212,3.344222022651961,399.5664568589252,175,14.529191867730857
110,2206.816191429917,151.29521029894096,276.7057462751006,-14.760087392600022,5295.050576885376,97.15138084964948,54.503091264137,21.297919839900022,0.0199199710478511,3.344222022651961,399.5664568589252,175,14.530252711950114
313,2561.744798393308,380.0214545141529,276.6700854802896,-14.709797229036068,5294.891336518922,99.73772081613654,53.08815253839511,21.29795249220965,0.0204508906052962,3.344222022651961,399.5664568589252,175,14.530285162963546
1328,397.1007754180907,1470.307964065502,276.5164171827995,-15.02671033248122,5258.127044620662,103.19560139856128,50.95301518048975,21.305517433878336,0.0213078656121556,3.344222022651961,399.5664568589252,175,14.537803467993546
1091,1295.131368547692,1244.9197231372746,276.5462947202513,-14.89622499426738,5254.786624966655,98.21563240907284,53.502548383338976,21.30620740714236,0.0202924913449187,3.344222022651961,399.5664568589252,175,14.538489187684283
540,738.938757579683,634.3792152995402,276.639852051795,-14.974015771464334,5237.817788075074,95.68173288863514,54.74208743869029,21.30971915616145,0.0198330032850127,3.344222022651961,399.5664568589252,175,14.541979287340121
1467,632.5202181774706,1638.3694540333051,276.49032314100145,-14.993415094266329,5229.066783722345,92.36937122017868,56.61039708993949,21.311534650428612,0.0191784558280893,3.344222022651961,399.5664568589252,175,14.54378358937952
953,1055.6380781515877,1086.3297797721768,276.5709897107994,-14.93014396631368,5226.172590127302,94.04076511116416,55.57348011736743,21.312135752084465,0.0195362967679381,3.344222022651961,399.5664568589252,175,14.544380985341137
197,2845.171246281967,248.36022401061135,276.68854018116195,-14.66830929552913,5225.040411838447,109.42299062043914,47.75084634601881,21.31237098735582,0.0227367697764485,3.344222022651961,399.5664568589252,175,14.54461477042519
1237,1608.8269501632603,1381.849221509437,276.5245322343865,-14.851511424640828,5212.063348012278,97.5316288321094,53.43972422509528,21.31507090787253,0.0203163473566384,3.344222022651961,399.5664568589252,175,14.547298046369724
677,530.6355291729284,776.7596176581803,276.6194676735497,-15.004658670910365,5208.295190578268,110.08139708295722,47.31312763639166,21.31585614479399,0.0229471196312314,3.344222022651961,399.5664568589252,175,14.548078442432894
829,730.78301564552,936.5733756047784,276.5947373815528,-14.976419742338694,5163.289451680932,99.87540671911869,51.69730588634037,21.325278941508973,0.0210010943778574,3.344222022651961,399.5664568589252,175,14.557443149134093
257,1114.1658573347495,324.0906093964685,276.6846069190768,-14.918577687931444,5162.566431640531,102.72584078513076,50.25577198670927,21.325430988766804,0.0216034886557334,3.344222022651961,399.5664568589252,175,14.557594259045233
577,2885.52678435206,670.4810159491855,276.62536227559224,-14.664268785147048,5156.342211948417,94.05557653100657,54.8222912678502,21.326740790359025,0.0198039880291667,3.344222022651961,399.5664568589252,175,14.558895985923032
1276,1937.176844761971,1419.5812159147622,276.5175263379049,-14.80427964922501,5155.281072292069,94.94125305845344,54.29969487676833,21.3269642503741,0.0199945874919549,3.344222022651961,399.5664568589252,175,14.55911806834335
986,703.2477927157206,1122.7489090340816,276.5670416502048,-14.981145163686463,5138.40582177497,98.7451273673162,52.03705700495899,21.33052411906901,0.0208639777590907,3.344222022651961,399.5664568589252,175,14.562655991025009
1048,1209.637990960729,1202.1371669038324,276.5530437486993,-14.908389195105022,5120.747268849023,95.22427955954356,53.77564726700852,21.33426176661168,0.0201894362072342,3.344222022651961,399.5664568589252,175,14.56637059657666
949,576.449789082611,1080.5831533920923,276.5738786147084,-14.999272981589154,5108.0660919792135,94.65493579067324,53.96513186882889,21.336953852079414,0.0201185462242355,3.344222022651961,399.5664568589252,175,14.569046085774024
1036,283.2836848336593,1186.8191388546138,276.5592512983099,-15.042001878955784,5108.0578586180345,97.73329253283949,52.265279581179264,21.336955602108752,0.0207728727120587,3.344222022651961,399.5664568589252,175,14.569047825014716
928,739.6576961053023,1059.107834963234,276.5763942630437,-14.975634257281715,5068.509682141215,101.95964809039498,49.71093738620593,21.345394420605317,0.0218402640763975,3.344222022651961,399.5664568589252,175,14.577434619563656
414,656.0450165009257,486.08923907435576,276.662365106482,-14.985376497869218,5057.023816208763,129.2483050372114,39.126422700497415,21.34785762431438,0.027748511748972,3.344222022651961,399.5664568589252,175,14.579882638021276
312,2716.428597687216,378.6924618721464,276.66962907752463,-14.6874542246116,5048.867198363441,94.38214553972354,53.49388032547401,21.34961025299666,0.0202957795058846,3.344222022651961,399.5664568589252,175,14.581624462031927
1206,689.5331886576175,1346.8277463009092,276.53362768135185,-14.984024726226828,5018.899320706405,97.63191316775288,51.40633997495106,21.356073912197886,0.0211199630343073,3.344222022651961,399.5664568589252,175,14.5880482738223
1195,667.9797875664392,1338.2831817850597,276.5349949711928,-14.9871004026339,4998.33275938264,97.03290475422206,51.51172967606284,21.3605322079494,0.0210767529420491,3.344222022651961,399.5664568589252,175,14.59247908490345
293,134.58531150589812,365.29325666635816,276.6826620808854,-15.060155168434653,4991.601448208094,95.02946565749548,52.52688114861961,21.36199536660528,0.0206694168063799,3.344222022651961,399.5664568589252,175,14.593933223423479
824,1165.320433494774,933.2670150827404,276.59338685620827,-14.913691668434184,4951.91911579005,95.06785519099888,52.088259547259696,21.37066126586013,0.0208434685558065,3.344222022651961,399.5664568589252,175,14.602545698814646
175,1377.3123435546831,218.58560838378608,276.6992417427281,-14.88014831427925,4951.530272854317,94.66009750464907,52.30852707088255,21.37074652521511,0.0207556981776371,3.344222022651961,399.5664568589252,175,14.60263043255953
410,1833.503575862096,484.363502502003,276.65759546870737,-14.815386836923066,4947.612921312626,93.89155770448876,52.69497111640838,21.371605834053096,0.0206034841085989,3.344222022651961,399.5664568589252,175,14.603484443897871
122,2774.429025770261,166.42235036739817,276.7010724180711,-14.67817778049081,4941.485336130601,102.7752773693322,48.08048650039572,21.37295134438338,0.0225808863225846,3.344222022651961,399.5664568589252,175,14.604821659375153
1296,321.080883373493,1440.1342853246044,276.5212457595288,-15.03755792840606,4914.814153931802,92.96808914092236,52.86560366409012,21.378827370948393,0.0205369829293651,3.344222022651961,399.5664568589252,175,14.610661461189226
945,2352.58578398731,1073.7743037123823,276.5674053244752,-14.742897493442555,4910.017668547051,88.34138660735557,55.58003849736073,21.37988748441306,0.0195339915076085,3.344222022651961,399.5664568589252,175,14.611715039226288
1615,1414.6735099259322,1822.0767278794103,276.4596229534214,-14.881307153299293,4908.421483279963,97.9635296625093,50.10457973686526,21.38024050104278,0.0216686779073246,3.344222022651961,399.5664568589252,175,14.612065879565732
911,644.4697133570011,1037.165880453423,276.58007614891926,-14.98928232993939,4903.030369174783,101.28653330418138,48.40752476393003,21.381433663572665,0.0224283312417781,3.344222022651961,399.5664568589252,175,14.613251686442096
366,36.15812957654541,436.4844981775532,276.67244476535825,-15.074650091943786,4895.074125660525,109.11919391103623,44.85988165978782,21.38319694003915,0.0242020255031839,3.344222022651961,399.5664568589252,175,14.615004092595091
166,2585.0057484287004,208.80673111117457,276.69554893198114,-14.70571431379732,4887.57757130501,91.4306248455152,53.45667908934511,21.38486096372517,0.0203099036171964,3.344222022651961,399.5664568589252,175,14.616657857844919
1542,401.6006246017741,1746.2237022771014,276.4751842942859,-15.02715563087723,4876.013207366836,96.42786558655506,50.56643302956919,21.38743293847684,0.021470764990782,3.344222022651961,399.5664568589252,175,14.61921397678931
543,1154.114392150207,636.9171743231188,276.6377010332471,-14.914097349714377,4862.304535982723,102.0285860534898,47.65629637789548,21.390489731459915,0.022781879468577,3.344222022651961,399.5664568589252,175,14.622251925139318
1558,2854.0882613796844,1760.6909414180332,276.46282316958246,-14.673354662469976,4839.912849736313,91.40398283122678,52.95078726134929,21.395501267821327,0.0205039444388486,3.344222022651961,399.5664568589252,175,14.627232566191713
253,1503.644164034021,319.7631858981062,276.6835863359277,-14.862328097147708,4827.039854976756,95.3845245126046,50.60611120768218,21.398392910133566,0.0214539306437596,3.344222022651961,399.5664568589252,175,14.630106381997996
1446,1380.3925046513702,1607.9943385404647,276.4917255573684,-14.885391168479794,4819.763994800072,91.10911437208809,52.90100807166491,21.400030689119337,0.0205232383951777,3.344222022651961,399.5664568589252,175,14.631734064341897
1689,620.9977722253855,1921.8566457661984,276.4480350747492,-14.996202141913486,4815.501159765525,90.11698821085484,53.436108500411294,21.400991392236406,0.0203177220510292,3.344222022651961,399.5664568589252,175,14.63268884488003
1638,1434.3161388081785,1849.305911348765,276.455476586728,-14.878582639060786,4812.975911723042,94.30416794894096,51.03672527314942,21.40156090146787,0.0212729165946544,3.344222022651961,399.5664568589252,175,14.633254843179435
526,2582.0996045251395,624.3221770416457,276.6335292759635,-14.707886552558524,4808.14237464621,89.40412045316197,53.77987446523959,21.40265182385063,0.0201878492799706,3.344222022651961,399.5664568589252,175,14.634339040202603
878,2942.8382230978805,993.6578402178887,276.57689317551325,-14.657353350127178,4783.82678616207,88.67338357753545,53.94884680338291,21.408156506125156,0.0201246192334165,3.344222022651961,399.5664568589252,175,14.639809787003527
1584,2015.5529300129567,1788.0843001622757,276.4622010992678,-14.794471874455208,4749.164178906154,89.17037857711048,53.25943721097128,21.416052163142602,0.0203851196492994,3.344222022651961,399.5664568589252,175,14.647656768575787
1525,1690.0924806915095,1720.3362336127866,276.47366387184496,-14.841158486463708,4745.554390002682,91.39012973534707,51.92633388031221,21.416877733413997,0.0209084662611169,3.344222022651961,399.5664568589252,175,14.648477249340333
1433,348.63971542938697,1590.800920496687,276.4986224006336,-15.0341802325605,4729.386544867157,122.5056563892234,38.60545450930862,21.420583093051548,0.0281229689897372,3.344222022651961,399.5664568589252,175,14.652159766036563
523,701.7492705464418,623.471802251277,276.641640816162,-14.979339282148612,4717.333181312861,95.43084613696826,49.431953841656735,21.42335374374959,0.0219635259305706,3.344222022651961,399.5664568589252,175,14.654913336122332
123,125.98155487765064,166.29046909972686,276.71244802995136,-15.060588634095703,4715.797058116179,112.94192438479485,41.75417661602247,21.42370735374797,0.0260021891937723,3.344222022651961,399.5664568589252,175,14.655264766172413
157,1752.5222301212802,201.76807950069036,276.70014783187906,-14.825901209342684,4708.623972373171,127.09874331917334,37.046975047965375,21.425360098329243,0.0293060364198244,3.344222022651961,399.5664568589252,175,14.656907321851344
901,32.33633053585816,1024.5549331254192,276.584566146951,-15.077563485216848,4696.08748477776,95.06569397545807,49.39834012036023,21.42825467443332,0.0219784712877936,3.344222022651961,399.5664568589252,175,14.65978405336311
683,1616.982128096103,781.7774305170502,276.6140983796528,-14.847876825736495,4692.644136126648,94.72780204334902,49.53819295816888,21.429051069221178,0.0219164231710427,3.344222022651961,399.5664568589252,175,14.660575538506242
11,137.32108330218728,36.77475152537596,276.73176155694165,-15.058423664164955,4653.218721796293,120.5179770258552,38.610162870540215,21.4382114547944,0.0281195395015646,3.344222022651961,399.5664568589252,175,14.669679451787816
45,1124.230144416371,75.98211643521695,276.7216354192327,-14.916098480381608,4648.162572284375,98.3178042034284,47.2769160168275,21.43939184831852,0.0229646959123467,3.344222022651961,399.5664568589252,175,14.670852568377272
1667,1080.9957486602184,1894.4978329018727,276.45020073801146,-14.929736541614146,4615.058053481625,88.44191670187242,52.18179598072776,21.44715220059252,0.0208061064130675,3.344222022651961,399.5664568589252,175,14.678565079337892
485,1980.6618270066865,573.9844473706025,276.6435873751372,-14.794513382012504,4604.511050888541,88.32570553289762,52.13104184232702,21.4496363226665,0.0208263629812685,3.344222022651961,399.5664568589252,175,14.6810338872021
1594,469.0680339042608,1797.1261538633917,276.4672985480876,-15.01762460106215,4582.173703169217,95.86684179746646,47.79727398186088,21.454916250209752,0.0227146845322606,3.344222022651961,399.5664568589252,175,14.68628126484822
1510,2367.445421417141,1703.58434902755,276.47335282498835,-14.74334858224828,4566.266339268826,91.10049580800614,50.12339723037524,21.458692023617026,0.0216605429797574,3.344222022651961,399.5664568589252,175,14.690033761224703
1532,2283.0676802660787,1724.9559401354284,276.47051321636104,-14.755612316258375,4557.062687317783,92.76971137374623,49.12231179591044,21.460882614683058,0.0221019728165641,3.344222022651961,399.5664568589252,175,14.692210847652033
825,1484.136793927897,933.4866646209352,276.5920046284963,-14.867676103171467,4552.496302041953,93.53186313988203,48.67321305503607,21.461971117483227,0.0223059036347645,3.344222022651961,399.5664568589252,175,14.693292640008947
639,2773.9663077361083,746.0787220452127,276.614548108562,-14.680695172757018,4547.981099413504,86.90238007060101,52.33436754803085,21.46304849379032,0.0207454498996969,3.344222022651961,399.5664568589252,175,14.69436337446581
336,654.4768025097634,408.76882921676855,276.6739262673978,-14.985287165994505,4539.459310540464,121.12312668898136,37.478055881077424,21.46508480258653,0.0289689519500441,3.344222022651961,399.5664568589252,175,14.696387129748492
1113,571.6906115994794,1264.2025205496452,276.54646791389496,-15.000697112852473,4537.582047538512,102.10608493053525,44.43987888308045,21.465533894389846,0.0244307596529782,3.344222022651961,399.5664568589252,175,14.696833452973662
346,2674.94184426806,417.0671656296354,276.6640759166761,-14.69360741060646,4527.937566215696,90.68750139126549,49.92901443695308,21.4678440469117,0.0217448714388493,3.344222022651961,399.5664568589252,175,14.699129363779823
882,1650.0505633216671,998.9677933299874,276.581525911413,-14.843996801856733,4524.305655682721,92.01328324032048,49.1701360537927,21.46871527780398,0.0220804758158942,3.344222022651961,399.5664568589252,175,14.699995223674927
310,2495.113366783235,377.5711876751843,276.67073359769574,-14.719408750093828,4486.98827890525,91.08034996122886,49.26406498015515,21.477707784083975,0.0220383762573662,3.344222022651961,399.5664568589252,175,14.708932292611896
136,1455.2075289509362,180.79784251290528,276.7045531494006,-14.86874412262577,4465.344933238201,87.70233719081419,50.914776917779726,21.48295759085704,0.021323868348736,3.344222022651961,399.5664568589252,175,14.714149735177495
1333,996.3356187451088,1474.4138721224288,276.5132804458565,-14.94026859842264,4436.7379699749,89.15646901732897,49.76350026953792,21.489935670700966,0.0218171952157593,3.344222022651961,399.5664568589252,175,14.721084796290723
1547,1851.6989804614595,1750.6402497523954,276.4684690832649,-14.817962848026282,4426.729605320579,93.82751187333032,47.17944147657655,21.49238763397192,0.0230121418571481,3.344222022651961,399.5664568589252,175,14.723521643605709
1251,2754.779135444772,1393.140799396254,276.5180681453264,-14.686167261937412,4413.395856360701,91.9032666114909,48.02218701341442,21.495662914403667,0.0226082997781155,3.344222022651961,399.5664568589252,175,14.726776732464705
812,2276.432515905832,916.8151321032216,276.5911539353849,-14.753239147071731,4399.711713031924,86.03597605925182,51.13804613551314,21.499034570012316,0.0212307681275688,3.344222022651961,399.5664568589252,175,14.73012760236326
689,773.9019166826585,787.0432321449268,276.6168934347843,-14.969590339265167,4378.61785009288,97.1598328753762,45.06613196534819,21.50425251372409,0.0240912621663382,3.344222022651961,399.5664568589252,175,14.735313378298171
239,1838.446811037945,299.08848337459466,276.685244978844,-14.81390074917183,4345.116069847805,89.616689339661,48.48556783189289,21.512591666404692,0.0223922302769412,3.344222022651961,399.5664568589252,175,14.743601121454743
111,1612.7710654618252,155.48469834397733,276.707659475092,-14.845887513045325,4342.040498305374,96.80319759164578,44.85430860064995,21.51336044718751,0.0242050325569898,3.344222022651961,399.5664568589252,175,14.744365162828698
1489,969.8104640276104,1677.3805454599838,276.4830829116126,-14.9449095959511,4335.766514361254,95.04002765711697,45.62042563796093,21.514930404365206,0.0237985504259869,3.344222022651961,399.5664568589252,175,14.745925441474972
374,532.0245848191387,444.01449687911713,276.66918504258524,-15.00310699997783,4334.923658477113,104.19430313694602,41.60422909858689,21.51514148771231,0.0260959047559152,3.344222022651961,399.5664568589252,175,14.74613522352747
585,1605.2749213375432,681.5624419977825,276.62911427970545,-14.849153482516192,4323.254273206898,87.12353321369642,49.62211831564301,21.51806817317589,0.0218793561591614,3.344222022651961,399.5664568589252,175,14.749043866449748
447,57.71963150135415,531.0327831050276,276.658218782613,-15.07191991381578,4321.6768331239,97.6764254888972,44.24482992178232,21.518464401626275,0.0245384602431366,3.344222022651961,399.5664568589252,175,14.749437652215986
1517,1838.217794026102,1708.803204104041,276.4747693193819,-14.81973835677952,4296.47603685307,86.22986812969658,49.82584491942894,21.52481413695804,0.0217898964233448,3.344222022651961,399.5664568589252,175,14.75574824245908
873,2416.131739308904,989.7598192815428,276.5796790423881,-14.733375367156636,4291.766922598443,85.77248721216436,50.03663834514267,21.526004801072954,0.0216981003502085,3.344222022651961,399.5664568589252,175,14.7569315663228
530,2368.507929738513,629.1134882084066,276.6337152391704,-14.738746251370578,4290.103261180484,84.85710701708248,50.55679379120064,21.52642575767516,0.0214748586408374,3.344222022651961,399.5664568589252,175,14.757349927795813
479,2566.655109954801,566.1387260421952,276.6422798921871,-14.709872080961295,4273.732230180438,86.78619087953248,49.244380780725656,21.530576851594645,0.0220471855425369,3.344222022651961,399.5664568589252,175,14.761475430894409
1543,1972.9747714057628,1746.548141039358,276.46857639478924,-14.800446859624186,4264.747167065507,90.46771948711948,47.1410928809,21.53286189825762,0.0230308619009528,3.344222022651961,399.5664568589252,175,14.763746390615244
462,2501.893125493292,547.3470481920074,276.6453586521745,-14.719144220110188,4251.457124735374,84.91342095242042,50.0681409022208,21.53625061260495,0.0216844480429239,3.344222022651961,399.5664568589252,175,14.767114214088119
355,1374.1308708563738,427.3029398938564,276.6680752916328,-14.88147235716527,4249.965262101818,87.34664362318613,48.656308769415226,21.53663167102475,0.0223136532026132,3.344222022651961,399.5664568589252,175,14.767492923344554
720,1113.906553128346,817.350777281814,276.6109191497396,-14.920639507442582,4245.092913007655,90.26084276175388,47.03139017007299,21.537877121328865,0.0230845823624165,3.344222022651961,399.5664568589252,175,14.7687306956495
455,309.8767779402148,541.4051082086755,276.65558422416166,-15.035567721797356,4236.0203240775445,96.10900993693684,44.075163471739685,21.5402000338415,0.0246329205493732,3.344222022651961,399.5664568589252,175,14.771039287783173
159,1565.3280826948674,203.30715948129736,276.700718793807,-14.85293740028079,4226.59058491711,86.8990509413113,48.63793722870009,21.542619668527614,0.0223220815244474,3.344222022651961,399.5664568589252,175,14.773444005813802
1287,975.9380503851628,1430.7277177069989,276.5198901736265,-14.94303612044762,4225.735574959195,90.96329344828614,46.45539332150042,21.542839327649222,0.0233708063235257,3.344222022651961,399.5664568589252,175,14.773662310772545
63,2091.804017085145,94.8732045435651,276.7146634738515,-14.776458875880325,4221.98745288988,89.17318822747684,47.34592916112607,21.543802775926142,0.0229312217383079,3.344222022651961,399.5664568589252,175,14.774619819547068
1028,2642.4136571703866,1179.467277329485,276.5504196563576,-14.701499228553654,4218.771480480704,86.28606171880394,48.892850090078056,21.54463011808214,0.0222057007926466,3.344222022651961,399.5664568589252,175,14.775442061272832
1202,1621.5898866090404,1344.560459165715,276.5300458076295,-14.849517726977757,4216.997906529752,88.61444426524267,47.58815497287714,21.545086658177155,0.0228145008063202,3.344222022651961,399.5664568589252,175,14.775895786872193
347,685.7817447578766,416.9998603473647,276.67256182995266,-14.980801833561255,4212.688241664466,131.4826574579882,32.03987752537264,21.54619682040622,0.0338858973209315,3.344222022651961,399.5664568589252,175,14.776999105131134
1438,672.8180740156215,1597.964273522492,276.49618839904343,-14.987440387628274,4200.4032435310655,90.32086355247628,46.50534857974026,21.549367658796005,0.0233457017989749,3.344222022651961,399.5664568589252,175,14.780150395816419
1332,545.0069769512639,1468.854549230462,276.5160103270603,-15.00536540004478,4199.283791539026,89.23277909250673,47.059879051684256,21.54965705756988,0.0230706075297731,3.344222022651961,399.5664568589252,175,14.78043801049378
1299,1726.750329637919,1440.6247393259837,276.515264262359,-14.83473306251168,4198.894520722068,89.73056049669013,46.79447556640361,21.549757709259808,0.0232014567287828,3.344222022651961,399.5664568589252,175,14.78053804168236
994,739.9840529960987,1131.826607785338,276.5655299563535,-14.975880498958611,4197.1925916125765,86.12978138795225,48.731025714639465,21.5501978776508,0.0222794407480292,3.344222022651961,399.5664568589252,175,14.780975496506597
1309,1592.3750166133857,1448.9330431275623,276.5145859657888,-14.854158388705422,4183.917793929082,92.47222371389712,45.24513011468011,21.553637264520912,0.0239959526527637,3.344222022651961,399.5664568589252,175,14.784393680114375
1793,1207.7128776132229,2051.1102292663613,276.42629359668064,-14.9120810853192,4169.340520820319,88.967547304904,46.863610913442585,21.55742670539559,0.0231672288762659,3.344222022651961,399.5664568589252,175,14.78815975970054
1432,3038.803713967732,1589.6250289199932,276.48757944617967,-14.645987721770457,4151.939083167468,121.67496291518486,34.123199906472394,21.56196768931024,0.0318170629652486,3.344222022651961,399.5664568589252,175,14.792672749185707
405,2822.6109951742897,479.4639645253835,276.6541378763163,-14.672547014608767,4150.390128711413,93.44304272843986,44.416256229723786,21.562372818017874,0.0244437530796087,3.344222022651961,399.5664568589252,175,14.793075380340552
127,217.43896685027815,171.41992125169284,276.7112853246319,-15.047407108836952,4146.738693293795,103.23393923578506,40.16836637244555,21.563328448808534,0.0270287317620355,3.344222022651961,399.5664568589252,175,14.794025119822349
215,546.9395733070692,272.660000226983,276.69472997387794,-15.000254379420817,4139.857702995563,91.91398917729715,45.040561725702055,21.565131587673086,0.0241049391571076,3.344222022651961,399.5664568589252,175,14.79581714262819
1399,1502.837058529604,1557.1398965757865,276.498806097333,-14.867517702028518,4135.713535686082,91.72015546573482,45.09056395168364,21.56621899849533,0.0240782084953155,3.344222022651961,399.5664568589252,175,14.796897849739045
1759,224.1941181873577,2011.659531045828,276.4362829935705,-15.053790238242398,4127.461552841705,96.57614287992358,42.73790016622966,21.568387530425877,0.0254036814110462,3.344222022651961,399.5664568589252,175,14.799053013021881
1397,2278.596018130663,1556.5380319200146,276.49566378016374,-14.755567950389928,4117.82408379711,88.57629666116377,46.48900709350347,21.57092564839784,0.0233539081145856,3.344222022651961,399.5664568589252,175,14.801575483908119
1129,897.1197182580185,1282.7186112849877,276.5423271244084,-14.953813467402458,4110.643735884019,89.88586752347119,45.7318135669174,21.572820525024117,0.0237405848427887,3.344222022651961,399.5664568589252,175,14.803458678927262
773,1374.0469798369832,872.993159018361,276.60150478703696,-14.88331860012048,4084.8942626622447,89.66322560896388,45.5581899370556,21.57964307342265,0.0238310609245018,3.344222022651961,399.5664568589252,175,14.810239167421235
1282,2277.1469098505017,1425.8594393198955,276.51517166943,-14.755240353663831,4076.9526762887535,88.59211314938082,46.01936370356517,21.58175594582384,0.0235922427566265,3.344222022651961,399.5664568589252,175,14.812339014306689
1118,1001.2692441938264,1268.4351694222353,276.5440210759022,-14.93872692294883,4074.939454503736,90.2425760242112,45.15539819486612,21.582292220786652,0.0240436369382617,3.344222022651961,399.5664568589252,175,14.812871983221315
1502,2069.3055020365737,1695.334732789438,276.4758196563851,-14.786338008279015,4073.633049120457,86.87128655369209,46.89274455032605,21.58264035823876,0.023152835484705,3.344222022651961,399.5664568589252,175,14.81321797446248
533,420.3884262304041,630.1260196755319,276.6418509173301,-15.019976696287472,4065.463580088661,91.41108286381191,44.47451504480654,21.58481993459331,0.024411733301784,3.344222022651961,399.5664568589252,175,14.815384114082237
201,1482.246346124998,259.8091018687823,276.6926339270776,-14.86516856446746,4054.939834764693,86.3212287761973,46.97500130909657,21.587634084856766,0.0231122931291916,3.344222022651961,399.5664568589252,175,14.818180915565653
1527,1040.5997807446172,1721.6088547157249,276.4761826588539,-14.934873530602982,4049.84302766819,86.17680825826973,46.99458136730839,21.58899964611035,0.0231026635073988,3.344222022651961,399.5664568589252,175,14.819538058355542
330,3026.436038751104,405.94390446509226,276.66425158728987,-14.6428011343661,4028.209308675229,186.38692952648853,21.612080412015995,21.594815049905918,0.050235793098214,3.344222022651961,399.5664568589252,175,14.825317611129714
449,1503.3335754260297,531.4197305559475,276.65197214106547,-14.863249843923665,4024.613810248615,84.89450225866472,47.40723725531761,21.595784588915453,0.0229015665720579,3.344222022651961,399.5664568589252,175,14.826281173088473
968,300.28759695441664,1105.6094176285785,276.5713128753847,-15.039223626161522,4016.72270707399,89.1547378487418,45.05338475548752,21.59791549318588,0.0240980784438789,3.344222022651961,399.5664568589252,175,14.82839894067961
342,161.54142211046286,414.0064452725045,276.675264237468,-15.056461765060316,4013.318205018004,89.15371468754103,45.01571492655766,21.598836133915682,0.0241182440792354,3.344222022651961,399.5664568589252,175,14.829313905808602
590,364.7694350125559,689.9440505621119,276.63314991253714,-15.028246187024424,4010.118242021126,91.72446684610424,43.71917744421805,21.599702175763646,0.0248334955840663,3.344222022651961,399.5664568589252,175,14.830174608649008
1665,2507.634918294844,1888.223331225391,276.44522550374563,-14.723874432015725,4008.558326501981,90.55480036404693,44.26665743159767,21.600124603769665,0.024526360538463,3.344222022651961,399.5664568589252,175,14.830594432454868
1078,873.0953958970131,1231.9802642295194,276.5500068122839,-14.957075716846006,3983.807121761638,87.6898261012023,45.43066509407773,21.606849362586555,0.0238979552192717,3.344222022651961,399.5664568589252,175,14.837277734224115
408,1418.2776675271389,482.52721436618,276.65963761623976,-14.875327132536762,3983.070109975321,85.90440518707899,46.366308005988266,21.607050244402288,0.0234157095246785,3.344222022651961,399.5664568589252,175,14.837477377636025
1286,560.3182815756628,1430.35706013097,276.52169617095126,-15.003002671494157,3981.1005652106833,90.3588928202848,44.05875770444324,21.60758725100063,0.0246420928906606,3.344222022651961,399.5664568589252,175,14.838011073675768
1342,1890.599755546692,1487.404292589992,276.5075970479238,-14.811278469897356,3977.0647920281335,96.70871576589867,41.1241609459002,21.608688455923478,0.0264005386378159,3.344222022651961,399.5664568589252,175,14.839105489848835
1090,848.9988073494058,1243.762681439707,276.5483487392762,-14.960600382135413,3974.645948044141,92.21336955517322,43.10270806952809,21.609348999711838,0.0251886725597073,3.344222022651961,399.5664568589252,175,14.83976196149185
1097,968.8393598320924,1257.6716810875744,276.54576541142075,-14.943363216908928,3967.087833112601,85.7312127014409,46.2735532148366,21.611415581575326,0.0234626460379942,3.344222022651961,399.5664568589252,175,14.84181580321326
406,625.2757665726895,480.3180791308103,276.66335949429566,-14.98979442747491,3959.856713439658,103.5962270934014,38.2239471894038,21.61339644332136,0.0284036600045578,3.344222022651961,399.5664568589252,175,14.843784453267839
1306,1825.4978806814288,1446.780095444848,276.5139327588298,-14.82050771833819,3939.8418420566886,86.03801465410191,45.7918730214314,21.618898151225842,0.0237094472962893,3.344222022651961,399.5664568589252,175,14.849252244035226
696,1391.4395344579375,798.7021727026868,276.61252656551915,-14.880503487458538,3936.699950081937,88.39769262803006,44.53396726820952,21.619764334924067,0.024379143979275,3.344222022651961,399.5664568589252,175,14.850113087851406
1198,571.9267309975576,1341.0692696592012,276.53498451750585,-15.000970866548704,3928.474763266713,90.49604605017971,43.41045752527562,21.622035202818857,0.0250101026778594,3.344222022651961,399.5664568589252,175,14.852369956213861
886,1123.775467743059,1002.3996956485236,276.5832371260471,-14.919969328538931,3916.0967650720263,93.34402235336049,41.95337490650834,21.62546158548042,0.0258787285270719,3.344222022651961,399.5664568589252,175,14.855775215781923
1625,2587.1698748693534,1836.385598538772,276.45263119709,-14.712185100618038,3915.975516899605,87.39236710797492,44.80912517292664,21.62549520200637,0.0242294397806269,3.344222022651961,399.5664568589252,175,14.855808625067441
761,1124.970259909105,858.7651848324488,276.60468601641355,-14.91921166008111,3911.966274917446,86.08967836279508,45.4405957753939,21.626607366524212,0.0238927325109568,3.344222022651961,399.5664568589252,175,14.856913933271377
474,591.1066578781325,560.7402023517549,276.65148818209593,-14.995054150776657,3905.4588857157214,88.27184140864549,44.243541580103646,21.628414946268563,0.0245391747863204,3.344222022651961,399.5664568589252,175,14.858710369579713
288,887.3837273653897,360.2925678448125,276.6801703291233,-14.951466597914244,3872.422123817087,86.18638265046444,44.93078842306209,21.637638390070542,0.0241638314862672,3.344222022651961,399.5664568589252,175,14.867876952346291
451,878.2635550005026,533.9831797909363,276.6542568699207,-14.953495061641084,3868.8974473821872,86.61676058226595,44.66684532386346,21.638627076571517,0.0243066191965869,3.344222022651961,399.5664568589252,175,14.868859543755311
10,1629.6769182766675,35.1562514877893,276.7255623817748,-14.842943457209817,3862.9812700411712,89.0761681097722,43.3671693789147,21.640288615615585,0.0250350672074961,3.344222022651961,399.5664568589252,175,14.8705108396806
1100,2965.2888921621093,1258.408337761909,276.5372962779013,-14.655220165936628,3850.6202073273016,87.37963878089401,44.06770571554776,21.64376840773226,0.0246370892782137,3.344222022651961,399.5664568589252,175,14.873969179443145
1445,2623.269327817929,1607.4124329982649,276.48664331628896,-14.706034190498409,3850.105846193357,84.95705138305058,45.31826120982202,21.64391344873291,0.0239572298454533,3.344222022651961,399.5664568589252,175,14.874113326289548
1180,1582.5994605438973,1329.177670157567,276.53250590888325,-14.855081961034974,3848.2466766494617,87.14486847726316,44.15918853160588,21.644437864240736,0.0245860496105569,3.344222022651961,399.5664568589252,175,14.874634508860803
1640,2531.263992193223,1853.1258385313376,276.4503642546939,-14.72032110337984,3840.073182980297,85.4028662966227,44.964218995213685,21.646746368959896,0.024145865852036,3.344222022651961,399.5664568589252,175,14.876928782022707
1315,778.6562577203114,1455.7544816246243,276.51698259771274,-14.971601959599292,3837.830265747296,83.41872390670873,46.00682060348142,21.64738071309555,0.0235986748433957,3.344222022651961,399.5664568589252,175,14.877559215529631
1260,2198.07830028998,1398.6248122258698,276.519565717046,-14.76654001935155,3835.460139057133,87.77463751382288,43.69667876387549,21.648051437726956,0.0248462819306432,3.344222022651961,399.5664568589252,175,14.878225805252443
628,2720.6902069097123,736.6929954347478,276.61617281762074,-14.688347976958893,3834.0627728153777,92.8190648006881,41.30684553920386,21.64844707410596,0.0262837790159883,3.344222022651961,399.5664568589252,175,14.878619002597327
1057,2259.494182312458,1213.5505667099108,276.54693212260287,-14.756913315287312,3829.148388540693,93.61670718350014,40.90240410865013,21.649839630189884,0.0265436720324807,3.344222022651961,399.5664568589252,175,14.880002973798804
307,1081.449110006581,374.5225369160055,276.6772121486637,-14.923508850745687,3820.6980366909993,88.40915665472322,43.2160896140262,21.652238333684828,0.0251225876680805,3.344222022651961,399.5664568589252,175,14.882386889675667
1583,765.8970624870304,1788.6357441418356,276.46732309712587,-14.97477143867088,3804.686382349813,87.62626221115957,43.4194759235693,21.65679796174051,0.0250049079798001,3.344222022651961,399.5664568589252,175,14.886918408363757
1635,1720.6584333712103,1847.3633794559487,276.4545770673953,-14.837261797789632,3788.5886566893314,93.17087277640742,40.66280097838336,21.661401485163065,0.0267000790372794,3.344222022651961,399.5664568589252,175,14.891493551810902
598,2150.571133308591,697.0421774956969,276.6244941684856,-14.770495136809435,3776.441729389946,83.42529795189326,45.26734482348041,21.664888151945988,0.0239841767665781,3.344222022651961,399.5664568589252,175,14.894958723858492
97,324.9597351924759,132.21236567897932,276.7166810992128,-15.031725371320038,3765.199888252421,94.76568095072726,39.7316818755316,21.668125028899386,0.0273258001863902,3.344222022651961,399.5664568589252,175,14.898175645990351
433,2606.7382227157923,508.5658099894328,276.6507051391834,-14.703842024400553,3763.336063139956,85.53348219984669,43.99839649164548,21.668662616143003,0.024675899272969,3.344222022651961,399.5664568589252,175,14.898709919095785
822,396.9502061448062,930.497950637049,276.5970662271144,-15.024572160796286,3760.3878968538193,91.6556243477642,41.027355643620666,21.669513506222266,0.0264628315173614,3.344222022651961,399.5664568589252,175,14.899555563575687
1257,874.203568528911,1396.1535820861495,276.5254817952671,-14.957576543556089,3759.410545317311,84.46893124407822,44.50642964161889,21.669795733455373,0.0243942281765226,3.344222022651961,399.5664568589252,175,14.89983605092367
235,71.20740101936248,296.925498486012,276.6931558357097,-15.069026076695822,3745.084748953232,110.19297030091788,33.98660312655203,21.673940996809744,0.0319449400682175,3.344222022651961,399.5664568589252,175,14.903955759401638
29,1062.0893318418832,60.898697955677015,276.72415694173594,-14.925008374584356,3744.047996394656,88.06115313782757,42.51645433866528,21.674241602990374,0.02553599581357,3.344222022651961,399.5664568589252,175,14.90425451239391
33,1994.3925944779464,64.61939675669588,276.719598491596,-14.790398968722991,3731.762410315248,86.5153295661001,43.13411772261792,21.67781015727025,0.0251703305254044,3.344222022651961,399.5664568589252,175,14.907801067115313
378,1019.7462966023464,450.01375748752537,276.66619736608885,-14.932727010641,3722.986971443024,90.77758415348272,41.01218385750785,21.68036633068648,0.0264726210087261,3.344222022651961,399.5664568589252,175,14.91034148213693
327,494.7024867733252,401.63626167392937,276.6756788155098,-15.00832167075083,3715.015500446898,91.73337647671504,40.497969693614095,21.682693546363545,0.0268087513575081,3.344222022651961,399.5664568589252,175,14.912654350906722
935,2891.5464091898525,1064.3980449481892,276.56655145001207,-14.665054685920994,3710.49648589798,84.10352655986888,44.11820333427603,21.68401506017171,0.0246088897087181,3.344222022651961,399.5664568589252,175,14.91396771779655
656,1496.5090569105505,759.7684974841233,276.61789578990766,-14.865176808428323,3710.397458873078,91.11997855496357,40.71991145865961,21.684044037065057,0.0266626316489475,3.344222022651961,399.5664568589252,175,14.913996516052046
634,2947.9447346025745,743.1699519712118,276.61425187395884,-14.65556270357044,3703.035765155946,86.97707557064352,42.57484792240812,21.686200355138674,0.0255009718878777,3.344222022651961,399.5664568589252,175,14.9161395407744
1688,661.6764154936958,1918.8010830071955,276.44832138907327,-14.990322231319013,3699.905511379591,86.76768005372877,42.64151708433964,21.687118538852594,0.0254611016266757,3.344222022651961,399.5664568589252,175,14.917052064034616
232,747.8243235555565,290.6109217867448,276.69118250436134,-14.971327856521423,3685.494532081269,89.07767095113934,41.37394357900116,21.691355693708438,0.0262411533946943,3.344222022651961,399.5664568589252,175,14.921263097517853
956,3053.1344770263936,1088.0030741223582,276.56235565704543,-14.641825644770156,3667.500527980417,96.4651088311443,38.01893319169038,21.696669659122755,0.0285568244255021,3.344222022651961,399.5664568589252,175,14.926544303197081
854,443.9640957701105,965.4930504349592,276.5916370279904,-15.017928439889982,3661.962520752713,85.02133973263719,43.07109876494917,21.698310383976295,0.0252071581903439,3.344222022651961,399.5664568589252,175,14.928174913247956
385,76.82226638595345,457.3029027958539,276.66915748967045,-15.068865039851724,3641.404043970251,90.49914737811812,40.23688785437894,21.704422946262767,0.0269827031337326,3.344222022651961,399.5664568589252,175,14.934249792579122
1249,2999.530112571735,1391.225226956264,276.5173388151645,-14.650831308601775,3633.134665681777,92.55164501554434,39.25521437324621,21.706891382441146,0.027657472194062,3.344222022651961,399.5664568589252,175,14.936703011248733
353,1953.6086029301412,426.9791074790497,276.66565464059977,-14.797806573429355,3632.854939554905,89.49255225128564,40.59393601105746,21.706974979803658,0.0267453739815785,3.344222022651961,399.5664568589252,175,14.93678609324706
817,840.3574396524931,926.0420042586716,276.5958449755912,-14.960563203000104,3626.735583774076,83.5872342140668,43.38863006862999,21.708805388191927,0.0250226844747735,3.344222022651961,399.5664568589252,175,14.938605217464426
468,845.5252759390901,551.0423211670734,276.6518480542827,-14.958290581481938,3621.748303695757,89.3643647575295,40.5278805877776,21.710299458257566,0.026788965626972,3.344222022651961,399.5664568589252,175,14.940090076830385
1431,989.2174701092448,1590.6226362927732,276.49595671609137,-14.941762147092842,3620.263282501488,81.69544969860483,44.31413617107874,21.71074473268964,0.0245000826780997,3.344222022651961,399.5664568589252,175,14.940532606217788
208,2533.241933101626,263.5187709391798,276.68760004447705,-14.713421263473416,3613.882245896355,90.12983469047748,40.09640379689029,21.712660128014683,0.0270772412782864,3.344222022651961,399.5664568589252,175,14.942436193441244
1173,1705.6903728272896,1320.9122610198565,276.5332238842728,-14.837284197800114,3605.101415020792,81.44007728044444,44.26692035920325,21.71530140582857,0.0245262148617998,3.344222022651961,399.5664568589252,175,14.945061188205708
244,1895.140994468136,306.67801380219373,276.6838697289068,-14.805746227852492,3600.5963523064856,83.29879386291361,43.22507188077722,21.716659028778874,0.0251173671380943,3.344222022651961,399.5664568589252,175,14.946410441630674
1415,425.4946637862349,1575.6159466915033,276.50056688928095,-15.023032534245155,3599.399067562132,85.24735781991106,42.22299857276547,21.717020122177,0.0257134745683432,3.344222022651961,399.5664568589252,175,14.946769308946552
836,1771.7604824663608,940.649174405806,276.58972056295426,-14.8261890517886,3582.640462086827,88.00828582815144,40.70799048492362,21.72208705550538,0.0266704395639989,3.344222022651961,399.5664568589252,175,14.951805005452597
570,447.45807440448834,666.4896986793356,276.6363008401251,-15.016217020116589,3567.8597156842297,87.2924501526412,40.87248908061813,21.726575696568446,0.0265630996404092,3.344222022651961,399.5664568589252,175,14.956265974771371
1496,948.1786750341288,1686.0219123921215,276.4818831216916,-14.948065051926203,3559.6870820901822,86.82416867412293,40.99880409394707,21.729065565333055,0.0264812602219363,3.344222022651961,399.5664568589252,175,14.958740493898793
529,1007.36720210732,628.0090944571893,276.63965748599054,-14.935243743335748,3529.7507070339925,84.98271643503517,41.53492445410711,21.738235036987437,0.0261394480493064,3.344222022651961,399.5664568589252,175,14.967853437247312
1294,1371.6796446727162,1438.5256125922715,276.51706411805816,-14.88596343158385,3517.416831958748,84.27233947995552,41.73868737553416,21.74203552798282,0.0260118386146566,3.344222022651961,399.5664568589252,175,14.971630498831983
24,2456.185769217632,53.115304495167074,276.719344147754,-14.723658898954458,3513.67928341328,84.11064433770015,41.77449015021247,21.743189826569697,0.0259895452008162,3.344222022651961,399.5664568589252,175,14.972777681355248
1348,1239.781098200312,1498.3100654178745,276.50869050417924,-14.905237719369287,3496.8888949701213,84.10442471854897,41.57794202471839,21.748390536987756,0.0261124035276816,3.344222022651961,399.5664568589252,175,14.977946330236906
27,299.6303430376664,59.81837941048435,276.7276127363394,-15.03508598942714,3492.7055479353585,100.67428152318084,34.693126139977885,21.7496901866061,0.0312943836660749,3.344222022651961,399.5664568589252,175,14.979237967726098
1086,1115.6693587337218,1241.074998227841,276.5476248701121,-14.922107702762764,3489.7170901955105,87.63787822163617,39.81973503934015,21.750619570898863,0.0272653747928602,3.344222022651961,399.5664568589252,175,14.980161622515402
622,1806.0024493602127,725.8592974937354,276.6216484445731,-14.820359329736432,3488.655385254504,80.83725582743361,43.15652912194187,21.75094994349109,0.0251572594480959,3.344222022651961,399.5664568589252,175,14.98048995841417
890,1613.8403663036847,1007.3284769329204,276.5804302016746,-14.849257637412816,3482.5504520256363,88.50827456227593,39.34717368798388,21.752851579702494,0.0275928331882083,3.344222022651961,399.5664568589252,175,14.982379871346692
1061,160.29564291800443,1218.521406493007,276.5550368663809,-15.059873823593309,3482.247600486822,83.08400036882041,41.91237283988113,21.752946002219296,0.0259040451884632,3.344222022651961,399.5664568589252,175,14.982473711763992
277,254.8063963937819,342.3865523669026,276.6855675375929,-15.04270899154936,3481.751942132134,85.10606151546162,40.910739847826086,21.753100555423526,0.026538263645156,3.344222022651961,399.5664568589252,175,14.982627312172779
393,172.39909513750422,465.6809614379651,276.66749346893965,-15.055103892593294,3478.8725278604834,86.78743932342843,40.08497721537632,21.753998832443077,0.0270849598882529,3.344222022651961,399.5664568589252,175,14.983520051460166
843,886.8897018976066,950.1716366943276,276.59204275903875,-14.95394541197375,3475.0227974541485,87.97954445263153,39.498076729927966,21.75520097653993,0.0274874143220588,3.344222022651961,399.5664568589252,175,14.984714784533592
1080,641.3249604687909,1233.1533333300722,276.550811452386,-14.990524738871883,3467.2420047842024,83.31114261813707,41.61798645202322,21.757634733269594,0.0260872784235148,3.344222022651961,399.5664568589252,175,14.987133537547669
698,2658.5282821510214,799.5928562551245,276.6070458196641,-14.697586919562772,3457.590312508808,85.03653038444712,40.66005864629196,21.76066128988386,0.0267018798335897,3.344222022651961,399.5664568589252,175,14.990141435931184
155,2996.592982217505,201.35738899686783,276.6949151800922,-14.646240264041992,3455.423438083352,109.97130038363947,31.4211382972554,21.76134193487512,0.0345531721266391,3.344222022651961,399.5664568589252,175,14.990817884856442
1406,2828.6982289817174,1561.718450620947,276.4926105988828,-14.676196792299011,3434.624646803015,83.63649479202161,41.06609985681342,21.76789691650147,0.0264378649003812,3.344222022651961,399.5664568589252,175,14.997332456083997
1144,1956.983186671507,1296.8824840083462,276.5357588500573,-14.800918656786775,3428.361360595736,82.14985165790962,41.73301949311121,21.76987864237898,0.0260153713579055,3.344222022651961,399.5664568589252,175,14.999301964942822
425,114.79974340911282,501.4381429153816,276.66239672823866,-15.063562049170022,3418.2120585680823,88.59510629935255,38.58240258799783,21.77309761691165,0.0281397716879803,3.344222022651961,399.5664568589252,175,15.002501095019474
717,2337.7204849702293,814.5256738184754,276.60616574531616,-14.7439656230678,3415.14790033616,84.06638127779264,40.62441904155474,21.77407133050862,0.0267253052625672,3.344222022651961,399.5664568589252,175,15.003468805830012
513,400.7572840175532,602.9725252673721,276.64599295158723,-15.02270007718568,3411.294904729497,95.43846505396928,35.74339657286453,21.775296957790825,0.0303748413440997,3.344222022651961,399.5664568589252,175,15.004686877318766
556,2973.80085540301,651.7405980132808,276.6277882479806,-14.651443395482548,3408.489517237933,90.3475183472488,37.72643211003843,21.776190215040998,0.0287782315813297,3.344222022651961,399.5664568589252,175,15.00557462778284
349,1144.855676001724,420.2509761852408,276.670108713105,-14.914543406189775,3405.923034839303,88.84134125945326,38.33714109394867,21.777008047236958,0.0283197956086342,3.344222022651961,399.5664568589252,175,15.006387418175928
592,3058.275416923296,691.8760254692874,276.621443854409,-14.639415261553864,3385.6571481171704,110.4698057476793,30.64780575291538,21.783487679855618,0.0354250483298212,3.344222022651961,399.5664568589252,175,15.012827104910206
207,919.6838975225696,263.2441102093183,276.69453320982467,-14.946404506315536,3382.4382642143173,85.76954567748093,39.4363551479367,21.78452042506467,0.0275304346947692,3.344222022651961,399.5664568589252,175,15.01385348341251
1662,1512.231738083669,1884.5538359209213,276.44989133144406,-14.867483098765156,3379.7062139947084,84.90942020867936,39.80366613843911,21.785397746159365,0.027276381934867,3.344222022651961,399.5664568589252,175,15.014725395964918
1274,1639.2075197842055,1419.042359466015,276.51885238101795,-14.847278532879631,3373.1381302698283,83.35958371163142,40.46491093260059,21.787509806850004,0.0268306533976652,3.344222022651961,399.5664568589252,175,15.016824436143883
783,221.23600284982024,886.2739365985431,276.6044243916967,-15.049751540625694,3357.009316970245,84.46218880710055,39.745705911519416,21.792713755263005,0.027316158440284,3.344222022651961,399.5664568589252,175,15.021996303058772
811,1647.684104300712,916.6215261613888,276.59383204964183,-14.844000077353284,3345.704618577904,89.8109350884255,37.25275341230787,21.79637613205082,0.0291441544731911,3.344222022651961,399.5664568589252,175,15.025636101887565
546,1066.78891620248,639.5649672605725,276.6376776898551,-14.926713626708342,3342.0318900497223,84.81229199965964,39.40504154825971,21.797568647554094,0.0275523120225703,3.344222022651961,399.5664568589252,175,15.026821265726136
1504,2040.1111070814063,1696.609290158385,276.4757506154571,-14.790555991307029,3335.6472007926204,86.97166129005389,38.35326532016109,21.799644845077406,0.0283078895874162,3.344222022651961,399.5664568589252,175,15.028884663828384
237,560.1331212686858,298.71726129021187,276.6907787551853,-14.998456345196017,3334.567487042136,89.7301808611073,37.16216166112145,21.799996343304908,0.0292152003938954,3.344222022651961,399.5664568589252,175,15.029233995126313
810,141.87058958284044,916.252529416536,276.600283429126,-15.061324712549473,3332.4852736683097,90.35050518474084,36.88396945710856,21.800674524384508,0.0294355519750262,3.344222022651961,399.5664568589252,175,15.029907995329529
1375,1209.9133150736134,1525.7125676408662,276.5047240838262,-14.909657912879888,3332.230726872018,84.40054627612615,39.48115117608646,21.80075745985322,0.0274991981656705,3.344222022651961,399.5664568589252,175,15.029990419514524
1148,288.8962026165923,1299.47068372096,276.5423965675037,-15.041641542201395,3330.169594368257,85.82484732487731,38.80192855761678,21.80142924363853,0.0279805679861466,3.344222022651961,399.5664568589252,175,15.03065806186173
779,1266.231836467152,881.6490207305833,276.6006688231424,-14.898915961785065,3323.01763201342,84.84211321482923,39.167077599766834,21.803763507560625,0.0277197091673355,3.344222022651961,399.5664568589252,175,15.032977935425263
744,2969.2901764949875,842.3496475401055,276.5993614819719,-14.652898508101744,3321.215030809806,106.53634363417666,31.17447922010688,21.80435263486451,0.0348265641371082,3.344222022651961,399.5664568589252,175,15.03356343085485
104,2935.742455591405,140.9913807154183,276.7041843693471,-14.654771410097087,3319.6309168364387,112.40466653778014,29.53285676730052,21.80487062005481,0.0367624442347247,3.344222022651961,399.5664568589252,175,15.034078222750447
453,691.7712689281336,540.5805392997311,276.65406937489445,-14.980441792696343,3316.986076505069,91.6651352880241,36.18590717269609,21.805736000431132,0.0300033931668074,3.344222022651961,399.5664568589252,175,15.034938268197076
907,688.0766151876941,1033.0083667717695,276.5805121013071,-14.98297262896864,3312.400011463324,86.07577504706657,38.48237218488117,21.80723817803292,0.0282129177168175,3.344222022651961,399.5664568589252,175,15.036431185117538
242,1251.0359118914787,306.3649498855856,276.6866687427563,-14.89874399391254,3301.215217445424,81.6612195640034,40.425739844088895,21.810910525747463,0.0268566513361845,3.344222022651961,399.5664568589252,175,15.040080893403912
996,833.226895268262,1132.5217728733403,276.5650312753525,-14.962427705929016,3297.263719772105,88.31940337013522,37.33340120011566,21.812210911682044,0.0290811971344479,3.344222022651961,399.5664568589252,175,15.041373262670072
23,748.0815439797261,52.93003882685371,276.72670235034576,-14.970313181609606,3295.065807433973,107.61676314952012,30.618518072838604,21.812934890384557,0.0354589336236724,3.344222022651961,399.5664568589252,175,15.042092778161281
1439,377.38563902542,1599.2927456764185,276.4972328422307,-15.030066929898204,3290.7986465519352,101.5354729585016,32.410334542853924,21.81434184667461,0.0334985743070456,3.344222022651961,399.5664568589252,175,15.043491060793952
502,1452.2394734180648,589.6359130491111,276.64349420777523,-14.870866475719492,3290.6758631699777,83.91996817764984,39.21207234259145,21.81438235746378,0.0276879015858779,3.344222022651961,399.5664568589252,175,15.043531321840677
20,1317.841532096842,47.99281329989826,276.72498442029854,-14.888026198163043,3283.557796952402,85.48118026311317,38.4126399149559,21.816733458936522,0.0282641339518371,3.344222022651961,399.5664568589252,175,15.045867929154083
1009,2272.7142656970177,1153.6020283581583,276.55582465731135,-14.75475738488415,3282.4809464053837,79.66896895325087,41.20149902192807,21.817089587092994,0.0263509829926861,3.344222022651961,399.5664568589252,175,15.046221861838221
1161,1298.722736443642,1311.7785143279862,276.5362958281873,-14.895977966376403,3276.160315408546,89.51619905133153,36.59851904044639,21.819182258352402,0.0296651347777256,3.344222022651961,399.5664568589252,175,15.048301632118653
322,2367.221805288379,396.7545423664138,276.6684116284447,-14.737957202060668,3275.398523456388,82.07901766375365,39.905430360709765,21.81943474943949,0.0272068234870851,3.344222022651961,399.5664568589252,175,15.048552566639133
1505,2476.410777734912,1696.8371366882338,276.47390862421224,-14.727596111329742,3274.117597416101,82.45454583582321,39.708151493978974,21.819859436628477,0.027341992995182,3.344222022651961,399.5664568589252,175,15.048974635700466
456,2362.7245625301102,541.0600474689485,276.6468855297094,-14.73921244428506,3273.2833281009807,83.21903208800336,39.33335014807086,21.82013612547498,0.0276025305729837,3.344222022651961,399.5664568589252,175,15.049249618805097
532,2459.397458202614,630.4451906485318,276.63313277947753,-14.725628825670364,3271.335703372897,85.87025544986136,38.096261461374034,21.820782337800807,0.0284988594248492,3.344222022651961,399.5664568589252,175,15.049891847336722
200,2102.042501371057,256.7037116019869,276.69045142485646,-14.77566080021944,3265.4547035286087,86.99855014951032,37.53458762148105,21.822735962064836,0.0289253211184516,3.344222022651961,399.5664568589252,175,15.051833427823956
1632,1847.6113130084675,1844.606643278066,276.45446195543224,-14.818933388944163,3263.431727959629,84.87885910674635,38.44811019261503,21.823408792848436,0.0282380588944664,3.344222022651961,399.5664568589252,175,15.052502110714878
1087,2636.983052303629,1242.3037719547071,276.54106534001664,-14.702544265003066,3262.085050986964,81.56903358650874,39.991708955670425,21.823856921637503,0.0271481271581433,3.344222022651961,399.5664568589252,175,15.052947476862629
596,648.4034818034437,693.7819174472926,276.6313631759081,-14.987324947246083,3257.294815094414,84.31751108133243,38.6312970262184,21.825452451758675,0.0281041560489971,3.344222022651961,399.5664568589252,175,15.054533170799326
1731,68.16441647874686,1976.0599414942133,276.4422537852424,-15.076154838257072,3248.5911386420776,92.95219941504284,34.94905079262003,21.828357483400378,0.0310652213830442,3.344222022651961,399.5664568589252,175,15.05742029339203
1672,450.65179009885,1898.493095507328,276.45223664171004,-15.020681558939147,3240.0831220041146,86.7018071478882,37.37042200836103,21.83120474205981,0.0290523880023911,3.344222022651961,399.5664568589252,175,15.060249999163526
801,1539.5510035839386,904.4422449549328,276.59610772661455,-14.85955840221149,3238.456509878917,81.42070069926311,39.77436305590805,21.831749948792467,0.0272964773433054,3.344222022651961,399.5664568589252,175,15.060791844785085
1304,662.9713733455336,1446.9638662930763,276.5187828157688,-14.988258146917069,3235.1083914669,84.72207589090706,38.1849518847084,21.83287303128481,0.028432666440907,3.344222022651961,399.5664568589252,175,15.061908003655974
1064,1628.5880991463146,1219.8305680748583,276.54863872036174,-14.847998925544903,3220.737497852649,88.43838136189135,36.417870253338734,21.837706797620406,0.0298122870021611,3.344222022651961,399.5664568589252,175,15.066711970605938
1521,2800.8904169278803,1714.979193919989,276.4698615299501,-14.680843468507328,3212.8584801025863,82.7330751736477,38.83402706063018,21.840366131260634,0.0279574404762332,3.344222022651961,399.5664568589252,175,15.069354909885503
1619,1717.4107356605757,1823.52196846834,276.4581489502692,-14.837634077319503,3201.950119861227,85.30731475736575,37.5342973690865,21.84405871627858,0.0289255447977078,3.344222022651961,399.5664568589252,175,15.07302473071559
241,965.4159420569368,305.4361830438765,276.6880322377563,-14.939975874505604,3194.580529033701,89.21338572431623,35.808309516527835,21.8465605209459,0.0303197781369399,3.344222022651961,399.5664568589252,175,15.075511112162816
407,462.63422845038895,481.9834353548137,276.66380877034334,-15.013277724252193,3185.823346011719,91.06316680854292,34.98476340834708,21.84954089548495,0.0310335098547775,3.344222022651961,399.5664568589252,175,15.078473113176118
1654,2763.95170810868,1872.2810904525036,276.4465483061959,-14.686821843973796,3171.8221784356574,82.82812834170038,38.29402211469243,21.854323042920942,0.0283516836321939,3.344222022651961,399.5664568589252,175,15.083225779448624
316,2263.582152627814,388.763366942614,276.67004449651114,-14.7528889804489,3162.5253827739507,78.5962856705442,40.237593364532,21.85751007198378,0.0269822300296171,3.344222022651961,399.5664568589252,175,15.086393160994083
563,2909.889697341713,661.0832124393091,276.62666247841383,-14.660711296600782,3147.482443655783,87.48206363385603,35.97860307490152,21.862686830877728,0.0301762688712441,3.344222022651961,399.5664568589252,175,15.091538006008895
226,2024.2213067804896,282.41812084672324,276.6869427692088,-14.787006044964569,3140.8712515865045,79.9215187905242,39.29944399353555,21.864969785551956,0.0276263450490187,3.344222022651961,399.5664568589252,175,15.093806886637752
544,1757.9095774421849,637.115884588397,276.6351044709268,-14.826934782321686,3135.9578427349625,84.04427058103273,37.31316627599706,21.86666958234054,0.0290969678630144,3.344222022651961,399.5664568589252,175,15.095496204454767
1386,2931.0043377150805,1543.3491663695538,276.49492795871987,-14.66135467392105,3124.421780496079,85.67764515638116,36.467176178725495,21.870670980135436,0.0297719789072504,3.344222022651961,399.5664568589252,175,15.099472934281108
852,520.1414541986937,961.247319865821,276.5919470791759,-15.006918170123102,3119.8675621626608,91.01409696896576,34.278948713038176,21.87225472500515,0.0316724999091657,3.344222022651961,399.5664568589252,175,15.101046915620513
1355,742.1785823714646,1508.1094704347938,276.5093167400891,-14.977074584480976,3114.21653803502,80.00377244653922,38.92587115333877,21.874223104985667,0.0278914759729629,3.344222022651961,399.5664568589252,175,15.103003160857638
82,2771.0205689514514,111.7340997349328,276.70925153429374,-14.678437416524416,3113.997959401022,106.49358885468082,29.24117773559426,21.87429931261683,0.037129147458326,3.344222022651961,399.5664568589252,175,15.103078898681114
536,2723.631013804861,630.428214866477,276.6320214729739,-14.68747649580576,3111.351015084016,78.08757725843451,39.8443788925203,21.875222596905605,0.0272485110868125,3.344222022651961,399.5664568589252,175,15.103996491071962
471,1393.597204471119,553.3867875287947,276.6491583151863,-14.879182704318517,3105.3894262611866,82.86235538372185,37.47648026514142,21.877304946930668,0.0289701698857205,3.344222022651961,399.5664568589252,175,15.106066003746788
777,420.7316983319967,876.3389798126282,276.6050573613101,-15.020922083244283,3095.2272449865413,92.83493791981164,33.341189366228875,21.880863772961295,0.0325633254433238,3.344222022651961,399.5664568589252,175,15.10960289019202
1020,1585.594828779415,1167.9823470629674,276.55656082903266,-14.853992087817378,3093.263094102149,80.66969507236826,38.34479715495643,21.881552971677475,0.0283141411757256,3.344222022651961,399.5664568589252,175,15.110287840109875
1095,1271.4229238320825,1253.1153971234382,276.54517066652244,-14.899679678936272,3091.569326622616,81.55855641685297,37.906131035735015,21.882147647360128,0.0286418046457045,3.344222022651961,399.5664568589252,175,15.110878849713375
1072,2490.232165961721,1227.838450102631,276.54383593556355,-14.723667155684687,3087.2100741553004,80.17708925931439,38.50489089433552,21.883679664837285,0.0281964180337339,3.344222022651961,399.5664568589252,175,15.11240142255121
1551,2990.831351609703,1754.741866549348,276.4631474584787,-14.653595575453652,3085.943810248602,112.99331157007964,27.310853778585532,21.88412508661465,0.0397534258284996,3.344222022651961,399.5664568589252,175,15.112844098375545
524,919.7398545132862,623.0303923639152,276.64077528856126,-14.947872113573297,3083.1004453431524,81.71634729767403,37.72929832646729,21.885125936766435,0.0287760453588498,3.344222022651961,399.5664568589252,175,15.113838778448438
1108,610.9848038924838,1260.652425917234,276.5468319902165,-14.99501301835676,3080.325720604917,85.00251220838943,36.23805509481048,21.886103516193508,0.0299602171573352,3.344222022651961,399.5664568589252,175,15.114810331256864
1725,420.9802031482888,1972.3766576953835,276.44132667770504,-15.025252629826578,3080.131851576938,81.70122020183187,37.69994920477181,21.886171852228703,0.0287984472897533,3.344222022651961,399.5664568589252,175,15.114878246011484
1336,1603.4654110024337,1477.4941603105476,276.51027569289823,-14.852674004942047,3078.5518420275475,85.74507780457223,35.90354013141251,21.88672894322237,0.0302393579024845,3.344222022651961,399.5664568589252,175,15.115431902629508
1571,1289.4339650666411,1774.1200616889043,276.46730375311773,-14.899183572209722,3072.297707580845,79.61439320006426,38.58972710952428,21.888936879697987,0.0281344306198019,3.344222022651961,399.5664568589252,175,15.117626227534783
88,1969.7232314981625,116.57027992302396,276.7119446805801,-14.794179874486648,3068.481128606538,86.4358328347319,35.50010485204178,21.89028648000597,0.0305830082622292,3.344222022651961,399.5664568589252,175,15.118967507775716
840,1098.633734589314,944.74186643845,276.5919555714257,-14.923363296490662,3065.787180776912,82.47961627290628,37.17024059172292,21.891240111876265,0.0292088504867456,3.344222022651961,399.5664568589252,175,15.119915260660166
1613,239.78644747040963,1820.3538829545323,276.4647913641289,-15.05078965703064,3050.28627710318,88.80135635388943,34.34954602435619,21.89674361947029,0.0316074046285841,3.344222022651961,399.5664568589252,175,15.125384840022301
1652,1574.7924967145268,1871.797866049968,276.4515355290944,-14.858405790817352,3046.2906804263475,78.52051727718025,38.79611069897607,21.898166767122813,0.0279847639477081,3.344222022651961,399.5664568589252,175,15.12679921420032
1459,1206.746638658486,1623.9443906974136,276.49007019396475,-14.910510289366082,3044.7653136830777,81.2905720782435,37.45533136059667,21.89871056311974,0.0289865277000904,3.344222022651961,399.5664568589252,175,15.127339657783105
40,584.6878321358593,74.43963701467267,276.7241934856206,-14.993992034468503,3037.0943734256725,91.18353408979848,33.30748696836768,21.901449403674096,0.0325962748564938,3.344222022651961,399.5664568589252,175,15.130061613829566
739,2128.6169072739326,837.7643118014528,276.6035772139142,-14.774249758340016,3035.485222708376,80.68703274105441,37.62048398098904,21.902024814240864,0.028859277848436,3.344222022651961,399.5664568589252,175,15.130633477083494
8,889.3525419602398,33.294649354061974,276.7290269468658,-14.94983502529783,3026.882981716597,89.40054462154474,33.857545214407395,21.905106042711402,0.0320667075278098,3.344222022651961,399.5664568589252,175,15.133695710280152
1222,1466.9971703311614,1364.3651499514174,276.52773715578644,-14.871907866774876,3017.851707612892,81.93617639483762,36.83173709583831,21.908350383139773,0.0294772955501649,3.344222022651961,399.5664568589252,175,15.13692004987587
376,690.166304349343,448.5038424053666,276.6678352394026,-14.980297654357823,3015.672212198784,87.57981543419527,34.43341593320285,21.90913478615651,0.0315304180713915,3.344222022651961,399.5664568589252,175,15.137699617175207
367,867.0541501809064,436.3509074144714,276.6688927127791,-14.954713401856344,3013.841771759005,85.1719895587421,35.38536304450649,21.909794001981354,0.0306821777873083,3.344222022651961,399.5664568589252,175,15.138354769041387
424,1637.4261746873262,499.1654413345779,276.6562188227996,-14.84375728126818,3013.172552115488,81.9608830368314,36.76354427222843,21.91003511506317,0.029531973086179,3.344222022651961,399.5664568589252,175,15.138594395700151
80,2517.472227693497,106.80524625338838,276.71106599428464,-14.71503529540172,3012.8957723141066,82.41813819026623,36.556222191754586,21.910134851685836,0.0296994583932932,3.344222022651961,399.5664568589252,175,15.13869351746271
875,1081.0372781384344,991.4484577210789,276.58505381191327,-14.926092975702302,3010.1572263047565,84.5565609220472,35.59933367062816,21.911122171158645,0.0304977618414182,3.344222022651961,399.5664568589252,175,15.139674750271071
1747,1636.455481883311,2002.4890491640272,276.4317736416868,-14.850035268749066,3007.3809002237394,77.48952200806444,38.8101619714567,21.912124028693363,0.0279746320254599,3.344222022651961,399.5664568589252,175,15.140670431516545
1026,206.53623635783592,1177.5258501667115,276.56096587874123,-15.053038542012446,3006.4301254471065,104.340722644227,28.813583510420965,21.912467335325964,0.037680144838886,3.344222022651961,399.5664568589252,175,15.141011621719423
731,864.4957120330673,830.4572327844235,276.6100217156746,-14.956691333410363,3005.960326533852,81.42943486786194,36.91491082323876,21.912637010829968,0.029410879663199,3.344222022651961,399.5664568589252,175,15.14118025120146
1637,2372.841293770547,1846.6833832893788,276.4519790840751,-14.743155221873668,3004.291818521393,89.08079028380826,33.72547334784329,21.91323983399275,0.0321922835241519,3.344222022651961,399.5664568589252,175,15.141779358057198
858,2747.39125135227,971.506509808019,276.58101578174785,-14.68547728189064,2996.8978944645787,79.19172265896233,37.843574982838334,21.915915255197472,0.0286891500206403,3.344222022651961,399.5664568589252,175,15.144438285724027
1579,987.7356186143726,1782.5607828051402,276.4673026558815,-14.942743896017593,2996.2236844038125,78.79152561218775,38.02723276550373,21.916159540004994,0.0285505918007499,3.344222022651961,399.5664568589252,175,15.144681064555323
1050,121.33818106974378,1205.5201623186654,276.55714505185915,-15.065442958289518,2982.227950459492,80.75448284228644,36.92956533798607,21.921243031097088,0.0293992087386752,3.344222022651961,399.5664568589252,175,15.149733216749153
280,466.9255737472439,351.5225045844235,276.6832880432159,-15.012126961951395,2976.344394006155,83.41849174492904,35.67967163811836,21.92338716628951,0.0304290916971358,3.344222022651961,399.5664568589252,175,15.151864133695797
539,97.4557948299632,634.4191891330186,276.642594691822,-15.066601839806092,2968.7601523913327,83.13088455994298,35.71187974369088,21.926157341350226,0.0304016480731963,3.344222022651961,399.5664568589252,175,15.154617231076466
745,2457.2970716827635,843.3400179442474,276.60136153722067,-14.726822529683188,2965.650975812372,82.48867929593081,35.95221794221003,21.927295026561012,0.0301984150670527,3.344222022651961,399.5664568589252,175,15.155747902642409
1555,1875.1298962206515,1758.0134143437476,276.4672713661958,-14.814611853863257,2964.579914752743,82.66386241117254,35.86307037054273,21.927687216950915,0.0302734815726144,3.344222022651961,399.5664568589252,175,15.156137675242155
1146,446.2751126302496,1298.562810446247,276.5418656842712,-15.018930698539634,2962.0696885852667,95.57743431776488,30.99130783043744,21.92860694184695,0.0350324034706822,3.344222022651961,399.5664568589252,175,15.157051730183346
1737,1682.4714061422428,1979.5926917269924,276.43500031008045,-14.843304428452658,2952.340292592562,80.1217255727754,36.84818657470027,21.932179087519007,0.0294641365267466,3.344222022651961,399.5664568589252,175,15.16060185415658
1138,1609.6097409127362,1292.9118052269778,276.5378071353401,-14.851036153352528,2948.602524173446,82.94922993921756,35.54707531744519,21.933554539261685,0.0305425971139509,3.344222022651961,399.5664568589252,175,15.161968826462301
260,1710.0107270150131,328.5759413475725,276.6813886694432,-14.83256858623946,2947.8811437305994,78.03150716391829,37.7780879912787,21.933820198903,0.0287388816567593,3.344222022651961,399.5664568589252,175,15.162232848355005
1442,563.993072647444,1601.0404603480176,276.4961864420273,-15.003152813323604,2946.1327886482177,80.87437358325504,36.42850829150919,21.934464327840992,0.0298035810665641,3.344222022651961,399.5664568589252,175,15.162873006342545
1252,470.7103412504047,1394.2272851678802,276.5274714153938,-15.015787102543786,2943.7187692621374,81.1966520965423,36.25418897520645,21.935354329352048,0.0299468842274334,3.344222022651961,399.5664568589252,175,15.163757521138605
205,2317.7883303746808,261.0295638104543,276.6888871865365,-14.744524326369346,2940.884810939984,78.67823507712687,37.37863219805436,21.936400085909504,0.0290460066662501,3.344222022651961,399.5664568589252,175,15.164796830776462
668,69.97295014940678,773.0343677885646,276.62199496018644,-15.07112558159447,2939.927009201056,89.94022698255279,32.68756492877611,21.936753751378127,0.0332144655732436,3.344222022651961,399.5664568589252,175,15.165148315954818
1668,2559.5968274808283,1894.1045004240536,276.4441340222857,-14.716400416745728,2938.7940632374084,79.76402178704328,36.84360438950159,21.937172237117064,0.0294678009383187,3.344222022651961,399.5664568589252,175,15.165564221797036
1422,2944.5991458875496,1579.0153885007871,276.4895511094952,-14.659540426777674,2925.0150244169345,93.1077070014584,31.415391041378754,21.94227486874322,0.0345594934205966,3.344222022651961,399.5664568589252,175,15.170635396526636
1235,2160.1215870750266,1379.968958651588,276.5225083940165,-14.771941496762592,2923.253214634344,78.41068647228842,37.28131133844196,21.94292903187204,0.0291218297056117,3.344222022651961,399.5664568589252,175,15.171285526845848
436,921.83994524893,512.8273577728639,276.6572313772974,-14.947118118863914,2923.236893610854,79.93723869041149,36.569150267152,21.942935093740196,0.0296889589194316,3.344222022651961,399.5664568589252,175,15.17129155134357
727,243.2146592611016,827.7052798103648,276.6130829091806,-15.046344396573952,2913.9089879875537,78.86592500837332,36.947629634448326,21.946405164105464,0.0293848349878375,3.344222022651961,399.5664568589252,175,15.174740229287726
1040,434.7100076514408,1192.438284295533,276.55776914226857,-15.020174882711244,2907.081757086125,134.57652206841792,21.601700745455304,21.948952007243165,0.0502599315115693,3.344222022651961,399.5664568589252,175,15.17727137155047
224,941.9366963105666,277.78945123513245,276.6922641363889,-14.9432517462655,2903.989998815494,88.87258886864409,32.67587943350749,21.95010733085593,0.0332263436768183,3.344222022651961,399.5664568589252,175,15.178419572780504
500,808.0424383352168,589.4148820440013,276.646274966303,-14.96385784120094,2881.981467272417,80.46753216611002,35.815457361400256,21.958367162379936,0.0303137270884079,3.344222022651961,399.5664568589252,175,15.18662848378255
270,703.778437377026,334.4217712306783,276.68482480352924,-14.977865994184842,2876.716760062962,82.59871197555029,34.82762250474907,21.960352362712232,0.0311735318668954,3.344222022651961,399.5664568589252,175,15.188601445676708
214,1271.126343335519,271.9295195571999,276.69172732818686,-14.89570088702478,2872.014840371092,85.76882583309937,33.48553291332038,21.962128422523172,0.0324229571860304,3.344222022651961,399.5664568589252,175,15.190366556366913
816,1463.7623797468923,923.6680396049362,276.5935570701416,-14.870576694625877,2869.1842161683016,88.0423945254043,32.58866630825686,21.963199039095702,0.0333152633412592,3.344222022651961,399.5664568589252,175,15.191430572761883
957,2115.4911557038718,1089.591781158014,276.56603818570693,-14.77718720283124,2867.9713021447824,77.65782242080226,36.930874607894445,21.963658118402165,0.02939816648068,3.344222022651961,399.5664568589252,175,15.191886821918862
1745,2604.042516072061,1998.7731684097064,276.4283368457577,-14.710415203606058,2862.563476890151,80.92224371178658,35.37424749473685,21.965707307051147,0.0306918189612806,3.344222022651961,399.5664568589252,175,15.193923377652114
848,1247.1189214071237,952.538983878622,276.59016196778214,-14.901964179388695,2859.534126642568,82.88149965733247,34.50147666807555,21.966856911890446,0.0314682183155541,3.344222022651961,399.5664568589252,175,15.19506589536399
1191,1384.2649507209865,1336.904922491549,276.53218452017046,-14.883735396809035,2858.6816547542694,84.33179206176955,33.89803044456121,21.967180635105834,0.0320284094905046,3.344222022651961,399.5664568589252,175,15.195387622878252
162,808.0438029307336,204.7787876874221,276.7037501654181,-14.962281478242582,2855.42849255912,79.06784280389013,36.11365115450744,21.968416899813995,0.0300634238104305,3.344222022651961,399.5664568589252,175,15.196616266214955
409,2123.23448936167,483.0869796011271,276.65655580497844,-14.773549221253324,2855.193780071946,79.38121619758851,35.968128441935896,21.968506149578037,0.030185056799735,3.344222022651961,399.5664568589252,175,15.196704965768673
255,2866.1234502468747,323.2698211826749,276.6772691655128,-14.665601578950453,2854.096141440241,91.22531194205222,31.286230550279825,21.968923625668143,0.0347021670845,3.344222022651961,399.5664568589252,175,15.197119868186379
483,41.34867773417752,571.8078126749471,276.65219437665905,-15.074447103465484,2844.022573882976,86.06572463094764,33.04477579289814,21.972762523714607,0.0328554203788344,3.344222022651961,399.5664568589252,175,15.20093510004889
1623,1613.4632516703948,1833.3562239053324,276.4571127773142,-14.85267153438198,2840.332406404719,80.29529803548841,35.37358320968392,21.97417219957387,0.0306923953268827,3.344222022651961,399.5664568589252,175,15.202336085485067
188,1069.395361193904,237.59902307753572,276.6977220435043,-14.924684422655924,2833.526923066965,102.22850855117235,27.71758057732586,21.97677676298126,0.0391700854615048,3.344222022651961,399.5664568589252,175,15.204924592181397
1277,941.1879361024536,1420.5517903707532,276.5215560368852,-14.948009344711686,2821.721685421362,80.28762211765056,35.1451644848382,21.98130968219405,0.0308918741998882,3.344222022651961,399.5664568589252,175,15.20942956668228
850,932.6663440648264,958.205616535575,276.590648354846,-14.947371401448455,2811.444535179762,90.12910549269218,31.193525330257703,21.98527132154285,0.0348052997699132,3.344222022651961,399.5664568589252,175,15.213366783166899
1169,117.93251846606212,1317.9628914353636,276.5403584960977,-15.066381483107882,2811.2287285628263,87.9677617086268,31.957488447579035,21.985354665904637,0.0339732579980717,3.344222022651961,399.5664568589252,175,15.21344961372421
1418,1708.404455711867,1577.063891610782,276.4949736171187,-14.837935351186903,2804.35394894614,78.27210651625992,35.828267230339264,21.988013054637275,0.0303028888620277,3.344222022651961,399.5664568589252,175,15.216091613921387
1700,2515.5653083466614,1933.4989485894437,276.43843832533685,-14.722915212116147,2800.3199768015475,91.6249800259577,30.562844062920465,21.989575975306956,0.0355235264677869,3.344222022651961,399.5664568589252,175,15.217644899438577
1790,2479.1662077726214,2043.7320297191256,276.4221432926907,-14.728617188823028,2798.086104065704,90.85918611543497,30.795852612093466,21.990442435009882,0.035254747243908,3.344222022651961,399.5664568589252,175,15.218506017557933
1114,1363.958439002129,1265.0381586165277,276.54300092223536,-14.88637404392251,2794.238320562028,84.96081702599176,32.88855284556876,21.991936510889623,0.0330114859446082,3.344222022651961,399.5664568589252,175,15.21999088270215
1792,1980.542647432417,2046.050386750452,276.423850748829,-14.800568645118105,2792.3400400060345,79.8312761068829,34.978020848213454,21.99267436217273,0.0310394920487747,3.344222022651961,399.5664568589252,175,15.220724185251742
1267,278.6542731777229,1412.007029044519,276.5256271188861,-15.043567130636008,2792.0748872574186,79.59317808945733,35.07932406115655,21.99277746552122,0.0309498551941084,3.344222022651961,399.5664568589252,175,15.22082665298481
98,703.7555982194234,132.16562943121963,276.715051507607,-14.977039114897156,2788.279392697499,84.65311979345309,32.93770388499184,21.994254399166426,0.0329622248044649,3.344222022651961,399.5664568589252,175,15.222294481573586
837,64.47936153101921,942.5757861416148,276.5966802068011,-15.072597802864104,2785.5971215543977,79.56851809552028,35.00878473330808,21.995299359207575,0.0310122161700472,3.344222022651961,399.5664568589252,175,15.22333299960553
1710,2941.599531614216,1952.474993196315,276.43385673187447,-14.661516034189694,2776.686746601132,103.83197482783083,26.74211630093041,21.998777903341377,0.0405988810976125,3.344222022651961,399.5664568589252,175,15.226790099078814
562,2201.784812210318,660.7457233590742,276.62969692348435,-14.762949886133049,2773.148228623584,76.54265656772999,36.23010165801757,22.00016241211224,0.029966794193627,3.344222022651961,399.5664568589252,175,15.22816607257761
880,935.527900305501,998.702358502775,276.58458697045285,-14.947122720581916,2767.34880500671,82.19434712914742,33.66835922011192,22.00243536576567,0.0322468936755151,3.344222022651961,399.5664568589252,175,15.23042501384034
1329,106.84146742885346,1471.4854059140512,276.51746778800896,-15.068590288887988,2759.442206558073,81.2717963111485,33.95325724060002,22.005541865009285,0.031976313562687,3.344222022651961,399.5664568589252,175,15.233512362019857
334,1010.1647955981578,407.5269117837119,276.672586317915,-14.933935621196062,2745.409355370328,83.34481962047184,32.94037191360095,22.011077348544838,0.0329595550058655,3.344222022651961,399.5664568589252,175,15.239013720197027
974,1022.5060597291664,1112.0569857315077,276.56728722779013,-14.935029758109698,2742.437114808359,82.60475295943036,33.19950749268933,22.0122534271835,0.0327022923529536,3.344222022651961,399.5664568589252,175,15.240182548501588
569,2793.045358405137,663.0649534761839,276.6268579860468,-14.677591093369395,2740.4187508989708,77.94726244582502,35.15734440069168,22.013052795586923,0.0308811720141934,3.344222022651961,399.5664568589252,175,15.240976988928429
1083,1616.241623579328,1238.2740773794228,276.54593687235433,-14.84985612011124,2739.879190599808,98.59184368478152,27.79012023915251,22.013266586938997,0.0390678410405146,3.344222022651961,399.5664568589252,175,15.241189462291485
78,1716.7201693832235,106.75502503180874,276.71449345002515,-14.83067369706972,2739.3323654154374,82.175849703553,33.33500505680805,22.013483299835094,0.0325693665907594,3.344222022651961,399.5664568589252,175,15.241404839187718
611,519.7251753089067,715.5736417057343,276.62865696859944,-15.005985597418183,2735.5311264648626,85.14634416180145,32.12740550864523,22.014990969723442,0.0337935784982029,3.344222022651961,399.5664568589252,175,15.242903214535682
940,811.3021800984616,1066.489484244657,276.57498778569726,-14.965324948203138,2709.647549127141,78.74249862255623,34.41150073374669,22.02531310986527,0.031550498433661,3.344222022651961,399.5664568589252,175,15.253161720357335
588,739.4687462998435,687.4307339118202,276.6319231478863,-14.974155230676311,2705.744068756117,85.12508215785437,31.78550904348775,22.02687833395115,0.034157074486823,3.344222022651961,399.5664568589252,175,15.254717295090535
931,1636.221467410434,1062.999313161518,276.57202316220867,-14.846255494119196,2704.1447015067097,78.2719428590123,34.548071796014604,22.027520303149302,0.0314257769987974,3.344222022651961,399.5664568589252,175,15.25535530665268
1716,2143.994581760121,1961.6791057508372,276.4357656478722,-14.776644145941995,2704.050012166903,78.72254392580393,34.349118782485895,22.027558322359,0.0316077977684126,3.344222022651961,399.5664568589252,175,15.255393091480114
1368,1631.1399130516522,1519.2070383486673,276.5039328871327,-14.848849851559857,2703.353049931,77.41933697537765,34.9183182851433,22.027838204264736,0.0310925626811166,3.344222022651961,399.5664568589252,175,15.255671247959286
199,2432.9961696475134,254.29636094765985,276.6894028148568,-14.727858921951016,2702.8816929057066,85.64063387091718,31.560738994291608,22.028027529890934,0.0344003351821505,3.344222022651961,399.5664568589252,175,15.255859406423701
1424,155.21531100419193,1581.525747404889,276.5008235732944,-15.062047023127889,2701.2480957114312,86.97613455552265,31.05734819690159,22.028683937394533,0.0349579105439631,3.344222022651961,399.5664568589252,175,15.256511767281479
269,544.5357427238814,333.75089310443497,276.68561002165995,-15.000851119297629,2699.255527308764,91.62367837967146,29.46023970052317,22.02948512332252,0.0368530606348297,3.344222022651961,399.5664568589252,175,15.257308014028139
1360,2648.994098944416,1512.3576815539866,276.500719182724,-14.70192921485726,2696.753409636847,92.7848203605354,29.064596979958917,22.030492030453853,0.0373547240565086,3.344222022651961,399.5664568589252,175,15.258308713740282
995,2951.3622579082603,1133.780430042559,276.5559492504601,-14.65670976397008,2695.4454160640307,77.13828641095407,34.94302947960304,22.031018767709416,0.0310705744799186,3.344222022651961,399.5664568589252,175,15.25883220374608
305,1267.2033182216935,371.6354317805498,276.67684833570365,-14.896679636804802,2692.533381543646,78.61782475291858,34.248383111664374,22.03219238094544,0.0317007666160517,3.344222022651961,399.5664568589252,175,15.25999858184681
1600,400.2265295873688,1799.9849005889096,276.4671603311859,-15.027566349679647,2691.8590229266265,78.83100738074967,34.14721075331547,22.032464343133302,0.0317946905778998,3.344222022651961,399.5664568589252,175,15.260268867431884
805,1007.7627439733476,912.6698121274324,276.5971316363146,-14.93634803675567,2691.5928286830604,82.168457723824,32.75700802039829,22.032571715405197,0.0331440526962632,3.344222022651961,399.5664568589252,175,15.260375577771137
1265,1587.5107145634377,1409.0857025258342,276.52055525030164,-14.854698380935623,2677.003327298502,87.58975127299757,30.56297441643468,22.038472844265325,0.035523374957124,3.344222022651961,399.5664568589252,175,15.266240327128747
154,1969.0675090621603,200.6843418140136,276.6993846460843,-14.794627620391616,2672.858581751294,81.78081002121353,32.68320014264921,22.04015516851106,0.0332189013089706,3.344222022651961,399.5664568589252,175,15.267912280118304
781,1812.1023355914824,883.5003738764807,276.5980835099912,-14.820130175931377,2671.8997933735955,74.69750796748117,35.76959748826936,22.040544705770735,0.0303525920400992,3.344222022651961,399.5664568589252,175,15.268299415943941
465,371.5370818268347,550.7501248578136,276.65392280864233,-15.026705861277058,2669.386348439497,82.86952886767772,32.211916550193635,22.041566533956903,0.0337049178153751,3.344222022651961,399.5664568589252,175,15.269314944725037
356,468.4777731764439,430.3305058425414,276.67150317755807,-15.01222404755721,2667.810997855093,97.33084019081804,27.409719186897224,22.042207475298724,0.0396100373227829,3.344222022651961,399.5664568589252,175,15.269951934767418
130,1025.4797632782215,173.2163369831316,276.7075310065265,-14.93075893569346,2662.1265532936086,84.53357795999285,31.491942226241875,22.04452337845712,0.0344754855766024,3.344222022651961,399.5664568589252,175,15.272253560758381
597,1043.8059832265635,693.7318042464462,276.62968369881804,-14.930252780171555,2658.377292986639,83.14713325562957,31.971965705824868,22.04605357501284,0.0339578745326315,3.344222022651961,399.5664568589252,175,15.273774323900467
1319,1115.1974482905518,1462.0761276937387,276.51462363721305,-14.923068248914154,2656.415438609052,76.42546380394276,34.75825080268611,22.04685513267672,0.0312357490646824,3.344222022651961,399.5664568589252,175,15.274570940091321
1199,1198.8200060940417,1341.4534788878,276.53228462938154,-14.910514709831888,2653.254488983832,79.14307340178435,33.524784607669936,22.048147852526256,0.0323849955400342,3.344222022651961,399.5664568589252,175,15.27585569053261
339,445.65165019161526,410.5083495494443,276.67456381068143,-15.015438215178294,2651.44162306466,91.18608310913828,29.077261931420143,22.048889947529577,0.0373384537567762,3.344222022651961,399.5664568589252,175,15.276593210640572
1120,1043.5151014035553,1269.7781916141982,276.5436423720608,-14.932636101363132,2646.3049648488523,80.02600688927917,33.06806209274162,22.05099539272274,0.0328322838198102,3.344222022651961,399.5664568589252,175,15.27868567610553
838,505.66648323727,942.5597317195068,276.5948008251709,-15.008931762196006,2646.0594207379327,87.21769749791883,30.338560827073795,22.05109614018148,0.0357861404892724,3.344222022651961,399.5664568589252,175,15.278785802472521
885,176.46897134869678,1002.3801905269912,276.587265076035,-15.056677090339733,2643.5677403097507,77.6175035632867,34.058912216292484,22.052119012973563,0.0318771190666695,3.344222022651961,399.5664568589252,175,15.279802369419707
478,1518.268964424037,565.4786113621775,276.6468214516915,-14.861234443274158,2642.0300601624185,77.64629148091441,34.02648097896387,22.05275073529426,0.031907501709366,3.344222022651961,399.5664568589252,175,15.280430197274734
589,1510.381173522527,688.1186338833326,276.6285378749673,-14.862879255723769,2634.325475862512,84.99203227512079,30.99496982652622,22.0559215421155,0.0350282644595715,3.344222022651961,399.5664568589252,175,15.283581456586086
1624,3021.828738159082,1831.7634463636016,276.45153166110384,-14.649440434344283,2631.649128212506,97.34650801528964,27.03383184324566,22.057025158448198,0.0401607883889852,3.344222022651961,399.5664568589252,175,15.284678269303052
809,163.64528173955705,916.3800561216356,276.60017135984464,-15.05818304632016,2623.8705745294574,91.33842656316143,28.72690797574693,22.060239098838096,0.037793834300462,3.344222022651961,399.5664568589252,175,15.287872396271608
775,941.525946317898,873.7243404140318,276.60323058107224,-14.945749506875142,2622.014314777218,81.50347429203515,32.1705833714803,22.061007475783104,0.0337482223266889,3.344222022651961,399.5664568589252,175,15.288636036297346
704,486.3272657797178,804.4345928580059,276.61552159764767,-15.01116527886552,2612.084435631172,82.39302707451782,31.702736607416465,22.065127093217324,0.0342462549351658,3.344222022651961,399.5664568589252,175,15.292730256958107
621,1428.6288550896338,725.3893921286056,276.6233183984103,-14.874834039582074,2605.1440056681167,87.20585324349207,29.87349941286804,22.06801578425985,0.036343248073988,3.344222022651961,399.5664568589252,175,15.295601139688772
1788,921.28993512929,2040.0858104742204,276.42912955870327,-14.953354045713938,2591.4774588282453,84.90141186324344,30.523372956418168,22.07372653267912,0.0355694634911476,3.344222022651961,399.5664568589252,175,15.301276682270073
83,299.8110359887307,113.05267555778984,276.71965402587205,-15.035277605172512,2586.7364696210425,96.5588901770014,26.789210862710984,22.075714656436872,0.0405275095845108,3.344222022651961,399.5664568589252,175,15.303252549567246
501,1228.1754561976422,589.6118547754414,276.6444520045656,-14.90321212657484,2565.598698432703,76.81753254981484,33.398608537301776,22.08462330522515,0.0325073422980307,3.344222022651961,399.5664568589252,175,15.312106277980336
1103,123.94253163876584,1260.6574451919817,276.54889535990765,-15.065286613574491,2558.216414092487,81.0773007214082,31.55280690563244,22.087751918866388,0.0344089831135179,3.344222022651961,399.5664568589252,175,15.3152156042258
710,36.96917941198219,809.3162644576408,276.6167137564728,-15.076033929410263,2543.948399387038,79.40890944832701,32.036057629559025,22.09382437676767,0.033889937786797,3.344222022651961,399.5664568589252,175,15.321250626408807
1041,1679.48855694742,1193.36033041556,276.55237700326364,-14.840544508031742,2542.6971562902327,76.59017349165109,33.1987386941669,22.094358528378464,0.0327030496550388,3.344222022651961,399.5664568589252,175,15.321781485061537
1059,246.13582945740623,1215.0537660540206,276.5551904447664,-15.047474567935014,2541.9688190824527,78.71479197355669,32.29340706301298,22.09466957421117,0.033619865438215,3.344222022651961,399.5664568589252,175,15.322090613347124
922,616.0530756515076,1050.2559040158758,276.57824123440804,-14.99343586296569,2534.772459447704,86.62628549070811,29.26100830814908,22.097747672149392,0.0371039845437464,3.344222022651961,399.5664568589252,175,15.325149735310687
610,1152.152521780912,714.0795927638984,276.62618278660483,-14.914696748933386,2529.18507693772,81.94966314093826,30.86266593418437,22.10014359506111,0.0351784256847833,3.344222022651961,399.5664568589252,175,15.327530887746166
1516,279.3571067147183,1709.8461974681102,276.4811316756726,-15.044645866670065,2526.146799939393,75.39320081070505,33.50629463632889,22.101448659818356,0.0324028667384438,3.344222022651961,399.5664568589252,175,15.328827906990808
1390,2490.99904908816,1550.8920417251004,276.4956246284645,-14.72489085829638,2521.3434601552726,79.45448384470969,31.733180283231444,22.103515097280507,0.0342134003056009,3.344222022651961,399.5664568589252,175,15.33088160520109
535,1822.193895194264,630.534228619251,276.635814726095,-14.81762689259413,2517.5513850391144,82.71942318126052,30.43482761627196,22.1051492627666,0.0356729472461191,3.344222022651961,399.5664568589252,175,15.33250569632195
942,537.6605561273891,1073.2267365908665,276.57514235479294,-15.004840848107678,2517.0775649069983,82.14335933204369,30.64249606267441,22.10535362486701,0.0354311867342455,3.344222022651961,399.5664568589252,175,15.332708798563152
1697,2537.1997643353043,1930.5288743838348,276.43879233760583,-14.71978129404819,2513.710031046532,81.08713896269504,31.00010757813258,22.106807176188514,0.0350224591080403,3.344222022651961,399.5664568589252,175,15.334153388976462
1013,1493.3982879171924,1156.4373149357643,276.55867265917817,-14.867251224882049,2510.389802111982,77.36141566942258,32.450153353440044,22.108242216656194,0.0334574690040688,3.344222022651961,399.5664568589252,175,15.33557958265236
799,1200.6426149709198,900.3393837964027,276.59815526221803,-14.908459191186289,2508.451259618392,89.27479322271752,28.098090951165297,22.1090809544638,0.0386396357634031,3.344222022651961,399.5664568589252,175,15.336413149777387
236,1178.1845712441427,296.23155064691053,276.68849486264764,-14.90922007799998,2495.2258112002164,84.12530645608365,29.66082284054218,22.11482048617533,0.0366038395440601,3.344222022651961,399.5664568589252,175,15.342117298206615
1045,473.0379300451257,1199.396533477956,276.55656707618016,-15.01467229019528,2495.0838221648883,101.66155023444604,24.54304322933173,22.114882270973347,0.044236567969797,3.344222022651961,399.5664568589252,175,15.342178702111374
128,550.1477398183926,173.0814210987631,276.70959914221373,-14.999383478933696,2489.4542038558866,89.87814770756586,27.69810312464113,22.117334768269608,0.039197630072874,3.344222022651961,399.5664568589252,175,15.344616080159488
459,1103.0692097034066,544.4345783518985,276.65173463766416,-14.921086415786466,2481.661939481244,82.02060789998998,30.25656603895455,22.1207385714534,0.0358831203317055,3.344222022651961,399.5664568589252,175,15.347998899448603
1290,1279.2629793976682,1435.590943639038,276.51788987380377,-14.899287326810468,2479.9794460578414,78.44823083365961,31.612942952357344,22.121474918138755,0.0343435282705636,3.344222022651961,399.5664568589252,175,15.348730706676045
741,1726.948059628939,840.3717916304834,276.6048831536713,-14.832244465667992,2477.485269180412,79.75299669497876,31.06447872618176,22.122567419455834,0.034949886317743,3.344222022651961,399.5664568589252,175,15.34981647289966
1395,166.23012992880126,1554.8959834049506,276.5047553761206,-15.060352755243407,2474.1776896894157,78.28223377291444,31.605864708289378,22.124017905632876,0.0343512196239721,3.344222022651961,399.5664568589252,175,15.351258017064625
321,1550.3043888635166,396.2613569119631,276.6719601755414,-14.855908777748326,2468.6601771115384,77.63921573681783,31.7965625191247,22.12644184338508,0.034145200423693,3.344222022651961,399.5664568589252,175,15.353667011633645
358,2859.7033566503087,430.9936274328823,276.6612163164843,-14.666985497746037,2466.791401409311,97.86034630500924,25.207262129656307,22.12726405691637,0.043070921166114,3.344222022651961,399.5664568589252,175,15.35448415635184
139,2347.435891776676,183.65796716100175,276.70031433483786,-14.739916656949072,2459.125420085242,79.52341207327748,30.92328857593863,22.130643423840173,0.0351094611859872,3.344222022651961,399.5664568589252,175,15.357842690026542
1699,2104.318411869929,1931.8238137093904,276.4403842860892,-14.78224767418992,2457.968614485552,77.45548905321085,31.733949969600744,22.131154288890055,0.0342125704817722,3.344222022651961,399.5664568589252,175,15.358350405676232
438,833.1606755951889,518.4816109800117,276.65676602936065,-14.95994228991383,2456.4866525085527,84.20116672749958,29.1740215484007,22.131809099945954,0.0372146156880972,3.344222022651961,399.5664568589252,175,15.359001179928155
606,1266.8065428377906,710.832711066173,276.6261801239975,-14.898133421626756,2454.2127162520774,89.50264889510855,27.42055957615578,22.132814616640026,0.0395943779697368,3.344222022651961,399.5664568589252,175,15.360000497774857
1204,851.6638935614465,1345.5344091261504,276.53313690216663,-14.96062541042852,2452.883986404311,83.19374471215097,29.48399540002978,22.133402601847873,0.0368233675683894,3.344222022651961,399.5664568589252,175,15.360584858149243
332,557.4752234069422,405.9202499689084,276.67476871119334,-14.999277899932254,2445.794954065641,83.57966599346435,29.26303814443209,22.13654501004943,0.0371014108187046,3.344222022651961,399.5664568589252,175,15.3637078939138
714,3079.420551036619,810.0697680562699,276.60371742544385,-14.636861273616033,2445.1204556710145,111.33772168787192,21.96129414724105,22.136844474370683,0.0494369772892639,3.344222022651961,399.5664568589252,175,15.364005512086072
1520,1526.4608020683556,1710.545523883318,276.47580657571547,-14.86472908556147,2443.276301576901,75.80665357470899,32.2303674725465,22.137663665226725,0.0336856227570097,3.344222022651961,399.5664568589252,175,15.364819652763321
291,1533.3424389312936,363.2231281648431,276.67696756464585,-14.858220635762754,2440.38773700656,75.56587240833183,32.294839710438985,22.13894803674563,0.0336183740106645,3.344222022651961,399.5664568589252,175,15.366096106340082
1479,163.7993542122462,1659.0339786369948,276.48920848898695,-15.06111480140199,2438.114864878793,78.11718490416646,31.210992406726547,22.139959715917637,0.0347858211572283,3.344222022651961,399.5664568589252,175,15.367101548674045
1784,2789.709152227528,2036.538112853844,276.42194145804393,-14.683779066659794,2434.5144968906243,120.83890562593812,20.146777101960566,22.14156420921946,0.0538895126751735,3.344222022651961,399.5664568589252,175,15.36869615053484
893,2082.720033907181,1017.212216802544,276.5769806640876,-14.781618587922484,2428.5023452023743,73.27015303874781,33.1444966945558,22.144248803698186,0.0327565692128411,3.344222022651961,399.5664568589252,175,15.37136419492393
1487,1234.2335611554415,1668.0997299580192,276.48336263976194,-14.90672192416611,2426.2726718434424,85.62939344540159,28.334577348027874,22.145246105221855,0.0383171411616473,3.344222022651961,399.5664568589252,175,15.372355348245422
687,2541.906191187885,785.6868201577768,276.60961156471035,-14.714366283999626,2421.36133994782,78.05148673796769,31.022616495144387,22.147446111519436,0.0349970480462191,3.344222022651961,399.5664568589252,175,15.374541791860922
1145,2155.8762464746173,1296.9564533791995,276.5349162065962,-14.772212899873455,2415.963680581015,74.98038558405406,32.22127576114804,22.14986911869918,0.0336951276556566,3.344222022651961,399.5664568589252,175,15.37694986159431
194,721.8274606764252,246.2792489245118,276.6979193912159,-14.974898969375278,2414.8516633903782,78.18265472752084,30.88730706070964,22.150368975249076,0.0351503612103843,3.344222022651961,399.5664568589252,175,15.377446636609632
1659,1956.0132239356767,1883.4935128147451,276.44820955350514,-14.803450031683637,2413.374712243618,74.78897515558053,32.26912398817032,22.15103322719501,0.0336451649693995,3.344222022651961,399.5664568589252,175,15.37810679355003
1587,323.4015401224426,1790.5037604592285,276.4688988755532,-15.038610849803298,2398.4511519187363,77.84311680065287,30.811345312147377,22.1577679271439,0.0352370202923908,3.344222022651961,399.5664568589252,175,15.38479997516581
1523,2027.9566606239644,1717.500918185669,276.47268322958644,-14.792394954661663,2394.672766610864,80.0869065132168,29.900927266002824,22.159479683670018,0.0363099107375989,3.344222022651961,399.5664568589252,175,15.386501178990516
1280,1301.1271586441344,1425.255412581365,276.519341403511,-14.896090532273506,2394.2994830540265,81.07473306383106,29.532005750410143,22.159648942313414,0.0367635036094668,3.344222022651961,399.5664568589252,175,15.386669394181821
618,333.5150578823175,725.3046542544672,276.62799940768434,-15.032899799766865,2387.905208028824,84.94959799263364,28.109670492329933,22.162552414867957,0.0386237184920487,3.344222022651961,399.5664568589252,175,15.38955496729888
227,1534.911348035328,285.4608444086253,276.6885767285071,-14.85767111289813,2385.437739111512,77.53326685155525,30.766635226123743,22.163674907262042,0.0352882267436947,3.344222022651961,399.5664568589252,175,15.390670539709374
460,2609.485378604711,546.1283350822945,276.645086226612,-14.703603497010176,2379.1085648946173,76.41778259321502,31.13291807430504,22.16655947053296,0.0348730561461908,3.344222022651961,399.5664568589252,175,15.393537320115476
1214,1285.7642995035285,1354.741216162108,276.5299349802012,-14.89802204294218,2372.571221410937,100.03466153862188,23.71749136667917,22.16954697613126,0.0457763421609296,3.344222022651961,399.5664568589252,175,15.396506408226207
630,2338.30658988757,740.7121435759497,276.61718233412466,-14.743573135292786,2358.535341634619,84.41649130105029,27.93927235406519,22.1759891508509,0.0388592797350368,3.344222022651961,399.5664568589252,175,15.402908867983337
1231,1393.7810662055088,1374.379107334007,276.5265491629472,-14.882514174653798,2356.788463051693,86.38610052269323,27.28203320663346,22.17679361285102,0.039795421102853,3.344222022651961,399.5664568589252,175,15.40370837060568
369,203.21625160177848,436.88228705780944,276.67166534231546,-15.05053917929982,2354.237369571172,83.40595042163366,28.22625193610329,22.177969498920284,0.0384641929242938,3.344222022651961,399.5664568589252,175,15.404877007527999
328,1330.2458812847676,403.4529852139837,276.6718255606133,-14.887709522337287,2353.569891649153,83.99905557314013,28.01900420892041,22.178277372590745,0.0387487004143546,3.344222022651961,399.5664568589252,175,15.405182983207206
1708,2714.0732892696324,1950.0136163308457,276.4351581290449,-14.694338512063371,2346.468312002864,77.9275168254063,30.110908284939185,22.181558387623618,0.0360567004397885,3.344222022651961,399.5664568589252,175,15.40844377131444
1192,2947.822171738812,1336.8833737718976,276.52566054955054,-14.658068786346268,2345.255090345745,79.47097365993467,29.51083876713727,22.18211990355025,0.0367898726487237,3.344222022651961,399.5664568589252,175,15.409001825586438
1068,2603.072383549796,1223.1106930888457,276.54407082352554,-14.70735948515568,2344.6487015208404,75.14340344009692,31.202322415299644,22.182400667648725,0.034795486872722,3.344222022651961,399.5664568589252,175,15.409280858819772
362,3076.9521830628955,433.614959121841,276.6599085828334,-14.635623497741,2342.759038425458,139.93303189125035,16.742001561476528,22.183276066531185,0.0648488770003584,3.344222022651961,399.5664568589252,175,15.410150861010072
603,2774.9456932183657,703.5703332097536,276.6208884770842,-14.68037499930062,2341.3222856176435,82.2265475123441,28.474043437931734,22.18394212439045,0.0381294635012631,3.344222022651961,399.5664568589252,175,15.410812812730642
1770,1068.39381636059,2018.186406727972,276.43178725574614,-14.932047275779654,2335.227692367276,78.63939585959994,29.69539207214296,22.186772041454315,0.0365612279966657,3.344222022651961,399.5664568589252,175,15.413625283814694
748,1782.4974966524392,849.25621387987,276.6033217774101,-14.824262403548373,2334.733416920004,76.22616626113431,30.62902847457543,22.18700187323992,0.0354467658320021,3.344222022651961,399.5664568589252,175,15.413853698724614
81,2686.3486889407936,108.92067565058478,276.7100315211872,-14.690654384928482,2333.358035438461,92.14120178801848,25.32372044383165,22.18764166426729,0.0428728473135729,3.344222022651961,399.5664568589252,175,15.414489545544042
788,694.673355741194,892.6298256229098,276.60145605124944,-14.981453234591903,2324.211141680338,86.87558167357871,26.75333041697717,22.191906174832404,0.0405818633821767,3.344222022651961,399.5664568589252,175,15.41872776609304
183,37.90427877344038,232.8340084608601,276.7028812347742,-15.073573197666958,2322.4629987780354,94.84443916718608,24.48707609187437,22.192723112742097,0.0443376741235459,3.344222022651961,399.5664568589252,175,15.419539667712991
391,2063.0457567058256,464.3852505917982,276.6596038067887,-14.782161519422898,2317.6133174078423,71.27615342430958,32.515970714791585,22.19499267738012,0.0333897459043445,3.344222022651961,399.5664568589252,175,15.421795240853045
823,1743.62603949612,933.3131198984292,276.59093463414814,-14.83021995111936,2315.553317688697,78.87909668064091,29.355728134967304,22.195958158054747,0.0369842640253491,3.344222022651961,399.5664568589252,175,15.422754769495873
906,2788.299572404464,1031.1202952108474,276.5719483829835,-14.679820771200273,2314.7138096745475,85.61226700300863,27.03717458612797,22.196351865039706,0.0401558231072355,3.344222022651961,399.5664568589252,175,15.423146049341112
690,1438.56404735286,790.2986552053052,276.6135818224701,-14.873666687013005,2311.680352571653,78.3455486559957,29.506211804347902,22.19777566705859,0.0367956417855041,3.344222022651961,399.5664568589252,175,15.424561073851427
290,336.60250146197336,362.951947742858,276.6821410431352,-15.030985604574788,2309.657993539062,82.40365388733316,28.02858713882948,22.19872593228326,0.0387354522945583,3.344222022651961,399.5664568589252,175,15.425505480845077
464,2278.928259830427,548.6340568496905,276.646109238611,-14.75134332390384,2308.1774967266538,82.20058234778158,28.079819276231035,22.199422115180514,0.03866477876227,3.344222022651961,399.5664568589252,175,15.426197371887662
1177,42.48199196579834,1326.784553061945,276.5393604905097,-15.077302038453851,2301.2380549832305,76.49485851101032,30.0835650889138,22.2026912536426,0.0360894726669245,3.344222022651961,399.5664568589252,175,15.429446356641241
399,1503.265396067395,474.10905256720906,276.6605327173394,-14.863022618427024,2300.885278270318,73.94017243687044,31.118202763657283,22.202857708308162,0.0348895470681867,3.344222022651961,399.5664568589252,175,15.42961178514078
1135,203.8563116901192,1289.004223414703,276.54432083761657,-15.053869466829273,2298.6482984621543,78.16180812621687,29.40884242020428,22.203913802417713,0.0369174680351957,3.344222022651961,399.5664568589252,175,15.430661368601397
1005,2002.8927024804743,1147.02752309904,276.55793654917926,-14.79367666144307,2294.661759639246,79.25830919409859,28.95168699624622,22.205798426169967,0.0375004054216518,3.344222022651961,399.5664568589252,175,15.43253437395382
1212,1310.0283409392491,1353.6479411265675,276.52999629516177,-14.894516180126905,2287.403762281232,78.73058711423832,29.053559056560854,22.20923804398365,0.0373689157285819,3.344222022651961,399.5664568589252,175,15.435952787081439
276,1902.631526962564,342.0220829020074,276.67855922719303,-14.80481234406716,2282.6831893836206,72.94924535200899,31.291388668501924,22.211481020443024,0.034696446728581,3.344222022651961,399.5664568589252,175,15.438181935954654
674,1956.6749931467195,775.9556274503948,276.6135309194688,-14.798815360616372,2282.089056314464,74.09136595082383,30.80101206163671,22.21176365088001,0.0352488417532312,3.344222022651961,399.5664568589252,175,15.438462824020823
1647,57.89603207930594,1864.593038766874,276.4589471810405,-15.077199298581576,2281.436710394337,83.75339229247987,27.23993199495974,22.21207405806276,0.0398569276972089,3.344222022651961,399.5664568589252,175,15.438771317593629
934,2662.1791171583445,1063.4922247513537,276.5676444738704,-14.698163043117736,2273.946171296033,75.13751101873714,30.26379421496908,22.215644672008164,0.0358745500411508,3.344222022651961,399.5664568589252,175,15.442319919283056
1275,2218.1122942360184,1419.4519187505,276.51637384509536,-14.763734194711994,2272.38836867566,77.28011802040024,29.404566489867417,22.216388727579144,0.0369228364707952,3.344222022651961,399.5664568589252,175,15.443059387872095
1262,592.2341750571926,1404.050893183044,276.5254909093173,-14.998292702261736,2261.423551262764,79.3479730275216,28.500079648895326,22.221640344833816,0.0380946303791148,3.344222022651961,399.5664568589252,175,15.448278629757974
1680,686.5586306949212,1907.0183153047772,276.44997692775235,-14.98668632284714,2254.279697357764,79.0480453931135,28.517842359630976,22.225075622516965,0.0380709026408283,3.344222022651961,399.5664568589252,175,15.451692729511256
1777,1811.1513511175056,2022.065511758496,276.4281293927361,-14.824910559597884,2250.247706739552,75.04051394085936,29.98710414634165,22.227019302271955,0.0362055633882357,3.344222022651961,399.5664568589252,175,15.453624426795736
786,1114.4428690009106,889.9076424459627,276.6000789641136,-14.920858144366662,2245.596334930684,85.61396067385414,26.2293242510444,22.22926589469364,0.0413926027833816,3.344222022651961,399.5664568589252,175,15.45585716933944
1308,1437.2067955008376,1448.6664473350636,276.5152754239074,-14.876548801696613,2244.977032028517,76.10607374785344,29.49800090156189,22.229565366289766,0.0368058840198392,3.344222022651961,399.5664568589252,175,15.456154794741737
304,658.8000466022561,371.1595103243167,276.6795280199636,-14.98450933754655,2243.834925329371,98.21873696755974,22.84528384915475,22.230117862866365,0.0475240319695204,3.344222022651961,399.5664568589252,175,15.456703885266533
384,2924.9843637523936,454.2835624998583,276.6574644793889,-14.657657041200116,2243.0532796338666,88.69382286162822,25.28984778492712,22.2304961477715,0.0429302702504632,3.344222022651961,399.5664568589252,175,15.457079838106571
619,679.1544923769491,726.6388348846966,276.62632247860626,-14.983020012150126,2242.464543907874,82.39933427954502,27.214595403163933,22.230781159099763,0.0398940342090765,3.344222022651961,399.5664568589252,175,15.457363092386212
808,1614.2320004105668,915.5583153495568,276.5941321212748,-14.848824336782672,2237.939919710421,75.71504499764703,29.557400643161067,22.232974063786823,0.0367319174343975,3.344222022651961,399.5664568589252,175,15.459542478171466
866,253.1268271494234,983.3909687253076,276.58977580531,-15.045539239368775,2229.842322807468,79.80138118180008,27.942402622425003,22.236909736242993,0.0388549264954287,3.344222022651961,399.5664568589252,175,15.463453887845139
650,445.5622901237441,754.1908832863804,276.6232034946754,-15.016845503516487,2229.1579985333374,76.70418974959152,29.061750157463965,22.23724299284425,0.0373583832397361,3.344222022651961,399.5664568589252,175,15.46378508997349
601,1780.776123630298,699.8245313795871,276.6256430121715,-14.823893318809798,2228.909869205614,74.03016398984587,30.108130916896737,22.237363853720687,0.0360600265422223,3.344222022651961,399.5664568589252,175,15.463905205762222
659,1037.1245677382342,762.8977525311226,276.6193797262176,-14.9314997801617,2226.8065042223025,81.84796179872555,27.20662134138783,22.238388918824675,0.0399057268587918,3.344222022651961,399.5664568589252,175,15.464923951506064
1753,2725.249984445179,2004.9459264003008,276.4269182110975,-14.692950833239031,2226.3310463447124,89.2088182933789,24.956401047966256,22.23862076517015,0.0435038689237796,3.344222022651961,399.5664568589252,175,15.465154368556414
1393,266.1924653531092,1554.407596933717,276.50440647085566,-15.045930086506596,2220.794250144216,82.01633955963763,27.07746117503062,22.24132431085353,0.0400960781729852,3.344222022651961,399.5664568589252,175,15.467841247319049
566,1102.093497084912,663.1595173428984,276.6340024758077,-14.921714095186816,2218.33813592876,77.54875277018975,28.60572293796456,22.24252575841892,0.0379539437739255,3.344222022651961,399.5664568589252,175,15.469035288155025
638,1760.2046816583252,745.7366182180742,276.61887407013984,-14.82705295531538,2214.2431944310083,78.49134054832044,28.210031564792644,22.244531825391615,0.0384863092941378,3.344222022651961,399.5664568589252,175,15.471028988050127
1239,311.8530646112985,1384.6255204365475,276.52957735383,-15.038668476830567,2212.304014429392,77.26709207356181,28.63190467066079,22.245483103202805,0.0379192377345584,3.344222022651961,399.5664568589252,175,15.471974401387866
1507,240.12791331363377,1701.9810625320513,276.4824715748627,-15.050273715542652,2211.166230606119,76.57290816244377,28.87661293881242,22.24604163894462,0.0375978998056498,3.344222022651961,399.5664568589252,175,15.472529493847405
1071,2364.927655838295,1224.7399295119878,276.5448214798663,-14.741741189971515,2209.203608145821,71.3958386986718,30.94303041203604,22.247005762074213,0.0350870611424565,3.344222022651961,399.5664568589252,175,15.47348767331424
818,1337.3242890353167,925.734740194434,276.59378336021393,-14.888834969221032,2207.483316701895,81.24455284864818,27.1708470205289,22.24785154663157,0.0399582684772285,3.344222022651961,399.5664568589252,175,15.474328243746951
988,2837.703958076024,1125.8546963758463,276.5576055215409,-14.67308448262107,2195.854726163176,79.08683893108841,27.765109287988025,22.253586110267715,0.0391030335497258,3.344222022651961,399.5664568589252,175,15.480027454728175
1724,2034.1494711924072,1971.690016972108,276.43472537205616,-14.792533545279593,2194.161119906901,89.46473354729596,24.525430668688543,22.254423833767923,0.0442683357803826,3.344222022651961,399.5664568589252,175,15.480860013798848
1166,2844.563487333807,1315.872196025492,276.5292241469283,-14.67288644182363,2193.944176819816,74.240133697239,29.551996575962644,22.254531188969445,0.0367386344678687,3.344222022651961,399.5664568589252,175,15.480966707172959
285,963.405504590828,354.6676233647377,276.6806846929885,-14.940468663558187,2190.027421685343,86.23151642806413,25.397064929413634,22.2564712398528,0.0427490343083934,3.344222022651961,399.5664568589252,175,15.48289479795721
1124,144.32891112177046,1271.3697857650711,276.54720821091865,-15.06238788659028,2185.282159109891,79.19443454433666,27.593885500709906,22.25882632138666,0.0393456731554557,3.344222022651961,399.5664568589252,175,15.485235360795306
557,2129.2186576071126,655.9716826312448,276.6307164343477,-14.773406792815218,2184.4987311353325,73.1345473592146,29.869587083184378,22.259215629750752,0.0363480083262086,3.344222022651961,399.5664568589252,175,15.485622269136462
1216,1093.5875952203428,1358.3714191059444,276.5302008554312,-14.925768285005091,2180.0859440213244,73.38913911143135,29.705838907732147,22.261411084632567,0.0365483702841128,3.344222022651961,399.5664568589252,175,15.487804189394934
1572,1416.4101652663203,1773.7574246848342,276.46682879032585,-14.880862277740189,2174.864816159825,77.10615596659557,28.20611128769062,22.26401445288037,0.0384916583830472,3.344222022651961,399.5664568589252,175,15.490391508299643
1176,2233.3811719273526,1324.564048921162,276.5304720030537,-14.761140135343156,2169.9961382247566,73.21869269372473,29.63718769606956,22.266447719293918,0.0366330304728604,3.344222022651961,399.5664568589252,175,15.492809774020321
314,1739.3340707972889,382.09145603674136,276.67327056145166,-14.82855756379852,2169.977927253756,88.98168661099295,24.38679249518376,22.26645683101221,0.0445199999226802,3.344222022651961,399.5664568589252,175,15.492818829566348
418,2706.952073143129,488.476071700985,276.6532808428835,-14.689286540808434,2166.379309327196,72.4951668505541,29.883086051696395,22.268258873811604,0.0363315889838749,3.344222022651961,399.5664568589252,175,15.494609763064096
1125,254.8091920334938,1270.9674123426662,276.5467996011297,-15.04644608964753,2164.9090925382043,90.75065350264454,23.85557578905057,22.268995960567256,0.0455113726702972,3.344222022651961,399.5664568589252,175,15.49534230579942
973,414.4592808481595,1110.8734357071332,276.57004112449226,-15.022770120198754,2160.829056612012,77.67554162737673,27.81865451261209,22.271044093802637,0.0390277682016496,3.344222022651961,399.5664568589252,175,15.497377812625524
1154,2073.585106754567,1304.8869784689116,276.53407637543825,-14.78412261488996,2158.732873237372,75.14188924652134,28.7287542924975,22.27209785915999,0.0377914053963533,3.344222022651961,399.5664568589252,175,15.498425081690327
185,359.4324662671761,234.7680552214464,276.7012022243747,-15.027167743646736,2158.470640327956,80.28465672310567,26.88521977209569,22.2722297573961,0.0403827831501252,3.344222022651961,399.5664568589252,175,15.498556166795195
1074,772.4175506769885,1229.870189984642,276.55074742643825,-14.97159514935463,2157.0596303588245,75.430681374077,28.596581537710115,22.272939744149646,0.0379660764195991,3.344222022651961,399.5664568589252,175,15.499261776595533
1721,1033.1774260808927,1963.7537357819836,276.4400601681453,-14.936910771992803,2156.548956431216,75.60836626895707,28.522623392758607,22.273196817624655,0.0380645211013668,3.344222022651961,399.5664568589252,175,15.499517265254257
1420,2154.313428395785,1578.5098870958986,276.49290124119307,-14.7735937193584,2154.813479980745,72.8686067846277,29.571218321074344,22.274070912412252,0.0367147537924151,3.344222022651961,399.5664568589252,175,15.50038597138923
437,2439.613618899181,517.3522659555115,276.65009980480085,-14.728010902264764,2150.783897962043,77.45500928195348,27.76817042436481,22.276103180634788,0.0390987228689495,3.344222022651961,399.5664568589252,175,15.502405711007716
1589,2160.425677562694,1793.8065106598924,276.46074710697985,-14.773590669250106,2150.5488008201646,83.9168831959078,25.627129117743923,22.276221866398807,0.0423652604633062,3.344222022651961,399.5664568589252,175,15.502523665093245
828,1227.2991982833394,935.5742929513856,276.5927796615152,-14.904755571175835,2143.41265404725,76.04231549658277,28.18710398348629,22.27983064590387,0.0385176143188058,3.344222022651961,399.5664568589252,175,15.506110197057849
149,1089.9064520479449,191.25770026166623,276.7045582251826,-14.921531593258594,2141.652374506695,106.68889333003796,20.07380813185096,22.280722674063277,0.054085402872678,3.344222022651961,399.5664568589252,175,15.506996726008298
1707,1928.5463858021749,1949.2561546522209,276.43850943534227,-14.807679262444678,2138.024298925564,73.45093231504146,29.10819824253932,22.28256352992986,0.0372987702967247,3.344222022651961,399.5664568589252,175,15.50882623329697
737,1615.576555274866,836.5510151357403,276.60592467690054,-14.848305310276652,2136.5041002425714,82.66409769018318,25.84561085091591,22.283335795154937,0.0420071325171068,3.344222022651961,399.5664568589252,175,15.50959373763216
1140,112.17134463690152,1293.757722542446,276.5439995680172,-15.067116523295562,2133.8377248641045,85.13830042974045,25.063193816336906,22.284691649453567,0.0433185015427806,3.344222022651961,399.5664568589252,175,15.5109412333089
1220,84.26114324721588,1361.600349136162,276.53398122554773,-15.071412553017074,2128.8292182874866,75.67909839980985,28.129685253925217,22.28724306597143,0.0385962370428052,3.344222022651961,399.5664568589252,175,15.51347692075766
879,2815.8536195854344,996.7019696130671,276.576969465904,-14.675698892864284,2125.124081143585,74.96674462587404,28.34755719684965,22.289134390240797,0.0382995964153361,3.344222022651961,399.5664568589252,175,15.515356585319596
1607,261.948330125303,1813.3231799817356,276.4657484674501,-15.047565238959256,2121.973700430593,80.71186949952806,26.29072667487898,22.29074512924523,0.0412959296799276,3.344222022651961,399.5664568589252,175,15.51695739437926
1493,2726.773239265309,1681.7303459999596,276.475127614564,-14.691402838306056,2110.7295982542564,79.42484543052157,26.57518043394441,22.2965136212366,0.0408539088830884,3.344222022651961,399.5664568589252,175,15.522690324552896
541,1677.1421543546992,635.1132708423783,276.63574623224366,-14.838586570009374,2110.5466143331723,74.12094561693898,28.47436169042676,22.29660775024315,0.0381290373355417,3.344222022651961,399.5664568589252,175,15.522783873269388
1380,1313.2172212567657,1533.7665434547228,276.50308883386487,-14.894784437296796,2104.7000872713106,75.9523477924024,27.71079694631699,22.2996195740452,0.0391796743378865,3.344222022651961,399.5664568589252,175,15.52577712966608
518,500.5432570706273,608.9371196624011,276.6446739254268,-15.00832176360102,2102.0528776342107,78.8678068905506,26.652863322944317,22.300986030192227,0.040734835385036,3.344222022651961,399.5664568589252,175,15.527135161832541
755,676.8115438517907,853.5472871698151,276.6073711467601,-14.983872844014751,2098.913663388696,74.75432134464214,28.07748937632661,22.302608684960823,0.0386679872066981,3.344222022651961,399.5664568589252,175,15.528747813197613
1723,1741.8518643299258,1965.9214914778397,276.4367948045229,-14.834682357038544,2090.580976545927,74.2322890438664,28.16269043395026,22.30692763628815,0.0385510042993329,3.344222022651961,399.5664568589252,175,15.533040138890351
971,244.2641515310397,1110.824675754085,276.57077188452257,-15.04732835146884,2089.304756548081,75.01237973063832,27.852799285272084,22.307590639244896,0.0389799240241569,3.344222022651961,399.5664568589252,175,15.533699054541382
156,1290.0000832842177,201.11444937105924,276.702226343601,-14.892682419437438,2085.10139458676,72.78498763945814,28.647410162592188,22.30977717483358,0.0378987138396792,3.344222022651961,399.5664568589252,175,15.53587211049272
1358,2839.742877381732,1509.7930227870409,276.500311612971,-14.674387609930385,2077.8573016014125,77.89455507643831,26.67525733425656,22.31355582484554,0.0407006382879664,3.344222022651961,399.5664568589252,175,15.539627465740088
1027,1044.2857589224834,1177.9845152741352,276.5573484952509,-14.932153672189058,2077.8282561030064,79.01549979041278,26.296464131903356,22.313571002004046,0.0412869195856187,3.344222022651961,399.5664568589252,175,15.539642549333871
151,1380.600113279894,196.87513941401645,276.7024711241927,-14.87958344323542,2077.5253997106047,77.29798233881431,26.87683865543019,22.313729266343444,0.0403953758817778,3.344222022651961,399.5664568589252,175,15.539799837999281
1785,188.8311297966148,2038.7173442564704,276.4323897274374,-15.058996594304093,2071.0094001938705,93.69540057701708,22.103639959269003,22.31713994637604,0.0491186067996334,3.344222022651961,399.5664568589252,175,15.54318949174254
746,411.2031371951105,845.247483421256,276.6097438575848,-15.02217185781179,2069.9894734515983,75.71432653980496,27.33946887004736,22.31767477936995,0.0397118175616598,3.344222022651961,399.5664568589252,175,15.543721027577766
400,537.052753344147,475.762541111172,276.6644188895427,-15.002510535320214,2067.795436188666,84.57952977037777,24.447941976060363,22.318826190555512,0.0444086459736826,3.344222022651961,399.5664568589252,175,15.54486534050008
521,3016.6406051289177,614.5401139240713,276.633160102446,-14.645100138091731,2065.0813919903885,101.75572365288632,20.294498607615296,22.320252188277433,0.0534972566206983,3.344222022651961,399.5664568589252,175,15.54628254717728
58,753.5583863962273,87.33258535873844,276.7215370692272,-14.96966423577829,2063.5087128876185,89.07704209360882,23.165438191348212,22.321079354297577,0.0468672334635778,3.344222022651961,399.5664568589252,175,15.547104613853039
861,376.5548219234966,977.4002831385642,276.5901449814193,-15.02770399925816,2047.948673028848,81.36054157709604,25.17127631320205,22.32929745201543,0.0431324969974034,3.344222022651961,399.5664568589252,175,15.555272048331078
1655,2362.232270131834,1872.598152889528,276.4481563582963,-14.74479188538073,2046.6636979971663,75.58265767185466,27.0784828297894,22.329978905512604,0.0400945653722374,3.344222022651961,399.5664568589252,175,15.555949300777941
1557,890.8370075288689,1760.0275667509002,276.47107233843684,-14.956633229219008,2046.4492053836584,72.29816813848481,28.30568544231648,22.330092697827574,0.0383562518636944,3.344222022651961,399.5664568589252,175,15.556062391581742
1289,592.2152140443561,1433.5531370016745,276.5210842242539,-14.998413334248385,2044.3611696271687,77.78714540638495,26.28147824356803,22.331201063166812,0.0413104616847687,3.344222022651961,399.5664568589252,175,15.557163924028393
757,901.4772707158008,856.3107541962526,276.60600215393805,-14.95145889681376,2042.3858356940327,74.43609567426289,27.438110733690863,22.332250646971204,0.0395690508919363,3.344222022651961,399.5664568589252,175,15.558207037318828
223,1152.3037323593967,277.1041525235964,276.69146361134165,-14.912877610327875,2042.3497327829243,94.18643905671594,21.684116665171825,22.332269839517224,0.0500689060460465,3.344222022651961,399.5664568589252,175,15.558226111545912
54,2735.3060434509525,82.52310767861184,276.71376452869686,-14.683471302001507,2034.62712745028,95.5337741265694,21.29746412776148,22.336383045218536,0.0509779001615867,3.344222022651961,399.5664568589252,175,15.562313960001058
700,1299.969055205374,800.9151747846184,276.6125840764755,-14.89371587788451,2033.242917130905,88.60105168487759,22.94829325911871,22.337121951476743,0.0473107079354839,3.344222022651961,399.5664568589252,175,15.563048311022
874,896.1824181842023,991.153498426609,276.5858814546756,-14.952770455791558,2031.452137164044,79.0634162212789,25.69395852411073,22.33807863567794,0.0422550693767641,3.344222022651961,399.5664568589252,175,15.563999097420231
1429,1581.89859313408,1588.5168754674564,276.493791765578,-14.85623643388597,2027.7249540181365,79.24171107822607,25.589111169197253,22.340072507208877,0.0424282028719663,3.344222022651961,399.5664568589252,175,15.5659806770565
1266,1879.9749376292168,1410.9416169862957,276.5190548839832,-14.812499547673996,2021.8264671080688,71.91144087835802,28.115504882291184,22.343235428063387,0.0386157034897793,3.344222022651961,399.5664568589252,175,15.569124099016827
1763,2800.634617684622,2012.51821823711,276.42547936422903,-14.682104100394517,2021.1576890989963,106.30407480669642,19.01298414735535,22.343594626356513,0.0571030823770511,3.344222022651961,399.5664568589252,175,15.569481082910722
1376,2401.3888210652003,1529.286021711418,276.49922053270353,-14.737734670882642,2019.7749713638625,72.20544538835769,27.972612875670013,22.344337656191815,0.0388129634090892,3.344222022651961,399.5664568589252,175,15.570219532087576
699,1054.5045965732093,800.6505411782305,276.6136662299216,-14.929145266553927,2018.3135859822212,79.21216465017532,25.47984384590043,22.345123512700255,0.0426101512460675,3.344222022651961,399.5664568589252,175,15.571000543918073
182,2639.5924740491,231.2986382889199,276.6919590782457,-14.697926339738896,2015.9188800872653,74.07720716975857,27.213753826699996,22.34641249107081,0.0398952679190768,3.344222022651961,399.5664568589252,175,15.572281575945992
163,363.1230052472724,205.36287948411487,276.7055816118171,-15.026514944575965,2015.1775752728863,81.53514397425444,24.71544756098302,22.346811817404834,0.0439279926985395,3.344222022651961,399.5664568589252,175,15.572678440497919
439,2296.464844841312,523.3148995016553,276.64981525592094,-14.748705234581983,2014.8904516504556,81.9490166928353,24.587121761359885,22.346966524725186,0.0441572629174612,3.344222022651961,399.5664568589252,175,15.572832194072726
1471,756.5272828143312,1651.3606584190193,276.4878623811488,-14.975576492823452,2009.718642231572,75.12705262034092,26.750931550420404,22.34975696905908,0.0405855025255349,3.344222022651961,399.5664568589252,175,15.57560543576979
900,298.5183567842984,1022.490712165538,276.583739911062,-15.039145943814146,2008.7310976953013,77.81940612015572,25.8127271569479,22.35029061409526,0.0420606468041392,3.344222022651961,399.5664568589252,175,15.576135790970858
1512,2586.0842324708533,1703.2382537555295,276.4725000801506,-14.711795116081856,2002.8108992622,74.09113713126874,27.03172034886953,22.353495256324873,0.0401639254175476,3.344222022651961,399.5664568589252,175,15.579320677100776
173,1980.5574560263883,216.41884694271167,276.6969856497931,-14.793034432199168,2002.2346701710196,85.55742545091908,23.402231420808967,22.353807678633185,0.0463930118661509,3.344222022651961,399.5664568589252,175,15.57963117337622
881,1484.398674982781,998.6669955835446,276.58226984356486,-14.86790529894499,2001.810834847769,77.39854818893298,25.86367421209592,22.354037532842607,0.0419777944578439,3.344222022651961,399.5664568589252,175,15.579859610571711
920,1762.0485697990578,1045.9307645975869,276.57404180362164,-14.828023970682716,1999.8378878185467,76.12416094123923,26.270738003434097,22.355108141654988,0.0413273506004314,3.344222022651961,399.5664568589252,175,15.580923619254369
1384,663.9602988928012,1540.6143820483426,276.50479105558816,-14.988489577791904,1998.543084293633,73.66232973227996,27.131141406430984,22.35581133383402,0.0400167462082024,3.344222022651961,399.5664568589252,175,15.581622476367643
266,1147.3143374936644,332.7978905451378,276.6831639285816,-14.913827908537318,1997.0820530430065,79.78088740222192,25.03208623106124,22.35660534955935,0.0433723338110269,3.344222022651961,399.5664568589252,175,15.582411597114783
1098,2343.735781769778,1257.3964136253596,276.5400360715907,-14.744935017696555,1994.467643820768,72.4218764914443,27.53957423426316,22.358027633818914,0.0394232674319719,3.344222022651961,399.5664568589252,175,15.583825113222519
70,2235.139516797783,98.80768842430842,276.7134638096055,-14.755775752883975,1984.34611475977,72.44903847273103,27.389543830959944,22.363551558747602,0.0396392143914705,3.344222022651961,399.5664568589252,175,15.589314984049759
1012,1301.4429947356548,1155.1899223022808,276.5596676607416,-14.894949491371262,1978.872951861791,76.98782700588896,25.703712246748086,22.3665503406926,0.0422390349525235,3.344222022651961,399.5664568589252,175,15.59229527899034
1591,2536.3098290127523,1794.821854680043,276.4590418800297,-14.719354071048413,1978.418487023184,74.16386669014072,26.67631254029792,22.366799717792496,0.0406990283368405,3.344222022651961,399.5664568589252,175,15.592543118720853
802,1389.0750247963135,906.376836533364,276.59645536986324,-14.881286180258202,1966.3409091508656,83.97099245731721,23.416906858048208,22.37344808501513,0.0463639372433534,3.344222022651961,399.5664568589252,175,15.599150499837632
958,2831.290808467569,1092.1945328899226,276.5626550477378,-14.673869671675366,1962.2894695938448,74.41982410986613,26.367832671801445,22.375687438552493,0.0411751702733262,3.344222022651961,399.5664568589252,175,15.60137604812356
608,423.8302991141428,711.4843139593797,276.62967817779446,-15.019809278244404,1961.9660758871469,77.55490265322055,25.297769821978804,22.375866387274094,0.0429168265677213,3.344222022651961,399.5664568589252,175,15.601553893655312
857,1348.6263942375938,966.504345226522,276.58764672522886,-14.887370353852146,1960.3075706948,79.39011725941823,24.692085594095083,22.37678457881435,0.0439695543684506,3.344222022651961,399.5664568589252,175,15.602466424693612
317,1624.013154172573,390.38290225787614,276.6725237970842,-14.845242347029066,1958.662652476749,72.63997153420569,26.963978799942502,22.377696015883977,0.0402648291654314,3.344222022651961,399.5664568589252,175,15.603372242901502
345,2110.515928493094,415.74313695121344,276.66666576130194,-14.775103935822605,1956.1143794606032,71.38440861328873,27.402543741133663,22.37910950770813,0.0396204093406944,3.344222022651961,399.5664568589252,175,15.604777020777762
1155,2049.2022664297915,1306.0997605429077,276.5339972772789,-14.787646739249336,1955.7771658831623,105.00334659114714,18.62585555009401,22.379296693363166,0.0582899398677297,3.344222022651961,399.5664568589252,175,15.60496305246359
411,2866.932463535184,484.1588660745499,276.65325011534946,-14.666166647765866,1955.0859230144704,77.20860915893466,25.32212332681589,22.379680499903856,0.0428755513898889,3.344222022651961,399.5664568589252,175,15.605344492899194
140,112.02129608979182,186.04327168534024,276.70955550276085,-15.062684236378365,1951.3596091049549,95.04727172438324,20.530411591018417,22.38175184333649,0.0528825247943382,3.344222022651961,399.5664568589252,175,15.607403066835447
499,2931.8726382480554,585.4000026977541,276.63786563734186,-14.657217355054971,1951.0053667628963,75.59474699249066,25.80874259631695,22.381948961617056,0.0420671404640587,3.344222022651961,399.5664568589252,175,15.607598969913775
1024,1907.172725309592,1174.5951150088954,276.55422267615023,-14.807605870126526,1946.7908078140167,73.6236953517173,26.44244897670173,22.384296904308886,0.0410589806169845,3.344222022651961,399.5664568589252,175,15.609932437919644
827,2744.1291117984506,932.5347559145436,276.5868455191436,-14.685785157594305,1943.5929039942569,74.83174243488841,25.97284041174625,22.386081859724943,0.0418013579873609,3.344222022651961,399.5664568589252,175,15.611706389375003
1382,1507.808869158261,1535.8138972281015,276.5019690922641,-14.866713935092614,1942.230001529824,81.449691057051,23.84576265819596,22.386843475807737,0.04553010174438,3.344222022651961,399.5664568589252,175,15.612463310218148
1365,2060.6079991696624,1515.488637183166,276.50269664680303,-14.786858828410836,1941.406287246908,75.21879237772455,25.810123054060615,22.387304042331607,0.0420648904976526,3.344222022651961,399.5664568589252,175,15.612921037424082
1194,2460.9693847049616,1338.6994067753317,276.52741356238926,-14.728349739251083,1938.4229219689728,72.34858746946003,26.79282332619452,22.38897377991953,0.0405220452798845,3.344222022651961,399.5664568589252,175,15.614580481350535
509,2855.4202564238303,599.0240568490682,276.63615396938405,-14.668314502342067,1935.3573921020436,75.27646896382095,25.70999169783331,22.390692182713817,0.0422287184204535,3.344222022651961,399.5664568589252,175,15.616288290470242
616,2744.573204805731,720.9824147605179,276.6184173208072,-14.684833611176444,1934.19936412992,81.91101513800065,23.613421966157446,22.391342031268678,0.0459780882904653,3.344222022651961,399.5664568589252,175,15.616934132814139
1236,1901.781310737976,1381.5964013926068,276.5233441802906,-14.80923252273096,1933.5786428652357,72.21683762707767,26.774623569784247,22.3916905205329,0.0405495896952678,3.344222022651961,399.5664568589252,175,15.617280473698559
216,1028.5167917729752,272.658973720909,276.69265894568304,-14.930730915656692,1932.412063909811,84.9122197090525,22.757761727712747,22.39234577148518,0.0477068005628125,3.344222022651961,399.5664568589252,175,15.617931685134968
1582,372.05230363879446,1788.3664868339024,276.4690138715699,-15.03158458529994,1928.466578600288,77.3523052879267,24.93095159119048,22.39456482996058,0.0435482775709066,3.344222022651961,399.5664568589252,175,15.620137063474703
617,1542.9927076293648,724.2584785138522,276.6230019972189,-14.85832050841604,1924.13714911748,73.92738049896029,26.02739521041924,22.397005060332752,0.0417137401273783,3.344222022651961,399.5664568589252,175,15.622562250222328
225,1307.7789087455114,279.1494297935822,276.69049164388355,-14.890438902421335,1923.1488890845797,75.32645277895801,25.530856931866563,22.39756285079095,0.0425250121019194,3.344222022651961,399.5664568589252,175,15.623116601992804
308,1760.3381817430202,375.60144580476566,276.67415037037307,-14.825497870086682,1911.866809496394,81.18303424207691,23.55007825644289,22.40395103721538,0.0461017576322903,3.344222022651961,399.5664568589252,175,15.629465406283808
1622,3063.097791270743,1829.9566968742804,276.4516315835301,-14.643477186967193,1910.649789092393,104.9339088742648,18.208125567701813,22.40464239492443,0.0596272249970557,3.344222022651961,399.5664568589252,175,15.63015250188469
985,864.2776803720202,1123.025729795024,276.5663182832887,-14.957908445606638,1908.990961724834,77.30496433424811,24.694286817995483,22.405585441227014,0.0439656349665792,3.344222022651961,399.5664568589252,175,15.63108973445974
1500,1666.1389231346125,1692.6658570074687,276.47789379803345,-14.844502772619435,1908.588942417788,80.92120596050901,23.58576988273275,22.405814113280645,0.0460319932483885,3.344222022651961,399.5664568589252,175,15.63131699678724
1069,2689.536100397821,1222.980800642105,276.5437298278723,-14.694878010865605,1907.302118372696,77.63426279884682,24.567788108126752,22.40654639388594,0.0441920125337153,3.344222022651961,399.5664568589252,175,15.632044763001348
165,75.63918646824186,206.981147772397,276.70658285526486,-15.068021194269674,1904.6804791336765,87.60728806306439,21.74111904665495,22.408039794767806,0.0499376318978872,3.344222022651961,399.5664568589252,175,15.633528957308942
673,1835.842744354149,775.3557739038026,276.6141311779885,-14.81625635293102,1902.748511415324,82.89987139250016,22.952369882535947,22.409141644590072,0.047302304971396,3.344222022651961,399.5664568589252,175,15.634624014405725
979,390.15006667351867,1113.4023391577657,276.56976656293904,-15.026288022195091,1896.1447585251296,76.85070320700378,24.673095747968706,22.41291639703125,0.0440033958887945,3.344222022651961,399.5664568589252,175,15.638375496110202
1457,2853.246079797823,1620.9679831692565,276.48367001045574,-14.672899037574698,1894.038245690433,73.01617272946667,25.9399825393213,22.414123260912685,0.0418543072785124,3.344222022651961,399.5664568589252,175,15.639574919871508
41,736.4150087251985,74.7474282738003,276.7234919883836,-14.972087509074226,1893.3881798365328,89.22205110510689,21.221078829560323,22.414495967843823,0.0511613951731639,3.344222022651961,399.5664568589252,175,15.639945329124854
1209,128.50754339564006,1351.1507894536614,276.5353549575504,-15.064987560895512,1891.2164924823155,74.06363659789682,25.53502068430732,22.41574200543498,0.0425180779535151,3.344222022651961,399.5664568589252,175,15.64118368509631
1038,1423.057512967167,1188.657974038042,276.55415754320575,-14.877534335256664,1890.2526512659097,75.87897104732528,24.911416498873844,22.41629548202684,0.0435824273601254,3.344222022651961,399.5664568589252,175,15.641733749594733
730,592.974541054568,829.779431172597,276.6112795781268,-14.995876226100323,1888.7523434349569,82.09882062577245,23.00584014530947,22.417157581239838,0.0471923647709669,3.344222022651961,399.5664568589252,175,15.64259053410588
713,615.2294051586088,810.260912534652,276.6141009934293,-14.99258531698073,1885.3704650942816,80.51247200702682,23.41712306299245,22.419103373109152,0.0463635091757193,3.344222022651961,399.5664568589252,175,15.644524330483842
1651,1533.4358189277891,1865.9319231406532,276.4525828603726,-14.864348971299451,1884.6651210369887,77.93142556821708,24.183634615887428,22.419509638552146,0.0448939961773467,3.344222022651961,399.5664568589252,175,15.644928091366255
168,922.7571561856884,211.417956585206,276.7022643836576,-14.945747335847097,1880.966267481068,79.7162479254435,23.59577020283601,22.421642603836858,0.0460124840455306,3.344222022651961,399.5664568589252,175,15.647047907265863
1605,2727.3869631812117,1808.073730019547,276.4562769049263,-14.691834487789906,1880.373499328707,73.91760643817551,25.43877690224516,22.421984816925423,0.0426789386994537,3.344222022651961,399.5664568589252,175,15.647388010666228
1468,958.7127636762176,1640.452642365705,276.48864362116376,-14.946362945190634,1880.07256759968,78.13643846246217,24.061405979015703,22.42215859017905,0.0451220515104917,3.344222022651961,399.5664568589252,175,15.647560712635924
86,1101.5637839407636,116.2584579958924,276.7157146728281,-14.919538121775595,1874.362318466592,106.08958864148902,17.667731041927855,22.425461259790158,0.0614510147015194,3.344222022651961,399.5664568589252,175,15.650843021824427
721,2770.4410118720143,818.9827375322102,276.6036820878526,-14.681510391330072,1867.6328366405503,72.93370038744845,25.60726833712062,22.429366369033545,0.0423981186008097,3.344222022651961,399.5664568589252,175,15.654724056702568
552,482.7827105004389,645.7152258579716,276.63925403809185,-15.011034399638625,1864.3944884559896,84.33672738395268,22.106554834267147,22.431250595725235,0.0491121302319377,3.344222022651961,399.5664568589252,175,15.656596667442242
1269,112.73692835820736,1413.7502701290528,276.52606881125746,-15.06751110425878,1864.2624256929264,75.08280540642204,24.829418874290905,22.431327505629532,0.0437263556387203,3.344222022651961,399.5664568589252,175,15.656673103209451
1084,94.23967512081872,1241.0863710159538,276.5519458221402,-15.069494299788634,1862.3492110552036,76.0163326917476,24.499329882265965,22.43244232347729,0.0443154978204482,3.344222022651961,399.5664568589252,175,15.657781048385951
363,1637.733347034098,434.195403501878,276.66592134493675,-14.843443385525662,1861.3211770576308,71.06263810425759,26.192683338421027,22.4330418253896,0.0414505068446892,3.344222022651961,399.5664568589252,175,15.658376854466185
640,1354.940905222053,746.7293859296576,276.6204439485171,-14.885558638854992,1859.7299757339351,75.19808425874866,24.731081836271265,22.433970393646558,0.0439002226909331,3.344222022651961,399.5664568589252,175,15.659299698250413
542,1792.797631208461,634.5437595220278,276.6353406178648,-14.82188741795055,1859.6914822829424,78.72863040808724,23.6215398723856,22.43399286689078,0.0459622872118181,3.344222022651961,399.5664568589252,175,15.659322032950728
148,565.333273366425,191.9811315250592,276.7067088247393,-14.997268673200637,1856.6872390123608,119.6337503390977,15.519761219134612,22.435748240409946,0.0699559732054008,3.344222022651961,399.5664568589252,175,15.661066584876794
531,498.071893032597,628.5488119698302,276.6417538274802,-15.00875804676911,1855.7433121294016,89.0196409493336,20.846447956194478,22.436300361506593,0.052080815028125,3.344222022651961,399.5664568589252,175,15.661615302236408
1055,2969.5124271926948,1212.005947368384,276.5442020000876,-14.654416678519569,1855.4628266783257,70.34420997170294,26.37690902243006,22.43646447699807,0.0411610018094522,3.344222022651961,399.5664568589252,175,15.661778405982494
712,1239.8435385207797,808.3648769116777,276.61172655859315,-14.902425067426178,1854.424262673332,77.966907052692,23.784761160527577,22.437072369660825,0.0456468741759657,3.344222022651961,399.5664568589252,175,15.662382551085555
1670,293.86143835070163,1896.2275208431145,276.4532317746288,-15.043288420873033,1851.0939354720176,76.881741557701,24.07715925741278,22.43902397674862,0.045092528914753,3.344222022651961,399.5664568589252,175,15.66432212683212
1279,2554.995667197221,1420.7889492008858,276.51477250772166,-14.715117735349915,1848.2378837067808,72.05941633738078,25.64880452338619,22.44070045216194,0.0423294582408343,3.344222022651961,399.5664568589252,175,15.665988267046368
25,2626.9256932031003,52.51932585665988,276.71870553451225,-14.698996958406893,1847.1633482323668,80.0884002803249,23.06405599021753,22.44133186511416,0.0470732468070877,3.344222022651961,399.5664568589252,175,15.666615787440128
170,2250.2805264738445,216.100352921652,276.6958835082574,-14.754083725171771,1845.484907764156,69.64282105806443,26.49928420081504,22.442318876918716,0.0409709179981022,3.344222022651961,399.5664568589252,175,15.667596714476955
1011,118.35060923941474,1154.5865299190214,276.5647684810774,-15.065671112604988,1842.518585258484,73.91234380355361,24.928428601257504,22.444065428645143,0.0435526850635596,3.344222022651961,399.5664568589252,175,15.669332498995201
1727,2926.0034644932134,1971.6394762094408,276.43106231912424,-14.663845454018244,1840.4162935508648,95.52357630117594,19.266618407881037,22.445304947964893,0.0563513522204754,3.344222022651961,399.5664568589252,175,15.670564376879343
572,1709.3975404178386,666.183940719585,276.6309692569585,-14.834058582483816,1839.8516822501551,70.53924139078626,26.08266896517084,22.445638086170934,0.0416253413885586,3.344222022651961,399.5664568589252,175,15.670895461342363
46,1182.309660383404,77.38700586115334,276.72117550952294,-14.90771823451057,1833.417857139313,74.77805107865328,24.518128390520395,22.44944147926607,0.0442815202982529,3.344222022651961,399.5664568589252,175,15.674675407135814
614,868.338764705786,715.2441031016349,276.627217744119,-14.95566773736764,1832.7299285668123,73.92247856484325,24.792593053534866,22.449848941817976,0.0437913048326828,3.344222022651961,399.5664568589252,175,15.675080357747158
583,1054.1373748015017,677.9700930758248,276.63199429685864,-14.92869703189024,1824.3945762839285,75.58073918313634,24.138353183650647,22.45479819055804,0.0449782133743641,3.344222022651961,399.5664568589252,175,15.679999095171292
706,430.073602803142,805.3522984505184,276.6156246909162,-15.01928754087938,1823.240355305752,74.01816558239611,24.632336413095015,22.45548530951025,0.0440762086792067,3.344222022651961,399.5664568589252,175,15.680681978146582
1210,445.6613196726694,1351.1706567230196,276.53400926600165,-15.019229375585184,1816.1018433582503,78.69536129869088,23.07762253565588,22.459744623631487,0.0470455740543701,3.344222022651961,399.5664568589252,175,15.684915034286936
31,2340.338908530336,63.65727484741205,276.7182640894851,-14.740434478185035,1814.3639516763503,76.10664519514293,23.83975731717237,22.460784100199863,0.0455415709797491,3.344222022651961,399.5664568589252,175,15.685948102650825
1573,2798.707233543759,1772.5068044293475,276.4612887553249,-14.681395704852822,1813.0725091277852,71.93381460958017,25.20473186314688,22.461557189408033,0.043075244993479,3.344222022651961,399.5664568589252,175,15.686716425889388
496,1039.8973010203565,581.8088130068235,276.6464208001901,-14.930358837925336,1802.1910346758375,80.81510428762994,22.30017582185676,22.46809305950852,0.0486857147976334,3.344222022651961,399.5664568589252,175,15.693212003410535
972,273.9250890542701,1110.5082601517374,276.570693011246,-15.043047198957222,1798.5619932369736,78.22959330109944,22.990813544363608,22.470281592286142,0.0472232093007499,3.344222022651961,399.5664568589252,175,15.695387044238467
728,1400.8055896798455,828.7443808753535,276.6079999830353,-14.879274802832176,1797.5556465744448,77.39294626209949,23.22634985993207,22.47088926263734,0.0467443230015642,3.344222022651961,399.5664568589252,175,15.695990968400489
1301,2062.9554173168467,1443.1903816321603,276.51347758447787,-14.786224123053456,1794.746097888099,74.00491989657638,24.25171326982448,22.47258757729282,0.044767971149935,3.344222022651961,399.5664568589252,175,15.69767881322151
96,657.7978260417015,129.5224896760731,276.7156448590952,-14.983663304750989,1790.8214977040188,79.44768458155653,22.540889733113143,22.47496437376764,0.0481658005897202,3.344222022651961,399.5664568589252,175,15.700040957131476
382,2754.816032377849,451.31075592714456,276.6586265176188,-14.6822178829558,1788.737668930611,71.96128016434174,24.856946191696107,22.47622848953948,0.043677931779194,3.344222022651961,399.5664568589252,175,15.701297279834565
1291,1549.9478646396851,1436.494256683112,276.5166205699394,-14.860230375609657,1786.7532316553406,79.04675600344844,22.60375152621561,22.47743368103736,0.0480318498785839,3.344222022651961,399.5664568589252,175,15.702495041522292
581,651.0427291525832,674.6721191135454,276.6342072685796,-14.986866378915275,1783.2362356418744,75.04433746027428,23.762435594635694,22.47957292048001,0.0456897608696767,3.344222022651961,399.5664568589252,175,15.704621092900668
1392,243.63460139745632,1554.3668930894414,276.5045077235273,-15.049184186222012,1781.5747448164038,81.21968512777887,21.935257961337097,22.48058500268218,0.0494956568057529,3.344222022651961,399.5664568589252,175,15.705626935780176
1106,898.6783806888754,1261.8392949187585,276.5454390316253,-14.95350441184452,1778.9119457767229,77.79192868289825,22.867564487674134,22.48220899294735,0.0474777277040239,3.344222022651961,399.5664568589252,175,15.707240914408702
1383,2660.412556852737,1537.4354119704851,276.49693016492705,-14.700384799829513,1774.8709543673904,79.68848831647313,22.27261417381525,22.484678166045697,0.0487459618133376,3.344222022651961,399.5664568589252,175,15.709694865455289
560,311.50764730583325,655.9436737628944,276.63845926182967,-15.03579582335833,1774.8122224141262,76.55456015429768,23.18362510132573,22.484714094552473,0.0468304674206414,3.344222022651961,399.5664568589252,175,15.709730572468645
967,2478.913225622066,1104.6630245886718,276.5622662982949,-14.724790014780089,1769.2464227167657,70.71127122367996,25.020712993832817,22.488124306297244,0.0433920488304073,3.344222022651961,399.5664568589252,175,15.713119760810999
1618,2945.5430402698817,1824.4493575340136,276.45293618827145,-14.660419387555738,1767.6314803585992,110.17824409089302,16.043380387332803,22.489115803067428,0.0676727705625695,3.344222022651961,399.5664568589252,175,15.71410514516437
1617,1514.305500577622,1823.0967737359535,276.45905625811423,-14.866936625048265,1765.664190473006,73.07597759327487,24.162033114360945,22.490324848827395,0.0449341326063618,3.344222022651961,399.5664568589252,175,15.715306737353282
797,670.4889379037713,900.2296919241662,276.6004235504779,-14.984974295554322,1764.256925974565,78.5978603958385,22.446627899147963,22.49119054414815,0.0483680669042146,3.344222022651961,399.5664568589252,175,15.716167095802762
1066,927.3106593089724,1221.5509428623122,276.5513355604362,-14.949210189224493,1762.075980563939,76.0175974287143,23.179843091151763,22.492533543664983,0.0468381082533917,3.344222022651961,399.5664568589252,175,15.717501815945349
1748,309.3266134108241,2003.830584926008,276.4370960971014,-15.04148073477362,1759.4192908726982,69.07357105397281,25.471671205444416,22.49417174818181,0.0426238228046826,3.344222022651961,399.5664568589252,175,15.719129921196975
262,780.9545734160938,329.2502143588275,276.68526594521006,-14.966703581206412,1758.8609137650346,76.80564464861494,22.900151698638894,22.494516376927404,0.0474101662856901,3.344222022651961,399.5664568589252,175,15.719472425362236
998,1910.3862644853643,1137.7970411330027,276.5597027056916,-14.80699081633609,1758.7286713506328,71.59702516270929,24.56427019633564,22.49459801258939,0.0441983413845512,3.344222022651961,399.5664568589252,175,15.719553557753605
1412,1524.6412787396528,1570.6646279513295,276.4966959087966,-14.864426175224368,1754.2023192357155,73.8620547526548,23.74970917218716,22.49739591957899,0.0457142439988883,3.344222022651961,399.5664568589252,175,15.722334216100313
1774,1522.290505435834,2021.4648350751024,276.42941428820654,-14.866581697392178,1754.167550678656,74.94391025712413,23.40640546590516,22.497417439249144,0.0463847386383817,3.344222022651961,399.5664568589252,175,15.722355603105187
1132,614.3769719887318,1287.0903463386871,276.542868360709,-14.99462956806363,1749.984128337499,81.00992592661001,21.60209515464656,22.50000984715243,0.0502590138700721,3.344222022651961,399.5664568589252,175,15.724932029234127
1407,1066.9570206891597,1565.3340354493491,276.49940702592005,-14.930444193149809,1746.9728574878245,74.21367608782786,23.539769885814263,22.501879728083303,0.0461219461900633,3.344222022651961,399.5664568589252,175,15.726790382652274
1641,1508.42687090394,1854.02706520468,276.45446376689137,-14.867909265144418,1745.0435205137474,79.7763736609952,21.874189568069397,22.503079465421465,0.0496338388501871,3.344222022651961,399.5664568589252,175,15.72798272380429
160,1898.2700790907788,204.50024918280428,276.69911698775235,-14.804866859780594,1739.409197871515,73.50028959224126,23.66533802140459,22.506590716058504,0.0458772234319246,3.344222022651961,399.5664568589252,175,15.731472328150522
820,2449.400009136511,930.1296297439868,276.5884399984971,-14.728324502136877,1737.8652259829687,75.07921243104828,23.147089183693826,22.507554888616866,0.0469043857473375,3.344222022651961,399.5664568589252,175,15.732430556741408
1268,2120.037881401527,1413.8982811129952,276.51761152715727,-14.777865847938015,1737.4716046750837,72.41468794751371,23.99335899830717,22.50780083249373,0.0452500210611028,3.344222022651961,399.5664568589252,175,15.732674984414151
1172,1327.1578076866022,1319.2151329019969,276.5350658464402,-14.891904697009709,1737.1352392912377,80.01558385775083,21.70996142925685,22.50801104567341,0.0500093011928102,3.344222022651961,399.5664568589252,175,15.732883901663667
9,1346.90441586908,33.93438939243123,276.7269599147576,-14.88377107594441,1734.518123900547,98.25124601747424,17.65390459874736,22.50964801640332,0.0614991428058944,3.344222022651961,399.5664568589252,175,15.734510780734473
1597,735.0883333046663,1798.3257551866868,276.4660050055115,-14.979254429384875,1733.052304808691,71.91736407412814,24.09782848857424,22.510565946109537,0.0450538520728029,3.344222022651961,399.5664568589252,175,15.735423051552898
1246,244.45791651489893,1388.5129366931224,276.52928174891935,-15.048407382151163,1731.6810775173944,73.33606887716353,23.612952044347047,22.511425343372505,0.04597900330128,3.344222022651961,399.5664568589252,175,15.736277150771096
146,2131.404586530464,189.63804817429155,276.7003417935554,-14.77113896911474,1731.304544933053,71.47875975640545,24.221244896151195,22.51166144892146,0.0448242856490221,3.344222022651961,399.5664568589252,175,15.736511800767628
76,2058.4765752758262,103.76580138608033,276.71347776070104,-14.781309192425924,1731.2554336112223,71.71709407338146,24.140066688142568,22.51169224806458,0.0449750207414832,3.344222022651961,399.5664568589252,175,15.736542410039027
152,1021.756328201008,196.9656608017393,276.70399825390103,-14.931394617238333,1730.201318284875,79.03526415161703,21.891510540987746,22.512353525261563,0.0495945676278131,3.344222022651961,399.5664568589252,175,15.737199610569318
1475,2553.9440845804243,1653.4539988390052,276.480060759314,-14.716228715316344,1729.5231674097013,72.35668813977082,23.902740878200444,22.51277916202538,0.045421569247323,3.344222022651961,399.5664568589252,175,15.737622623351507
872,1803.0727413193647,990.5086388182782,276.5821439928648,-14.82187456006722,1724.4010173506686,71.96137163664937,23.962870330732333,22.51599944570548,0.0453075939991876,3.344222022651961,399.5664568589252,175,15.740823054504906
1042,2160.683499009596,1196.5113646839986,276.5498887736563,-14.771105273947343,1720.3902937462262,70.21060166802592,24.503283733141632,22.518527662598174,0.0443083470698888,3.344222022651961,399.5664568589252,175,15.743335685350425
930,186.7969827282813,1062.082235262714,276.57829976641494,-15.055425637431687,1716.473720840906,71.0271604244363,24.16644154973662,22.52100222477148,0.0449259357347061,3.344222022651961,399.5664568589252,175,15.745794992249197
511,1834.9054821971808,601.3952122841125,276.6401122392559,-14.815670807458572,1714.7791946045472,71.56093510908879,23.962504011308777,22.522074607763717,0.0453082866251214,3.344222022651961,399.5664568589252,175,15.746860764174182
1092,1805.0019057163684,1249.6570155595443,276.5434453388954,-14.822660028118952,1714.7128192566745,70.32610925889715,24.382307471954185,22.522116635048228,0.044528189190003,3.344222022651961,399.5664568589252,175,15.746902532367299
796,1756.9551646557416,899.4576166166637,276.5959336065771,-14.828156479455371,1711.9249295905463,68.86339538426192,24.859722934628792,22.523883330937966,0.0436730531090374,3.344222022651961,399.5664568589252,175,15.748658336863356
1156,2499.71794490693,1307.3204152182102,276.5319349017013,-14.722627092334688,1707.7220472264453,70.67816133697934,24.161947833990304,22.52655215837871,0.0449342912028255,3.344222022651961,399.5664568589252,175,15.751310711415696
504,93.278130832437,593.4466593507194,276.6487366862966,-15.067039636071302,1705.7520661809249,95.24220719441593,17.909623437212126,22.52780535668062,0.0606210400685567,3.344222022651961,399.5664568589252,175,15.752556183953287
198,1017.7386250329704,251.66610816221657,276.6958419915794,-14.932200421829323,1699.8922847832437,79.76177711167068,21.31211648410623,22.531541614749987,0.0509428521944159,3.344222022651961,399.5664568589252,175,15.756269408597513
53,2613.1042117373995,82.64838319801257,276.71426578411985,-14.701121191458894,1698.2309334815943,73.50385069404096,23.10397234221733,22.532603253357465,0.0469919191348808,3.344222022651961,399.5664568589252,175,15.757324502375129
669,404.3968751226846,773.8602640834662,276.6204402459209,-15.022866063470511,1697.5646675929893,74.9192352900001,22.658595766787982,22.533029303150514,0.0479155906736009,3.344222022651961,399.5664568589252,175,15.75774792564029
1752,1919.86073477508,2005.455407205997,276.4301589006928,-14.809159570922589,1694.1844519137812,71.58816194621446,23.66570681318308,22.535193392314262,0.0458765085095707,3.344222022651961,399.5664568589252,175,15.759898673545264
517,572.5161482593105,606.9186367919759,276.64466729297027,-14.997925270594612,1693.0220640651532,79.29604107052336,21.350650564754343,22.53593857665116,0.0508509095171213,3.344222022651961,399.5664568589252,175,15.760639263941561
325,2587.4830180774784,399.0473045710255,276.6671360895667,-14.706160792990824,1691.840872294677,74.96058786040149,22.569738586433964,22.53669634010932,0.0481042346078648,3.344222022651961,399.5664568589252,175,15.761392355910877
57,1709.1118188224832,85.29313803566308,276.7177320039626,-14.831682545644776,1691.6598217837163,81.63001837778747,20.723501665216308,22.53681253520582,0.0523897948107056,3.344222022651961,399.5664568589252,175,15.761507834683448
1730,592.0761250486975,1975.3995603341689,276.44016030679626,-15.000585562113116,1684.6077638727147,76.37148589497266,22.058072383054263,22.54134812696948,0.0492200760404644,3.344222022651961,399.5664568589252,175,15.766015465259363
782,2526.515599788155,886.4226604328605,276.5946400873684,-14.717009301161248,1683.0659875471902,72.30493049689217,23.27733359234101,22.54234226275387,0.0466419401385917,3.344222022651961,399.5664568589252,175,15.767003472357844
1338,1535.8918864166887,1480.8197966350829,276.5100618452917,-14.862438631644755,1679.5740540020631,77.93093689340814,21.55208343381448,22.54459722908421,0.0503756401711295,3.344222022651961,399.5664568589252,175,15.769244537186415
776,1858.3691273600648,876.3284828676408,276.5989591093515,-14.81342185228934,1669.6579983727424,68.56756289931457,24.350551890322954,22.55102631604793,0.0445862584507361,3.344222022651961,399.5664568589252,175,15.77563398987152
887,2525.589205987931,1002.791835251805,276.5772751890124,-14.717628298653638,1666.8955582888157,80.67570073357894,20.66168056963673,22.552824148360205,0.0525465484930342,3.344222022651961,399.5664568589252,175,15.77742073883912
1093,2231.2890979178824,1251.3853118693833,276.5414029335556,-14.7611405188611,1663.8738033499685,70.86645033311441,23.479005869897158,22.554794161461025,0.0462413104718371,3.344222022651961,399.5664568589252,175,15.779378607128622
1713,2016.0290676367704,1957.0837156190332,276.4369797749213,-14.795088832260754,1653.4176826549228,84.55554198789123,19.55422014670192,22.56163867690054,0.0555225415206915,3.344222022651961,399.5664568589252,175,15.786180927240332
684,1518.8843895549333,782.5136511391313,276.61440401914376,-14.8620404786003,1653.0606571440294,72.64661245530088,22.75482092384073,22.56187314722508,0.0477129661285309,3.344222022651961,399.5664568589252,175,15.786413952093342
1033,1470.0508182775386,1184.3999510820736,276.5545955544323,-14.87073486018282,1652.5802352095195,81.63360747341085,20.243871199098816,22.56218873594661,0.0536310466176218,3.344222022651961,399.5664568589252,175,15.78672759526158
642,59.78996337438255,747.8013315595543,276.6258099111339,-15.072493780369076,1651.4711131882214,89.36336681070455,18.480403907414072,22.562917667704788,0.0587487159609337,3.344222022651961,399.5664568589252,175,15.787452033273672
52,1568.6626193191205,82.70629648542251,276.7187206919095,-14.851952858520823,1649.674598173384,70.41901274267441,23.4265510679855,22.564099403839517,0.046344850202201,3.344222022651961,399.5664568589252,175,15.788626484196753
1570,299.213705474415,1773.764374858181,276.4715007419905,-15.04203386116134,1647.866725619213,71.87393460759489,22.92718124610759,22.565289910759418,0.0473542730066009,3.344222022651961,399.5664568589252,175,15.789809651834544
1131,1560.499089253906,1284.4902011227966,276.53927062106186,-14.858089357486806,1647.4149808654038,79.76883983382194,20.65236230459629,22.565587594345395,0.052570257290052,3.344222022651961,399.5664568589252,175,15.790105500249483
652,1434.6934813145467,753.8709576820394,276.61903879701737,-14.87407570881276,1646.121707901446,76.34989554487261,21.560235232201222,22.566440266402495,0.0503565934372764,3.344222022651961,399.5664568589252,175,15.790952915721617
815,975.9017913857056,919.850731797432,276.5961942151332,-14.94097565140957,1640.7554703130445,79.4925111078304,20.6403779104095,22.56998546952009,0.0526007810861085,3.344222022651961,399.5664568589252,175,15.794476263236868
1128,1478.407869604461,1280.5176574077757,276.5402084954437,-14.869920283299594,1640.3899709413236,89.55334209008085,18.317462337600656,22.570227358158945,0.0592713106209783,3.344222022651961,399.5664568589252,175,15.794716660671488
999,1874.275405755425,1139.2575377420535,276.55963628238754,-14.812208913663683,1639.753030871856,68.62815223992997,23.89330001395254,22.570649015935448,0.0454395164906481,3.344222022651961,399.5664568589252,175,15.795135718996173
1077,2174.276156548013,1231.2142617650857,276.5446520078444,-14.769286412745744,1639.437224042631,69.97571461052895,23.42865997392689,22.570858142507927,0.046340678519738,3.344222022651961,399.5664568589252,175,15.795343556337246
965,1785.2033822946669,1100.5550565881254,276.56578872562096,-14.824906220404218,1636.444554877031,67.54227313318027,24.22844951709397,22.57284188330515,0.0448109566084285,3.344222022651961,399.5664568589252,175,15.797315067694127
980,2266.157256199037,1115.7895782751164,276.56149606906735,-14.75554745289917,1635.9236568523338,67.95626305714848,24.07318447567648,22.57318753991381,0.0450999742513081,3.344222022651961,399.5664568589252,175,15.797658593385846
1130,1505.3837154605194,1282.4005384547345,276.53981405058244,-14.866034909965562,1634.781132392527,78.13308548124222,20.923033082892864,22.573946079923516,0.0518901822550618,3.344222022651961,399.5664568589252,175,15.798412457119396
1664,2629.088529284894,1885.3078051298744,276.4451601373736,-14.70633665287719,1633.376907172671,71.44612819839915,22.861657424415466,22.574879093710607,0.0474899951409695,3.344222022651961,399.5664568589252,175,15.799339719027783
273,1202.3748995721437,338.7301916021299,276.68204176905243,-14.90590317182448,1631.7281560788688,71.37613281981295,22.860977354967112,22.57597560293322,0.0474914078756175,3.344222022651961,399.5664568589252,175,15.800429468448842
1004,1154.0501357850258,1145.6612447058744,276.56171253047887,-14.916182181057785,1630.5108703271544,71.78483276842132,22.71386318593512,22.57678587542571,0.0477990023587131,3.344222022651961,399.5664568589252,175,15.801234745742809
503,1006.1787721334128,589.9485284555255,276.6453486948166,-14.93525949152762,1628.903336556541,77.15745850557859,21.111417717818803,22.577856839498306,0.0514271478359139,3.344222022651961,399.5664568589252,175,15.802299107495559
211,979.5961500443074,267.9875239590039,276.6935670279482,-14.93777444425603,1627.9247356846463,82.02669015199666,19.846280919882027,22.578509316328542,0.0547054636776981,3.344222022651961,399.5664568589252,175,15.80294756191194
323,2740.4954354475108,396.2227165997383,276.6669103642588,-14.684052928052855,1623.4552562788012,74.07753245698467,21.91562275945826,22.581494312653764,0.0495400022128706,3.344222022651961,399.5664568589252,175,15.805914156218853
274,1013.779045492336,340.4960880101685,276.6825861310249,-14.93313810154925,1621.6695796077838,74.31318678130408,21.82209712497174,22.582689196737086,0.0497523218681672,3.344222022651961,399.5664568589252,175,15.80710167403556
657,630.428971494066,761.1159896369561,276.6213790852414,-14.990192478283625,1614.534289568779,94.54016237371688,17.07776091166981,22.58747693916219,0.063573907938839,3.344222022651961,399.5664568589252,175,15.811859900804974
1104,2802.1896324593745,1259.0252754746698,276.53788233678534,-14.67876644448619,1608.1560810808442,70.5156661381139,22.805656801583154,22.59177462843565,0.0476066095989233,3.344222022651961,399.5664568589252,175,15.81613109552096
943,1528.7451138120807,1071.272427664296,276.5712407315395,-14.861801740298745,1606.3437193635618,73.78053971341843,21.77191608523049,22.592998922766487,0.049866993596237,3.344222022651961,399.5664568589252,175,15.817347842275774
675,837.844812663768,775.4180059648455,276.61835778622384,-14.960314089389945,1605.7789586787112,74.62270971836595,21.5186364142912,22.59338071461589,0.050453940440155,3.344222022651961,399.5664568589252,175,15.817727280440335
93,2204.457970650521,124.18923627744716,276.7098042868917,-14.76031369164616,1597.113718844339,82.65381769546977,19.322927402201245,22.59925552124385,0.0561871385945546,3.344222022651961,399.5664568589252,175,15.823565869838072
1167,586.3088642403055,1317.254178395488,276.5384811908999,-14.998800373678693,1596.9271541509952,77.05006728952662,20.72583724230004,22.59938235746817,0.0523838910490023,3.344222022651961,399.5664568589252,175,15.823691924137636
306,41.53509634410979,372.9369400752506,276.6819210587055,-15.073616985908233,1596.674638240802,108.01423779018089,14.782075686562395,22.59955405430727,0.073447060008423,3.344222022651961,399.5664568589252,175,15.823862562493565
1461,2897.137396197669,1628.1336030136297,276.4824197847752,-14.666594012889542,1592.253583806567,73.3534869564366,21.706583420528865,22.602564534069465,0.050017083709876,3.344222022651961,399.5664568589252,175,15.826854483136193
1170,904.8857150666807,1318.134782896904,276.5370047742693,-14.952835489795676,1591.3234398986388,72.08966443141274,22.07422454314029,22.603198971959728,0.0491840607074638,3.344222022651961,399.5664568589252,175,15.82748500981974
1317,2274.807919137719,1456.2329326296356,276.5106484928136,-14.755702803040338,1584.4417048616451,73.5636263810077,21.538384971063756,22.607904458817643,0.0504076791950097,3.344222022651961,399.5664568589252,175,15.8321614881142
1305,1335.100707493154,1445.986461315867,276.51610349356554,-14.891271997836313,1582.6743165010994,70.46256405687703,22.46120812781625,22.60911623490489,0.0483366697740294,3.344222022651961,399.5664568589252,175,15.833365793798366
1705,32.71709007215608,1944.6801561769628,276.44708973393534,-15.08114459108705,1582.0384481809451,86.39879368767252,18.310885842919728,22.609552536912226,0.0592925983654585,3.344222022651961,399.5664568589252,175,15.833799406074577
386,1810.546063207676,459.3329870195429,276.66143124575007,-14.818597292146682,1581.9916030579188,81.01277043232074,19.52768180393902,22.609584686699215,0.0555979972892122,3.344222022651961,399.5664568589252,175,15.83383135766334
1179,2642.7907022966024,1328.579471244385,276.52816688859707,-14.702063969086828,1580.0232890889165,67.34361078490363,23.46211126301991,22.6109364007723,0.0462746079339943,3.344222022651961,399.5664568589252,175,15.835174738638356
311,938.0140952798992,378.5929672496127,276.6772186872835,-14.944232611876773,1578.6676877674472,78.22214447773567,20.181851294255715,22.611868321960593,0.0537958576827398,3.344222022651961,399.5664568589252,175,15.83610091468364
1789,1917.9514488360496,2042.8033764009533,276.4245935830908,-14.809585833350118,1577.8354010747862,71.88670382238999,21.94891846721939,22.612440882031322,0.0494648518386675,3.344222022651961,399.5664568589252,175,15.836669945014377
1219,1058.117944400061,1359.3555733027465,276.5302031325476,-14.930890498440055,1574.947827791475,80.1663860905494,19.64598760897794,22.614429692239078,0.0552631927500478,3.344222022651961,399.5664568589252,175,15.8386464945297
1588,1139.3938382702718,1791.2234819345283,276.4653760528961,-14.920898937595988,1563.017398402968,69.25928955573886,22.567621014146766,22.62268559095384,0.0481087483399077,3.344222022651961,399.5664568589252,175,15.846851496967629
1761,779.3514512949542,2011.84881415736,276.4339364801229,-14.9737162867396,1560.96904422238,68.48718548150399,22.792133057416173,22.624109395220337,0.0476348570476044,3.344222022651961,399.5664568589252,175,15.848266523711702
550,2846.659684338916,642.8273232356773,276.6296530174267,-14.669764304779944,1553.3741993577278,72.73235406528956,21.35740303363909,22.62940490296677,0.0508348322260886,3.344222022651961,399.5664568589252,175,15.853529385511576
259,861.3554209252486,327.30955043385893,276.6852105826669,-14.955088683610011,1551.997706750437,74.85926495212327,20.732206063511672,22.630367433705363,0.0523677990019023,3.344222022651961,399.5664568589252,175,15.854485982404247
229,2682.529096418022,288.92060208431474,276.68317432567056,-14.691969722887382,1549.1993701973695,69.23916724931063,22.374610090545165,22.632326842319507,0.0485237506086769,3.344222022651961,399.5664568589252,175,15.856433311582014
1544,2271.885804106181,1750.915332615618,276.4666859215182,-14.757331993239823,1548.2271144684346,72.09929576691772,21.47354003946913,22.633008448992065,0.050559898275014,3.344222022651961,399.5664568589252,175,15.857110716259966
1440,292.5254718959869,1599.2934584450334,276.4975902506077,-15.042309027218788,1546.7116551557265,73.67681957439461,20.993192487006663,22.63407172635981,0.0517167648832817,3.344222022651961,399.5664568589252,175,15.858167438695153
319,89.0978867775442,392.9218601449232,276.6787283357013,-15.066832758130468,1541.9356470605708,82.75998700265775,18.631414804488227,22.63742949986304,0.0582725472752858,3.344222022651961,399.5664568589252,175,15.861504512069219
117,2457.623590796715,157.7394688777372,276.7037154464508,-14.723894338694304,1541.3427725581569,75.21210360048313,20.49328098500699,22.637847045885472,0.0529783396223525,3.344222022651961,399.5664568589252,175,15.86191948398813
846,1605.0618708663978,951.016216332096,276.58887601861386,-14.850293628471842,1539.8600141164206,77.64724923452573,19.83148185282685,22.638892017449393,0.0547462871437033,3.344222022651961,399.5664568589252,175,15.86295801347181
1075,1193.7406549138618,1230.4262923549095,276.54888610271803,-14.910798109008772,1539.0551516920968,79.19236474309722,19.43438810906639,22.6394596643294,0.0558648923705247,3.344222022651961,399.5664568589252,175,15.863522160900848
1757,1558.2751509031327,2010.3196607726863,276.43092868504914,-14.861345633055684,1537.9883832297055,69.09123019111428,22.26025472372475,22.64021248382966,0.0487730267903391,3.344222022651961,399.5664568589252,175,15.864270339390965
800,411.2754210298456,903.1170512999043,276.60109644696377,-15.022394639662805,1537.2097016100888,95.23228467483544,16.141686685967827,22.64076232993462,0.0672606290235959,3.344222022651961,399.5664568589252,175,15.864816795783847
649,176.690665736778,753.6031092945739,276.6244418321906,-15.055646636511453,1533.990466413903,77.68205472666095,19.74703774007445,22.643038470396338,0.0549803982901542,3.344222022651961,399.5664568589252,175,15.867078904208709
1691,469.8822816976498,1925.935953302036,276.44805772928163,-15.018015945344578,1533.928004076297,74.9945195069111,20.453868018114814,22.64308268123312,0.0530804246433221,3.344222022651961,399.5664568589252,175,15.867122842492853
440,666.0907870846185,524.675850179724,276.65655599964015,-14.984083800702042,1533.1788467853912,112.22754543539506,13.661341703922249,22.64361307502083,0.0794724283697764,3.344222022651961,399.5664568589252,175,15.867649966488868
1738,3007.764199436556,1977.876243562937,276.42979691274525,-14.652072712968971,1527.6370599470974,97.47924679824204,15.67140812145306,22.647544657557958,0.0692790329743089,3.344222022651961,399.5664568589252,175,15.871557311457183
1437,1476.895822589168,1596.5901082239009,276.4930249608132,-14.871420480963076,1527.4139795219526,69.56538119754606,21.956524254277102,22.6477032188988,0.0494477171079801,3.344222022651961,399.5664568589252,175,15.871714895293072
1373,825.1920306719642,1523.8850904019655,276.50661159936226,-14.965160500208343,1524.2969522580097,72.79083895495944,20.940780105600847,22.649921168504275,0.0518462060403192,3.344222022651961,399.5664568589252,175,15.873919171598883
1310,1198.3220502354006,1449.5985617823862,276.5161379078004,-14.91102350050267,1523.392407519248,68.02483157861991,22.394651661262586,22.650565654791816,0.0484803254108213,3.344222022651961,399.5664568589252,175,15.874559684732967
1238,1763.1255648737983,1381.6987319553843,276.52390873421984,-14.82924339777699,1519.365585122665,73.39088286895642,20.70237508704696,22.653439409082573,0.0524432581013035,3.344222022651961,399.5664568589252,175,15.877415722794519
894,2341.909204309145,1018.3048650930914,276.57572956957466,-14.744208544510736,1519.2702721365204,67.99056861488866,22.345309108119867,22.653507521725704,0.048587378887745,3.344222022651961,399.5664568589252,175,15.877483415534252
1242,399.1840426738072,1385.48156513328,276.5290801581965,-15.02607199560115,1517.6538647461275,88.02843262933362,17.240496273932308,22.65466329125567,0.0629738252744836,3.344222022651961,399.5664568589252,175,15.87863205993248
1644,658.2390931423488,1859.645220636895,276.4571695420594,-14.99058375438041,1516.6639673856553,70.48500050069447,21.51754212402555,22.655371699208196,0.0504565063120176,3.344222022651961,399.5664568589252,175,15.879336100664853
1684,862.9663937234155,1916.3153590274453,276.44785222289136,-14.96127595044002,1513.6813999207225,67.91858559388845,22.28670380404578,22.657508935815223,0.0487151446685852,3.344222022651961,399.5664568589252,175,15.881460161554761
1221,2863.3770795470223,1361.4162564559942,276.52235075425983,-14.670360242741705,1512.6185531946248,76.50396646418413,19.771766394658343,22.65827156426313,0.0549116340102682,3.344222022651961,399.5664568589252,175,15.882218088521954
1168,1914.547322976935,1317.2033628687598,276.53290301035463,-14.80712652142094,1509.9337554415688,70.50745840501634,21.41523449573305,22.6602003863922,0.0506975536605179,3.344222022651961,399.5664568589252,175,15.88413501977537
62,1382.8786243332074,94.40018139249548,276.7177712082852,-14.878828324158436,1508.686840314098,71.21481616744856,21.185013477626597,22.661097366275705,0.0512484922960565,3.344222022651961,399.5664568589252,175,15.885026469923341
1786,418.1931485036631,2039.5020876070428,276.4313137769763,-15.02591870924658,1507.3799770830665,68.54871804769644,21.989907616277023,22.662038266394504,0.0493726494419812,3.344222022651961,399.5664568589252,175,15.885961569545481
520,1176.312414254185,614.7322637355325,276.6409205002375,-14.910801991467752,1507.2131508013117,76.14879285036906,19.793001233295413,22.66215843473995,0.0548527222932546,3.344222022651961,399.5664568589252,175,15.886080997072563
1447,1792.209059781714,1609.4609722051744,276.4897884465862,-14.825973884538692,1503.539906179678,69.16509672204602,21.738419772937764,22.664807723192354,0.0499438326861086,3.344222022651961,399.5664568589252,175,15.888713953091257
1494,1738.735294984723,1682.6315185863114,276.47908940183703,-14.833986984909709,1502.4835705844453,69.94928782485054,21.47961212052062,22.665570792314195,0.0505456054750063,3.344222022651961,399.5664568589252,175,15.889472318015697
1374,412.0082626824101,1526.3801722097585,276.507978275744,-15.024782578756634,1500.0790511503292,70.5505896961492,21.26245942962269,22.667309756453598,0.0510618258246932,3.344222022651961,399.5664568589252,175,15.891200561723165
895,1157.4369778017954,1019.3410670994411,276.5805643256031,-14.915180059114286,1499.353685245762,78.12061300477784,19.19280491506207,22.667834893110328,0.0565680735465595,3.344222022651961,399.5664568589252,175,15.891722460997562
769,611.3310486862578,867.6558220528033,276.6055421836563,-14.99338020942588,1497.6504790599283,76.40964977817713,19.600279328693677,22.66906894733103,0.0553920677248001,3.344222022651961,399.5664568589252,175,15.892948907474102
1434,2193.859381576342,1591.690994948037,276.4907698181431,-14.76794070203452,1497.430504410819,68.21923296361614,21.950268851739423,22.669228431793996,0.0494618087520128,3.344222022651961,399.5664568589252,175,15.893107408741214
1031,1178.3331277755465,1184.410709954577,276.5558230322179,-14.91283500443011,1496.7744482450362,76.39590956225892,19.59233755866521,22.669704220161332,0.0554145209446854,3.344222022651961,399.5664568589252,175,15.893580263950417
551,1131.7158768988495,643.8879018102099,276.63675515673845,-14.917359171323607,1490.8980766922468,85.40796961487479,17.456193882316455,22.673975235489607,0.0621956886661209,3.344222022651961,399.5664568589252,175,15.897824949161764
1492,2405.6114726689384,1680.054497253582,276.4767057521221,-14.737744415519868,1488.299572179967,73.13655413398156,20.349599318741436,22.675869229427015,0.053352401833293,3.344222022651961,399.5664568589252,175,15.899707266933673
1143,1449.4815409818532,1297.316250093055,276.5378217627999,-14.874163100681614,1482.9568029493091,73.2122365522255,20.25558667220132,22.679773870095524,0.0536000273687461,3.344222022651961,399.5664568589252,175,15.903587836125622
1370,1986.710809291248,1520.3466403716238,276.50227937082286,-14.797543005568064,1477.0877285107565,70.94604215472552,20.81987498737971,22.684079396508526,0.0521472871791071,3.344222022651961,399.5664568589252,175,15.907866819666454
835,1964.195498024529,940.2754986494358,276.5889653097582,-14.798409706876855,1469.350568403519,72.57600426230229,20.24568014371569,22.68978155844962,0.0536262547018952,3.344222022651961,399.5664568589252,175,15.913533828703825
1331,2641.5262377724234,1471.756713083351,276.50680810249764,-14.70283925748069,1468.915995359857,75.83171952023892,19.370733047505464,22.69010272174799,0.0560484725765096,3.344222022651961,399.5664568589252,175,15.913853012082539
646,1325.330525582233,751.0129412207567,276.6199298866553,-14.889850433928542,1467.6269379841688,72.89567615091921,20.1332509070315,22.69105593536309,0.0539257174617945,3.344222022651961,399.5664568589252,175,15.91480034929027
287,936.851520519824,355.90076045592474,276.6806143343897,-14.944307198727898,1465.4699828547891,79.38898236496891,18.459362233889028,22.692652803629887,0.0588156831337755,3.344222022651961,399.5664568589252,175,15.916387373123145
1182,967.727941480548,1329.6228819529815,276.53502413976366,-14.943813767265963,1465.4171783978818,73.8717320083006,19.837319886221437,22.692691926057662,0.0547301755593558,3.344222022651961,399.5664568589252,175,15.916426254367495
296,2101.8086775308543,366.9973178750466,276.67398186536275,-14.776157090218266,1464.355079572677,69.10511225641423,21.190256867526585,22.693479126629267,0.0512358111931999,3.344222022651961,399.5664568589252,175,15.917208601975227
1610,1090.7945305008388,1814.9692806485773,276.4620335286208,-14.928005311660732,1462.2983356045734,77.54391112843021,18.857680949090607,22.695005157519105,0.0575733571339458,3.344222022651961,399.5664568589252,175,15.918725225132084
784,1646.4540118207317,886.5678207305527,276.5983250669167,-14.844054028083956,1461.7474994889053,76.36308687498237,19.14206928122224,22.69541422273523,0.0567180059819884,3.344222022651961,399.5664568589252,175,15.919131768527484
101,249.72211398458924,135.89984637497503,276.71645547229986,-15.042601858729366,1459.4190025854914,80.08903842672187,18.22245629682268,22.697145129839882,0.0595803322184016,3.344222022651961,399.5664568589252,175,15.920852004870513
1444,1635.104356796558,1602.0073019520614,276.49155592360665,-14.848613669931746,1459.363318047428,68.27269575361004,21.37550454011861,22.69718655719717,0.0507917835559064,3.344222022651961,399.5664568589252,175,15.920893176834861
494,1889.370393799982,581.0471280682351,276.6429198399738,-14.807723028301972,1457.2142809201323,69.9955086559727,20.818682639800898,22.698786574860044,0.0521502738086017,3.344222022651961,399.5664568589252,175,15.922483330648296
116,1873.427284406407,158.56135577380593,276.70608454492805,-14.808261727601826,1452.2926231344172,76.12202015654546,19.07848241741046,22.702459793256434,0.0569070419882674,3.344222022651961,399.5664568589252,175,15.926133904248909
95,139.04067235035618,127.74348177308924,276.71815413676586,-15.058546469476571,1449.0620076764608,79.51542756892033,18.223658628012537,22.70487769665834,0.059576401323229,3.344222022651961,399.5664568589252,175,15.928536901668418
1498,1580.6843128094922,1687.5891548614277,276.47900749765296,-14.856812540600982,1446.5163819096924,71.0243301815652,20.36649100684014,22.70678673063977,0.0533081520835064,3.344222022651961,399.5664568589252,175,15.930434166764917
230,3086.5466277282508,288.68125002536254,276.68150013207514,-14.633620958731225,1443.2572069973105,130.41483246465572,11.066664578881038,22.709235784582244,0.0981054401948609,3.344222022651961,399.5664568589252,175,15.932868122686964
497,1674.7367726139628,582.7513708508573,276.64357645785446,-14.838717076468953,1443.048802775942,66.05818265437205,21.845118118465734,22.70939257461628,0.0496998914866134,3.344222022651961,399.5664568589252,175,15.933023946135863
1411,2366.114859654175,1569.001051304126,276.49344057108794,-14.742988621990127,1442.165180333628,75.15480948769458,19.18926001096124,22.71005760737473,0.0565785235793266,3.344222022651961,399.5664568589252,175,15.933684879075196
1553,1731.7682020973275,1756.6956454928593,276.468063540187,-14.835292264463348,1440.151121984498,69.27310010373394,20.78947123526916,22.71157495397704,0.0522235504555844,3.344222022651961,399.5664568589252,175,15.935192871481748
1717,761.1770538082341,1961.774251050768,276.44148913187786,-14.976139575497209,1439.99583147699,70.74565851650168,20.354547002217892,22.71169203447963,0.0533394331930697,3.344222022651961,399.5664568589252,175,15.935309230202025
1729,783.248700867456,1973.838054456228,276.43959575950726,-14.973003572733653,1436.6341203169725,75.04864514318209,19.14270560882318,22.714229679737514,0.0567161206041628,3.344222022651961,399.5664568589252,175,15.93783123128839
1685,2421.4845558941934,1917.5322720507172,276.4412079488017,-14.736425431914537,1433.0885364908029,71.56188058732221,20.025864674449128,22.71691256665464,0.0542148874792526,3.344222022651961,399.5664568589252,175,15.940497578642718
1339,2780.0205438534326,1481.5259084420943,276.50477625509,-14.682890424344226,1430.729652800568,72.51219246640756,19.730883926360065,22.718701176011255,0.0550254111296821,3.344222022651961,399.5664568589252,175,15.942275161512685
1608,1257.9742755526145,1814.9696244868976,276.46133642648186,-14.903886275511589,1429.2318686030922,68.61791335245323,20.82884481289745,22.719838393184716,0.0521248302415563,3.344222022651961,399.5664568589252,175,15.943405367926678
1441,1042.008762937588,1600.3714475627971,276.49427970285507,-14.934184459279502,1427.856646958273,70.75215714193577,20.18110407706513,22.720883602695395,0.0537978495058576,3.344222022651961,399.5664568589252,175,15.94444413389021
1346,401.8567835766665,1492.4270915226662,276.51309293957775,-15.02611215165662,1425.6099649800744,78.07589124641507,18.25928519318097,22.722593315686716,0.0594601589554809,3.344222022651961,399.5664568589252,175,15.94614330677818
1353,929.8520905959716,1503.0694137848575,276.5092804415835,-14.949976396979157,1425.4877958130382,70.33835655128455,20.26615158080496,22.722686362996185,0.0535720852413005,3.344222022651961,399.5664568589252,175,15.946235780466077
584,2319.367355946761,680.5704839320856,276.62624063166334,-14.746056370566892,1423.945985653903,72.27698902639195,19.70123555000264,22.72386133276379,0.0551082188345215,3.344222022651961,399.5664568589252,175,15.947403506735592
522,1112.233714723521,620.4011767994706,276.6403467964985,-14.9200751515467,1423.5853126977454,72.22294113769296,19.710985045370577,22.72413637500048,0.0550809610732769,3.344222022651961,399.5664568589252,175,15.947676853381493
416,684.8443918305553,488.5194191806585,276.661878468016,-14.981229275537864,1422.5628388983896,84.55736315666942,16.823642386561172,22.724916472740308,0.0645341820191841,3.344222022651961,399.5664568589252,175,15.948452141945252
1518,625.2811232029087,1711.537346787591,276.47942598584893,-14.994750428837952,1421.4041961341572,73.58288916535489,19.31704792047495,22.725801138737914,0.0562042401338778,3.344222022651961,399.5664568589252,175,15.949331354120437
492,618.6994088866011,577.576249520654,276.6488541537356,-14.991139901375366,1420.4807527053636,77.02774038414076,18.441158284292943,22.726506738026433,0.0588737422705564,3.344222022651961,399.5664568589252,175,15.95003260350376
1025,1449.1109887610437,1175.291352312549,276.5560438014357,-14.87371980358876,1420.1827892414294,82.97737366557739,17.11530175641824,22.726734508557435,0.0634344644021752,3.344222022651961,399.5664568589252,175,15.950258969866374
914,1731.8859961460948,1038.8009938909595,276.5752333460535,-14.832348313167737,1418.912444688147,72.44383728139579,19.586378882397167,22.727706127367245,0.0554313794560437,3.344222022651961,399.5664568589252,175,15.951224598803774
106,270.2684851571182,147.05100947126527,276.714699584481,-15.03968129758142,1413.663992102549,90.38159290320468,15.641060825477268,22.73172963150887,0.0694134504119781,3.344222022651961,399.5664568589252,175,15.955223298694802
948,1369.079797086663,1078.781220736448,276.57079286820374,-14.884876719356862,1409.925198529847,68.44543974582727,20.59925692296837,22.73460494065788,0.0527057846824287,3.344222022651961,399.5664568589252,175,15.95808088202916
477,2068.849697931121,564.3575414353224,276.64465111686366,-14.781740830321702,1407.6541103438649,68.76414030353517,20.47075851061716,22.736355239713504,0.0530366278043337,3.344222022651961,399.5664568589252,175,15.959820390774924
705,1616.210729648314,804.7315572816602,276.6106737492472,-14.8480827481373,1407.4103211148176,84.85110541205523,16.5868236398351,22.736543292810982,0.0654555702511101,3.344222022651961,399.5664568589252,175,15.96000728455555
1771,822.3035648920983,2018.9683406724628,276.4326945227504,-14.967548813606262,1406.7466155360744,70.8166972864132,19.86461765996493,22.73705542429883,0.0546549658586238,3.344222022651961,399.5664568589252,175,15.960516258835822
109,847.323371641055,151.34862075741862,276.71156567833395,-14.956390528204896,1406.6984550899942,68.58863469808836,20.5092062450574,22.737092595481233,0.0529372022996573,3.344222022651961,399.5664568589252,175,15.960553200863911
189,2119.5531890846305,237.50411021341893,276.6932440465837,-14.773051576817911,1406.3381423873943,75.9865230745414,18.507731180275247,22.73737073231652,0.0586619715525743,3.344222022651961,399.5664568589252,175,15.960829623030714
1477,2248.6535401195906,1655.437511264037,276.4810294902506,-14.760294197339633,1399.7288368792215,69.55299716893744,20.12463723855662,22.742485346901066,0.0539487985363491,3.344222022651961,399.5664568589252,175,15.965912706845712
756,768.3889625938607,854.0440277538296,276.6069069905291,-14.970657993414264,1397.8837812528363,73.4211991282063,19.039239318495547,22.743917456529694,0.0570243370461394,3.344222022651961,399.5664568589252,175,15.967335987750703
1141,827.3029020195204,1293.8648030710965,276.54095696958075,-14.963932789038434,1395.205683560023,71.23991653541434,19.584605813883112,22.745999529841466,0.0554363978686959,3.344222022651961,399.5664568589252,175,15.96940522541813
793,92.65514103705384,899.2696384377331,276.6030317395995,-15.068358634702069,1391.6824657163525,77.29456653485272,18.0049197260047,22.74874473309551,0.0603001855338411,3.344222022651961,399.5664568589252,175,15.972133504939263
457,390.4893793624268,543.3641623194936,276.65494528230744,-15.023940406195694,1389.4435451323516,75.7441707123084,18.34390068655894,22.75049285788618,0.0591858851915569,3.344222022651961,399.5664568589252,175,15.973870852824069
863,2851.0040927848486,978.7444231252543,276.5795023215519,-14.67054903385142,1386.2315610162332,70.45235838596066,19.6761555294148,22.753005665666088,0.0551784619905518,3.344222022651961,399.5664568589252,175,15.97636816955148
853,2434.859037841895,961.9320352118758,276.5837541118886,-14.730556108190532,1383.9350291841547,78.31045261966493,17.672417702724754,22.754805866661588,0.061434718116277,3.344222022651961,399.5664568589252,175,15.978157272599757
736,1854.9086764148797,833.8631038857552,276.60531438868696,-14.81374594847172,1379.5794131670846,66.67299263040675,20.69172777071231,22.758228359301512,0.0524702437626659,3.344222022651961,399.5664568589252,175,15.981558666127535
125,1962.6954316779984,166.376681576921,276.7045358154174,-14.795403849171766,1378.342351662635,82.38433893856224,16.73063557250278,22.75920236992799,0.0648929322078101,3.344222022651961,399.5664568589252,175,15.982526672136443
488,246.95519644703683,576.0140729525243,276.65068193187045,-15.044789427014027,1373.810651216394,76.50453747549825,17.957244060934006,22.762777923819943,0.060460279779899,3.344222022651961,399.5664568589252,175,15.986080183318448
1349,1370.8165030757154,1499.0231163318372,276.5080350462444,-14.886332761346402,1373.2116940440028,70.10279033149074,19.58854544235089,22.763251388841873,0.0554252485563676,3.344222022651961,399.5664568589252,175,15.986550729505295
94,96.89915653501971,126.39903749813732,276.71853775685946,-15.064624426172369,1371.3563309364836,93.387404846539,14.68459620641559,22.764719332202965,0.0739346172505353,3.344222022651961,399.5664568589252,175,15.988009623233603
1636,2325.0423260625266,1847.8131592464704,276.4520079003998,-14.75005713420082,1367.0456382242555,71.71366097737223,19.06255544052616,22.768137587859997,0.0569545884541717,3.344222022651961,399.5664568589252,175,15.9914068058988
1150,2355.332040804646,1299.1562880897134,276.5337552116381,-14.743433708341485,1361.6409206450626,66.8887830656289,20.35679015581833,22.772438635341643,0.0533335556190172,3.344222022651961,399.5664568589252,175,15.995681338120162
404,1906.739528155157,479.0882081743495,276.6580720304584,-14.804791019844515,1360.42162430592,73.50336038575945,18.508291555191104,22.7734113053273,0.0586601954460507,3.344222022651961,399.5664568589252,175,15.996648011753082
1327,2129.0970933769468,1469.0252027868028,276.5093460346578,-14.77678447796328,1360.092465453141,70.0687145829911,19.41083796880866,22.77367403485086,0.0559326702816547,3.344222022651961,399.5664568589252,175,15.996909121591733
1188,748.1104822147875,1334.3913329389102,276.5352380312709,-14.97552267695894,1359.921884562471,74.2406698249209,18.3177480452362,22.773810214903794,0.0592703861478405,3.344222022651961,399.5664568589252,175,15.99704446211672
559,2830.321579294361,653.9847545282162,276.6280564560893,-14.672170455364446,1359.3583131082123,71.4957713602036,19.013128850091213,22.774260253072825,0.0571026477840753,3.344222022651961,399.5664568589252,175,15.997491725873418
602,2527.966316240282,703.9409094902164,276.6218724028632,-14.716036623287604,1355.952715287538,73.13070456946994,18.541496670519034,22.776983758964363,0.0585551435945439,3.344222022651961,399.5664568589252,175,16.00019844179277
1574,1497.2943245431884,1777.1194331639551,276.4659901581719,-14.86920581811389,1351.9470633121382,74.61000794209149,18.120183881516954,22.780195904834684,0.0599166105100865,3.344222022651961,399.5664568589252,175,16.003390785304667
71,2999.2281480675483,99.6128364327499,276.71009203425194,-14.645425390409908,1350.6367988406564,125.30648250695585,10.778666608614456,22.781248676373714,0.100726744728545,3.344222022651961,399.5664568589252,175,16.004437066677873
191,1684.562381134902,238.9805440010548,276.6948799407145,-14.835869610181687,1349.2637884233843,69.94892554636054,19.2892711058031,22.78235295943886,0.0562851750097167,3.344222022651961,399.5664568589252,175,16.00553454201699
708,2102.3391799918663,805.7478317102167,276.60846794040026,-14.777910372980996,1347.9681639446353,64.19005727157037,20.999641085250243,22.78339603362557,0.0517008836290338,3.344222022651961,399.5664568589252,175,16.006571185820484
422,583.5771254054162,496.5620894256728,276.6611109324219,-14.995879685275952,1345.3473737378372,75.34755025242353,17.855223815913835,22.785509033510575,0.0608057345678494,3.344222022651961,399.5664568589252,175,16.008671159403832
212,1888.1504035602984,270.15161563621297,276.6893548136391,-14.806602907464482,1339.1068190529477,71.4992505666804,18.7289630092569,22.790557067768738,0.0579690396880695,3.344222022651961,399.5664568589252,175,16.013688073349357
654,198.67865987420075,756.9424323848885,276.623848599542,-15.05248685253436,1339.04166890512,78.73839763080845,17.00620928538156,22.79060989222905,0.0638413876826308,3.344222022651961,399.5664568589252,175,16.01374057215544
1452,476.7038659904968,1614.9375194227391,276.4944779179101,-15.015800971652862,1338.4712355690135,68.43953627735662,19.556988670185508,22.791072515683634,0.055514681647034,3.344222022651961,399.5664568589252,175,16.014200343611442
586,2513.6383924125143,683.5210357189791,276.62498092477955,-14.718019752874168,1336.5039177422586,75.63607218177037,17.670192002175117,22.792669531321888,0.0614424563053053,3.344222022651961,399.5664568589252,175,16.015787513907256
1639,805.8517698406748,1851.719341214332,276.45773600085084,-14.969258401631231,1335.4282003348635,67.91798520273117,19.662364782298667,22.79354376415924,0.0552171629415306,3.344222022651961,399.5664568589252,175,16.016656357240926
1288,1529.919190976864,1432.615778157223,276.5172834740499,-14.863104889915096,1330.5893939856903,76.62445315142485,17.365075237224683,22.797484978216637,0.0625220441125781,3.344222022651961,399.5664568589252,175,16.02057327435275
574,192.58739524833945,669.9587165143682,276.6368746133515,-15.053015495922873,1329.3627951755188,76.27384972190633,17.428814725130067,22.798486321651865,0.062293392701832,3.344222022651961,399.5664568589252,175,16.021568444668077
1088,2672.3878420608125,1242.2382818333126,276.54092760816104,-14.697433393720432,1328.4049298763275,82.04142028767319,16.191881189018392,22.799268925089958,0.0670521224387651,3.344222022651961,399.5664568589252,175,16.022346223482877
1586,2107.097492932713,1788.640922989108,276.461738750662,-14.78126471261644,1325.8742336709984,73.74438388633295,17.979324848854322,22.801339294600215,0.0603860272355656,3.344222022651961,399.5664568589252,175,16.024403829500827
567,1140.685701702864,663.9220462175621,276.63372416548737,-14.916146492943993,1323.8133151395596,86.37755884514388,15.325894049782862,22.803028259260877,0.0708408916617417,3.344222022651961,399.5664568589252,175,16.02608238196823
1694,111.33085728507211,1929.1019473022748,276.44908687472866,-15.069745057650408,1323.0471772987803,83.00979484040968,15.93844653925964,22.803656795307393,0.0681183073473126,3.344222022651961,399.5664568589252,175,16.02670704319194
220,767.1330816888791,276.16693264190167,276.69325795997673,-14.968481076864771,1320.512387290888,75.57755073336793,17.472283429103957,22.8057389228776,0.0621384150735287,3.344222022651961,399.5664568589252,175,16.02877633478331
1795,2305.6609422419533,2053.843759412106,276.4213483190818,-14.753692548305729,1319.4454320650548,73.15998346359018,18.035070124389904,22.806616536885013,0.0601993777962494,3.344222022651961,399.5664568589252,175,16.02964853844267
1566,2453.925289055373,1768.2736901922417,276.4633430286665,-14.731133875775102,1318.154328809935,67.42358866245684,19.55034365508219,22.80767947120956,0.0555335506707457,3.344222022651961,399.5664568589252,175,16.03070491994947
1686,2819.880709752752,1916.9862702931173,276.43964984643696,-14.678934700993311,1315.945004723675,87.98505274404089,14.956460940609055,22.80950077208493,0.0725907020592124,3.344222022651961,399.5664568589252,175,16.03251499280028
735,289.04030573110964,831.9959424863445,276.61224583419335,-15.039748410452326,1311.612294594088,74.80159169868561,17.534550599905685,22.813081424363954,0.0619177545391918,3.344222022651961,399.5664568589252,175,16.036073570938633
1556,2951.330915298912,1758.979910010829,276.4626779065397,-14.659313773239743,1307.1537117446132,99.26309152121463,13.168577481442302,22.816778470596592,0.08244626281996,3.344222022651961,399.5664568589252,175,16.039747825480745
1428,2803.889757391681,1587.0541979845384,276.4889334101203,-14.67988219664992,1306.8234587404877,70.68740238284622,18.48736004843793,22.81705281702109,0.0587266108928156,3.344222022651961,399.5664568589252,175,16.04002048060402
1107,276.6467792038942,1262.379571322526,276.54799007254354,-15.043261059526357,1306.191937182768,72.56878803723312,17.999362708284387,22.81757762512878,0.0603188022596097,3.344222022651961,399.5664568589252,175,16.040542053354827
1379,2588.292406730701,1533.6440923092312,276.4977947618696,-14.710778004201064,1301.9200762592664,82.21133744420833,15.836259532242712,22.821134311490475,0.0685578559627359,3.344222022651961,399.5664568589252,175,16.044076813321844
1690,1346.9659537549264,1922.4068467031996,276.44492759535984,-14.891478034274591,1294.0287222169572,67.60078864444787,19.14221339965443,22.827735331653166,0.056717578961877,3.344222022651961,399.5664568589252,175,16.050637139265625
695,2713.4212023793475,795.1217697861426,276.60748262584366,-14.689642775761302,1290.2215656721671,72.30084292703025,17.84518013122372,22.8309343799092,0.0608399574572155,3.344222022651961,399.5664568589252,175,16.053816465907907
764,1179.5252391826832,861.9120550102759,276.6039844565948,-14.911350271964,1290.0015808368917,67.90558091540089,18.99698910526986,22.831119515447618,0.0571511619016942,3.344222022651961,399.5664568589252,175,16.054000460115752
680,113.67938067589738,780.6086912181636,276.6206756842375,-15.06484864142909,1288.441932993912,74.60396399691795,17.270421891350708,22.832432994938042,0.0628647063071305,3.344222022651961,399.5664568589252,175,16.055305842218104
516,296.525722423734,606.7885792629146,276.6458697292837,-15.037759386519175,1286.871922992752,76.25650166970793,16.875569883426056,22.833756807884033,0.0643356051084411,3.344222022651961,399.5664568589252,175,16.056621494071948
870,1513.587925528606,989.0824780824752,276.58357786623185,-14.863652998402502,1286.0810038811178,79.8401883288942,16.10819101006159,22.834424312938335,0.0674004920429515,3.344222022651961,399.5664568589252,175,16.05728488406583
830,2231.8991748988424,937.2611368961192,276.5882889826841,-14.75975287159582,1282.996022523439,65.56553535588579,19.56814682530103,22.83703184671528,0.0554830260470154,3.344222022651961,399.5664568589252,175,16.05987634281987
519,2278.9985282147672,609.8104601893401,276.6369752379961,-14.751589103842251,1282.0293929075417,68.52038052736769,18.710190793460157,22.83785016595215,0.0580272008973574,3.344222022651961,399.5664568589252,175,16.06068961725134
1629,2981.395479822361,1839.906754247881,276.4504832117288,-14.655309169158066,1281.802412007266,89.71153788916764,14.28804412639591,22.838042410530278,0.0759866074317522,3.344222022651961,399.5664568589252,175,16.060880676672816
1029,973.4933675345236,1181.6355964850902,276.55710219294934,-14.942384478590885,1279.055184714729,71.04461476323715,18.00354874155206,22.840371915522873,0.0603047774405838,3.344222022651961,399.5664568589252,175,16.06319582064488
87,2022.657603994241,116.30117543025356,276.71175862803057,-14.78653455187477,1278.273878129985,68.38452768273402,18.69244288796526,22.841035336499697,0.0580822959581706,3.344222022651961,399.5664568589252,175,16.063855151738956
432,1166.365540741988,505.2043890977252,276.6573250721252,-14.911787848193743,1275.8427725615911,72.0954150389196,17.69658683389016,22.843102227320536,0.0613508135885735,3.344222022651961,399.5664568589252,175,16.06590930051304
633,903.9322752297526,743.2537625555373,276.6228814490313,-14.950644396272908,1266.7436682185507,72.38179987216328,17.500858923870407,22.8508732663163,0.0620369551416218,3.344222022651961,399.5664568589252,175,16.073632432313516
1495,1252.560228231118,1686.6737814991,276.4805129427248,-14.904152384833967,1265.8679615846486,91.27654794521716,13.86849075782756,22.85162410108613,0.0782853750244752,3.344222022651961,399.5664568589252,175,16.074378638308744
254,209.1050412355751,322.02027889811893,276.6888089795428,-15.049223056263488,1263.2510691767675,73.87244249457909,17.100437274284893,22.85387093550602,0.0634896045396828,3.344222022651961,399.5664568589252,175,16.07661162135878
202,1551.7657237674366,259.63010037570086,276.6923632355455,-14.855130146976869,1262.5919345269212,71.79028553426552,17.587225418183994,22.854437594928907,0.0617323070685987,3.344222022651961,399.5664568589252,175,16.07717478741821
609,1474.4218299477384,712.6056985707618,276.62503331117404,-14.86817106278026,1261.0611992419,70.43477611568176,17.903956948350892,22.855754713276454,0.0606402262433948,3.344222022651961,399.5664568589252,175,16.07848378594472
1175,2421.1757284249416,1323.0464184388231,276.5299153175218,-14.734028732007914,1259.8428458630517,67.58262296268049,18.641520418033256,22.856804186364627,0.0582409575857195,3.344222022651961,399.5664568589252,175,16.079526789201488
959,1099.0128032821888,1093.7758307300553,276.569694182781,-14.923914431707502,1251.684912601253,77.7995869118209,16.088580444777033,22.863857578165184,0.0674826473178657,3.344222022651961,399.5664568589252,175,16.086536697985345
1783,2673.214389854958,2038.2897600153583,276.4221581147821,-14.700595742362,1251.5719150935763,75.36495539124002,16.606815576236006,22.86395559885875,0.0653767722665393,3.344222022651961,399.5664568589252,175,16.086634114397228
1023,1543.9021170856906,1170.218816265005,276.55640228388035,-14.860018538854431,1249.443701516779,66.91930594458525,18.67090048051936,22.865803391470813,0.0581493110700678,3.344222022651961,399.5664568589252,175,16.088470515667467
1474,1277.3094974541723,1653.2403904251032,276.48540115948174,-14.90044703442045,1242.9978943870228,65.68176182136926,18.9245516551083,22.871419139324964,0.057369919234358,3.344222022651961,399.5664568589252,175,16.094051643346724
397,425.8860682888856,468.8908103595279,276.66592334138926,-15.018528816346915,1240.4901821319072,73.75555052803138,16.818940042491434,22.873611793227834,0.0645522248879586,3.344222022651961,399.5664568589252,175,16.096230779893837
1669,2946.523205244753,1894.6629147648864,276.44245932615775,-14.660567450233945,1239.0228761424078,90.4600118713013,13.696912597194688,22.874896809587725,0.0792660384079815,3.344222022651961,399.5664568589252,175,16.097507874336245
787,287.71709528674427,893.1274816878928,276.6031163360683,-15.040185267050848,1236.9831952475652,66.97350537845227,18.469739462756955,22.876685622563762,0.0587826375238938,3.344222022651961,399.5664568589252,175,16.09928565957035
1778,1442.3847898595957,2022.6995187012467,276.4295611052441,-14.8781141458313,1234.8890654410352,67.57244274848044,18.27503957549034,22.87852525896288,0.0594089000746182,3.344222022651961,399.5664568589252,175,16.10111395490938
470,813.663067546369,552.2579151081936,276.6518027313085,-14.962894801872311,1234.4592431615165,81.05405416294231,15.230074003206466,22.878903232060942,0.0712865872990126,3.344222022651961,399.5664568589252,175,16.10148959786458
1298,1648.3684983822254,1439.9455246799523,276.5156934445213,-14.846041559359463,1231.3820868463663,70.23670459149422,17.531888689941308,22.881613042876985,0.0619271556648033,3.344222022651961,399.5664568589252,175,16.104182703136352
898,549.2856733465283,1024.0721988343453,276.58243670889186,-15.00296546250209,1230.1177635524073,68.0826002823383,18.06801970622616,22.882728396749762,0.0600895957416889,3.344222022651961,399.5664568589252,175,16.105291181033365
997,1040.9829422159387,1135.960097181334,276.5636389979088,-14.93246012677112,1228.8542416435375,73.79975596612003,16.65119654606554,22.883844189528048,0.0652025214522218,3.344222022651961,399.5664568589252,175,16.106400095130105
643,2279.959658069036,749.3013288189914,276.6161460472088,-14.75203272259361,1228.4322575090337,67.93217318535818,18.083217419780777,22.884217091472795,0.0600390945259763,3.344222022651961,399.5664568589252,175,16.10677069819483
1404,553.562737799321,1561.5973844438402,276.5021215886383,-15.004500607616585,1220.828490742977,67.7917198423895,18.008519234816713,22.89095848182847,0.0602881328466454,3.344222022651961,399.5664568589252,175,16.113470528972123
933,858.1311721245186,1062.5314431246634,276.5753805573092,-14.958550911834395,1218.355847228755,69.40046691702844,17.555441646889168,22.893159741866636,0.06184407215938,3.344222022651961,399.5664568589252,175,16.1156582185991
662,2549.035064499488,763.031629777523,276.61296324586226,-14.713242212965117,1218.318101186771,75.50378085389922,16.135855548005367,22.89319337972319,0.0672849355133331,3.344222022651961,399.5664568589252,175,16.115691649083722
1253,1037.307898150298,1390.6482079661484,276.5256174917578,-14.93401948963444,1214.6151502227876,74.60521539806331,16.280566227737452,22.896498386984018,0.0666868697816097,3.344222022651961,399.5664568589252,175,16.11897628151072
48,2161.212248334172,76.50225871986915,276.71711060433165,-14.766357920988195,1214.2260761809594,70.51358501269394,17.21974674755755,22.896846233333598,0.0630497077521767,3.344222022651961,399.5664568589252,175,16.11932198344396
412,1229.118081117076,486.2078270817542,276.659894995483,-14.90265056878114,1210.2251250137924,77.58373474621722,15.598954200549102,22.900429709443063,0.0696008197755835,3.344222022651961,399.5664568589252,175,16.12288336800429
594,238.82494822857316,694.5374330561368,276.63300300527,-15.046441521624589,1209.6735088529822,66.58696317116026,18.166822021054543,22.900924696827175,0.0597627916837475,3.344222022651961,399.5664568589252,175,16.12337530387144
1746,742.4834447765203,2001.95250239317,276.4355678022316,-14.978995157809758,1204.7496471364284,67.66126732581556,17.80560274366553,22.905353102287858,0.0609751894181872,3.344222022651961,399.5664568589252,175,16.127776408930558
1197,2329.7880064190645,1339.5912160854734,276.52782711218515,-14.7472874374836,1203.6939617391618,71.15240460895905,16.9171227361106,22.906304916916884,0.0641775801320226,3.344222022651961,399.5664568589252,175,16.128722355776738
28,949.8306863959156,61.94733401262347,276.7244840861844,-14.941221358520966,1202.6771661098755,70.4605300905387,17.068806671827307,22.907222457757097,0.0636072586018557,3.344222022651961,399.5664568589252,175,16.129634240126457
1760,2838.668205864853,2010.080837553144,276.42568690615354,-14.67660593087189,1197.6576235801913,105.87917298063874,11.311550608722616,22.911763413479992,0.095981535826113,3.344222022651961,399.5664568589252,175,16.134147201593663
1052,2463.780170760961,1207.5405647118337,276.5469755957175,-14.727401258592936,1194.3750887236383,68.29726581452458,17.487890246839633,22.914743280064567,0.0620829605330011,3.344222022651961,399.5664568589252,175,16.137108697783944
1272,1765.8528548556355,1417.1171610653976,276.518610008569,-14.828994291143442,1193.273358307633,76.0097320913494,15.698954929528538,22.915745260642506,0.0691574697088836,3.344222022651961,399.5664568589252,175,16.138104501314096
625,1698.8648773570917,732.4532552643043,276.6211174511573,-14.835853038636428,1193.0941906035296,74.29191673333908,16.05954245178492,22.915908294089324,0.0676046657779674,3.344222022651961,399.5664568589252,175,16.138266529686156
626,1009.3342904199676,732.9923676182981,276.62396545891943,-14.935388929659224,1192.9856731785403,69.78112927093518,17.09610729494794,22.916007051301122,0.0635056847309816,3.344222022651961,399.5664568589252,175,16.138364678075753
1186,323.3312198492836,1334.0201175189004,276.5370890242614,-15.036810910452395,1187.192774079071,72.95440202504264,16.273079363621537,22.921292010257602,0.0667175508543934,3.344222022651961,399.5664568589252,175,16.143617056117257
1385,2450.3549353841454,1542.7605651554843,276.49700659735606,-14.730723230229795,1186.9662618695584,69.11490223844261,17.17381090657685,22.92149918467491,0.0632183506564767,3.344222022651961,399.5664568589252,175,16.14382295333788
1058,2324.401500629293,1215.4603134398872,276.54637577410455,-14.747552435310018,1186.2404733481235,66.9110559763157,17.728616833786234,22.92216327759829,0.0612399720846203,3.344222022651961,399.5664568589252,175,16.144482952236075
454,3024.910384591797,540.7202985792632,276.6441424911053,-14.643593372750432,1184.7070263072965,90.45291223362172,13.097500092063768,22.92356771122889,0.0828936814177129,3.344222022651961,399.5664568589252,175,16.14587872776108
719,1742.7111327429852,815.5136671459865,276.6085284589858,-14.82986646983314,1182.9191357595846,72.22153967066234,16.379035134861674,22.92520747843359,0.0662859558612925,3.344222022651961,399.5664568589252,175,16.14750838606686
864,402.3541046782314,980.1363532204158,276.5896262807384,-15.023991991831377,1182.136866013403,82.26522426277326,14.369824875665534,22.925925718184068,0.0755541566716355,3.344222022651961,399.5664568589252,175,16.14822219798574
981,2904.326698914133,1114.7022611631633,276.55899191967984,-14.663420127641997,1173.9775921062685,66.13092465530002,17.75232386701825,22.933445602855556,0.0611581902252867,3.344222022651961,399.5664568589252,175,16.155695723787623
849,2464.228927826577,954.9647600849934,276.58467085652995,-14.726287193719251,1172.36045683868,79.61041501655139,14.726219635897396,22.93494221804859,0.073725642211219,3.344222022651961,399.5664568589252,175,16.15718311259068
158,1487.8059531628558,203.06501930661764,276.7010869505853,-14.8641298753083,1164.5615197786535,73.12010222448126,15.926694361058322,22.94218903231554,0.0681685712921445,3.344222022651961,399.5664568589252,175,16.164385251422793
265,2148.892330759553,333.82160599485974,276.6787357734417,-14.76921932230108,1161.9565945354989,66.34505693761642,17.513838229547,22.944620359036502,0.0619909802620166,3.344222022651961,399.5664568589252,175,16.16680158940877
1569,2358.0735499125635,1771.8267059731415,276.46320910989,-14.744980293191489,1157.875825730851,67.45190477546416,17.16594704901546,22.948440154781878,0.0632473114882566,3.344222022651961,399.5664568589252,175,16.17059783673278
918,2421.978419394344,1044.5626814263144,276.5714747242299,-14.73275914638688,1157.0715856030292,66.08985260815842,17.507552823021353,22.94919455002641,0.0620132357146094,3.344222022651961,399.5664568589252,175,16.17134758125296
34,1399.36360434519,65.78127500912241,276.72197618887776,-14.876328782026793,1154.5618818879302,73.93535118975903,15.615830090867972,22.951552084034834,0.0695256027814307,3.344222022651961,399.5664568589252,175,16.173690581446508
333,633.5096919564273,405.3105061331069,276.6745331326389,-14.988299701731307,1154.3145893625333,105.70011190617748,10.920656265597303,22.951784659880584,0.0994171021956085,3.344222022651961,399.5664568589252,175,16.173921723499888
1152,258.9312669888113,1301.337469136126,276.54224465441484,-15.045972350718534,1154.150566041324,75.30031951698169,15.327299717248088,22.951938949459652,0.0708343948398322,3.344222022651961,399.5664568589252,175,16.174075061908717
774,575.4441304193396,875.3781089220432,276.6045413043772,-14.998590617185297,1153.3380303490849,78.47768257990715,14.69638236545452,22.952703589819365,0.0738753233960528,3.344222022651961,399.5664568589252,175,16.174834988384603
1345,2485.336442034254,1489.1121776631048,276.5048667373488,-14.725453607096092,1151.7566420231597,69.35473604070906,16.606748259370704,22.95419330809357,0.0653770372768414,3.344222022651961,399.5664568589252,175,16.176315522787213
1464,1963.2799864527728,1636.2329873242213,276.48508059203687,-14.801396940826823,1150.509546745423,68.48843041006491,16.798597074818446,22.95536955490018,0.0646303971197388,3.344222022651961,399.5664568589252,175,16.177484518222997
627,1883.2982679352283,736.7725055671687,276.61969176577253,-14.809245876047507,1148.6317544786434,66.20914562568451,17.348536121768873,22.95714307573711,0.0625816491016592,3.344222022651961,399.5664568589252,175,16.179247105591557
251,2083.1936450843,318.74441345370286,276.68126675950634,-14.778642826022208,1140.8310740076995,67.35043332266727,16.938733987680887,22.9645417667123,0.0640956992883649,3.344222022651961,399.5664568589252,175,16.186600184836628
357,1808.942782264534,430.02166551045786,276.66581562026914,-14.818706769509498,1137.4700009434891,70.90565159168666,16.042021692342107,22.967745242670897,0.0676785021752136,3.344222022651961,399.5664568589252,175,16.189783911885407
579,118.74634069649854,672.2953289740636,276.63684219374585,-15.063681732000854,1134.8838220804755,71.54917494280073,15.861592016787712,22.970216608888123,0.0684483624878832,3.344222022651961,399.5664568589252,175,16.19224004253065
927,1406.6504869580474,1056.4133504213423,276.5739746103505,-14.87936294262292,1134.8544393142802,71.38893704254147,15.89678297966543,22.970244719559382,0.0682968372524671,3.344222022651961,399.5664568589252,175,16.192267979904173
1258,2691.123895352432,1399.0002555445226,276.5174581777597,-14.69537946717066,1133.9201211489562,67.61847273881006,16.76938379736778,22.97113896717118,0.064742987167508,3.344222022651961,399.5664568589252,175,16.193156714624457
102,2112.2910365573234,137.75331156883507,276.70817194322825,-14.773680837100288,1133.078919738473,68.29693664089363,16.59047938996473,22.971944722138254,0.0654411469662968,3.344222022651961,399.5664568589252,175,16.193957502242817
1243,1478.8145922204951,1384.5427385688622,276.5246749632206,-14.870284453119488,1129.9081268695882,68.82744229023375,16.416535167832556,22.97498729091796,0.0661345398953233,3.344222022651961,399.5664568589252,175,16.196981314079366
318,1989.36248222694,390.2844082916645,276.67098247688926,-14.792490876355592,1122.2725535591017,69.49747815544163,16.14839247906189,22.98234926699967,0.0672326983263334,3.344222022651961,399.5664568589252,175,16.204297904772325
913,755.332253658151,1037.3835800314755,276.5795730557744,-14.973284503138732,1120.0263468736084,88.45370563017786,12.662288582418505,22.984524524488403,0.0857427938822597,3.344222022651961,399.5664568589252,175,16.206459752151368
807,618.9062516542368,915.674540171685,276.5983355911964,-14.992481082943378,1118.677914783213,70.66850007174875,15.82993715230173,22.985832461175107,0.0685852375504937,3.344222022651961,399.5664568589252,175,16.20775962562049
1357,904.3612896713375,1509.7352303311643,276.5083920742355,-14.953681066888215,1118.2737113385228,76.50563373289519,14.616880571733605,22.986224832931065,0.0742771342128598,3.344222022651961,399.5664568589252,175,16.208149578468195
445,996.36086926109,528.4310952869259,276.65458140412267,-14.93642467226034,1117.2629533233412,84.07787305314982,13.288430270079068,22.987206625503255,0.0817026524528348,3.344222022651961,399.5664568589252,175,16.209125318448386
1321,2982.7662247269204,1459.8832826168257,276.5071654729059,-14.653536835938608,1116.5008851781313,76.4294699197906,14.608251062709844,22.987947442409308,0.0743210118267642,3.344222022651961,399.5664568589252,175,16.20986156833834
993,1314.4391588757303,1130.6132161561825,276.5632830284327,-14.89297387303726,1116.203609272401,81.75445961344008,13.65312197707808,22.988236565503172,0.0795202739580557,3.344222022651961,399.5664568589252,175,16.21014890903521
1193,1934.949216806023,1337.2492095402663,276.52982533522373,-14.804264161503896,1112.9176204858811,75.25754791100057,14.788119615616704,22.991437575417372,0.0734170420729805,3.344222022651961,399.5664568589252,175,16.213330185242356
826,1668.0606109869696,933.9831767170616,276.59115349511336,-14.84113022306815,1110.077442937385,68.41919762144593,16.22464865898153,22.99421192730053,0.0669167032716598,3.344222022651961,399.5664568589252,175,16.216087433696032
688,2501.42802873229,786.7347062426765,276.6096253842654,-14.720214741449851,1108.725842698128,67.80853339055533,16.35083059992205,22.99553469575426,0.0664002965088009,3.344222022651961,399.5664568589252,175,16.21740204749674
1443,2042.3425028618697,1600.5990133400371,276.49007011151906,-14.789842493913012,1105.498026230256,70.19608818898665,15.748712709659255,22.99870019291392,0.0689389679026972,3.344222022651961,399.5664568589252,175,16.220548029879716
1313,846.8964576086594,1453.7917129705593,276.5169885286907,-14.961748029297278,1103.439576755889,72.68784818567322,15.180523351541131,23.000723730169018,0.0715192734043506,3.344222022651961,399.5664568589252,175,16.222559092355766
936,955.2898683269104,1066.6220364122046,276.5743579833521,-14.944546013463674,1103.4290271000937,90.0753259320141,12.25006976863926,23.00073411061779,0.0886280666563583,3.344222022651961,399.5664568589252,175,16.22256940881075
1159,1365.5359198894034,1309.8999549730331,276.5362955035668,-14.886328574786052,1102.546774422779,68.85408487271559,16.012801222483155,23.001602564137468,0.0678020032170009,3.344222022651961,399.5664568589252,175,16.223432508455303
767,168.63558546693267,866.5228487117831,276.60760078074907,-15.057262906878496,1102.2202226144143,68.88639060920212,16.000551239030592,23.001924184629917,0.0678539122671987,3.344222022651961,399.5664568589252,175,16.22375214620957
798,1073.7365487066245,899.9503973600829,276.5987515952207,-14.926774288607586,1101.4277538978204,71.42127317419508,15.421564261553554,23.002705082507443,0.0704014185322746,3.344222022651961,399.5664568589252,175,16.22452822997831
1112,1604.5540767053967,1262.54341480629,276.54236243235715,-14.851641922515263,1098.6683195972,69.34306837855812,15.843953048044298,23.005428617476614,0.0685245655997455,3.344222022651961,399.5664568589252,175,16.227234974796033
912,3028.2834834363,1037.6674321932094,276.56996969582286,-14.645202168567849,1098.0711444362532,78.66945961227303,13.95803593730223,23.006018923900665,0.0777831497838829,3.344222022651961,399.5664568589252,175,16.227821642076705
300,979.204656148669,368.6546043681484,276.6785270468251,-14.938245331391082,1089.61286269399,81.26434522913524,13.408252532173696,23.014414568287606,0.0809725202739741,3.344222022651961,399.5664568589252,175,16.236165528677404
467,1843.694670837035,550.1154539786394,276.64773281484065,-14.814188892583896,1087.260556254303,69.25841057198947,15.698606815762378,23.016761039366813,0.0691590032632634,3.344222022651961,399.5664568589252,175,16.2384975341429
955,1452.0770250810472,1086.7546050286874,276.5692520780416,-14.872930496848454,1087.0423731049232,68.13123693703292,15.955124579780794,23.016978938484865,0.0680471026453694,3.344222022651961,399.5664568589252,175,16.238714089948225
1550,2749.2877244058886,1752.0539366383553,276.4645435858447,-14.688443397281436,1085.8686266677978,66.96466067903046,16.215547359711035,23.0181519079494,0.0669542616055945,3.344222022651961,399.5664568589252,175,16.239879828246217
1508,1626.0038220752956,1702.0220668514562,276.47666430740907,-14.850331752352984,1085.419279511436,71.78834643118138,15.1197141802389,23.01860129329507,0.0718069129520307,3.344222022651961,399.5664568589252,175,16.240326443204104
69,1286.875322025993,98.86514779442368,276.7175166159798,-14.892709102425924,1084.869002756779,74.34107207950082,14.593130989510255,23.019151870297076,0.0743980164901155,3.344222022651961,399.5664568589252,175,16.240873625988172
1410,468.6955476818793,1566.6459660972168,276.5017247968181,-15.01676442918028,1083.7920423866308,67.9865836736994,15.941263464395778,23.02023022688369,0.0681062703985083,3.344222022651961,399.5664568589252,175,16.24194533468129
383,2616.5886839468826,453.88026918180384,276.6588270992212,-14.702189159210157,1082.765736119327,66.40007651464475,16.306694102687057,23.021258861306443,0.0665800188047371,3.344222022651961,399.5664568589252,175,16.242967627739624
1776,1092.199528958946,2022.990427688575,276.4309711187536,-14.9286323424842,1082.6993634522078,71.54896457144874,15.132285560485297,23.021325418100858,0.0717472582486198,3.344222022651961,399.5664568589252,175,16.243033774222198
1127,1072.8471202105118,1277.8796100899042,276.542308833047,-14.928436091504208,1080.1517609063012,68.61127439439409,15.743065122174082,23.023883176762553,0.0689636987190501,3.344222022651961,399.5664568589252,175,16.2455757647165
538,239.98337271611555,633.0867959662073,276.6421819814978,-15.0460263128513,1079.4495709396724,71.76008088955261,15.042479851730867,23.024589226610747,0.0721755994158818,3.344222022651961,399.5664568589252,175,16.246277461881867
1391,996.3937474447029,1552.0471526973238,276.501687035328,-14.940572007609845,1079.418640184158,66.19670173203009,16.30622994713146,23.024620337950413,0.0665819139997466,3.344222022651961,399.5664568589252,175,16.246308381425166
469,996.8628973846368,552.4768865236889,276.6509867516414,-14.936450756653873,1076.7426870082272,91.460411245053,11.772773294483375,23.027315294677802,0.0922212611117509,3.344222022651961,399.5664568589252,175,16.248986724181336
413,301.5682803293368,485.7631647169916,276.66393606509826,-15.036541396013446,1076.0914286447514,69.59862986314037,15.46138811584066,23.027972191370683,0.0702200857947332,3.344222022651961,399.5664568589252,175,16.249639571212626
1514,384.5519388396894,1707.9016699226272,276.48097982278244,-15.029463378332563,1075.3847121829167,73.97197647941049,14.537731224232484,23.0286854762286,0.0746815292739957,3.344222022651961,399.5664568589252,175,16.250348458785055
905,2541.9814634591826,1032.631831906783,276.57275292846737,-14.71538617461287,1067.7014296901762,73.428953385945,14.540605312434488,23.03647056106661,0.074666767763207,3.344222022651961,399.5664568589252,175,16.258085549837446
1537,1436.1516255235738,1739.2938260986564,276.4718913241387,-14.877875222080691,1064.689441551629,69.55510682783596,15.307135451419366,23.03953775366181,0.0709277058039835,3.344222022651961,399.5664568589252,175,16.26113383368766
84,279.41192411952954,112.95605057332516,276.7197567817462,-15.038222089962275,1063.7461449883413,82.36090752719784,12.9156680872787,23.04050012368054,0.0840606922277107,3.344222022651961,399.5664568589252,175,16.262090270851274
1171,2794.2722900296253,1317.768332715154,276.5291502028822,-14.680153684738825,1063.5437530916824,66.44651690118882,16.00601209350455,23.04070671913386,0.0678307621947,3.344222022651961,399.5664568589252,175,16.262295592677127
364,1976.3314752216968,434.25060265330455,276.66447215436784,-14.79455604924634,1058.5411174842156,75.77657653524827,13.969239122221682,23.045825791170373,0.0777207685043428,3.344222022651961,399.5664568589252,175,16.26738310646462
282,3081.0354939540507,352.5027921778323,276.67199756794,-14.634688769211722,1056.0491139198712,119.54521728591448,8.833888447365775,23.04838483046278,0.1229017104380292,3.344222022651961,399.5664568589252,175,16.26992636969476
1728,1517.4665724031684,1973.1032718217969,276.4366525536019,-14.867083602400056,1051.0191165944852,66.11754878072021,15.896220231639337,23.053568583414886,0.0682992550542963,3.344222022651961,399.5664568589252,175,16.27507816565049
1183,823.2852872998195,1331.9418946234416,276.53528671699183,-14.964665634237436,1050.745046072523,71.699118079003,14.654922880846875,23.053851743909604,0.0740843202538408,3.344222022651961,399.5664568589252,175,16.275359580506674
1261,2333.7245717176656,1400.7927655899227,276.5186769897957,-14.74697148780978,1050.3291600405937,70.59453286196675,14.878335721751975,23.054281564547544,0.0729718713372435,3.344222022651961,399.5664568589252,175,16.275786751370077
1473,1184.6563852149322,1650.2098201800034,276.48624094811294,-14.913803118080182,1047.0246560469095,65.69686820348751,15.937208038652416,23.057702849564862,0.0681236009071889,3.344222022651961,399.5664568589252,175,16.279186944720045
1190,168.09394914741353,1336.5425845475904,276.5373697784697,-15.05921823618274,1045.6282924605475,70.17753968380163,14.899757061473322,23.059151807192368,0.0728669598786494,3.344222022651961,399.5664568589252,175,16.280626969758735
702,110.79440450985054,801.8943682517466,276.6175068297433,-15.06535046981768,1045.2898182700446,70.63468283986901,14.798534887453924,23.059503321375853,0.0733653708463023,3.344222022651961,399.5664568589252,175,16.280976316914284
1247,190.61971680390636,1390.3452177443398,276.5292358974598,-15.05618207131315,1043.5798460414808,69.08064093636116,15.106690266566186,23.061280913538845,0.0718688197641047,3.344222022651961,399.5664568589252,175,16.282742950509835
51,1261.3542993227693,79.45534166518696,276.7205264231401,-14.89631346995602,1041.7722078055667,70.93352721207268,14.68659812574864,23.063163203644997,0.0739245392775161,3.344222022651961,399.5664568589252,175,16.284613636602707
1363,1817.6786532276344,1515.364822309656,276.5037276755976,-14.821915691648936,1038.849719309248,67.28262472378647,15.440089080561432,23.06621330478434,0.0703169518216615,3.344222022651961,399.5664568589252,175,16.287644934363122
867,688.362241540845,983.8789022913364,276.58785048301934,-14.982733040178845,1037.3716724344122,72.881305624171,14.23371416785334,23.06775916042557,0.0762766476266637,3.344222022651961,399.5664568589252,175,16.289181260054995
896,1524.0482866555965,1021.3358969903832,276.5787173403428,-14.86227528587816,1037.3175644488074,73.97564516531565,14.02241997525918,23.06781579252054,0.0774260079155797,3.344222022651961,399.5664568589252,175,16.28923754302228
261,1570.3869585871375,329.1669247098048,276.6818964636737,-14.852730648105249,1036.0039339805662,68.06753336664929,15.220236179267395,23.069191610357738,0.0713326644351887,3.344222022651961,399.5664568589252,175,16.290604879165606
525,373.1535724245967,624.6185866301068,276.64287641283926,-15.026771842597617,1036.0026073541958,78.32013186597412,13.227794472142394,23.069193000668292,0.0820771748673956,3.344222022651961,399.5664568589252,175,16.290606260905122
691,194.2906818388186,790.6078281811054,276.61883616566445,-15.053255565522273,1033.3322490164428,74.52341098431297,13.8658742986678,23.071995163235073,0.0783001472979105,3.344222022651961,399.5664568589252,175,16.29339114859407
1679,909.3034607893776,1905.4807574372307,276.44927666892545,-14.954548503176053,1032.6697750578169,65.44061555746576,15.780257662017137,23.072691456828068,0.0688011579565817,3.344222022651961,399.5664568589252,175,16.29408314964997
423,1246.3567612049835,498.8986295040283,276.6579255488789,-14.900214211009729,1031.1658145219262,72.83997845893872,14.156591426001231,23.074273854865616,0.0766921900427181,3.344222022651961,399.5664568589252,175,16.295655792460217
844,1936.387918260016,949.8803303333914,276.58764842244364,-14.802463422831298,1029.7779220770462,67.28565651509967,15.30456824547669,23.07573618037868,0.0709396032992229,3.344222022651961,399.5664568589252,175,16.297109102973614
417,1320.2720634743305,488.6003813325925,276.6591484830786,-14.889501014897128,1029.5371382877056,66.82492646855835,15.40648366851718,23.075990078078775,0.0704703307620157,3.344222022651961,399.5664568589252,175,16.297361435435562
1621,1330.673248858037,1828.1960109429615,276.4590591016648,-14.893450839467343,1028.8077179196698,70.35455959427912,14.62318467847146,23.076759587748477,0.0742451130770706,3.344222022651961,399.5664568589252,175,16.298126201202926
1111,2832.47451383009,1260.6410017054966,276.5375152776608,-14.674401538789525,1026.3959143268585,75.34663413791722,13.622319378568472,23.079307835173147,0.0797000840920008,3.344222022651961,399.5664568589252,175,16.30065873909544
1720,1112.894566030567,1963.204960961607,276.4398103719565,-14.925408831969373,1025.8158306111582,62.98937221702813,16.285538250432758,23.079921629446815,0.0666665100842552,3.344222022651961,399.5664568589252,175,16.30126874942694
889,227.9698194609878,1005.7249016000044,276.58654571584776,-15.049258939332,1025.3880603675789,72.69254685990718,14.105821087046284,23.08037448120821,0.0769682242033414,3.344222022651961,399.5664568589252,175,16.30171880943066
1039,1763.7805988699058,1190.455099742916,276.55245673112904,-14.828366925130323,1024.919425547676,65.29569875152283,15.696584080490794,23.080870810469197,0.0691679154160306,3.344222022651961,399.5664568589252,175,16.302212078902237
1466,1316.294100186759,1638.396200824259,276.48745448983374,-14.894762371625143,1023.6235483523342,67.93199863628377,15.06835613409433,23.082244451143083,0.0720516551598782,3.344222022651961,399.5664568589252,175,16.303577251304112
1718,2327.796611071141,1961.954432498339,276.4349665250453,-14.750124971439366,1018.8024560087944,64.51891379274329,15.790756479278844,23.087370163618857,0.0687554140566154,3.344222022651961,399.5664568589252,175,16.308671364593636
1102,2729.662913756348,1259.0158955628722,276.5381855482926,-14.689235578531369,1016.9317330321936,70.56900464272958,14.410458786837427,23.089365622797594,0.0753411127334601,3.344222022651961,399.5664568589252,175,16.31065452209012
1561,1110.0281089042455,1766.5049699651968,276.46918916893185,-14.925036626501464,1014.500202284311,71.42285060710202,14.20414046290436,23.091964776804026,0.0764354592828353,3.344222022651961,399.5664568589252,175,16.31323765273357
591,1130.0961690581466,691.1667910360796,276.6296993791454,-14.917786678783516,1010.3137664013192,78.19137604464989,12.92103832300376,23.096454445044426,0.0840257549632905,3.344222022651961,399.5664568589252,175,16.31769964289729
368,1206.1213436704684,435.956883793113,276.6675003040696,-14.90576343470058,1009.5219588901382,66.02340348959387,15.29036531794747,23.0973056965748,0.0710054977382149,3.344222022651961,399.5664568589252,175,16.318545646600015
498,523.2950495442083,583.5859395046411,276.64836482380974,-15.00493491287203,1002.552727221715,80.15230224056752,12.508096451336773,23.10482706489601,0.0867997783854607,3.344222022651961,399.5664568589252,175,16.326020646905164
1362,497.4141539424419,1514.637239870155,276.50937235561844,-15.012414286499142,1002.1373475500732,66.29486102688794,15.11636546222829,23.105277002530112,0.0718228202879105,3.344222022651961,399.5664568589252,175,16.326467810746713
1678,219.0962421421312,1906.6686210135224,276.4519857135608,-15.054113502961137,1000.9248309350804,71.76866483412225,13.94654384679584,23.1065914633219,0.0778472438710638,3.344222022651961,399.5664568589252,175,16.327774168100866
604,2822.535863075508,706.1562606574519,276.6203025005746,-14.673514420665947,999.964176826441,71.2043814214832,14.043576488745956,23.107634016928916,0.0773093663761537,3.344222022651961,399.5664568589252,175,16.32881029453395
1486,337.3399422106295,1667.9414462942093,276.4871471664878,-15.036115886803527,994.4231039193984,67.47088910518063,14.738550463877662,23.113667106897296,0.073663960554392,3.344222022651961,399.5664568589252,175,16.33480619148098
1283,1056.494581744309,1427.1839207270314,276.5200807114147,-14.931398136088466,994.3523634955636,67.62026195829313,14.704946930091175,23.113744345822038,0.0738322963803629,3.344222022651961,399.5664568589252,175,16.33488295424027
534,671.7675508721921,630.7647856770423,276.64067931829743,-14.983696498660503,991.3686570553108,77.25041083154133,12.83318297448504,23.11700716120349,0.0846009912083846,3.344222022651961,399.5664568589252,175,16.338125654893986
271,1764.5443541899158,334.92119343655656,276.6802083121737,-14.82472105251121,990.4131662458822,68.02001237258638,14.560614320691322,23.118054108988858,0.0745641616547159,3.344222022651961,399.5664568589252,175,16.339166148416027
1046,3068.2697245260106,1200.914513364973,276.5454462622593,-14.640113802401713,990.2205724985688,78.50560641750886,12.61337397016429,23.118265259592665,0.0860753040834369,3.344222022651961,399.5664568589252,175,16.339375997310597
1535,2157.815148882167,1734.6142874226284,276.4695908452929,-14.77372608507362,988.6707869780656,65.36926065111065,15.124399100286716,23.119965866940486,0.0717846701082767,3.344222022651961,399.5664568589252,175,16.341066120689888
1273,2085.447053146757,1418.9226315934009,276.5170058813913,-14.782878671828824,987.8087221189636,66.55165221580036,14.84273777179709,23.120912980313957,0.0731468827848562,3.344222022651961,399.5664568589252,175,16.34200739526299
1364,2104.960449818706,1514.9734117663852,276.5025888820738,-14.780456013244123,986.2323795263948,65.16259087606277,15.134947310523277,23.122646979252693,0.0717346402154381,3.344222022651961,399.5664568589252,175,16.343730704379446
463,508.1600927848612,548.4324733291371,276.65368297117834,-15.00697662716238,986.1784842440684,77.70044658101882,12.692056836710364,23.12270631380654,0.0855416906785142,3.344222022651961,399.5664568589252,175,16.343789673145388
118,1986.6343470739369,159.57364567800315,276.7054496293256,-14.791918392478731,985.4488237192564,82.55803669970788,11.936437239946418,23.12350993311323,0.0909567887113419,3.344222022651961,399.5664568589252,175,16.344588338269368
1320,1467.1537338091885,1459.7107869805104,276.5135010570649,-14.872272142085418,983.1864805422956,69.70082567130379,14.10580823215526,23.12600537650064,0.0769682943459464,3.344222022651961,399.5664568589252,175,16.34706839765294
751,1529.3082177607878,851.1173709910718,276.6041144368778,-14.860817881301797,980.2969924977516,67.30268935905875,14.565495106263633,23.12920094610024,0.0745391757766692,3.344222022651961,399.5664568589252,175,16.350244267084143
1454,426.5228830981847,1618.9291629249035,276.4940928546746,-15.023056127768289,979.3825854150635,82.48983368074408,11.87276712431637,23.130214178017134,0.0914445628918637,3.344222022651961,399.5664568589252,175,16.351251252590572
137,2940.9092596531004,184.45949645674523,276.69767354963113,-14.65421048802943,978.6191156288842,85.07224896957351,11.503388325597127,23.131060884973174,0.0943808875498117,3.344222022651961,399.5664568589252,175,16.352092739735525
352,1055.15734498046,425.2073682708398,276.6697520503636,-14.927513053928168,977.2096304812294,74.16320823536039,13.176474612317326,23.132625775889974,0.0823968498360776,3.344222022651961,399.5664568589252,175,16.353647983353582
1642,97.47092420294724,1856.1034652167364,276.4600490758445,-15.071457856739777,968.6607584586892,80.77264287317638,11.992436102154208,23.142165855882634,0.0905320646073715,3.344222022651961,399.5664568589252,175,16.36312925030007
624,632.0071770565597,731.0945004157388,276.6258580450666,-14.98984292863834,968.6087935520044,76.67169324059081,12.633199458795996,23.142224102997,0.0859402246866347,3.344222022651961,399.5664568589252,175,16.363187138330424
1297,1026.265173542948,1440.0480990685303,276.5182866998251,-14.93581182349636,967.298285725381,65.60799158294753,14.74360458820684,23.14369407645447,0.0736387084653934,3.344222022651961,399.5664568589252,175,16.36464804963989
167,135.20564692309446,210.6181194660238,276.70578135884045,-15.059437484720526,967.1859526435728,87.98481884850838,10.992645837105904,23.143820171143304,0.0987660310436999,3.344222022651961,399.5664568589252,175,16.364773366975413
813,2496.5757038339766,916.7579642988296,276.5902378961382,-14.72145823341425,966.8780053801602,65.27907428107684,14.811453992392776,23.144165919270694,0.073301378821932,3.344222022651961,399.5664568589252,175,16.365116983621668
246,363.7726335799212,308.06461103721534,276.69022779663425,-15.026840120860632,961.9168626046156,103.89212544970816,9.258804345765917,23.14975127652847,0.1172613611277458,3.344222022651961,399.5664568589252,175,16.370667908057648
1782,1499.6738977914658,2035.16223305828,276.4274635701144,-14.869899371674792,961.2458590216992,69.05389040640593,13.920227424761102,23.150508916955737,0.0779944153835283,3.344222022651961,399.5664568589252,175,16.371420877754538
575,1278.119166668433,671.2770456252975,276.63204046901194,-14.896338068076725,959.8349428539514,67.54215232008063,14.210902523587295,23.152103730707598,0.0763990885306511,3.344222022651961,399.5664568589252,175,16.373005859738228
1117,705.396216715767,1266.6580872564043,276.5455356645954,-14.981414089816989,959.6851499366458,69.12703356871603,13.88292105696488,23.152273185139958,0.0782040030008899,3.344222022651961,399.5664568589252,175,16.373174269511487
1015,854.4910211647259,1156.9737634229502,276.56128887175976,-14.959457838014536,959.6219912188536,70.5346148765228,13.604979525283555,23.15234464187047,0.0798016636469265,3.344222022651961,399.5664568589252,175,16.373245285722845
884,427.7108257973989,1000.5993191121232,276.58646084635944,-15.020415121384124,958.885218912561,68.6604971526027,13.965602619820425,23.1531785614958,0.0777410062104402,3.344222022651961,399.5664568589252,175,16.374074064368905
950,2689.97745399876,1083.4846900177824,276.564544741232,-14.694233440068093,958.4285369962454,69.82731033398079,13.725697472981931,23.15369578106766,0.0790998054661429,3.344222022651961,399.5664568589252,175,16.37458809536598
38,1473.615614529805,70.1305657639306,276.72100742496264,-14.865625094917164,952.7998832348968,66.28775775960219,14.373693053403631,23.1600908835853,0.0755338239077611,3.344222022651961,399.5664568589252,175,16.3809437731136
1259,1732.7032121974178,1399.0502766939042,276.52144571670976,-14.833704567180025,952.0329281330633,68.55074948078152,13.88800174095791,23.160965197552926,0.0781753934259742,3.344222022651961,399.5664568589252,175,16.381812697077393
991,1346.565132372848,1128.6336427651702,276.56344316282656,-14.888329330275806,950.2423077194836,70.63836641156551,13.452212388137868,23.163009215105767,0.0807079139604848,3.344222022651961,399.5664568589252,175,16.38384411359347
206,581.4036671379009,264.34581851526383,276.6958240906052,-14.995245111764632,947.8319716870028,68.18447440534845,13.90099403058028,23.165766736801537,0.078102328337931,3.344222022651961,399.5664568589252,175,16.386584635615137
1352,74.99512569270094,1503.341841443121,276.5128429966298,-15.073310538255251,947.5182181200072,65.75449093303122,14.40993922506408,23.166126199250222,0.0753438292169599,3.344222022651961,399.5664568589252,175,16.386941882036112
142,2199.3167150979334,186.18423860693724,276.70056805936593,-14.761317364387637,947.4143226083834,63.43224029425056,14.93584836691092,23.16624525691182,0.0726908825885829,3.344222022651961,399.5664568589252,175,16.387060205726534
549,1398.6056961190689,641.773898961052,276.6359348059763,-14.87882393818604,947.119183286617,75.49920363137797,12.544757265399658,23.166583539078577,0.0865461146063403,3.344222022651961,399.5664568589252,175,16.38739640243859
1524,1085.735836926531,1718.5986525003957,276.4764434344141,-14.92834953257038,944.4419485515682,67.32045123429182,14.029049586501976,23.169656950318146,0.0773894192408161,3.344222022651961,399.5664568589252,175,16.39045086659624
1593,2483.3942969578547,1795.331923369169,276.45918423247593,-14.726992173636123,944.1453009904944,65.32324230253532,14.453435985584113,23.169998031726845,0.0751170864203418,3.344222022651961,399.5664568589252,175,16.390789845293362
1528,206.3705259136596,1722.0532961308222,276.47961528300715,-15.055222445688162,943.2222121722298,70.71171574543617,13.338980708201904,23.171060072927744,0.081393025730401,3.344222022651961,399.5664568589252,175,16.391845339182474
1312,3075.9807089174838,1450.9608270679626,276.5081108167837,-14.640044950814463,941.7756250466336,111.45168776802034,8.450079526896715,23.172726507013678,0.1284839978776771,3.344222022651961,399.5664568589252,175,16.393501499972487
841,158.1122323277713,945.4020884700318,276.59585795645813,-15.059097800554188,936.6112504894844,81.6879690639119,11.465718406546364,23.17869669625733,0.0946909702038485,3.344222022651961,399.5664568589252,175,16.399434883967558
753,1950.847649851643,851.022747819419,276.60234729482096,-14.799967482276404,934.1935873372132,65.0414297130321,14.363054309521615,23.181502917220133,0.0755897719665561,3.344222022651961,399.5664568589252,175,16.402223805033167
1435,2229.3949588425107,1592.022713503737,276.4905727183801,-14.7628138317731,933.0473334555865,67.9107593087265,13.739315286019638,23.182835931596156,0.0790214051718245,3.344222022651961,399.5664568589252,175,16.403548601591723
283,996.1595568813442,353.6471104431957,276.6806967139879,-14.935735898558852,930.027130635368,84.0644181420338,11.063267327491758,23.186356076907867,0.0981355659102696,3.344222022651961,399.5664568589252,175,16.4070470457784
1742,932.16646764274,1983.8559734760224,276.43747945925145,-14.951561921380328,927.721000347985,72.6886719977375,12.762937812054966,23.189051652686157,0.0850666214932525,3.344222022651961,399.5664568589252,175,16.409726003769123
1413,2046.7589058540211,1572.3026536626062,276.4942748700374,-14.789089632037625,927.4688255042128,68.78517938422634,13.483556106228574,23.18934681963423,0.0805203012800512,3.344222022651961,399.5664568589252,175,16.410019351060825
762,1426.218916635126,860.4965144051429,276.6031501739077,-14.8757367807731,926.6256820775744,67.02298331738443,13.825491439101995,23.190334289694107,0.078528854094066,3.344222022651961,399.5664568589252,175,16.411000733527906
742,2804.994386454171,839.5316288167683,276.6004703797229,-14.67660785131417,925.7897480878456,66.31680151565186,13.960108553627151,23.19131420364242,0.0777716015480345,3.344222022651961,399.5664568589252,175,16.411974606465627
1330,1301.5680605331738,1470.904379296764,276.5125235387211,-14.896211468523484,924.6836489763228,63.50903005500695,14.559876732102952,23.19261217636266,0.0745679389995211,3.344222022651961,399.5664568589252,175,16.413264577394514
172,689.4753920288011,215.97558889449547,276.70258751731126,-14.979445139417155,923.321517841774,69.92973525422742,13.203560895591364,23.19421272963252,0.082227817827728,3.344222022651961,399.5664568589252,175,16.414855263513005
963,169.97161435669898,1097.8568057756247,276.5730257198398,-15.057996397267807,922.3471709142032,70.35860326187593,13.10923082826433,23.19535907170353,0.08281950438001,3.344222022651961,399.5664568589252,175,16.415994538571034
1755,914.8286500183948,2007.1264791516808,276.43407730270536,-14.954155306343672,922.0689245499088,69.22082844961372,13.320686059414742,23.19568665738725,0.081504811025304,3.344222022651961,399.5664568589252,175,16.416320104742134
1462,591.4541039584602,1631.877839954965,276.49146521660003,-14.999313758800346,921.9021063055552,71.47391915642413,12.898440678591136,23.195883103649116,0.0841729653261147,3.344222022651961,399.5664568589252,175,16.416515339944652
904,1120.5444370408447,1030.7972683652508,276.5790093725693,-14.92055113658443,921.534553302714,86.61624469555272,10.63928084785728,23.196316061956157,0.1020463709460829,3.344222022651961,399.5664568589252,175,16.41694562913394
1463,1864.1234828586732,1634.4581489804225,276.4857579486313,-14.815698196250027,921.3650937781496,62.17698441926856,14.818426824389697,23.196515734620775,0.073266886752988,3.344222022651961,399.5664568589252,175,16.417144070848956
1409,2338.587608148493,1565.9977458926412,276.4940029981516,-14.746948959698916,920.1305792494968,77.23732994380597,11.913029359235203,23.197971461440538,0.0911355094712618,3.344222022651961,399.5664568589252,175,16.418590823348936
1344,1646.2464497515266,1491.1817070143952,276.5080534850181,-14.84655608976028,917.2383782742544,70.59802987505948,12.992407577060332,23.201389577209785,0.083564188820318,3.344222022651961,399.5664568589252,175,16.42198786698873
1255,1415.923258438861,1395.0260721906718,276.5233734655684,-14.879402652963796,916.7847331557424,68.49320145278483,13.3850471829342,23.201926690331486,0.0811129004748116,3.344222022651961,399.5664568589252,175,16.422521668895136
1223,1226.5168392517105,1364.560403884823,276.5287176975816,-14.90661142936294,916.1821994971542,67.797264849952,13.513556948423162,23.20264049767806,0.080341541767557,3.344222022651961,399.5664568589252,175,16.423231075735167
832,1983.662341650268,937.920509700114,276.58923492494006,-14.795589901290136,915.015122358658,64.42919695075365,14.201870668325238,23.20402444255331,0.0764476754757006,3.344222022651961,399.5664568589252,175,16.424606488814675
43,3000.6935069417286,75.82309743320151,276.71363715476406,-14.64511207270204,914.5104000964202,176.15699815979127,5.191450862865361,23.204623499784965,0.2091322885796824,3.344222022651961,399.5664568589252,175,16.425201852955638
218,2157.1876214533377,272.3487249267524,276.68788024992614,-14.76776342976353,913.7062271603792,70.04495912662904,13.04456792541713,23.20557865981889,0.0832300468829275,3.344222022651961,399.5664568589252,175,16.426151124582837
13,816.4727888893292,38.75901400464197,276.72852492228327,-14.960380281736828,912.879913612618,68.92126493027004,13.24525767970465,23.20656099355773,0.0819689602312221,3.344222022651961,399.5664568589252,175,16.427127402393467
1458,1072.1262648542634,1622.2749621031492,276.4908828981776,-14.929926953092588,912.197931931034,66.24986678180795,13.769053075009673,23.207372413452994,0.078850738252328,3.344222022651961,399.5664568589252,175,16.427933820016655
1388,1569.5653036864524,1545.5812183308583,276.50025286581706,-14.857842125117632,911.4941255853046,70.52057327588149,12.925222856874331,23.208210436589066,0.0839985516708183,3.344222022651961,399.5664568589252,175,16.42876667687598
1677,2703.8411320168548,1905.8929435432788,276.44178168379665,-14.695634083520046,910.7121223594586,72.13894060670717,12.62441775135778,23.20914232809983,0.0860000058128012,3.344222022651961,399.5664568589252,175,16.42969282342669
1769,646.6901226027641,2018.560164395485,276.4334873994006,-14.992878359331694,907.8369444022536,66.19555469710504,13.71446993013802,23.2125754907913,0.0791645616294755,3.344222022651961,399.5664568589252,175,16.433104821226877
1503,1777.8244341197328,1695.727788056288,276.47697201242244,-14.8283997467773,907.5582849794008,62.521698542971095,14.515892980028958,23.21290880732939,0.074793882918103,3.344222022651961,399.5664568589252,175,16.43343608292256
548,348.43998313361186,639.5794379414544,276.6407465265834,-15.03039929396044,905.918964360928,75.49180885879542,12.000228608317164,23.21487174370716,0.0904732764213774,3.344222022651961,399.5664568589252,175,16.435386918115867
1153,2730.05300699034,1303.3236277322883,276.53157250948874,-14.689363419311038,904.9624525218096,68.2519549848122,13.25914331279136,23.216018720666455,0.08188311826697,3.344222022651961,399.5664568589252,175,16.436526824148196
734,2361.0721010253,832.2490369661151,276.6034217641917,-14.740668238298593,904.6753597506904,70.4761017662982,12.836625992036748,23.21636321724608,0.0845782996773076,3.344222022651961,399.5664568589252,175,16.43686919696227
1601,809.2045568481691,1799.9077226527695,276.4654587021235,-14.968568694262409,902.3577957844828,67.40802940012024,13.38650311861621,23.219148184945084,0.0811040785169765,3.344222022651961,399.5664568589252,175,16.439636995787012
1062,1339.2489196554138,1218.413755859052,276.55006708172766,-14.889750516105243,900.8576705554442,66.65185098577778,13.515868760308994,23.220954669726282,0.0803277998073117,3.344222022651961,399.5664568589252,175,16.44143234388246
1531,178.2877770572375,1727.4137617751485,276.4789327116617,-15.05929449105692,900.4349622559384,69.11452019874251,13.028159056399284,23.221464247909072,0.0833348745052906,3.344222022651961,399.5664568589252,175,16.44193878059839
859,1022.6037140469972,973.4355536928352,276.587991957537,-14.934453155363776,900.4031491560745,71.59208296281534,12.576853639301715,23.221502608530265,0.0863252472468368,3.344222022651961,399.5664568589252,175,16.44197690473257
1016,810.1192628341594,1155.8764880826734,276.56164051853807,-14.965856548253043,896.785739536339,64.97454136567391,13.802109575337631,23.22587338771811,0.0786618881754125,3.344222022651961,399.5664568589252,175,16.44632073877547
429,1375.0942084940186,503.5051486193855,276.65668817744097,-14.88164806258463,895.3814037764387,75.4790284184871,11.862651421691227,23.22757494607546,0.0915225409063916,3.344222022651961,399.5664568589252,175,16.44801180730147
794,719.7888499716299,898.3460804646504,276.6004951699891,-14.9778516794041,893.6742170214711,86.81585923422487,10.29390511024469,23.229647050496588,0.1054701775829943,3.344222022651961,399.5664568589252,175,16.45007113753484
419,259.6651258865449,489.711407107433,276.663526159553,-15.04260558769767,893.6595191996021,76.40003775889942,11.697108344629118,23.229664907214683,0.0928178117199806,3.344222022651961,399.5664568589252,175,16.45008888416917
441,351.03296912410565,526.5151453037063,276.6576328175387,-15.0295670675161,891.7763415256632,82.99452315332093,10.74500229223836,23.23195525545264,0.1010423237214434,3.344222022651961,399.5664568589252,175,16.452365112781628
1628,1077.4395318150512,1839.8400084575896,276.45837597457745,-14.93003137389224,888.0204934579378,68.07739813026019,13.044277805076916,23.236537650701106,0.0832318980187188,3.344222022651961,399.5664568589252,175,16.456919258306456
1580,1475.2152568363847,1783.1215146680947,276.46518609404825,-14.87241557974712,887.2470254308719,67.04100700425745,13.234392875013452,23.237483741681096,0.0820362528340686,3.344222022651961,399.5664568589252,175,16.457859516788965
289,85.91547144318794,363.3234149544061,276.68316657716656,-15.067172229464026,886.4265108977852,86.960864822377,10.193395761511418,23.23848828099502,0.1065101390548794,3.344222022651961,399.5664568589252,175,16.45885786328091
335,1438.0046922269746,407.9484613660929,276.67069373478614,-14.872170633804853,885.6771421735757,71.8231918837445,12.331353131829108,23.239406530671527,0.0880438657780095,3.344222022651961,399.5664568589252,175,16.459770452097068
725,985.1715863131592,824.4134401556424,276.6104112766587,-14.939249365111712,882.2943908961315,75.16296288676739,11.738419522196104,23.243561326093094,0.0924911567478958,3.344222022651961,399.5664568589252,175,16.463899633878583
1536,699.8279347881277,1738.6452979134222,276.4750650553741,-14.984103883153722,882.233676938893,66.7037263882382,13.22615279098495,23.243636042208678,0.0820873626032826,3.344222022651961,399.5664568589252,175,16.46397388938143
665,1894.3572846279928,766.7728733801875,276.6151653829662,-14.807773633985578,880.5674239237269,69.23491492580783,12.71854561917702,23.245688584339216,0.0853635338904616,3.344222022651961,399.5664568589252,175,16.46601377792257
1133,1307.7523290348724,1287.316627614504,276.53991061437523,-14.89457570262233,879.9069025727222,73.53457994004957,11.965892826070164,23.246503310197653,0.090732886862782,3.344222022651961,399.5664568589252,175,16.466823481128202
1264,1189.6751825792908,1403.935987893145,276.522992710343,-14.9120868690019,878.570442978642,69.03456518386174,12.7265296831916,23.24815365030643,0.0853099805702668,3.344222022651961,399.5664568589252,175,16.46846364715782
929,1569.230048073707,1061.0879543307465,276.5725908501812,-14.855916787938396,871.0892808029021,65.73200345638203,13.252133435746154,23.257438447821933,0.081926431337572,3.344222022651961,399.5664568589252,175,16.477691205402223
1189,1666.615590785807,1333.845527948864,276.5314567889357,-14.842976140400284,869.1897658400121,66.29853470609783,13.110240968267858,23.259808611376663,0.0828131231628646,3.344222022651961,399.5664568589252,175,16.480046757282977
1314,985.575481923932,1454.0716210503658,276.516363503213,-14.941739397465224,862.3222009703168,71.83393464944537,12.004384907752993,23.268421203214746,0.0904419516987333,3.344222022651961,399.5664568589252,175,16.48860625388896
1602,1567.0023451015088,1803.360483572292,276.46178315565635,-14.85925401225601,862.193483131472,63.649478970893576,13.545962937508827,23.268583281900817,0.08014934080424,3.344222022651961,399.5664568589252,175,16.488767333386214
178,962.4344305190748,226.808959414904,276.699793898725,-14.940082408456297,859.4320059622696,73.68535552248147,11.663538838461005,23.272066313874376,0.093084956035801,3.344222022651961,399.5664568589252,175,16.492228893032454
653,2259.7975362255747,756.316729145668,276.6151837306596,-14.754972812395474,859.1087346511194,69.09624693280892,12.433507936929487,23.272474785273765,0.0873204895599333,3.344222022651961,399.5664568589252,175,16.492634846271905
1037,1113.0998390725797,1187.9163457761574,276.5555746933699,-14.922263233263482,857.7025322406844,73.46572318549396,11.67486679570372,23.274253391040283,0.0929946370265681,3.344222022651961,399.5664568589252,175,16.49440248722228
693,1145.8555206121937,792.1791874367099,276.6145433752894,-14.915925189573164,849.5088249927212,78.41717003420396,10.833199216729994,23.2846753846397,0.1002197022577896,3.344222022651961,399.5664568589252,175,16.50476023092115
1564,1663.439169681403,1766.139683541972,276.4669379555832,-14.84518949229102,848.9954082789191,65.60908530444753,12.940211014058551,23.28533176820397,0.0839012593241694,3.344222022651961,399.5664568589252,175,16.50541256798718
1065,479.8655019564495,1221.9129586311517,276.55317430537025,-15.013777316986884,846.2259299636935,75.54266958460403,11.201959562945582,23.288879299706117,0.0969205426871325,3.344222022651961,399.5664568589252,175,16.508938229532873
1749,686.2912406723453,2003.4309649384863,276.43558134727226,-14.987106417669604,842.2274441261543,65.99066639530805,12.762826777364332,23.294021649527686,0.0850673615601801,3.344222022651961,399.5664568589252,175,16.514048877601653
1281,1100.3746291840844,1425.6667744416343,276.5201228653747,-14.9250603697918,840.9408107401396,64.0306166426637,13.133417337415104,23.295681548610855,0.0826669839316692,3.344222022651961,399.5664568589252,175,16.515698543676137
970,1321.836948132228,1108.5737745632148,276.5665431100002,-14.891816466172331,839.1520120352216,69.72001605578335,12.03602723447183,23.297993521169154,0.0902041827298709,3.344222022651961,399.5664568589252,175,16.517996263298514
1585,1764.8462334502765,1789.4432782259614,276.4630383617158,-14.830652020694306,838.2420353542839,63.98540836316587,13.100518646323591,23.29917153265243,0.0828745814811447,3.344222022651961,399.5664568589252,175,16.519167012532023
1581,647.9166885087908,1786.0757041483746,276.46819933205035,-14.991781031562006,837.230868288374,63.93452603415722,13.095129036243748,23.30048204125382,0.0829086904752964,3.344222022651961,399.5664568589252,175,16.52046944206039
565,879.2035394969353,662.6535665319543,276.6350285063723,-14.953885073813469,836.0126236734504,63.92099454245798,13.07884255646475,23.30206303352989,0.0830119328459496,3.344222022651961,399.5664568589252,175,16.522040687775444
1034,2073.4648134204926,1186.0196986525991,276.5518200750658,-14.783651004909755,835.6251354395354,62.88136157424114,13.288916055880104,23.30256638422261,0.0816996657541227,3.344222022651961,399.5664568589252,175,16.52254093539277
435,958.3244605088906,510.3279043992138,276.65744875643395,-14.941841192389695,834.4189067908737,70.1053161855087,11.902362790617504,23.304134781593806,0.0912171825963702,3.344222022651961,399.5664568589252,175,16.524099663848496
961,1303.7695664237638,1096.2904763937868,276.5684537161752,-14.894373982111338,832.8113859248115,66.92807841048372,12.443378111306398,23.306228486527875,0.0872512263380876,3.344222022651961,399.5664568589252,175,16.526180461431153
1110,1341.4547786847256,1261.7243746866727,276.5435904034314,-14.889608159200623,831.8915403855208,72.30289942635677,11.505645651635778,23.307428351910044,0.0943623706893532,3.344222022651961,399.5664568589252,175,16.527372929837803
1293,190.33412189770556,1437.971344558002,276.5221216752086,-15.056412286498205,830.7357521636295,66.526038707287,12.48737739847772,23.308937867993777,0.0869437965518967,3.344222022651961,399.5664568589252,175,16.52887313999966
1419,1134.558957696955,1578.3651370864911,276.4971779307021,-14.920742609396536,830.5476832464046,65.95383729235685,12.592863695933184,23.30918369387627,0.0862154968254459,3.344222022651961,399.5664568589252,175,16.52911745040545
1408,2753.572008862609,1565.6862038045906,276.4923294554532,-14.687056070127538,830.249572213681,67.27895083374042,12.340406054568115,23.309573470465413,0.0879792767919577,3.344222022651961,399.5664568589252,175,16.529504824085123
1704,416.4397898108024,1944.7025980903595,276.445478626596,-15.025798550037646,829.7917262560222,64.83332396971215,12.798845955263248,23.310172371162032,0.0848279605672986,3.344222022651961,399.5664568589252,175,16.530100032656065
1436,746.3977978485289,1595.1937191371096,276.49629305490123,-14.976813792862554,828.6661074078002,75.97089700744527,10.907678335384002,23.311646180503608,0.0995353884316555,3.344222022651961,399.5664568589252,175,16.531564756202037
1513,731.4674432296815,1705.330212812395,276.4799076764058,-14.97940687664355,827.2781903627329,63.75697992663015,12.975492115761172,23.313466183917875,0.0836731270239233,3.344222022651961,399.5664568589252,175,16.53337353959038
1490,691.3316900946098,1679.096537282491,276.48399376580926,-14.985092659785249,823.169691285002,62.44239397232704,13.182865660945206,23.318871692882517,0.0823569038723069,3.344222022651961,399.5664568589252,175,16.53874572446879
1791,2612.3712823017395,2045.2408318046985,276.4213710136385,-14.709403303533296,820.1921106608352,68.59459724042006,11.957094926676364,23.322806152865915,0.0907996471264768,3.344222022651961,399.5664568589252,175,16.542655929144388
186,664.905295216001,234.8085964097692,276.6998787774252,-14.983069514916291,819.4071521935111,74.30274392422328,11.02795279039995,23.323845745785512,0.0984498229757678,3.344222022651961,399.5664568589252,175,16.543689113142214
1709,2193.9111666139893,1950.8902451083436,276.437169452526,-14.76939806947906,816.908891595027,65.90922970063039,12.394453634271706,23.327161063872826,0.0875956320493182,3.344222022651961,399.5664568589252,175,16.546983992831116
1595,1310.3211431103296,1797.7983068241372,276.4636818006141,-14.89626511871402,813.6480769713526,67.43627460964248,12.065436320158348,23.33150361587418,0.0899843131396802,3.344222022651961,399.5664568589252,175,16.551299773703555
1295,1418.6002743926224,1437.1993069052055,276.5170654791592,-14.879187306889955,813.4216979244957,70.42718384989892,11.549825698811654,23.331805739277307,0.0940014185765337,3.344222022651961,399.5664568589252,175,16.551600034564892
1137,2816.052097291445,1291.958096322942,276.53291077498625,-14.676902480734276,810.1611899466079,66.70350561344597,12.145706323766245,23.336166534581185,0.0893896139968035,3.344222022651961,399.5664568589252,175,16.55593394627285
55,1610.9309910820996,85.14901703563451,276.7181744603839,-14.845859484908072,810.0986176227743,63.87449899845339,12.682661004392214,23.33625039401795,0.0856050634503283,3.344222022651961,399.5664568589252,175,16.556017288729784
458,1168.2195334135245,543.5496879933269,276.65158872542446,-14.91167787033753,808.5815614148742,64.59031220053377,12.518619803299108,23.338285537653075,0.0867268131039397,3.344222022651961,399.5664568589252,175,16.558039886034415
243,1207.2150499479133,306.92446601382613,276.68677287964294,-14.9050729816228,805.7548281789059,72.1767872457701,11.163628348200367,23.342087830374652,0.0972533271564007,3.344222022651961,399.5664568589252,175,16.561818738237925
578,2671.6890202615023,671.4925923261484,276.6261107473571,-14.69514910257134,805.2451518504822,63.16623302092273,12.74803187303822,23.34277482487223,0.0851660876606552,3.344222022651961,399.5664568589252,175,16.56250149752583
350,1167.0406467499652,423.4328248883578,276.66953845269114,-14.91135375838891,802.1133072254306,71.46711641695829,11.223529749622006,23.347005818128245,0.0967342738176076,3.344222022651961,399.5664568589252,175,16.5667064073945
1426,940.8426636616229,1586.2652918363344,276.49681026139234,-14.948724212628123,801.4738796655729,68.2064008004425,11.750713573210174,23.34787168896399,0.0923943889224931,3.344222022651961,399.5664568589252,175,16.567566940276954
1381,1398.9136460647496,1535.5761664757208,276.50245999046297,-14.882426225621492,800.3413491852698,66.17156101035631,12.094944368321777,23.349406984081934,0.0897647783187485,3.344222022651961,399.5664568589252,175,16.569092770549446
785,2790.377421365181,888.7809071423047,276.59318163705825,-14.678924830127896,798.0115317954042,68.15150135169362,11.709375669910653,23.35257220361797,0.092720571156488,3.344222022651961,399.5664568589252,175,16.572238477020306
387,864.2011175293312,462.9507622975227,276.6649304048917,-14.955234242434942,796.6992617165088,74.7824961988483,10.653552665560506,23.35435908492895,0.1019096665762696,3.344222022651961,399.5664568589252,175,16.57401434249776
209,1230.366814707344,265.1267262583346,276.69291838829207,-14.901557552045537,796.4239154235111,65.86469925761148,12.091817383216464,23.3547343897973,0.0897879917957543,3.344222022651961,399.5664568589252,175,16.574387333672455
664,2707.143472518325,765.9382696453222,276.6118647310864,-14.690426696649808,793.4869414362183,87.31046594006887,9.088107970708563,23.358745662006395,0.1194638095739252,3.344222022651961,399.5664568589252,175,16.57837387703883
256,2350.395640076358,324.2195442886856,276.679313267305,-14.740081757556013,792.0460303940345,63.25404092791067,12.52166689708746,23.360719067472974,0.0867057085069507,3.344222022651961,399.5664568589252,175,16.58033511678071
248,1032.9167669508674,311.1822143240511,276.68688400635114,-14.93025447603348,788.9320362193102,68.30094844497702,11.550821096648033,23.364996142102356,0.0939933179568561,3.344222022651961,399.5664568589252,175,16.584585823938554
1147,934.8345649683588,1297.5966553402664,276.5399459265772,-14.948431180953298,788.2846299450612,64.24248153594692,12.27045735311417,23.365887474898535,0.0884808095375887,3.344222022651961,399.5664568589252,175,16.585471661812576
1324,619.821810376928,1467.8287415950465,276.5158481936275,-14.994567167924323,787.6211623688869,72.34317455861945,10.88729057266736,23.366801680321487,0.0997217804332015,3.344222022651961,399.5664568589252,175,16.586380231307345
415,1599.4221201511602,487.75176073618735,276.658085335986,-14.849196741022402,785.0798953332996,67.41702560509721,11.645128041275408,23.37031048196484,0.0932321221502937,3.344222022651961,399.5664568589252,175,16.589867401757537
132,1070.7876165063526,178.3713921080058,276.7065658934685,-14.924238696846302,784.1839843492198,75.15733201650652,10.433898640481178,23.37155020093108,0.104055064881283,3.344222022651961,399.5664568589252,175,16.59109947805738
1122,2222.398750218569,1270.271431219795,276.5386212142188,-14.76250158167759,784.1147027625993,69.24604462419607,11.323602770642768,23.371646128483125,0.0958793788505857,3.344222022651961,399.5664568589252,175,16.59119481423162
1101,523.0393016853764,1259.273029623478,276.547410210693,-15.007697329232174,780.4384788922907,72.53803259414798,10.759024624487166,23.376748437238405,0.1009106343644743,3.344222022651961,399.5664568589252,175,16.596265668080797
1706,3069.484534091584,1947.948999567343,276.43400736136255,-14.643042724869462,775.7740071425214,118.39666594235987,6.552329839424688,23.383257061306626,0.1656967867318668,3.344222022651961,399.5664568589252,175,16.60273416753705
475,1478.014053536723,562.5727223294288,276.64742678791094,-14.867033853049213,773.9549362603575,62.21663238303463,12.439679015339976,23.38580593545815,0.0872771715943128,3.344222022651961,399.5664568589252,175,16.605267328292747
716,2962.9448289234347,813.2697465633539,276.6037276622998,-14.653692245520382,772.9735176962276,83.24657465713409,9.285349227639184,23.38718358392966,0.1169261352893714,3.344222022651961,399.5664568589252,175,16.60663648378482
1082,1518.0008981804458,1234.778054961861,276.5468716138416,-14.864020034166364,770.5258373412944,65.25958020600463,11.807091539801188,23.390627106465697,0.0919532127230616,3.344222022651961,399.5664568589252,175,16.610058777562813
512,768.15970480775,603.0091761301159,276.6444143090123,-14.969670134028627,767.2487774377805,78.06037779079384,9.82891447814985,23.39525460900642,0.1104598073788884,3.344222022651961,399.5664568589252,175,16.61465775230075
1099,2884.8870492119263,1257.712414340034,276.53773429192853,-14.666823513301969,765.3584165643842,82.1980233634671,9.311153544168407,23.39793296558619,0.1166020939134846,3.344222022651961,399.5664568589252,175,16.61731959724652
1163,1849.989348974296,1312.150455755988,276.5339274997827,-14.81642306302614,764.9746312772331,62.64783523392671,12.210711326589683,23.398477539318602,0.0889137390084566,3.344222022651961,399.5664568589252,175,16.61786081377018
960,2083.834993966379,1095.0720515353546,276.5653529158942,-14.781779215861302,761.9488603002392,65.0207868799996,11.718542590179185,23.40278056224705,0.092648039775004,3.344222022651961,399.5664568589252,175,16.622137309260033
605,1092.9803318892907,708.4327547387358,276.62727816575324,-14.923214860936923,754.7840048980725,63.927690233178346,11.806839917803584,23.413038401257577,0.0919551723880721,3.344222022651961,399.5664568589252,175,16.632331910356434
114,1408.682363929781,157.35652523136164,276.70825468182505,-14.875364411196609,753.6213612797146,69.08807512776622,10.908125025715725,23.414712121794466,0.0995313124336657,3.344222022651961,399.5664568589252,175,16.633995312677612
1010,1531.1005122082452,1154.598379626162,276.5587885403888,-14.861802347139973,749.828965741588,68.54421212240487,10.93934764911381,23.42018958892136,0.0992472343712334,3.344222022651961,399.5664568589252,175,16.63943901210788
561,1817.1281134207677,660.338011154196,276.63138554827003,-14.818481805206645,737.7986374787579,67.96524349221943,10.855528496167604,23.43775049955791,0.1000135553403311,3.344222022651961,399.5664568589252,175,16.656891662577962
537,261.1147935794005,632.9050723061173,276.64211848109426,-15.042975756633956,736.5228325827047,72.81613487082777,10.114830097604877,23.439629584872392,0.1073374430932939,3.344222022651961,399.5664568589252,175,16.658759163636184
1369,1673.3244905867934,1521.031932915663,276.503484263878,-14.84276989057047,736.0605662402522,66.78799110433253,11.020852013506722,23.440311243135184,0.0985132545713715,3.344222022651961,399.5664568589252,175,16.659436619586323
489,1342.857634794175,576.8302695160764,276.64587263892605,-14.88660419681248,726.8484645982098,66.85973092904833,10.87124423772424,23.453985428297727,0.0998689732526217,3.344222022651961,399.5664568589252,175,16.673026505614693
1722,1661.513118434249,1964.9352783273523,276.4372746760326,-14.84626913456413,726.798152389063,65.38738380372317,11.115265822084766,23.454060585198167,0.0976764764224386,3.344222022651961,399.5664568589252,175,16.673101199185027
1002,2328.552598020525,1142.6755288924278,276.557221858444,-14.746652162498094,722.6779370645527,60.09364451696117,12.025863015523711,23.460233131307124,0.0902804230015353,3.344222022651961,399.5664568589252,175,16.67923569254814
685,1278.6035184542145,784.9903080147296,276.6150533353828,-14.896734616160831,721.7807016775187,83.58934643862631,8.6348408311515,23.461581956455944,0.1257348017444829,3.344222022651961,399.5664568589252,175,16.680576202408638
1762,516.8103466926365,2013.7146009914825,276.43475295446973,-15.011593077716674,719.6751744983776,64.3851954642006,11.177649913302362,23.464753817283793,0.0971313297894509,3.344222022651961,399.5664568589252,175,16.68372850922882
747,1378.4800204973342,847.4666664159928,276.6052984017496,-14.882574127122163,716.2121009945404,82.0170549110617,8.73247767517612,23.46999098546181,0.1243289751643256,3.344222022651961,399.5664568589252,175,16.688933391114254
1549,2144.4582652456256,1752.040313707427,276.467045766606,-14.775724542418583,713.3649676484929,69.58493914515152,10.251715046562602,23.47431567688063,0.1059042311524289,3.344222022651961,399.5664568589252,175,16.693231421511754
446,2414.8035003896616,530.145428312499,276.6482947854888,-14.731646986290365,712.1512627740158,63.39840654083335,11.232952082405047,23.47616449994473,0.0966531319670282,3.344222022651961,399.5664568589252,175,16.695068846881462
1612,1115.2438520752212,1820.0858795453,276.4611676193619,-14.924498513109858,707.7659626264067,66.78263664261863,10.598053599080757,23.482870939154186,0.1024433392273247,3.344222022651961,399.5664568589252,175,16.701733941980685
1754,254.2992669169841,2008.685267635545,276.4366012410228,-15.049436493374364,707.437860407721,71.13929488326954,9.944403603782352,23.483374375420077,0.1091769846898666,3.344222022651961,399.5664568589252,175,16.70223427464363
1340,217.42515171483063,1484.7426615081424,276.51501962807305,-15.05268939741531,705.2110015146609,62.52248791681781,11.27931765052119,23.486797424687225,0.0962558227048275,3.344222022651961,399.5664568589252,175,16.705636221367115
1780,86.6988788579605,2027.2834640089295,276.4345250060716,-15.073681993383138,702.8651145343902,75.90130288541135,9.260250981402912,23.490415150681223,0.1172430425676776,3.344222022651961,399.5664568589252,175,16.709231644667
1596,1429.1008622650531,1797.9348234485726,276.4631667584832,-14.879128545547994,700.8611286836385,68.68666434964877,10.203743846344208,23.493515187430784,0.1064021222356522,3.344222022651961,399.5664568589252,175,16.712312570192687
1366,1693.6181710066635,1516.3313393295437,276.5041012176985,-14.839822326210957,695.5306014285015,64.74173481882349,10.743156688261584,23.501804515445645,0.1010596821310705,3.344222022651961,399.5664568589252,175,16.720550795844503
390,1577.1730067649275,464.4435390239672,276.6616614591984,-14.852312324908754,693.7365264997643,76.42182377727403,9.077727960557576,23.50460871796053,0.1196004115476174,3.344222022651961,399.5664568589252,175,16.723337710905604
1142,1331.2980978809078,1296.658428763593,276.5384166493901,-14.891215707208246,691.5560328763968,72.27171680497271,9.568833610838116,23.50802668597066,0.1134621045944706,3.344222022651961,399.5664568589252,175,16.726734607697196
1501,2841.916562584449,1692.533258283659,276.4730407186875,-14.67482994727098,689.5556552134512,65.45362801571417,10.535025729175809,23.511171810277858,0.103056226715541,3.344222022651961,399.5664568589252,175,16.729860342823038
1552,497.2633631980932,1755.2652713960651,276.4734323139825,-15.013391623287356,689.4486750017095,65.77155082852494,10.482475573659388,23.5113402684716,0.1035728623807312,3.344222022651961,399.5664568589252,175,16.730027762499333
1263,1129.973886926521,1403.680617556182,276.5232816864239,-14.920700636515967,689.3404314097133,66.04312338211616,10.43773213785313,23.511510742674588,0.1040168482636795,3.344222022651961,399.5664568589252,175,16.730197185756502
1326,1513.4046649683537,1469.381771288265,276.5118635762032,-14.865637211525186,688.4679359744478,68.49338214560575,10.051597897602388,23.512885825061375,0.1080126772937238,3.344222022651961,399.5664568589252,175,16.73156379098335
891,1396.7152257329517,1010.373040098355,276.58089204181783,-14.880608834451689,687.1503062106203,71.86620855426438,9.56152161125587,23.51496576080618,0.1135488726733524,3.344222022651961,399.5664568589252,175,16.733630904261567
108,99.72549730036025,151.02089812849243,276.7148445258988,-15.064316669995636,686.4074961512524,93.03235221385664,7.378159100754369,23.516140077390382,0.1471505270046283,3.344222022651961,399.5664568589252,175,16.73479798137445
107,2878.750720807291,147.16455025622886,276.7035046170335,-14.663028999991525,684.2175709984731,89.16201274315965,7.673868612291562,23.519609564567205,0.1414801392691279,3.344222022651961,399.5664568589252,175,16.738246079725428
1643,317.6356592439201,1857.525688499839,276.4589125634309,-15.039706806806992,680.7211484835425,74.83433337989038,9.096374855481336,23.525172013284788,0.1193552395596113,3.344222022651961,399.5664568589252,175,16.74377423684865
250,3017.265197060628,312.4221873538463,276.6782493142419,-14.643727847437802,679.4706419167633,95.2620959050876,7.132644263818631,23.52716837974715,0.1522156383863654,3.344222022651961,399.5664568589252,175,16.745758296035497
1592,700.3367417796384,1795.6468487391514,276.46655050668824,-14.984257013159096,678.6247177782934,62.75319808371295,10.814185388177446,23.52852093658469,0.100395911576191,3.344222022651961,399.5664568589252,175,16.74710251457946
1119,1999.239605884733,1268.9408272578437,276.5397529696227,-14.794705199068517,676.8899105474411,63.79505805177345,10.610381606645849,23.531300019905252,0.102324312192501,3.344222022651961,399.5664568589252,175,16.749864465301997
1715,196.59835927992296,1959.4506046329889,276.44419637243635,-15.057565687352977,674.6469326398219,69.02923035965617,9.773351508118743,23.534903746387148,0.1110877879607734,3.344222022651961,399.5664568589252,175,16.7534459753945
660,1817.0726531353528,763.3044263897058,276.6160100955848,-14.818916149661934,673.6412646229146,90.2587271534252,7.463447423514334,23.5365234155063,0.1454689687475246,3.344222022651961,399.5664568589252,175,16.755055659516167
490,2661.65406713719,577.0624042784438,276.64024843450136,-14.69620085409312,671.2354116882198,65.33038264155974,10.2744754361995,23.54040797156553,0.1056696282687885,3.344222022651961,399.5664568589252,175,16.758916267917193
723,1703.4540714191107,824.5191640290653,276.60734969917235,-14.835570515409628,668.6597684898006,66.64893772276181,10.032564528953344,23.54458213765983,0.1082175945010609,3.344222022651961,399.5664568589252,175,16.763064700954395
1484,1329.410985307613,1666.3458698782429,276.48322689404233,-14.89298235719672,659.8742829469847,63.20615430326248,10.440032149099196,23.558942114008836,0.1039939326330214,3.344222022651961,399.5664568589252,175,16.777336150377764
1014,2140.7102807414158,1156.076393905506,276.556008059076,-14.773821422331888,649.9221414956846,60.73405047199129,10.701116366269842,23.575441789893542,0.101456704407229,3.344222022651961,399.5664568589252,175,16.79373410843617
351,513.9525872787209,425.51373327288417,276.67202757528827,-15.005640259704212,649.1017775959626,81.74662178578568,7.940411033705006,23.576813125543833,0.1367309570488835,3.344222022651961,399.5664568589252,175,16.795096990024547
554,516.3014560424381,648.2995433905627,276.6387243543353,-15.0062070357031,646.8903043109167,71.26098257191671,9.077762907044873,23.580518516919945,0.1195999511242393,3.344222022651961,399.5664568589252,175,16.798779538263673
1653,2555.3598035267114,1872.14137194043,276.4474280484376,-14.716921901344838,646.1764472199138,80.6354314716949,8.013554778915498,23.581717311284656,0.1354829448295019,3.344222022651961,399.5664568589252,175,16.79997094225552
908,1691.8119835606249,1034.6208764573505,276.5760262885297,-14.838115366096153,644.9662957687106,60.799053475605554,10.608163431812155,23.583752571345084,0.1023457082819974,3.344222022651961,399.5664568589252,175,16.801993655267708
1541,238.38476659063824,1744.9251499110392,276.4760641190693,-15.050694608882374,644.399512667238,65.41805131845942,9.850484685492363,23.584707113444967,0.1102179267989728,3.344222022651961,399.5664568589252,175,16.802942312770327
1254,92.3944503064194,1393.905639227659,276.529119946284,-15.070367238437449,637.6219183808425,67.66252879507941,9.423560273839662,23.596187027705128,0.1152112331699055,3.344222022651961,399.5664568589252,175,16.81435145522061
50,281.66983845474834,78.46977160337072,276.7249023421165,-15.037755169164784,632.4011820313463,88.06876413420073,7.180765941800685,23.60511343919619,0.1511955700547098,3.344222022651961,399.5664568589252,175,16.823222836832308
1303,636.313441801638,1445.9891095451524,276.5190407641049,-14.992100494703292,631.5135648764845,72.63550734077276,8.694281736254833,23.60663841268319,0.1248751803697217,3.344222022651961,399.5664568589252,175,16.824738409105045
715,775.9707484425556,811.4098562228619,276.61324421449564,-14.969390708555425,629.1381371142634,71.12079130077684,8.846050860901927,23.61073009156887,0.1227327331791199,3.344222022651961,399.5664568589252,175,16.828804863453882
1043,1846.3490802376216,1196.080303268325,276.55127037026693,-14.816472883171135,628.0471432442137,59.14726616559159,10.618363010826268,23.612614510452453,0.1022473990475784,3.344222022651961,399.5664568589252,175,16.830677665200618
22,723.174371384309,51.41754517114661,276.7270359911625,-14.973903039635404,626.7767585093679,93.970922290645,6.669901105905874,23.614812911630352,0.1627760266248423,3.344222022651961,399.5664568589252,175,16.832862513591742
1465,39.68326313031061,1637.8811175067158,276.4928919037905,-15.078935384980166,625.7655984988087,70.42142924224189,8.88601105135547,23.616565911462445,0.1221808068575817,3.344222022651961,399.5664568589252,175,16.834604706464127
1094,1961.0818989025363,1251.7219303468914,276.54248306567564,-14.800141792036923,611.5051605628978,60.175220380737976,10.162075962394646,23.64159480559269,0.1068384062486539,3.344222022651961,399.5664568589252,175,16.85947930152065
553,1423.1482041216211,647.1805013290323,276.63502290005096,-14.875303308482556,610.4816950106178,68.08039558828199,8.96707032524491,23.643413505784423,0.1210763338103236,3.344222022651961,399.5664568589252,175,16.861286789720616
641,1080.8046846282466,747.5283927465842,276.6214897873635,-14.925132191398813,607.6097554378503,65.68104101347073,9.250915424943305,23.6485332766338,0.1173613583227255,3.344222022651961,399.5664568589252,175,16.86637499801291
1322,423.9654413809925,1462.8442613556626,276.5174187279422,-15.0228047756748,606.4606580616964,71.736709722031,8.453979286360369,23.65058853962804,0.1284247291392901,3.344222022651961,399.5664568589252,175,16.868417590644064
85,2109.2586457037182,115.03747283795036,276.711577412928,-14.774023120999072,603.9792210642772,71.54113844156488,8.442404387478543,23.65504012753192,0.1286008049567336,3.344222022651961,399.5664568589252,175,16.872841735230367
398,1658.13340595384,472.45421357111377,276.66012016991,-14.84065688731102,594.048741428589,65.4083404634237,9.082155841589968,23.67303992144695,0.1195421020005237,3.344222022651961,399.5664568589252,175,16.890730563334685
1567,566.3885733633241,1769.041514808406,276.47108491368493,-15.003474478199513,593.7684184542159,67.19983948720252,8.835860665519782,23.67355238551673,0.122874278024407,3.344222022651961,399.5664568589252,175,16.891239868146577
434,698.3583565817307,510.8424773205099,276.65848482538536,-14.979369665095518,590.8046093544399,105.20829242796545,5.615570747514557,23.67898543435855,0.1933374270959954,3.344222022651961,399.5664568589252,175,16.89663942312329
480,450.2641862825346,567.6936786368757,276.65105284811733,-15.015411439745646,590.0991928225267,64.9844556267713,9.080620698150875,23.680282570260427,0.1195623114421116,3.344222022651961,399.5664568589252,175,16.89792856239267
1719,2475.7675733974597,1962.073363039364,276.4343393001278,-14.728774524315645,589.5603512528178,64.70553517711724,9.11143613353982,23.68127444939113,0.1191579443775569,3.344222022651961,399.5664568589252,175,16.89891432674937
707,1644.39338129671,805.993106880489,276.6103660678248,-14.844019717812422,587.5344443868671,69.64145682036022,8.436561657554195,23.685011790872675,0.1286898672787926,3.344222022651961,399.5664568589252,175,16.902628628126713
1230,1271.061110077532,1374.5022467620888,276.5270459981458,-14.900223776636604,586.5308855220792,74.19629602554171,7.905123529618901,23.686867906423856,0.13734130730938,3.344222022651961,399.5664568589252,175,16.904473301026506
344,1083.9628073160725,415.678551352247,276.6710524116705,-14.92331538958292,583.5873432025546,73.72714716534719,7.915501489481868,23.69233046077022,0.1371612400607441,3.344222022651961,399.5664568589252,175,16.90990217961111
1658,560.6388039617634,1877.6944830544576,276.4548824387862,-15.00473414299444,579.3219449217722,72.55389898994592,7.984711407474478,23.700295171614655,0.1359723532379239,3.344222022651961,399.5664568589252,175,16.91781778930472
1645,1099.052385587409,1862.3024522054905,276.4549322072958,-14.927003107846598,577.6238115813467,66.83279548008186,8.642819852620045,23.703482401719192,0.1256187238093217,3.344222022651961,399.5664568589252,175,16.920985370652488
1402,1587.0645107585776,1560.280397028975,276.49798541419955,-14.85537658800122,577.0210724977078,71.19847952857361,8.10440161529202,23.704615937602988,0.1339642396239861,3.344222022651961,399.5664568589252,175,16.922111918471373
1245,3072.8214981160986,1386.5951672167166,276.51772591903733,-14.640232648110583,576.473188304546,94.29537193680912,6.113483371070029,23.705647338918936,0.1775910612822968,3.344222022651961,399.5664568589252,175,16.92313696136545
15,1572.8378003137625,40.8696387544926,276.7249528480472,-14.851175150764488,571.1858451073349,65.72659527111185,8.690330645475903,23.71565153073008,0.1249319553295943,3.344222022651961,399.5664568589252,175,16.933079478956323
636,613.447487314496,744.5193853758939,276.6239313866205,-14.992576096584902,570.4696450726478,87.27929999167574,6.536139097438412,23.717013770768702,0.1661072360631827,3.344222022651961,399.5664568589252,175,16.934433321006004
1213,1347.3156055046973,1352.7197536267631,276.529978279997,-14.889131628270576,570.4050815753872,70.76872309872819,8.060129625055199,23.717136657050464,0.1347000669350357,3.344222022651961,399.5664568589252,175,16.934555449713763
599,2485.5988601777017,699.1192299563795,276.62277063524823,-14.72213350043217,567.7161722387536,68.9715375967962,8.231165956565896,23.722266956902548,0.1319011189579954,3.344222022651961,399.5664568589252,175,16.93965412209917
164,1231.3085819609316,205.600903558156,276.7018078830216,-14.901175116353816,564.5963489352725,64.92418496648133,8.696240841941396,23.728249958275942,0.1248470482514399,3.344222022651961,399.5664568589252,175,16.945600239239276
1054,47.723049087973294,1210.9686415596666,276.556643865308,-15.076085972749553,559.7263909987232,67.35578500114882,8.309997292573705,23.73765566097513,0.1306498620607547,3.344222022651961,399.5664568589252,175,16.954947957306516
112,2910.130494343116,154.6792255706821,276.7022496643362,-14.658528886960676,553.4741633928788,97.35221787976286,5.6852753378095615,23.749851740511744,0.1909670043207268,3.344222022651961,399.5664568589252,175,16.96706884999046
555,3028.8831797637044,649.5877128031858,276.6278781614444,-14.643480584026864,552.310990546277,87.5901172964172,6.3056313610949895,23.75213590816084,0.1721794278521644,3.344222022651961,399.5664568589252,175,16.969338936116394
1530,1769.540034655207,1725.2519917243962,276.47259973652814,-14.829714814676832,543.203091159201,67.80442075488291,8.01132264108432,23.770189540011224,0.1355206934785305,3.344222022651961,399.5664568589252,175,16.987281270253924
184,993.6678921002188,232.8853877494323,276.6987516790705,-14.935598155191093,542.5737748064566,73.34888824533748,7.397164262281045,23.771448125723172,0.1467724605679103,3.344222022651961,399.5664568589252,175,16.988532096989047
803,1356.9574375621985,909.0504958219276,276.5961920206741,-14.88593292553348,536.4481700887263,68.70310260106139,7.808208796678693,23.78377570126288,0.1390459743420045,3.344222022651961,399.5664568589252,175,17.000783675024543
1540,2492.387135747515,1743.7746683501534,276.4668393605824,-14.725483124402132,530.490505287773,63.751335521268985,8.321245366080033,23.795901083441038,0.1304732587775441,3.344222022651961,399.5664568589252,175,17.012834306187777
692,1857.1906606242303,790.1969347378688,276.61182484991537,-14.813235974317877,530.0502016208775,67.39868670975424,7.864399552820459,23.796802611607923,0.1380524975502584,3.344222022651961,399.5664568589252,175,17.0137302765797
1687,513.1985534932384,1918.0203272645324,276.4490586628651,-15.011736600735748,528.8492940564174,67.17928607833959,7.872207713545987,23.799265299305176,0.1379155682251368,3.344222022651961,399.5664568589252,175,17.01617778220664
1476,2198.3551956506485,1653.9334084905786,276.4814625947439,-14.76754652081208,523.4026350736094,65.9154412528293,7.940516290652053,23.810505359797084,0.1367291445870008,3.344222022651961,399.5664568589252,175,17.027348549548265
1620,1787.0021323964097,1825.734428667066,276.4575299163477,-14.827602053475454,518.2430619830557,67.50136223513188,7.677520050303962,23.821261380076646,0.1414128511402606,3.344222022651961,399.5664568589252,175,17.038038260706955
44,69.48420020277206,78.09741635081623,276.72587794940546,-15.068385242105563,516.3169040838548,99.58020048221512,5.184935374538316,23.82530426178913,0.2093950881878975,3.344222022651961,399.5664568589252,175,17.042056218709263
60,168.67207059783073,93.06956954655593,276.72320941303747,-15.05412751502065,515.6435626143357,73.55812795649604,7.010014758930503,23.82672112094016,0.1548784185677865,3.344222022651961,399.5664568589252,175,17.04346434315338
1203,280.86091140854256,1346.0959855502606,276.53546472705176,-15.042986581351476,515.2277989771101,65.25290816729644,7.895859563165535,23.82759690365147,0.1375024455937424,3.344222022651961,399.5664568589252,175,17.04433472680629
1343,1024.1063047867922,1488.6445971808953,276.511038670637,-14.936318802813105,512.7388651708898,65.99923375806668,7.768860878755594,23.83285452711252,0.1397502178175066,3.344222022651961,399.5664568589252,175,17.04955993787126
180,82.781411889491,228.8609411660878,276.7032809922532,-15.067079116750651,508.8419617298641,95.37237498223122,5.335318134047371,23.841137826021395,0.203493020045346,3.344222022651961,399.5664568589252,175,17.057792171585547
1196,2072.55923483485,1338.4534797345273,276.5290704100646,-14.784408541027164,508.499515960546,64.3502601918574,7.902058429048734,23.84186876207799,0.1373945801272313,3.344222022651961,399.5664568589252,175,17.058518601539873
1671,836.1302464770624,1895.930193099591,276.4510080129077,-14.96506621068839,505.59174261803855,65.66818676177805,7.699188412985336,23.84809519075255,0.1410148630950341,3.344222022651961,399.5664568589252,175,17.06470664529131
1630,49.29170714846757,1840.41138917768,276.4625955987242,-15.078345521016226,503.5958136630652,86.87059707040623,5.797080147324355,23.852389843695015,0.1872839381910401,3.344222022651961,399.5664568589252,175,17.068974822394793
676,2813.3670541754163,777.0059921440877,276.60976682683884,-14.675136333352214,499.22591724069207,63.467845223807366,7.865808512645517,23.861852312729916,0.1380277689514774,3.344222022651961,399.5664568589252,175,17.078378956842492
1115,229.49639129841444,1265.1610161675112,276.5477744909361,-15.0500751428807,498.0575667806843,84.98945623187781,5.8602277136804775,23.864396265367144,0.1852658382993335,3.344222022651961,399.5664568589252,175,17.08090722642423
1773,1242.502652256877,2020.548179669762,276.430711378131,-14.906940566676592,497.3852707816113,58.72082148144099,8.470339110273047,23.865862821134982,0.1281766864189929,3.344222022651961,399.5664568589252,175,17.082364741113565
749,2100.07849186894,849.6025842554093,276.60193008781056,-14.778418747946803,490.288209639315,67.08224652870753,7.308762526751374,23.881466497870903,0.1485477187179286,3.344222022651961,399.5664568589252,175,17.097872223712642
144,449.2342526803413,189.9511427744281,276.70751333960294,-15.01402087600034,487.2892999110045,66.00477334027971,7.382637273805074,23.888127934020893,0.1470612681801744,3.344222022651961,399.5664568589252,175,17.104492593188965
1559,1376.871142944863,1760.5646932572422,276.4689629609887,-14.886513871354694,468.9316658838652,69.19903352603997,6.776563804282088,23.92982122010808,0.1602139419559438,3.344222022651961,399.5664568589252,175,17.14592884692825
431,93.5538064647964,506.0928207435986,276.6617924368018,-15.06664730541157,468.4985776935355,69.43715202547286,6.747088036123197,23.930824429818394,0.1609138630157598,3.344222022651961,399.5664568589252,175,17.14692587201337
1472,983.0613287839592,1651.576241772542,276.48688059737526,-14.94289455293215,467.04233579171705,66.99049101573091,6.971770600726672,23.934204497562867,0.1557280154752706,3.344222022651961,399.5664568589252,175,17.1502851021883
1053,2723.5218907386343,1211.1458008585964,276.5453542713512,-14.689922907289692,464.3443621982297,60.37120274453925,7.691487681024061,23.940494679309165,0.1411560474417151,3.344222022651961,399.5664568589252,175,17.15653650598412
607,310.2167933853813,712.4359940034318,276.63002227495247,-15.036210312826398,462.600996016612,73.00685568876436,6.336404871190824,23.94457871295061,0.1713432178136623,3.344222022651961,399.5664568589252,175,17.16059536222042
495,941.4242939603664,582.3084868234349,276.64676667035303,-14.94457551580154,460.7775037139654,70.90436359591463,6.498577525354371,23.948866952684043,0.1670673306218342,3.344222022651961,399.5664568589252,175,17.164857165651263
1603,511.226281140892,1805.9045882530488,276.4658107417968,-15.011577911471306,457.00052465184126,68.14134794254632,6.706655187349145,23.957803375079028,0.161883974898243,3.344222022651961,399.5664568589252,175,17.17373849645128
760,129.28173964578667,859.6602576368799,276.6087946292487,-15.062914429929972,451.9546135928831,66.73557699593717,6.772318962948322,23.969858061544848,0.1603143629146702,3.344222022651961,399.5664568589252,175,17.185718867729776
1455,1625.635888701538,1619.2894857535814,276.4890155902211,-14.850049966726855,451.5874032738502,64.07010402093691,7.048332606519257,23.970740574040434,0.1540364311122033,3.344222022651961,399.5664568589252,175,17.18659593967893
1545,146.41104732004115,1751.3682738824557,276.4754885122327,-15.06398697807594,450.582993261778,62.28452039798145,7.234269291674288,23.97315813234047,0.1500773549098457,3.344222022651961,399.5664568589252,175,17.188998594124072
1200,606.6764600883938,1341.2632676684784,276.5348087302043,-14.995957706434409,447.1685105415527,73.33677455191582,6.097466288553469,23.981417089011934,0.1780575649984554,3.344222022651961,399.5664568589252,175,17.197206635666895
1184,1845.7764129698971,1332.5487572940297,276.53090006067083,-14.817114542511334,445.5849411551317,63.11259180326344,7.060159128690565,23.985268858871912,0.1537784036039656,3.344222022651961,399.5664568589252,175,17.201034659990277
681,169.50336118924938,780.9746737130652,276.62038192872467,-15.0567939794866,444.034753156011,82.02211779308833,5.413597760010874,23.98905271606193,0.2005505484762538,3.344222022651961,399.5664568589252,175,17.204795190314293
701,1357.4009700507231,801.544461928583,276.6122464226375,-14.885428473587814,443.5623135245696,78.56575943661824,5.645745891152582,23.990208521731223,0.1923040854001939,3.344222022651961,399.5664568589252,175,17.205943870629056
1656,303.60640285202953,1873.5340361668195,276.45658039496925,-15.04179347426646,441.5499855169328,78.28216897769452,5.640492481023957,23.995145434573985,0.1924831924965009,3.344222022651961,399.5664568589252,175,17.210850348204694
1683,158.50154637540575,1910.8362967608089,276.4516173288422,-15.062869815538916,430.4450223929598,74.07906927183558,5.810615962431003,24.0228008965626,0.1868476607333335,3.344222022651961,399.5664568589252,175,17.23833531875465
1560,3037.1898145853843,1762.817848180326,276.46175208629694,-14.646938514291207,425.3317891962943,80.17333655982681,5.305152653574595,24.035775514233535,0.2046500960285203,3.344222022651961,399.5664568589252,175,17.251229950011563
326,1165.7995160528994,399.80631037605554,276.673073535228,-14.911435568617634,424.4524791598087,77.38605553378163,5.484870319750576,24.038022435288916,0.1979445158603808,3.344222022651961,399.5664568589252,175,17.253463019162986
919,1026.1847074109446,1044.786804679144,276.5773192681631,-14.934226086063411,423.8400411684124,71.82825071346362,5.900742910462764,24.03959016387316,0.1839937812025188,3.344222022651961,399.5664568589252,175,17.255021082954727
661,1934.4517581288171,763.1368481294271,276.61553883265094,-14.801970440287024,419.7398687400855,66.45113740368083,6.316518951214151,24.050144565785672,0.171882647449559,3.344222022651961,399.5664568589252,175,17.26551041869091
1548,641.5647070514337,1752.6804701266612,276.473213214068,-14.992564779663,418.0051776637847,64.23145446221582,6.507795614525223,24.05464096861257,0.1668306849675406,3.344222022651961,399.5664568589252,175,17.269979101923497
1546,1459.945977183783,1751.3224611246485,276.4699965534599,-14.874490573234112,410.0121662993042,63.11507250207161,6.496263888247082,24.075603262366034,0.1671268314645019,3.344222022651961,399.5664568589252,175,17.29081216653514
1604,1532.7380077942853,1807.49411856224,276.4613086127197,-14.864214354649068,409.7353154229641,63.54213884876875,6.448245571307259,24.076336627305583,0.1683713791594781,3.344222022651961,399.5664568589252,175,17.291541010398753
1661,1006.6254569656,1884.7260125651544,276.45196964880785,-14.940426333253546,409.4870057186636,61.76490951857564,6.629767758269141,24.07699480967501,0.1637613924930981,3.344222022651961,399.5664568589252,175,17.2921951351806
1417,1229.7597300001153,1578.2592985370918,276.496795084806,-14.907005967699284,405.8362948879076,60.05664309325392,6.7575587642775625,24.086717910705094,0.1606645295841641,3.344222022651961,399.5664568589252,175,17.301858294869497
1750,1146.381037948837,2004.664275161499,276.4334817836977,-14.920743420090725,405.4808838267636,61.55566066562702,6.58722332669538,24.08766916057743,0.1648190665709013,3.344222022651961,399.5664568589252,175,17.30280368044062
600,1428.950276765802,698.8011806618229,276.6272881725402,-14.874678262517593,394.469323289115,68.05898006906918,5.79599228329297,24.117562034057975,0.1873190899735229,3.344222022651961,399.5664568589252,175,17.33251226920347
1743,133.00594287437303,1991.645029184129,276.43965415035564,-15.066863844015948,392.08073552395217,71.31767609899717,5.497665613496699,24.124156361165294,0.1974838188293264,3.344222022651961,399.5664568589252,175,17.339065943353482
623,2129.4423129807283,728.9624245118171,276.6198176408967,-14.773678411786406,390.82358039572136,57.83975992998999,6.757005576592631,24.127643224075896,0.1606776829903829,3.344222022651961,399.5664568589252,175,17.342531310319657
1590,1066.105312800929,1794.5335941606684,276.4651877080205,-14.931485492662564,389.2320088648703,66.77446194635579,5.8290549638208295,24.132073752502844,0.1862566070724345,3.344222022651961,399.5664568589252,175,17.34693452525729
219,44.383584102317954,273.344732612787,276.6967969732472,-15.072802309470338,388.2891583094606,77.6079245090968,5.003215338711285,24.134706960520006,0.2170004540079723,3.344222022651961,399.5664568589252,175,17.34955149997402
954,1018.100231868055,1087.9505747296714,276.57090641253274,-14.935567887542296,383.94459374720464,64.11269355005484,5.988589349275221,24.146923729846275,0.1812947819057586,3.344222022651961,399.5664568589252,175,17.361692954898416
1105,655.3405958317671,1260.9276320258873,276.5466032759452,-14.988613853811136,381.570087758766,64.95206952433635,5.874640955293945,24.153659316898196,0.1848112945560731,3.344222022651961,399.5664568589252,175,17.368387018148383
514,1704.9914659584736,604.0171375675344,276.64027201657825,-14.834437334240636,379.4109254176146,60.40059757028325,6.281575690971022,24.15982054030865,0.1728387992777923,3.344222022651961,399.5664568589252,175,17.374510258615587
1456,1978.2452762192863,1618.2470210975134,276.48770274705294,-14.799164105387144,375.427104966424,62.84242503250373,5.974102762142666,24.17128106053624,0.1817344031776587,3.344222022651961,399.5664568589252,175,17.385900126594372
1606,358.74353205499284,1808.888779614312,276.46600451244774,-15.033585384836227,371.2528205704293,68.59770904222427,5.412029435879708,24.183420717057313,0.2006086649865981,3.344222022651961,399.5664568589252,175,17.39796494410151
472,431.4097780494983,553.6338149221687,276.65323489381683,-15.018075759217815,362.59305653497,71.65257853025179,5.060432771193054,24.209046413391338,0.214546867647455,3.344222022651961,399.5664568589252,175,17.423432662173
1627,138.0747640598643,1840.1503181965647,276.4622615183996,-15.065538582848284,358.5185966527497,66.95942815186002,5.3542661063301,24.22131590222082,0.2027728877196498,3.344222022651961,399.5664568589252,175,17.43562651159342
303,1314.8890168222638,370.0316850470834,276.6768839673989,-14.889788475412995,338.8076088044618,67.65598910435627,5.007799210234981,24.282712234270022,0.2168018233999952,3.344222022651961,399.5664568589252,175,17.496644345211337
1797,638.3921630757884,2056.073397016758,276.4279204825104,-14.994223328056226,335.4144405723491,60.93352886764622,5.504595693134779,24.29364073091622,0.1972351941040943,3.344222022651961,399.5664568589252,175,17.507505469447835
