ID,X_pix,Y_pix,RA_deg,Dec_deg,Fluxo,Erro_Fluxo,SNR,Mag_Inst_B,Erro_Mag_B,Std_Fundo_Local,Area_Ap,Exptime,Mag_B_Calibrada,Mag_Inst_R,Erro_Mag_R,Mag_Ap_B,Mag_Ap_R,Cor_B_R,Erro_Cor_B_R
848,2204.844014859281,1270.3620057698313,276.5308418632585,-14.793600429865808,4442835.957734531,2119.5149033567736,2096.156979457048,39.37569932633727,0.0005179478496315,6.2786552804884215,352.1809355185953,250,8.597416691658644,39.86546614908718,0.0007734630887465,8.810627960613594,8.103681193960796,0.7069467666527984,0.000930867941542285
340,289.1672453270022,504.8703878943148,276.65310214473146,-15.066602528247996,631078.6697513051,803.5118926457624,785.4005342389171,41.494641268144825,0.0013823520008833,6.2786552804884215,352.1809355185953,250,10.791795128367111,42.26735766582185,0.0023567480859581,10.92956990242115,10.50557271069546,0.4239971917256895,0.0027322442414640076
883,1749.7749027951834,1318.2261027456432,276.5256101250376,-14.859401273797303,495457.4641649537,712.2851904679947,695.5886080397403,41.7573340828579,0.0015608363728952,6.2786552804884215,352.1809355185953,250,11.063840075286656,41.32820651898951,0.0015188236166542,11.192262717134227,9.566421563863123,1.6258411532711037,0.0021778510879899913
87,1920.2134818221275,136.2320665434027,276.70115888882606,-14.829945350148115,436561.1919155735,677.217302173845,644.639749330424,41.89473720542103,0.001684196485134,6.2786552804884215,352.1809355185953,250,11.20613488919351,42.332756683656385,0.0024426950262282,11.329665839697356,10.570971728529997,0.7586941111673582,0.002967031646561544
1033,294.8752661630573,1556.710563059171,276.4960812997516,-15.07001128076072,370665.7207607696,620.2717750612043,597.5859867623265,42.07239396106269,0.0018168096709935,6.2786552804884215,352.1809355185953,250,11.39011640658378,42.865158748632766,0.0031112140977865,11.507322595339012,11.103373793506378,0.4039488018326338,0.0036028392335602454
661,1121.1244062649712,1007.8023386714024,276.57455097583744,-14.948759364361488,225864.55462681784,489.43449858845,461.4806583479931,42.61022981775018,0.0023526446457942,6.2786552804884215,352.1809355185953,250,11.947099768476594,43.00699286629735,0.0033395302065312,12.045158452026506,11.245207911170965,0.7999505408555407,0.004085021276531915
345,513.7250972977309,515.3462384612,276.6505897653912,-15.034286000943691,208862.14223467515,470.8670451005125,443.5692504029262,42.695200701391244,0.0024476448694623,6.2786552804884215,352.1809355185953,250,12.035095702263703,43.4223939531019,0.0040742586480621,12.130129335667569,11.660608997975515,0.46952033769205315,0.00475295160277421
1238,2231.69366657358,1960.2423565019928,276.42785557414595,-14.79249674315881,178759.47547410388,435.6370502142669,410.3403863059432,42.864177342531576,0.0026458521662318,6.2786552804884215,352.1809355185953,250,12.210088084220825,43.60669886947208,0.0044196162755947,12.299105976807901,11.844913914345696,0.4541920624622051,0.005151071899037625
155,1291.1739157993725,243.49033266822107,276.6878495264031,-14.921097585125157,177039.65277636284,441.5550582245202,400.945815201923,42.874673648808454,0.0027078471924023,6.2786552804884215,352.1809355185953,250,12.220958069709631,43.24603280613242,0.0037796284491284,12.309602283084779,11.484247851006032,0.8253544320787469,0.004649519075222918
709,1818.3247732005,1066.943827363843,276.56279995955805,-14.84849940725943,173927.410718447,430.6424634971779,403.878914554804,42.893929942670084,0.0026881819299647,6.2786552804884215,352.1809355185953,250,12.240899907278258,42.65342215414417,0.0028167363815237,12.32885857694641,10.89163719901778,1.4372213779286298,0.00389362632151417
433,1431.0145959401575,666.2844449253987,276.6241915352094,-14.902693064762062,162183.17703087116,425.77390332748575,380.91385066906577,42.969835512614544,0.0028502507800464,6.2786552804884215,352.1809355185953,250,12.31950779295261,43.25270070639868,0.0037791501686958,12.40476414689087,11.49091575127229,0.9138483956185794,0.004733487668380325
14,1100.9471987593208,35.212828109604885,276.719729402943,-14.947648597998889,158451.2505711135,416.3477509968751,380.5742920232629,42.99511084369436,0.0028527938506514,6.2786552804884215,352.1809355185953,250,12.345682951605095,43.256260211183175,0.0037653955616647,12.430039477970688,11.494475256056788,0.9355642219139,0.004724048739176879
543,2663.974177481219,819.0878012130122,276.5961861783611,-14.725537987488824,155646.7408996354,408.0737781666559,381.4181386486191,43.01449994321861,0.0028464823509618,6.2786552804884215,352.1809355185953,250,12.365762322853424,43.32307195533458,0.0038783988308722,12.449428577494935,11.561287000208196,0.8881415772867385,0.004810866789430763
1158,1347.5136783276546,1807.225453027132,276.45433914034794,-14.91933234694952,155603.180460093,409.323707527278,380.147002479018,43.014803847851965,0.0028560004233097,6.2786552804884215,352.1809355185953,250,12.366077046801768,42.99097181921419,0.0033034537111687,12.44973248212829,11.2291868640878,1.2205456180404894,0.004366868997322846
1209,1446.288642701757,1914.8317128510143,276.4378769862292,-14.905521819294334,153067.70102166673,406.6602162547526,376.4019564819622,43.03264112311719,0.0028844164630478,6.2786552804884215,352.1809355185953,250,12.384549347264263,42.544988904201944,0.0026750786878587,12.467569757393512,10.783203949075556,1.6843658083179562,0.003933942592176074
183,2755.5965559994333,289.5085150426884,276.674732747619,-14.710102969267291,144645.40330232776,399.0780164714033,362.4489381331096,43.09408842986828,0.0029954564237163,6.2786552804884215,352.1809355185953,250,12.448184240825046,43.32064962782121,0.0038796758093379,12.529017064144604,11.558864672694824,0.9701523914497798,0.004901494014272071
1135,2020.3432432043555,1763.9170407245808,276.45801025170806,-14.82218457590873,142782.0897132652,392.4310853088904,363.8399073327194,43.108165687017504,0.0029840047177869,6.2786552804884215,352.1809355185953,250,12.462762662690588,43.88077164539419,0.0050933556006664,12.543094321293829,12.118986690267803,0.42410763102602544,0.005903097104962298
200,2517.0271101081853,311.54022120394825,276.67246956113155,-14.744609214376457,133365.79000047763,387.0021123056882,344.61256349715643,43.18223891698264,0.0031504945408322,6.2786552804884215,352.1809355185953,250,12.53947297521297,43.69386743696459,0.0046495878278619,12.617167551258966,11.9320824818382,0.6850850694207651,0.00561642972187982
647,1468.7848280681949,992.0682309623892,276.5754375019166,-14.89858374114804,132972.48746959277,380.4480484815221,349.51549364052283,43.185445539114895,0.0031063000632431,6.2786552804884215,352.1809355185953,250,12.54279375636457,42.64377375522233,0.0028027582007742,12.62037417339122,10.88198880009594,1.73838537329528,0.004183844358351673
702,684.7244951387097,1058.0133238186108,276.56888854494224,-15.011853908440145,129239.59637966804,377.5198597736576,342.33853672533616,43.21636103910757,0.0031714220969258,6.2786552804884215,352.1809355185953,250,12.57480987969738,42.34047890850313,0.002438159197324,12.651289673383893,10.578693953376742,2.0725957200071505,0.004000317285961809
126,283.7280169031367,201.69945939546128,276.6983715504881,-15.066135529975073,128126.4357431891,377.81528710598513,339.12454078981443,43.22575315920538,0.0032014787177342,6.2786552804884215,352.1809355185953,250,12.584536368852646,43.4888834733008,0.0042839717929947,12.660681793481707,11.727098518174415,0.9335832753072921,0.005348072578348133
708,820.5588716893594,1066.275724901492,276.5670867659952,-14.992313042320172,127151.63308836608,373.8464679313134,340.1172513196716,43.23404516551852,0.0031921344647689,6.2786552804884215,352.1809355185953,250,12.59312357905015,43.6523522311223,0.0045674113041497,12.668973799794848,11.890567275995913,0.7784065237989353,0.005572339586066152
850,2765.8829131642983,1275.2208608752137,276.52776168874,-14.71271813905259,125452.80159991371,373.88483940070864,335.53861611773056,43.24864911072616,0.0032356931448363,6.2786552804884215,352.1809355185953,250,12.608247439606313,43.88283681934455,0.0050836594849786,12.683577745002488,12.12105186421816,0.5625258807843281,0.006026052097912323
1043,431.883185471063,1591.0768062475718,276.4903842880332,-15.050409606383278,122382.89871087816,365.9786298776617,334.399029669541,43.275548182923885,0.0032467199473422,6.2786552804884215,352.1809355185953,250,12.636104146217068,44.02095431455798,0.0054400109291972,12.71047681720021,12.259169359431596,0.45130745776861403,0.006335211861197281
981,785.1790079061436,1464.585198094543,276.5077970113876,-14.999007363664868,111125.54802023944,351.0182553668192,316.58053768204064,43.38031523236818,0.0034294590815637,6.2786552804884215,352.1809355185953,250,12.744601009506312,43.72942861183862,0.0047026746981877,12.815243866644508,11.967643656712234,0.8476002099322741,0.005820338384414992
735,666.9209362309133,1110.468085638821,276.5611352182609,-15.014630743682456,108614.44706159996,354.1059299406351,306.7286873162753,43.405131032631,0.0035396102317632,6.2786552804884215,352.1809355185953,250,12.770300277575885,42.98549387164184,0.0033545049242567,12.840059666907322,11.223708916515456,1.6163507503918666,0.004876632432290256
521,284.3206248578461,782.731449065245,276.61165159321286,-15.068434955172169,103955.86998387711,342.3982742808142,303.61096358394275,43.45272747847745,0.0035759578217597,6.2786552804884215,352.1809355185953,250,12.819591205452994,44.16093063638155,0.0058644381998006,12.887656112753774,12.399145681255163,0.48851043149861084,0.0068687050993826255
644,312.2889776000241,988.3824276908788,276.58083973083603,-15.06523708049314,103564.20730573343,339.07814557574045,305.4287297988072,43.45682580824085,0.0035546754253117,6.2786552804884215,352.1809355185953,250,12.823835439937152,43.81931228837087,0.0049905330631297,12.891754442517176,12.05752733324448,0.834227109272696,0.0061270823099992405
18,1006.0524140151398,37.240710900225785,276.71983249701987,-14.9613374047324,101930.7853644812,339.94260091294325,299.84704797438707,43.47408659565057,0.0036208460524605,6.2786552804884215,352.1809355185953,250,12.841710728988335,43.75037039461974,0.0047680261936042,12.909015229926894,11.988585439493356,0.9204297904335377,0.005987035987741726
114,393.54027463453775,176.90647181212887,276.70160478495023,-15.050207307126444,101409.40530090002,335.7163729321797,302.0686909464091,43.47965443199603,0.0035942155957918,6.2786552804884215,352.1809355185953,250,12.847476785988077,43.79962609221538,0.0049353715242402,12.914583066272357,12.03784113708899,0.8767419291833676,0.006105430192157964
413,1018.7342425405462,624.5773207700588,276.6321565743187,-14.961951239314011,101327.87545221212,338.34282134404737,299.4828589821796,43.48052767951057,0.0036252492168996,6.2786552804884215,352.1809355185953,250,12.84838112200503,42.42081426804194,0.0025320967177371,12.915456313786898,10.65902931291555,2.256427000871348,0.004421984359154401
608,320.34358526497584,925.0207694037116,276.59026308378463,-15.063820913030272,100350.98166756806,337.26799790645487,297.54077555677713,43.491045958527096,0.00364891164234,6.2786552804884215,352.1809355185953,250,12.859273862485434,42.116713864081476,0.0022046269089348,12.92597459280342,10.354928908955088,2.5710456838483324,0.004263207241174631
1044,592.6052251147081,1590.782155694098,276.48976260354016,-15.027253657673942,99985.75176843935,340.6761407985071,293.492087629277,43.49500473091061,0.0036992479380616,6.2786552804884215,352.1809355185953,250,12.863373571204594,42.03258552965512,0.0021143440194752,12.929933365186933,10.270800574528735,2.659132790658198,0.0042608550714549704
111,1360.6488735057942,169.5685862322614,276.6985791835301,-14.91077155119674,91632.05659032689,334.41808084729524,274.00449269418743,43.5897314367254,0.0039623437897849,6.2786552804884215,352.1809355185953,250,12.961472644387824,43.742288092565445,0.0048530084565679,13.024660071001726,11.980503137439058,1.0441569335626681,0.006265130436628316
1230,1056.9748356680252,1947.8928865404048,276.43455069681926,-14.961751458241594,90765.25893166116,325.5843461517252,278.77648297428823,43.60005089435866,0.0038945178890865,6.2786552804884215,352.1809355185953,250,12.972159485240876,43.28590372804168,0.0038155876305792,13.034979528634985,11.524118772915294,1.5108607557196905,0.005452153570383336
189,1837.2743783230533,296.1193124927228,276.67767193855923,-14.842578608126043,89282.81031688314,317.3864478266183,281.30630947940324,43.61793039190372,0.0038594939516615,6.2786552804884215,352.1809355185953,250,12.99067551113944,44.05201967941739,0.0055041249929034,13.052859026180045,12.290234724291004,0.7626243018890406,0.006722431516974758
470,1985.939150435264,715.7760850843196,276.6144615961957,-14.822890096448129,81697.28982467376,304.8844080817054,267.9615213473949,43.7143308972925,0.0040517011343298,6.2786552804884215,352.1809355185953,250,13.090507972869126,42.9081599257122,0.003176123186589,13.149259531568823,11.14637497058581,2.002884560983013,0.005148207511194324
856,1450.507809016773,1283.7644081988465,276.53200213552094,-14.902400481539194,81004.01108246803,303.6738953379572,266.74670535088,43.72358371066086,0.0040701533635508,6.2786552804884215,352.1809355185953,250,13.100090195833246,43.97083980604502,0.005316373729545,13.158512344937186,12.209054850918633,0.949457494018553,0.006695519250589913
952,2689.212264469245,1410.304704718308,276.5079461831956,-14.72432512663619,79322.92853914041,304.07042369392497,260.87025359291863,43.74635317259383,0.0041618390178521,6.2786552804884215,352.1809355185953,250,13.12367027384073,44.23512640329397,0.0060464190305207,13.181281806870153,12.47334144816758,0.7079403587025723,0.0073403056546140506
1199,1600.2806648222063,1898.94278344232,276.439610870662,-14.883266352622163,78696.36279299477,297.6418952124421,264.3994815878497,43.75496337043411,0.0041062864173554,6.2786552804884215,352.1809355185953,250,13.132587003508371,43.111916093272455,0.0034951414082234,13.189892004710437,11.350131138146068,1.8397608665643688,0.00539236512161735
1088,2550.25369615723,1671.166441858256,276.4696362572739,-14.745416153816093,77777.87029354196,300.98203305966285,258.4136651044691,43.76770990377291,0.0042014032019594,6.2786552804884215,352.1809355185953,250,13.145787326438214,44.01103006139688,0.0054211845141432,13.202638538049236,12.249245106270493,0.9533934317787427,0.006858646397199723
860,2914.071028695214,1290.14492095468,276.52491410922363,-14.69140728335838,76824.04067597649,296.6958003287562,258.9320124883837,43.78110715717653,0.004192992552625,6.2786552804884215,352.1809355185953,250,13.159661535731054,44.03003912551705,0.0055129184002555,13.216035791452853,12.268254170390662,0.947781621062191,0.006926287305205031
232,1905.324922800036,360.8519293215521,276.6677290283652,-14.833036971251952,74263.39091550783,293.4689315354845,253.0536725879221,43.81791308289024,0.0042903941638024,6.2786552804884215,352.1809355185953,250,13.197777789950068,44.29616052386926,0.0062692913844921,13.252841717166568,12.534375568742874,0.718466148423694,0.007596808312999385
913,577.1353008959138,1359.463367235427,276.5243502763781,-15.028564961711872,74202.12810631999,297.6826325940782,249.2658958962596,43.81880911927841,0.0043555898254603,6.2786552804884215,352.1809355185953,250,13.198705726147796,44.28259504740916,0.0062959217942968,13.253737753554738,12.520810092282773,0.7329276612719653,0.007655703362040273
131,1306.3762889310522,211.858434191581,276.6925029349191,-14.918773492742972,72988.42703277609,337.91762462824613,215.99473277865565,43.836715010908,0.0050265114617984,6.2786552804884215,352.1809355185953,250,13.21724908578723,43.48454677252991,0.0044804591503603,13.271643645184326,11.722761817403523,1.5488818277808036,0.006733522976394899
821,1968.1985044848943,1235.2988458181987,276.53706305184016,-14.827577019271263,71155.86760538927,286.8908968659716,248.02413873254244,43.86432322571813,0.0043773965128884,6.2786552804884215,352.1809355185953,250,13.245840181210866,43.948182216424286,0.0052264847685505,13.299251859994456,12.186397261297898,1.1128545986965577,0.006817458710321456
439,746.1589155256687,679.5575231750372,276.62510427249833,-15.001462567946932,67894.26103174919,282.9702629868309,239.93426134289209,43.915267357244645,0.0045249894447063,6.2786552804884215,352.1809355185953,250,13.298597975793594,43.42324073187539,0.0040626036458419,13.35019599152097,11.661455776749001,1.6887402147719683,0.00608114116411643
590,962.595433244095,885.6191290826818,276.5934465101956,-14.9711108224289,67640.7851244146,281.5507240647971,240.2436908982962,43.919328421866496,0.0045191613396399,6.2786552804884215,352.1809355185953,250,13.302803618459144,43.40742004539569,0.0040509551491353,13.35425705614282,11.645635090269302,1.7086219658735189,0.006069024372500221
1219,2969.045505885409,1923.55743660004,276.4302669166218,-14.686039245739016,63705.38546646564,381.1540887185695,167.13814006466927,43.98440965200715,0.006495824349726,6.2786552804884215,352.1809355185953,250,13.370201806789536,44.37439780770257,0.0066494861546821,13.419338286283477,12.612612852576184,0.8067254337072924,0.009295773238617761
1018,899.991961620117,1529.6530624809968,276.4976101927877,-14.982722323436278,62351.60787579074,272.705562408882,228.64076304502967,44.0077308786441,0.0047484970988579,6.2786552804884215,352.1809355185953,250,13.39435329288738,43.99736298410744,0.0054207657129659,13.442659512920422,12.235578028981053,1.207081483939369,0.007206450278238836
285,1746.996717568304,418.6017727688357,276.6597915003423,-14.856108702342048,60813.95237846783,269.08829710329144,225.9999897175906,44.034841947436405,0.0048039825194536,6.2786552804884215,352.1809355185953,250,13.422429543387755,43.59060556186856,0.0044611114499761,13.46977058171273,11.82882060674217,1.6409499749705603,0.00655589531767581
556,2278.639091238302,834.3459223516929,276.5955430569781,-14.78117319681407,59566.20275220164,272.8768976372202,218.2896510037017,44.05735023313051,0.0049736668458991,6.2786552804884215,352.1809355185953,250,13.445739147015823,44.54731387281345,0.00722733035557,13.492278867406831,12.78552891768706,0.7067499497197716,0.008773349757221553
409,2485.403641860264,614.4156966178816,276.627454693021,-14.75044125231985,57719.35071908752,271.013618577002,212.9758313333172,44.091546428927884,0.0050977615309824,6.2786552804884215,352.1809355185953,250,13.481152762271002,44.52968261013682,0.0071217828940991,13.52647506320421,12.76789765501043,0.75857740819378,0.008758251207715303
157,524.5072385157331,247.5377865626228,276.6905080256497,-15.0316259224612,57411.17091842703,265.65368160609086,216.11283747821668,44.09735901036256,0.0050237644957552,6.2786552804884215,352.1809355185953,250,13.487172277534825,43.740249145313655,0.0048064012072523,13.532287644638885,11.978464190187267,1.5538234544516172,0.0069526759074392975
1001,929.5077658245788,1502.0530949279262,276.5016060670799,-14.978359556753482,54196.34214129738,260.3818804030288,208.1417572429013,44.159925082154146,0.0052161565962614,6.2786552804884215,352.1809355185953,250,13.551965765312923,44.32502019228757,0.0063324015585248,13.594853716430471,12.56323523716118,1.0316184792692908,0.0082041208630254
838,1681.5260972179035,1254.9884110965183,276.535327797961,-14.868984079642,54178.71671694255,253.3976384745624,213.80908300130565,44.160278236500105,0.0050778946561094,6.2786552804884215,352.1809355185953,250,13.552331492313892,44.76441044139487,0.0080155734413499,13.59520687077643,13.002625486268485,0.5925813845079446,0.009488647518599175
1193,1674.4930844782343,1877.8223216285487,276.4424544764708,-14.872487153740051,53896.93889328369,256.17259464223525,210.3930710018178,44.165939771955706,0.0051603410455975,6.2786552804884215,352.1809355185953,250,13.558194584207683,44.30144999219961,0.006219023227706,13.600868406232031,12.53966503707322,1.061203369158811,0.008081173776972319
1177,2655.124164846529,1841.616497027882,276.44378705752365,-14.730977830893323,50860.96790985737,251.34160234745409,202.3579361109797,44.22888846977699,0.0053652454698122,6.2786552804884215,352.1809355185953,250,13.623384319892498,44.603947851708305,0.0072859498187701,13.663817104053315,12.842162896581918,0.8216542074713971,0.009048255285577235
454,1844.7097813880468,695.5373150935359,276.6180777398267,-14.843170103997284,50525.09158936469,252.7579398776606,199.89517090469937,44.23608224804154,0.0054313468158648,6.2786552804884215,352.1809355185953,250,13.63083420400246,44.71942826394323,0.0077752734192881,13.671010882317866,12.957643308816841,0.7133675735010243,0.009484429607461525
806,2465.0918009051147,1207.8348886552574,276.53907192612047,-14.755819892026912,50403.4409414767,246.11103165479247,204.79960041846093,44.23869955701045,0.0053012798744803,6.2786552804884215,352.1809355185953,250,13.633544691840877,44.513782874002565,0.0070224226015133,13.673628191286774,12.751997918876178,0.9216302724105958,0.008798749200983893
70,2707.6700830674727,120.0565649679826,276.7001943008871,-14.716297583138942,50311.75864258857,251.3380239497942,200.17567518012527,44.240676275899865,0.0054237359210755,6.2786552804884215,352.1809355185953,250,13.635591783939423,44.552281305349624,0.0071209531966348,13.67560491017619,12.790496350223236,0.885108559952954,0.008951250514326369
494,1098.5341142467255,748.1682245874507,276.6133810484179,-14.950956483820274,49315.40257254301,257.4203134691103,191.5754118544368,44.26239356488996,0.0056672199709268,6.2786552804884215,352.1809355185953,250,13.658082230573836,44.56936644909164,0.0078097154500842,13.697322199166287,12.807581493965252,0.8897407052010351,0.009649302441635635
185,1792.7284388108976,293.5207098524874,276.67824947324107,-14.848991193061533,48647.36242244564,245.3042579993604,198.3143823886355,44.27720177535057,0.0054746407543571,6.2786552804884215,352.1809355185953,250,13.673417628434368,44.80972955439951,0.0080538964210257,13.712130409626894,13.047944599273123,0.6641858103537714,0.00973842589692391
704,541.6920684533296,1058.88894900226,276.569356568921,-15.032467691551998,48301.589320743165,247.3976601986352,195.2386666954,44.284946469031496,0.0055608861624416,6.2786552804884215,352.1809355185953,250,13.681438041111576,43.792850301223616,0.0048683007607769,13.719875103307821,12.031065346097229,1.688809757210592,0.007390792055592919
1050,1732.128789233492,1600.650750949746,276.4835590449078,-14.86307901067021,47206.23833497983,243.22879704002693,194.0816174295815,44.30985153487062,0.0055940382936777,6.2786552804884215,352.1809355185953,250,13.707229752703054,44.28785135190628,0.0062096897966352,13.744780169146942,12.526066396779896,1.218713772367046,0.008357841336228381
120,1306.6740110202093,187.53439052335244,276.6961298086832,-14.91862867647585,46968.37042972582,254.82988365747403,184.31264714956936,44.31533629024767,0.0058905344629929,6.2786552804884215,352.1809355185953,250,13.712909770967148,44.51907454217373,0.0074359533327334,13.750264924523997,12.757289587047346,0.9929753374766506,0.00948640069922708
697,1327.1166497639313,1054.2925251460151,276.5667506113896,-14.91925761537268,46945.86999600826,242.0076884649204,193.98503532590527,44.31585654225347,0.0055968234775222,6.2786552804884215,352.1809355185953,250,13.713448544475124,44.49903348517444,0.0068919801553438,13.750785176529796,12.73724853004805,1.0135366464817466,0.008878278183307641
1070,1422.6850406004353,1645.2720485460438,276.4781890430788,-14.90785749858903,46811.95572288547,243.016603850664,192.62863105292948,44.31895805772527,0.0056362337938313,6.2786552804884215,352.1809355185953,250,13.716660477061918,43.71739458240563,0.0046937338506165,13.753886692001593,11.955609627279244,1.798277064722349,0.007334730318092763
460,1142.591510413709,704.2627536067613,276.619745204618,-14.944425969895384,46555.803930583934,243.2346404234098,191.4028521987744,44.324915445448895,0.0056723292653574,6.2786552804884215,352.1809355185953,250,13.722829953866311,44.61868046157799,0.0073974131841368,13.75984407972522,12.8568955064516,0.9029485732736191,0.00932185824347651
225,1439.5761361402992,352.1119336199741,276.67101594802267,-14.900155846499922,44971.49141814408,243.249499540174,184.8780429277586,44.362506795203544,0.0058725199748259,6.2786552804884215,352.1809355185953,250,13.761759594023424,44.77455365460819,0.0080192984293477,13.797435429479869,13.012768699481803,0.7846667299980652,0.009939599496643097
959,2109.582565486732,1421.3064265598357,276.50873225281003,-14.807946271927676,43980.19317767379,237.1225088161073,185.47456079667748,44.386707190142864,0.0058536329474863,6.2786552804884215,352.1809355185953,250,13.786821547712144,44.4913385562406,0.0069400155238545,13.82163582441919,12.729553601114212,1.0920822233049776,0.00907903266627225
1104,1430.3745112624188,1707.392122406609,276.4688898404441,-14.906995903721576,43386.77639024367,235.3212683591265,184.3725248158641,44.40145656286646,0.0058886214260194,6.2786552804884215,352.1809355185953,250,13.802096013152203,44.21565000334415,0.0060045313717758,13.836385197142782,12.453865048217764,1.3825201489250176,0.008410128375572784
255,2660.9411878663154,379.7279207511926,276.6616903446632,-14.724138119505325,43358.639937783824,232.8282998914505,186.2258151521896,44.4021608944029,0.005830018781836,6.2786552804884215,352.1809355185953,250,13.802825419609905,44.10151048390876,0.0056455610657647,13.837089528679222,12.339725528782374,1.497363999896848,0.00811550853266995
1240,2347.6243689711746,1961.690110493721,276.4271596099673,-14.775789781777592,43278.74830320568,236.37977473108265,183.0898957088936,44.40416329236217,0.0059298739332192,6.2786552804884215,352.1809355185953,250,13.804899104979402,43.684291122275354,0.0046012893380111,13.839091926638496,11.922506167148967,1.9165857594895286,0.007505682409745777
388,772.6622730520038,579.3264442691868,276.6399481253242,-14.997231698230364,43199.51234944907,242.93440240603064,177.82377432590698,44.40615291072723,0.0061054828248678,6.2786552804884215,352.1809355185953,250,13.806959555788094,44.664525685907705,0.0079092592558748,13.841081545003554,12.902740730781318,0.9383408142222365,0.009991661648664696
330,3060.3679345465544,487.7781062297762,276.64388022479415,-14.666973849359891,42509.58331932928,304.0155511454288,139.82700279366438,44.42363290164072,0.0077645946656105,6.2786552804884215,352.1809355185953,250,13.825061852211425,44.52832467656722,0.0070206148906864,13.858561535917048,12.766539721440836,1.0920218144762117,0.010467949358138615
711,736.2362134739936,1070.6803939441763,276.56678260567526,-15.004482128648398,41968.57003745911,235.6118555614664,178.12588393503128,44.43753959146889,0.0060951276480176,6.2786552804884215,352.1809355185953,250,13.839463634385265,44.65997201710758,0.0077097161168839,13.872468225745216,12.89818706198119,0.9742811637640258,0.00982803661208931
1200,3018.3763080225726,1898.9438765501711,276.43373087311744,-14.6788271083057,41078.75681221331,338.07139980122264,121.50911563760368,44.46080679206937,0.008935132103488,6.2786552804884215,352.1809355185953,250,13.863559171064626,44.78025085214444,0.008411027540443,13.895735426345695,13.018465897018054,0.8772695293276414,0.012271184539109194
793,1412.606977915314,1198.113916595432,276.5449375138704,-14.907517744953523,40017.39303639848,229.85685550964945,174.0970176750658,44.48922803973924,0.0062361780488758,6.2786552804884215,352.1809355185953,250,13.892992244147276,44.609265537863465,0.0072822854472674,13.924156674015563,12.847480582737077,1.076676091278486,0.009587575188375991
884,1029.9418915746091,1319.6746912283795,276.5284011790196,-14.963158525612304,39362.56271849177,225.68678950360228,174.41234732910004,44.50714160760523,0.006224903320356,6.2786552804884215,352.1809355185953,250,13.911543553304949,44.45262910959996,0.0067895900914134,13.942070241881552,12.690844154473574,1.2512260874079786,0.009211294966355065
763,1786.0681978078042,1154.938276480662,276.5498118778267,-14.853507906252014,38240.777388763,222.2639991360701,172.0511533014934,44.538533240741444,0.0063103325910142,6.2786552804884215,352.1809355185953,250,13.944052760606969,44.256589952071195,0.0061189766482567,13.973461875017769,12.494804996944808,1.478656878072961,0.008789890365136917
875,2229.257933313361,1310.9744669559027,276.5246836805875,-14.790245228398035,37005.40876072415,242.64654937062977,152.50745933419535,44.57418700723815,0.0071189960460941,6.2786552804884215,352.1809355185953,250,13.98097583756541,45.165965053731725,0.0105664748987079,14.009115641514477,13.404180098605337,0.6049355429091392,0.012740898574642511
525,2093.364255431383,791.7953599055875,276.6026713361141,-14.80771424339051,36848.64816417769,219.4325831353096,167.92696707879327,44.578796121966306,0.0064653105983303,6.2786552804884215,352.1809355185953,250,13.985749041480162,44.89345933377436,0.0084735377274808,14.013724756242631,13.131674378647972,0.8820503775946591,0.010658380869152809
486,753.6318123760425,740.3363702305892,276.616003625799,-15.000634158685235,36244.25298245973,222.1686803326523,163.13844475374006,44.596752138955594,0.0066550836722691,6.2786552804884215,352.1809355185953,250,14.004344310993233,45.00227656229845,0.0091880064759251,14.031680773231919,13.24049160717206,0.7911891660598585,0.011345025415861541
699,274.8972517798207,1054.486823311389,276.57112947755843,-15.0708903539132,34882.34327566816,221.2148960478017,157.68532724907695,44.63833589256048,0.0068852316124825,6.2786552804884215,352.1809355185953,250,14.047408488650747,44.23657772710467,0.0060776688814819,14.073264526836802,12.47479277197828,1.5984717548585223,0.0091839247269597
44,1292.1651046226386,84.70508627319323,276.7115295496362,-14.920288769280685,32600.98055883957,212.0941919737931,153.7099165962443,44.71177336469361,0.0070633048539857,6.2786552804884215,352.1809355185953,250,14.123460409713708,44.89671567874946,0.0088142220886397,14.146701998969938,13.134930723623071,1.0117712753468666,0.011295166509981247
790,2493.980403384236,1184.6769061032207,276.5424030548775,-14.751559465707064,32019.019671008224,213.31447922052453,150.10242055771076,44.73132994428882,0.007233061238893,6.2786552804884215,352.1809355185953,250,14.143713223494377,44.17110248840088,0.0059800344991373,14.166258578565142,12.40931753327449,1.7569410452906524,0.009384987346632314
430,1408.993067188362,656.7187090596826,276.6257115289905,-14.905828259010407,30067.51751250864,277.5124401342923,108.34655735778378,44.79960609019875,0.0100206229572646,6.2786552804884215,352.1809355185953,250,14.214420069854928,45.0117988136356,0.0119637239667589,14.234534724475076,13.250013858509213,0.9845208659658624,0.015605882724295337
296,544.7099222940343,431.5049052090289,276.66297008849256,-15.029475517880352,29954.01689487529,205.1560582190626,146.006007109431,44.80371234565959,0.0074359954189163,6.2786552804884215,352.1809355185953,250,14.218672512199436,44.87675092981168,0.0084857237960532,14.238640979935916,13.11496597468529,1.1236750052506252,0.011282798243921928
673,835.305684921699,1025.4862244852925,276.5731114647196,-14.99002303793173,29524.15754624954,209.57910619655115,140.8735731440742,44.81940623634174,0.007706910357769,6.2786552804884215,352.1809355185953,250,14.234925121400984,44.625489143939646,0.0076238512879933,14.254334870618067,12.863704188813259,1.390630681804808,0.010840644617555
929,2159.838225195276,1379.9924097638798,276.51468282141,-14.8005337697886,29389.12966234185,205.4215095762868,143.06744080968645,44.82438320930897,0.0075887287411832,6.2786552804884215,352.1809355185953,250,14.240079279683414,44.96183765547816,0.0087851364788563,14.259311843585294,13.200052700351776,1.0592591432335183,0.011608937369948709
419,356.15368572953986,633.4610342779511,276.6336278075105,-15.057476525592394,29192.354565405665,204.5463765582483,142.7175345591742,44.83167720854006,0.0076073343289842,6.2786552804884215,352.1809355185953,250,14.247632952728562,44.20358897641337,0.0060040186383608,14.266605842816382,12.441804021286984,1.8248018215293982,0.009691221564009634
151,1183.0480159325482,239.84273876110728,276.68885432864096,-14.93667041096053,28586.219619032083,207.6581224089104,137.6600119822979,44.85445820683783,0.0078868219199313,6.2786552804884215,352.1809355185953,250,14.271224977807218,44.26830716922403,0.0062513696656968,14.289386841114158,12.506522214097643,1.7828646270165152,0.01006387513306395
1019,2066.882428182775,1531.6358066600644,276.49245754571297,-14.814546579785684,28373.46752718996,202.3761643575256,140.20162709015622,44.86256898604129,0.0077438473613565,6.2786552804884215,352.1809355185953,250,14.27962450902504,45.07905547905882,0.0094993744516728,14.297497620317614,13.317270523932436,0.9802270963851782,0.012255826652212486
1167,338.6638680368966,1826.4179089406207,276.45564060691817,-15.064761494303957,27887.994031311973,210.8321781667441,132.2757952500769,44.88130682963841,0.008207850861508,6.2786552804884215,352.1809355185953,250,14.29902943897082,44.58750082882545,0.0076086192935169,14.316235463914737,12.82571587369906,1.4905195902156763,0.011191957081691977
832,603.6644950744025,1249.3190135327543,276.54067791489746,-15.024302749573849,27432.45494394144,198.63647422976345,138.10381527518575,44.899188335251736,0.0078614772360679,6.2786552804884215,352.1809355185953,250,14.317547544426922,43.86488462387926,0.0050439748405753,14.334116969528061,12.103099668752876,2.2310173007751857,0.0093404767825615
1094,801.1476174465861,1686.4619551344638,276.4746197184733,-14.997585085749169,27193.87563789109,200.27317450183097,135.78391467321788,44.908672253888,0.0079957924516529,6.2786552804884215,352.1809355185953,250,14.327369100242256,45.06513209986789,0.0093761707796804,14.343600888164325,13.303347144741501,1.0402537434228236,0.012322551497950498
599,1161.3183924789353,907.1449301996954,276.58939915796634,-14.942556701136876,27079.59459367077,204.14712197737188,132.6474472496964,44.9132446259909,0.0081848540813323,6.2786552804884215,352.1809355185953,250,14.332104253456825,44.04773550147427,0.0056046725549589,14.348173260267224,12.285950546347884,2.06222271391934,0.0099198886476115
869,1615.8301106308304,1298.076850913933,276.5291758004622,-14.878628221010128,27026.309090810595,201.06180316913708,134.41791859429182,44.91538317333634,0.0080770481447263,6.2786552804884215,352.1809355185953,250,14.334318935269524,45.16538728999429,0.0100521488779765,14.350311807612663,13.403602334867905,0.9467094727447574,0.01289513101124726
57,1756.2836687492024,103.82584605283732,276.7066927764457,-14.853448419662456,26810.012015860964,196.40001339769444,136.50718017810323,44.92410750011147,0.0079534277873403,6.2786552804884215,352.1809355185953,250,14.343353856978524,44.319710388022614,0.0063107720812894,14.359036134387793,12.557925432896226,1.8011107014915666,0.010152972856775426
747,1445.018834946172,1126.7715037731705,276.5554439731294,-14.902557066646674,26741.45012079473,194.44830903335472,137.52472445624423,44.926887636057096,0.0078945804421184,6.2786552804884215,352.1809355185953,250,14.346232968600148,45.50743007881525,0.0118565179982137,14.36181627033342,13.74564512368886,0.616171146644561,0.014244346927783097
584,2777.2939822197523,878.8672971334922,276.58679526014555,-14.709441611556556,26426.19919119915,193.57410604982164,136.5172219077568,44.9397632611256,0.0079528427609931,6.2786552804884215,352.1809355185953,250,14.359566979056977,45.24361030529908,0.0102350286689756,14.374691895401924,13.481825350172691,0.8928665452292321,0.01296161717671961
753,723.9020777340791,1138.9995976257485,276.5566391922631,-15.006534727049662,26382.23061774898,210.3118902008162,125.44336220152805,44.94157124077091,0.0086549019489432,6.2786552804884215,352.1809355185953,250,14.361439324622186,45.233580783912245,0.011196841952426,14.376499875047237,13.471795828785858,0.9047040462613793,0.014151911441689693
714,2929.911576407155,1080.7922695370291,276.55605216015715,-14.68826339369246,25922.87487799957,191.5805055965785,135.3106089644986,44.96064211255559,0.0080237610953687,6.2786552804884215,352.1809355185953,250,14.381189138898751,44.62444747517513,0.0073892697171736,14.395570746831915,12.862662520048744,1.5329082267831708,0.010907889304017123
629,1255.969116986268,962.5889001175952,276.58072976595264,-14.929139902550752,25420.542123401683,192.78476386614668,131.85970516348243,44.98188800126776,0.0082337511573677,6.2786552804884215,352.1809355185953,250,14.403191402924412,45.2746566125578,0.0104555726974964,14.416816635544087,13.512871657431411,0.9039449781126763,0.013308405560174597
932,647.6747982273039,1385.0105367253996,276.52024407722564,-15.0185032280595,25134.241635837592,194.68045982277985,129.10510720345337,44.994185556705574,0.0084094271986395,6.2786552804884215,352.1809355185953,250,14.41592676388194,45.0578449101062,0.0094720652015314,14.429114190981899,13.29605995497981,1.1330542360020885,0.012666431422909921
1105,445.42587576246734,1709.830041242296,276.47260297409923,-15.04892581524066,25070.748161137308,198.55688218390847,126.26481583205027,44.996931785766876,0.0085985948884139,6.2786552804884215,352.1809355185953,250,14.41877076149956,44.707974312580006,0.0077187973445493,14.4318604200432,12.946189357453619,1.4856710625895815,0.011554897944217378
406,2666.82295333088,609.0341807968791,276.6274853344986,-14.724252279711935,24859.70372985408,190.227374102263,130.6841554596129,45.00611015030222,0.0083078166299626,6.2786552804884215,352.1809355185953,250,14.428275885176252,45.36810918789561,0.010903927658542,14.441038784578545,13.606324232769225,0.83471455180932,0.013708225834870112
533,707.4022982572536,807.8726763747069,276.60612059795113,-15.007571950302909,24478.623113499227,196.99069252290684,124.26284105099413,45.02288255734134,0.0087371252002395,6.2786552804884215,352.1809355185953,250,14.445645407017398,45.05367570315184,0.0094180786850215,14.457811191617665,13.291890748025452,1.1659204435922135,0.012846694628655123
924,3032.0877705971266,1369.705621133353,276.5125594199318,-14.674711060942045,24101.818250429,186.5385242743053,129.20558015666097,45.03972550379673,0.0084028878527041,6.2786552804884215,352.1809355185953,250,14.463087979549991,45.08281787169384,0.0094209179034716,14.474654138073056,13.321032916567454,1.1536212215056025,0.01262387493636854
145,2596.387994975492,232.73681710323737,276.68387644600864,-14.732828763165356,23347.771302595764,186.9257275169024,124.90400124554596,45.074236445097114,0.0086922755810332,6.2786552804884215,352.1809355185953,250,14.498827545569192,45.50550359890997,0.0117778154623646,14.509165079373439,13.74371864378358,0.7654464355898583,0.01463805287058838
21,782.7787051051866,40.8482612850487,276.7202479988043,-14.993538044812144,23263.89632771624,203.96431189377932,114.05866110455452,45.07814388715273,0.0095187861183533,6.2786552804884215,352.1809355185953,250,14.50287409654841,45.452082945275464,0.0124925329964072,14.513072521429052,13.690297990149077,0.8227745312799755,0.015705752762388635
517,1498.2648120217448,777.5466845571291,276.6073115693766,-14.893456171891794,23079.573060026247,185.49767466794248,124.41974327355186,45.08678059489348,0.0087261070585313,6.2786552804884215,352.1809355185953,250,14.51181827989602,45.204446201833306,0.010285455516339,14.521709229169808,13.442661246706919,1.079047982462889,0.013488348289376952
246,787.7875728494397,373.1954960349272,276.67064033956103,-14.994201134777745,22972.415812321124,187.704576793621,122.38601852302745,45.0918333501061,0.008871111366334,6.2786552804884215,352.1809355185953,250,14.517050918349092,45.4196005810123,0.0120828498994044,14.526761984382425,13.65781562588591,0.8689463584965154,0.014989725766852348
991,1082.2768262619388,1485.892625442793,276.5033822944677,-14.956280902421245,22590.2406910134,185.57287451550204,121.73245012231732,45.11004787618285,0.0089187394068638,6.2786552804884215,352.1809355185953,250,14.535913900136876,45.261606088512096,0.0103636929727727,14.544976510459172,13.499821133385709,1.0451553770734634,0.01367296766036706
1093,1818.6072503271407,1682.2799776972208,276.4710240452868,-14.850939380720591,22517.831433542044,181.89006852218327,123.79912557345467,45.113533612381296,0.008769851927232,6.2786552804884215,352.1809355185953,250,14.539523732100182,44.786494215975,0.0080139345602149,14.548462246657621,13.02470926084861,1.5237529858090113,0.01187996001512554
74,1981.7528202588933,124.11298592366472,276.7027024508208,-14.82101933336538,22395.226041948743,182.49340609627657,122.7180012747084,45.11946139600143,0.0088471128010765,6.2786552804884215,352.1809355185953,250,14.54566255086479,44.40154580302573,0.0065774180570413,14.554390030277752,12.639760847899346,1.9146291823784054,0.011024238441364765
247,1454.1882375371251,373.0264130486066,276.66783435151893,-14.898136369690556,22046.81335356625,190.3781024991036,115.8054054755066,45.136485458142644,0.0093752100391344,6.2786552804884215,352.1809355185953,250,14.5632926869864,45.25141193002862,0.0104325024065624,14.57141409241897,13.48962697490223,1.0817871175167397,0.014026106720712512
568,1627.55994689954,852.4281869770942,276.5955970654979,-14.87512401113001,22007.91307567217,186.9949392704143,117.69255981760244,45.138402866533745,0.0092248821988628,6.2786552804884215,352.1809355185953,250,14.565278357072394,45.23326320181987,0.0104304218579493,14.57333150081007,13.47147824669348,1.101853254116591,0.013924516211261426
1216,2202.5233580189847,1921.0342972255496,276.4338233355142,-14.796546519040026,21245.438910155324,194.5054351451124,109.22799609329677,45.17668575262797,0.0099397593916549,6.2786552804884215,352.1809355185953,250,14.604924152968284,45.39883875407325,0.0115327275305458,14.611614386904293,13.637053798946866,0.9745605879574271,0.015225065551839204
767,2132.8298082849624,1158.2639023318711,276.54785963689187,-14.803527522217502,21238.29438498121,180.02221207587684,117.97596607706149,45.1770509309736,0.0092027218432847,6.2786552804884215,352.1809355185953,250,14.605302332035578,44.506493666375896,0.0069202546671454,14.611979565249925,12.744708711249508,1.8672708540004166,0.011514339493996911
25,2649.628440381231,44.183588997725735,276.7117523035389,-14.724347374262685,21225.387898523128,187.505066371556,113.1990100814842,45.17771093214645,0.0095910732719171,6.2786552804884215,352.1809355185953,250,14.60598582992352,45.02310896781136,0.0091706504242037,14.612639566422772,13.261324012684973,1.3513155537377983,0.013269872482817236
1035,535.1203399670894,1560.9491790621505,276.4944533791587,-15.0354177174903,20612.53913923964,183.193138404666,112.51807419613831,45.20952128844287,0.0096491164442384,6.2786552804884215,352.1809355185953,250,14.638928667357447,44.88061333212181,0.0084821582031269,14.644449922719197,13.118828376995424,1.525621545723773,0.01284727426099968
1224,1624.5678784801175,1940.56925702648,276.4333008963513,-14.879930066199371,20494.313460091536,181.91390049730023,112.65941417377113,45.21576658556451,0.0096370108788721,6.2786552804884215,352.1809355185953,250,14.645396303428146,45.205509401013515,0.0101988849458898,14.650695219840834,13.443724445887128,1.2069707739537066,0.014031722375353526
655,860.1824067005209,1003.7515343003896,276.5762502934132,-14.986350054796109,20075.001906585327,188.45321798100483,106.5251213094636,45.23821103368755,0.0101919621085993,6.2786552804884215,352.1809355185953,250,14.668639796802491,45.5374227584887,0.0128440316626515,14.673139667963873,13.775637803362315,0.8975018646015585,0.01639650087592832
641,414.1092073875808,977.4512390108736,276.5820448456017,-15.05052250907675,20031.46110924261,181.33205459109172,110.4683954219459,45.24056845117473,0.0098281503578743,6.2786552804884215,352.1809355185953,250,14.671081140757284,45.42539027252248,0.0115186203236721,14.675497085451056,13.66360531739609,1.0118917680549657,0.015141702467618914
1181,2707.633406823652,1853.0555639243703,276.4418633867466,-14.723452278849804,19804.7786367909,183.3234439593964,108.03189275222968,45.25292504032004,0.0100498100360978,6.2786552804884215,352.1809355185953,250,14.683877637082515,45.17854441230186,0.0106449523379419,14.687853674596361,13.416759457175473,1.2710942174208881,0.014639456685229365
137,670.1414790890498,217.28172351836648,276.6944035839429,-15.010510403580268,19792.929039103765,180.08680854499707,109.90771172536073,45.2535748525622,0.0098782877284622,6.2786552804884215,352.1809355185953,250,14.684550583303452,45.50928186805706,0.0124536923969372,14.688503486838528,13.747496912930671,0.9410065739078561,0.01589575486612128
600,1828.432501027327,906.9165359049176,276.58662330753083,-14.846387603120586,19786.878317801107,181.49232794233487,109.02322176443698,45.25390681411902,0.0099584288780773,6.2786552804884215,352.1809355185953,250,14.684894363030365,45.3676063414659,0.0111063249963494,14.688835448395345,13.605821386339514,1.083014062055831,0.014917129772320794
1194,440.62733142280587,1886.399259908829,276.4462672479103,-15.05030774077442,19463.888394136564,181.46133432629827,107.26190494740432,45.27177600746269,0.0101219533676226,6.2786552804884215,352.1809355185953,250,14.703399717887454,45.33447106932618,0.0109216631510341,14.706704641739016,13.57268611419979,1.1340185275392258,0.014890824891891738
1054,1591.63549166094,1607.9666175878422,276.48305213448185,-14.883358595577494,19436.915619584062,173.72812961921113,111.88122304768484,45.27328164845444,0.0097040412182235,6.2786552804884215,352.1809355185953,250,14.704958961234585,45.220275793319544,0.010080704114249,14.708210282730768,13.458490838193157,1.249719444537611,0.013992462664020846
1101,1721.8183357532355,1700.8801396042843,276.4686517772774,-14.864964672348831,19210.01760437162,174.35048587554306,110.18046498639724,45.28603061453914,0.0098538338909174,6.2786552804884215,352.1809355185953,250,14.718161803518566,45.432769921507855,0.0114764973649035,14.720959248815468,13.670984966381468,1.0499742824340004,0.015126401889293744
756,844.2215650129053,1143.5655175513689,276.55545468711205,-14.989214786584949,19067.01400871211,180.86611607935689,105.42059741221104,45.29414330755967,0.0102987464181666,6.2786552804884215,352.1809355185953,250,14.726563316687304,45.43721130218413,0.0117445509376526,14.729071941835997,13.675426347057744,1.0536455947782528,0.015620456283758678
829,283.1617116759364,1242.793736732751,276.54298770058483,-15.070453692340696,18850.672860629973,179.86177699710126,104.80644178742756,45.30653288009435,0.010359096077339,6.2786552804884215,352.1809355185953,250,14.739393970644226,45.647107040383034,0.0136100887670463,14.741461514370677,13.885322085256647,0.8561394291140303,0.017103958249084335
443,451.5080809507011,684.8872387114462,276.6255510294433,-15.043946191060188,18746.952783273475,177.2122069293237,105.78815708079404,45.31252330778189,0.0102629635486589,6.2786552804884215,352.1809355185953,250,14.745597663668956,45.48376384065381,0.0118881854736574,14.747451942058213,13.72197888552742,1.0254730565307923,0.01570532949852311
312,823.3070970073035,468.6766875429852,276.6562435688414,-14.989476518412324,18382.424341324484,176.3136961135116,104.2597639691575,45.333843053751856,0.0104134131775051,6.2786552804884215,352.1809355185953,250,14.767676414346134,45.485488197814746,0.0119996892321792,14.768771688028181,13.723703242688359,1.0450684453398225,0.015888099813203414
1165,613.1028977143371,1818.978337133796,276.45561964006794,-15.025197931993276,18123.82883507904,174.7192851725613,103.731129721479,45.349225141765075,0.0104664819800491,6.2786552804884215,352.1809355185953,250,14.783606120385642,43.8580744823567,0.0050281674583623,14.7841537760414,12.096289527230311,2.6878642488110884,0.011611619741794256
944,1964.6001309108567,1396.9235275238525,276.5129746033024,-14.828749758140123,18054.944858922303,169.02966915655242,106.81524106989832,45.353359605683025,0.0101642798267855,6.2786552804884215,352.1809355185953,250,14.7878877754371,45.427251206543204,0.0112497752627344,14.78828823995935,13.665466251416817,1.1228219885425332,0.015161465227979435
837,1754.0921067462536,1253.9029913923227,276.53518578264857,-14.858518918031235,17916.610228322097,179.02181808558183,100.08059587327516,45.36171040713576,0.010848256752735,6.2786552804884215,352.1809355185953,250,14.796535873941142,45.58580131660172,0.012977064871383,14.796639041412085,13.82401636147533,0.9726226799367552,0.016914162327746035
80,784.2745846588042,129.71677178925705,276.7069826572021,-14.99369442278949,17909.27128159409,196.44306658613937,91.16774438939518,45.36215523416823,0.0119088171729111,6.2786552804884215,352.1809355185953,250,14.796996537269788,45.29078889270742,0.0113838297065989,14.797083868444552,13.529003937581031,1.2680799308635216,0.0164745714738401
731,574.4045688689508,1104.061918955519,276.5624781442303,-15.027935971257294,17890.760326414136,180.1079002771931,99.33356781617884,45.36327802736767,0.0109298399712082,6.2786552804884215,352.1809355185953,250,14.798159303052618,44.53154484496572,0.0070944737436371,14.798206661643995,12.769759889839335,2.02844677180466,0.01303046275062312
275,1331.323581523386,404.3232239454024,276.66368860570384,-14.91598004685767,17691.000176674133,180.2267687282045,98.15967018391972,45.37546905459353,0.0110605506107115,6.2786552804884215,352.1809355185953,250,14.810784343285174,45.38620369648807,0.0115046579392835,14.810397688869855,13.62441874136168,1.1859789475081755,0.015959101920597834
834,978.4057878056936,1251.5375020119814,276.5387829402202,-14.970312021400176,17685.8833050651,169.8562264837221,104.12266698247883,45.3757831338596,0.0104271243857276,6.2786552804884215,352.1809355185953,250,14.811109604093538,45.49042756552001,0.0119284362262343,14.810711768135924,13.72864261039362,1.0820691577423034,0.015843374443557594
615,1561.6439216959004,934.6914320110624,276.58360511182326,-14.884963496303168,17662.181344584125,176.77658794565252,99.9124462681343,45.37723917286653,0.0108665140385644,6.2786552804884215,352.1809355185953,250,14.812617479574588,45.42663114239302,0.0118831527534896,14.812167807142856,13.664846187266633,1.147321619876223,0.01610249815131443
12,232.0816805585506,35.04092069607653,276.723463451142,-15.07288489172312,17619.320172278298,227.0245062534974,77.60977201555687,45.37987715296619,0.0139892177467338,6.2786552804884215,352.1809355185953,250,14.815349374457092,45.78984410588083,0.0180612426759019,14.814805787242513,14.028059150754444,0.7867466364880684,0.022845277414891507
729,1191.55735207087,1099.4836257261345,276.5605774803714,-14.938979576734743,17394.869703748205,169.96385350572288,102.34452411472596,45.393797071646425,0.0106082861725259,6.2786552804884215,352.1809355185953,250,14.829764856443632,45.33299899208554,0.0110678739604794,14.82872570592275,13.571214036959155,1.2575116689635948,0.015330804594777868
197,824.4333708340082,309.5908633693754,276.6799746857597,-14.98865535292283,17221.8937083731,173.51091744133709,99.25538958778031,45.40464776046581,0.0109384488289154,6.2786552804884215,352.1809355185953,250,14.841001840855,45.61425935288208,0.0135358780899328,14.839576394742132,13.852474397755692,0.9871019969864392,0.017403150819559184
103,1286.962669183294,158.00760738721348,276.7006181034144,-14.92134670944837,17120.1330980497,194.20088687721235,88.15682241901537,45.41108217989212,0.0123155527865965,6.2786552804884215,352.1809355185953,250,14.847665332177368,45.50794132878591,0.0145732680702026,14.846010814168444,13.746156373659524,1.0998544405089206,0.01908017250145898
715,348.42613922689765,1081.436141005366,276.56679969797403,-15.06040490907308,16945.918003167113,170.3525604006154,99.47556974380466,45.42218727008169,0.0109142375640187,6.2786552804884215,352.1809355185953,250,14.859165774907243,45.597956095879425,0.0127783670441101,14.857115904358018,13.836171140753038,1.0209447636049802,0.016804976819913674
1250,1084.428706943839,1982.5243947901308,276.42926991413066,-14.957931182910638,16837.820355875592,174.25333072772793,96.6283989267603,45.42913534247083,0.0112358272729211,6.2786552804884215,352.1809355185953,250,14.866361205761956,45.607832059265675,0.0131580655162115,14.864063976747154,13.846047104139288,1.0180168726078662,0.0173025576905795
1237,1152.576003214367,1959.8650932130752,276.4323701557615,-14.948023204750816,16773.41177243233,170.7525353013345,98.23228535278584,45.433296500042985,0.0110523744418739,6.2786552804884215,352.1809355185953,250,14.870670504788947,45.11971851778477,0.0095878718239949,14.86822513431931,13.357933562658381,1.5102915716609289,0.014631550393473096
624,682.9678701447356,945.6408668570856,276.5856649751244,-15.011652760682136,16609.86392775731,173.63979267549138,95.65701312946643,45.44393483514315,0.0113499257867331,6.2786552804884215,352.1809355185953,250,14.88168757547205,44.94866764528855,0.0090031416995968,14.878863469419478,13.186882690162165,1.6919807792573138,0.014487145192458303
463,1664.214156485706,709.1164827462794,276.6168165587953,-14.869249947315344,16456.20348575557,171.66850146665573,95.8603549583146,45.45402589943559,0.0113258499874335,6.2786552804884215,352.1809355185953,250,14.89213789194834,45.593671232414096,0.0128136932281561,14.888954533711917,13.831886277287708,1.057068256424209,0.017101626006995385
535,2764.5858676313424,807.047836695812,276.5975543640016,-14.71097654111619,16452.59500837457,174.00045864987476,94.55489448726468,45.45426400320915,0.0114822189362839,6.2786552804884215,352.1809355185953,250,14.892384472459147,44.54732464029757,0.0072073388707562,14.889192637485472,12.78553968517118,2.1036529523142917,0.013556809554562232
60,519.695528810171,107.91544928576832,276.7113630301576,-15.03173833827937,16398.3130360496,171.19622704109932,95.7866497379807,45.45785209010024,0.0113345649207888,6.2786552804884215,352.1809355185953,250,14.89610029890418,44.717123680752024,0.007930727704692,14.892780724376564,12.955338725625637,1.937441998750927,0.013833611382048625
658,472.88022129871774,1007.3925384891309,276.5773300636995,-15.042175171432207,16021.415866338968,165.58638554960734,96.75563491020932,45.48309778791398,0.011221051890234,6.2786552804884215,352.1809355185953,250,14.92224476931608,45.600044872689956,0.0126620417889813,14.918026422190302,13.838259917563569,1.0797665046267326,0.01691860832897413
242,2488.6619201307662,368.1532782705576,276.66415163605814,-14.748939168427988,15961.898378411075,165.2608865412884,96.58606287594368,45.4871386678276,0.0112407522128165,6.2786552804884215,352.1809355185953,250,14.926429508677188,45.52761106080435,0.0118451836333505,14.922067302103926,13.76582610567796,1.1562411964259667,0.01632981584763691
649,2996.6884228570407,995.0234821696204,276.5685535908107,-14.678277587726368,15893.113901112609,169.86556053069037,93.56289674881523,45.491827532031635,0.0116039588098125,6.2786552804884215,352.1809355185953,250,14.931285301230528,45.52289031438657,0.0122110888052279,14.92675616630796,13.761105359260185,1.1656508070477756,0.016845253036656568
733,761.7497921726526,1109.1786803804305,276.5609309363714,-15.000960783792989,15872.568232484193,167.28027923183205,94.88606968718985,45.49323201497632,0.011442143231132,6.2786552804884215,352.1809355185953,250,14.932739785200916,45.715870242399376,0.0134098686112837,14.928160649252646,13.954085287272989,0.9740753619796578,0.017628023652515094
648,1328.9196506050027,993.1494533539048,276.575864165289,-14.918749185885732,15737.416288958746,166.44592726471174,94.54972282938664,45.50251643916273,0.011482846987919,6.2786552804884215,352.1809355185953,250,14.942354744360454,45.332799327517506,0.0112380709811589,14.937445073439058,13.571014372391119,1.366430701047939,0.016067047467581783
659,963.1971381031666,1007.571017821202,276.57524826621284,-14.971519488440045,15709.281965268252,168.10813402662112,93.4474828135358,45.504459184422046,0.0116182904805086,6.2786552804884215,352.1809355185953,250,14.944366653333017,44.80989577619543,0.0082381205737904,14.939387818698371,13.048110821069045,1.8912769976293262,0.014242587695983671
947,2234.7390228816216,1401.2877216142967,276.51119389755405,-14.789820797620614,15642.770943241863,167.65289804619374,93.30450666550232,45.50906580671701,0.0116360938908583,6.2786552804884215,352.1809355185953,250,14.94913727608142,45.82131676758176,0.0147476316058552,14.943994440993336,14.059531812455376,0.8844626285379604,0.018785401752927432
1142,781.3738262909598,1784.481183292853,276.46007353729703,-15.000819805760944,15541.236378964417,170.70175185919,91.04321548957628,45.516136106624245,0.0119251060516893,6.2786552804884215,352.1809355185953,250,14.956459285878566,45.33213938397162,0.010802873260491,14.95106474090057,13.570354428845235,1.380710312055335,0.016090687524971337
1159,1932.0179237340817,1808.065258350005,276.45179243044913,-14.83509213816725,15535.811788299645,169.75339665515986,91.51988763947608,45.51651514355909,0.0118629953336141,6.2786552804884215,352.1809355185953,250,14.956851816914984,45.11589300016216,0.0095698901933172,14.951443777835415,13.354108045035773,1.5973357327996425,0.015241832455367648
407,2452.249405019489,612.5233934299152,276.6278777325924,-14.75521505142144,15522.067819724558,166.54837732122948,93.19855329353604,45.51747608007126,0.011649322458692,6.2786552804884215,352.1809355185953,250,14.957846963747354,45.38573535980761,0.0112078568088639,14.952404714347587,13.623950404681224,1.3284543096663626,0.01616548075358672
1128,2819.724657992881,1756.3664854811975,276.45581136285824,-14.70690200960804,15476.122453194024,159.05332686267704,97.30146962946428,45.52069462824936,0.0111581048481022,6.2786552804884215,352.1809355185953,250,14.9611800955242,45.785541653438585,0.0139572359854344,14.955623262525684,14.023756698312198,0.931866564213486,0.01786918409313494
701,2564.1552679074457,1055.0130776798126,276.5614382216603,-14.74090820102411,15389.589843839727,162.93844432335712,94.45033004794462,45.52678240825,0.0114949307159528,6.2786552804884215,352.1809355185953,250,14.967484606703692,45.17543528777949,0.0100647999442042,14.961711042526325,13.413650332653106,1.5480607098732193,0.01527853494551778
1059,392.2196001665905,1623.2297047678242,276.48574921426143,-15.056250221371275,15072.466435095295,164.4980008395045,91.62704931472707,45.54938920816198,0.0118491210632655,6.2786552804884215,352.1809355185953,250,14.9908962317563,45.71372922134474,0.0136955193442648,14.984317842438308,13.951944266218355,1.0323735762199533,0.01810991220522765
383,1717.7219753418829,571.162614665416,276.6371641613224,-14.860964523649796,15017.91961911248,161.74672016423943,92.84837184867251,45.5533255829052,0.0116932583564255,6.2786552804884215,352.1809355185953,250,14.994972745456316,45.44188693632207,0.0115042065078904,14.988254217181527,13.680101981195683,1.308152235985844,0.016403629426633076
630,1389.4034305414289,963.7638139042602,276.57999343238924,-14.909911099197512,14857.64634689549,161.7064566114422,91.88035319205784,45.56497497986749,0.0118164543591877,6.2786552804884215,352.1809355185953,250,15.007036872835336,45.27101326020001,0.0105283871540491,14.999903614143818,13.50922830507362,1.4906753090701983,0.015826418725925082
1234,2886.22836991904,1951.3876076114736,276.42646223859555,-14.698092535837684,14836.803274797334,167.72531293203664,88.45893929444806,45.56649917593782,0.0122734910531325,6.2786552804884215,352.1809355185953,250,15.008615331840764,45.11965025412864,0.0097785057786555,15.001427810214146,13.357865299002256,1.64356251121189,0.015692602011601598
587,2045.574781960959,881.5478168837112,276.5894900415533,-14.814975177627316,14707.535446846625,159.8341326379161,92.01748840571292,45.5760002622795,0.0117988440981246,6.2786552804884215,352.1809355185953,250,15.018454666549346,45.748438467151416,0.0134284060326774,15.010928896555825,13.986653512025029,1.024275384530796,0.017875536652931474
466,799.4213844071592,711.5121201130227,276.62011160218424,-14.993917197910518,14673.897957635929,170.0257215968539,86.30398871312566,45.578486285022265,0.0125799515895941,6.2786552804884215,352.1809355185953,250,15.021029194238032,45.76753276886101,0.0151705103158053,15.01341491929859,14.005747813734622,1.0076671055639679,0.01970785541956522
736,440.8911027831616,1111.980154215829,276.561854493086,-15.047205268677889,14598.1839255527,162.4683292405737,89.85248998244178,45.58410294389171,0.0120831375982141,6.2786552804884215,352.1809355185953,250,15.026845811893413,45.60062603378064,0.0130249340227046,15.019031578168033,13.838841078654255,1.1801904995137775,0.01776657312238866
186,706.0689036329313,294.6134555020322,276.68271224338963,-15.005653548462265,14510.942258412715,163.90604316896986,88.53207592506803,45.59061098673621,0.0122633518829821,6.2786552804884215,352.1809355185953,250,15.033585547702774,43.991970883315346,0.0053583876749787,15.025539621012534,12.230185928188959,2.795353692823575,0.01338290394052069
663,2929.0462478307063,1008.041450200668,276.5668993160615,-14.688088063739766,14486.1571892816,157.06523007568936,92.23019749374674,45.59246703813163,0.0117716326051845,6.2786552804884215,352.1809355185953,250,15.035507676421432,45.649057461370504,0.0126560646931893,15.027395672407955,13.887272506244116,1.1401231661638391,0.017284308135115955
201,2836.8164517716,310.6558295962432,276.6712331694053,-14.698475900124654,14339.010989625938,163.89989621570098,87.48639456583327,45.60355202768824,0.0124099296283493,6.2786552804884215,352.1809355185953,250,15.046987302915312,45.5769559353202,0.0127047800025008,15.038480661964563,13.815170980193813,1.2233096817707505,0.01776000530102753
879,896.8376982572895,1315.4054675494651,276.529593349201,-14.982322595519726,13915.597603578906,165.23829067859674,84.2153325747359,45.636095367199744,0.0128919517005589,6.2786552804884215,352.1809355185953,250,15.080689218514568,45.7492799242703,0.0141610703670504,15.071024001476069,13.98749496914391,1.0835290323321587,0.019150413379091753
1169,2922.7382819922304,1827.1459946155228,276.44483124419975,-14.692331106357685,13631.787139612774,163.25545395683676,83.4997349810861,45.658468031764485,0.0130024364777436,6.2786552804884215,352.1809355185953,250,15.103858372762698,45.92657380444892,0.0156109233317679,15.09339666604081,14.164788849322534,0.9286078167182765,0.020316601133754948
973,1703.5206709164545,1455.379041152604,276.50534654430703,-14.866621009207677,13552.87126629334,167.50083883841762,80.9122590685491,45.664771738818615,0.0134182386266114,6.2786552804884215,352.1809355185953,250,15.110386498219093,45.63973116464726,0.0131181723225811,15.09970037309494,13.877946209520871,1.2217541635740687,0.01876527572207824
399,989.0401181312292,602.4279347304907,276.6355866376518,-14.966140129655312,13441.591084145097,176.39657998784674,76.2009733129247,45.67372332344101,0.0142478495063507,6.2786552804884215,352.1809355185953,250,15.119656768386566,45.801679280234524,0.017657553384461,15.108651957717335,14.039894325108136,1.0687576326091985,0.022688993082124822
532,1671.8082304400582,801.6203899042786,276.60298810740545,-14.868536124935243,13410.723825951049,159.9709096266512,83.83226586164774,45.67621947430448,0.0129508607317352,6.2786552804884215,352.1809355185953,250,15.122241784767382,45.97827402520665,0.0157992058044641,15.111148108580807,14.216489070080264,0.8946590385005422,0.020428893698499997
451,507.1422843099904,692.2094929293401,276.6242238927625,-15.0359591239974,13279.183022818876,158.5753070536913,83.74054743796107,45.68692162995775,0.012965045407714,6.2786552804884215,352.1809355185953,250,15.13332494808039,45.807320950616315,0.0146017909099055,15.121850264234077,14.045535995489928,1.0763142687441487,0.019527024868133003
1053,2524.124391225751,1606.6556602159385,276.47936342843394,-14.748924341101048,13253.055644565027,161.93695850728088,81.84083341277004,45.68905996815308,0.0132659939387981,6.2786552804884215,352.1809355185953,250,15.135539413297035,45.75653894195194,0.0137636484163319,15.123988602429407,13.99475398682555,1.1292346156038562,0.01911608257234268
1188,1363.7088005526475,1870.9808854359544,276.4447603182125,-14.917249826062724,13126.447124850034,155.62557345372963,84.34633738877608,45.69948203792464,0.0128719282142116,6.2786552804884215,352.1809355185953,250,15.146332519385195,45.72340675866953,0.0132616723136172,15.134410672200964,13.961621803543146,1.1727888686578183,0.01848130105013112
316,1563.3047814714232,471.4083821986965,276.65269702715864,-14.882814020561208,13065.756389545915,160.7387852161976,81.28564846357494,45.70451363036075,0.0133566013253436,6.2786552804884215,352.1809355185953,250,15.151543241645324,44.31608047093425,0.0064363598363443,15.139442264637076,12.554295515807866,2.58514674882921,0.01482651432087382
370,2351.1312692804013,547.5296421727074,276.63799708303367,-14.769527302445368,13023.436757499032,159.2655407228708,81.77184278776535,45.70803600813048,0.0132771864126613,6.2786552804884215,352.1809355185953,250,15.15519101965723,45.792078401540124,0.0138107866632711,15.142964642406803,14.030293446413737,1.112671195993066,0.019157805388273073
593,1509.4571456203853,893.3707155007648,276.589988234164,-14.892317629121392,13000.976676751365,155.72752852620792,83.48541070285711,45.70991007372244,0.0130046674126602,6.2786552804884215,352.1809355185953,250,15.157131803896206,45.66412648978483,0.0129700338526067,15.144838707998765,13.90234153465844,1.2424971733403254,0.018366903730669192
817,1375.2641922381845,1229.669185571308,276.5403865454401,-14.913027670920703,12984.00752945844,155.9521255523252,83.25636783387111,45.71132812501333,0.0130404439714016,6.2786552804884215,352.1809355185953,250,15.158600339259776,45.82434496965006,0.0141723456676871,15.146256759289656,14.062560014523676,1.0836967447659802,0.01925898649191264
987,2567.939436389294,1473.4457212105033,276.49904081126425,-14.742068898775823,12957.464403481776,156.5817461898901,82.75207499453975,45.713549960612475,0.013119912703961,6.2786552804884215,352.1809355185953,250,15.160901274472996,45.65282076012562,0.0129166322445224,15.1484785948888,13.891035804999234,1.2574427898895664,0.01841117861245697
1032,2922.595011647285,1554.6753144607446,276.4854476427651,-14.691254176852336,12930.078453302762,155.84314151830236,82.96854341699883,45.71584712175036,0.0130856822994142,6.2786552804884215,352.1809355185953,250,15.163280216890982,45.58031523479712,0.0124353713593871,15.150775756026682,13.818530279670732,1.3322454763559506,0.01805196781758341
1089,761.0243365168348,1672.102590592785,276.47692870955666,-15.0033094443607,12888.66263376712,164.94797391059217,78.13774445482576,45.719330381692146,0.0138946933722623,6.2786552804884215,352.1809355185953,250,15.16688748444037,45.60601887319318,0.0128292132952582,15.15425901596847,13.844233918066791,1.3100250979016792,0.01891166882335929
1157,1052.137740668764,1806.5535156055123,276.4556609682103,-14.961893758251051,12834.322085498134,160.8028984487111,79.81399719353757,45.72391768670776,0.0136028771666119,6.2786552804884215,352.1809355185953,250,15.171638102194557,45.95579281373916,0.0154104413196526,15.158846320984082,14.194007858612771,0.9648384623713113,0.020555290532521975
1004,540.41049115958,1504.0143307618482,276.5029290353923,-15.03443032690394,12776.456533026649,166.55400838591368,76.71059169841762,45.72882396723695,0.0141531954839868,6.2786552804884215,352.1809355185953,250,15.176719051316043,45.85226850295906,0.0150104152519124,15.163752601513274,14.090483547832676,1.0732690536805976,0.020630693358265707
1144,2439.1511927720207,1788.526256776313,276.45260043179513,-14.761905248417234,12731.528355768358,159.15708626872473,79.99347471260019,45.732648667566636,0.01357235704413,6.2786552804884215,352.1809355185953,250,15.18067991487948,45.88274751605712,0.0150815453232594,15.167577301842961,14.120962560930735,1.0466147409122257,0.020289452557200077
1103,1374.6912192469415,1707.3113777127292,276.4691327972322,-14.915020537000524,12716.654480497731,157.9140971022536,80.52893765566324,45.73391784319534,0.0134821100539334,6.2786552804884215,352.1809355185953,250,15.181994274455397,45.93869151836837,0.0151981631236349,15.168846477471668,14.176906563241985,0.9919399142296825,0.020316285434079425
1213,2257.4911017354816,1919.3987566782696,276.4338394864822,-14.78861592715343,12666.33870977332,156.11647172353858,81.13390323222085,45.73822227845952,0.0133815822578203,6.2786552804884215,352.1809355185953,250,15.186451952006422,45.81880651508458,0.0143762384118897,15.173150912735842,14.057021559958194,1.116129352777648,0.019640340490895362
481,1528.9169549878357,726.3228410200477,276.6148223994797,-14.888826563789154,12573.636197587795,156.2877972117315,80.45181019829471,45.74619779560718,0.0134950350691178,6.2786552804884215,352.1809355185953,250,15.194711405701266,45.6882368924706,0.0134718935643983,15.181126429883506,13.926451937344211,1.2546744925392943,0.019068505125656693
172,2827.2706285210093,272.80713498088136,276.6769150071548,-14.699692699825611,12514.656592386978,155.93795560703902,80.25407633227987,45.751302679483814,0.0135282847877386,6.2786552804884215,352.1809355185953,250,15.199998028651972,44.579901432948816,0.0074510768225035,15.186231313760139,12.818116477822429,2.3681148359377104,0.01544451472572086
81,1158.0603405972895,130.30149241763837,276.7053010624222,-14.93981420722033,12359.449555530737,154.77232178832404,79.85568357909798,45.76485219842246,0.0135957761719565,6.2786552804884215,352.1809355185953,250,15.214029924288235,45.72954159201719,0.0136137161501627,15.199780832698785,13.967756636890805,1.2320241958079805,0.019240020715559036
876,2152.8804003719165,1311.81254031128,276.5248788187161,-14.801260851242883,12332.831581692968,161.22646782900765,76.49383967632926,45.76719301974447,0.0141932998081146,6.2786552804884215,352.1809355185953,250,15.216454081237444,46.026329642689035,0.0161477792433539,15.202121654020793,14.264544687562648,0.9375769664581455,0.021498849595620623
1185,2179.734363251549,1867.994355599148,276.4418274981424,-14.79962127128232,12254.061741424955,153.5248540423195,79.81809732284191,45.77414986125354,0.0136021784083457,6.2786552804884215,352.1809355185953,250,15.2236585934017,46.01308357139555,0.0160389000595795,15.209078495529866,14.25129861626916,0.9577798792607055,0.021030111092755675
635,2098.839121223248,969.3334875258768,276.5761750859148,-14.807655754319496,12248.348620418665,152.87491272885362,80.12006942004231,45.77465617408885,0.0135509118733789,6.2786552804884215,352.1809355185953,250,15.224182931490493,45.81981824850339,0.0140699181466994,15.209584808365172,14.058033293377001,1.1515515149881708,0.019534323875038583
1031,406.3395674179716,1554.35871528414,276.4959706784043,-15.053944620579085,12159.06098028412,158.13098015665625,76.89233930149838,45.78259993031442,0.0141197420947608,6.2786552804884215,352.1809355185953,250,15.232409493542018,45.539960872906846,0.0120704873876995,15.217528564590744,13.778175917780459,1.4393526468102849,0.018575892511509987
1220,1039.6108785462388,1924.7811095468708,276.43807100821823,-14.964162886807795,12033.98137448277,159.69219057294015,75.35735674554601,45.79382668423092,0.014407352472115,6.2786552804884215,352.1809355185953,250,15.244035931351636,45.6555690130455,0.0132771700861198,15.228755318507247,13.893784057919113,1.3349712605881336,0.01959221913800253
970,326.5231935890932,1446.5084863560876,276.5123998099998,-15.0650166727801,12031.364839804211,155.29541203422255,77.47405208051384,45.79406278026856,0.0140137242191966,6.2786552804884215,352.1809355185953,250,15.244280432649074,45.88997647338668,0.0151484941086786,15.228991414544886,14.128191518260294,1.1007998962845917,0.02063640812380797
784,2597.676498990655,1175.6959427280208,276.54330569024705,-14.73656894911907,12001.746728986822,151.43072353160136,79.25569163963107,45.79673887748709,0.013698700718386,6.2786552804884215,352.1809355185953,250,15.247051801658785,46.1501440554724,0.0172911214187574,15.231667511763412,14.388359100346015,0.8433084114173965,0.022059856783082706
721,2588.1469968960378,1093.6676389052238,276.55557449827654,-14.737607017960707,11996.645465630718,153.90688808099,77.94742402508818,45.797200460609346,0.0139286193684932,6.2786552804884215,352.1809355185953,250,15.247529817611102,46.07886328858075,0.0167020155150299,15.232129094885671,14.317078333454361,0.9150507614313099,0.02174772999134998
178,2662.2691909137816,281.1786384531571,276.6763738484116,-14.72353045925251,11796.832930110162,189.6921204854041,62.18936716993404,45.81543644951462,0.0174579682895517,6.2786552804884215,352.1809355185953,250,15.266415026326,45.804684289753794,0.016942425329253,15.250365083790946,14.042899334627407,1.2074657491635392,0.024327483076477648
176,544.2692679256472,278.7046121457768,276.6857733112511,-15.028907107352088,11794.85713297024,159.77809132532133,73.82024052944118,45.815618309693974,0.0147073484482483,6.2786552804884215,352.1809355185953,250,15.266603360913276,46.08052954328123,0.0194744711368009,15.2505469439703,14.318744588154843,0.9318023558154565,0.024404121054368726
135,1382.372719217551,212.7012435493697,276.69205310673783,-14.90782033788229,11619.743829592337,163.4769646650443,71.07878381153319,45.83185863756428,0.0152746001236987,6.2786552804884215,352.1809355185953,250,15.283421861024364,46.081291210749114,0.0188013191954244,15.266787271840606,14.319506255622727,0.9472810162178789,0.02422401726442438
34,2772.9169725737725,61.1959971438047,276.7086866293972,-14.706634097611934,11599.569332195562,160.34947007164246,72.3393056865919,45.83374535898416,0.0150084382161997,6.2786552804884215,352.1809355185953,250,15.285375751651642,45.82326153030333,0.0144158901052103,15.268673993260485,14.06147657517694,1.2071974180835454,0.020810360525829047
207,2664.065822427798,328.4199129170066,276.6693246868856,-14.723470945047312,11501.702325256369,156.14870958249898,73.65864473685967,45.84294471302406,0.0147396141196812,6.2786552804884215,352.1809355185953,250,15.29490261208067,45.69348910926969,0.0136580357477595,15.277873347300385,13.931704154143304,1.3461691931570812,0.020094729778829618
221,412.4916787394488,346.349898853666,276.6762379058137,-15.04817837902784,11494.59780835602,159.6649158762799,71.99200741923087,45.84361557150274,0.0150808407616368,6.2786552804884215,352.1809355185953,250,15.295597353805608,46.0445205483486,0.0174916473211595,15.278544205779063,14.282735593222213,0.9958086125568499,0.023095226435037877
305,666.57901124351,443.97353851164144,276.660593391944,-15.011963297630874,11470.629254252415,163.28093987885353,70.25087718605161,45.845881914121,0.0154546112943849,6.2786552804884215,352.1809355185953,250,15.297944380533233,46.115932871094685,0.0202613521147328,15.280810548397326,14.354147915968298,0.9266626324290286,0.025482688236874003
858,1349.1325859642895,1288.0806002636773,276.53178204366475,-14.917029544925647,11434.318940866971,151.83568438835317,75.30719136893528,45.84932426679845,0.0144169498326006,6.2786552804884215,352.1809355185953,250,15.30150928447793,45.85959941588543,0.014351104006077,15.284252901074773,14.09781446075904,1.186438440315733,0.020342139235315488
671,2794.784551097004,1018.240733684249,276.5659464093314,-14.707495136914458,11327.35386512798,150.14906561350375,75.44072165114592,45.859528851609625,0.0143914317922422,6.2786552804884215,352.1809355185953,250,15.312077162919234,44.040355853821744,0.0054776588637353,15.29445748588595,12.278570898695357,3.015886587190593,0.015398638110502417
1215,1658.143116544748,1920.9127242367017,276.4360943341417,-14.87501364216455,11317.151501709654,154.39709644671646,73.29899176967542,45.86050719720891,0.014811936341656,6.2786552804884215,352.1809355185953,250,15.31309033861998,45.89447101178607,0.0146843276076836,15.295435831485236,14.13268605665968,1.1627497748255564,0.02085720344339213
117,2609.035020304424,178.98934747433148,276.6918336170448,-14.730776617508283,11308.547826052672,160.13550788070464,70.61861529472368,45.861332923960575,0.0153741332291617,6.2786552804884215,352.1809355185953,250,15.31394546208642,46.10882635329068,0.018467833499337,15.2962615582369,14.347041398164293,0.9492201600726062,0.024029665971612
1124,381.269312670038,1741.4340936054066,276.46815051144256,-15.058291862455103,11169.245080419758,155.86523352551012,71.65963074499042,45.87479047037888,0.0151507897642341,6.2786552804884215,352.1809355185953,250,15.327882110886785,45.95411030804541,0.0154212516230085,15.309719104655208,14.19232535291902,1.1173937517361878,0.021618543709051335
1078,1052.2197855998563,1652.8111809223626,276.4786012158692,-14.961275155347147,11157.915237384295,153.3722608532663,72.75054286419662,45.875892376905156,0.0149235999795448,6.2786552804884215,352.1809355185953,250,15.329023246409571,45.96692283067958,0.0156968142196545,15.310821011181481,14.205137875553191,1.10568313562829,0.02165880451446518
404,809.0068063451595,606.5293911944078,276.6357356094013,-14.992105338481151,11121.384171588114,157.4437561054422,70.63718782305965,45.87945291402537,0.0153700909317,6.2786552804884215,352.1809355185953,250,15.33271054228378,45.89066019459388,0.0151705072700039,15.314381548301697,14.12887523946749,1.1855063088342064,0.021595925219308566
495,1123.0038539015177,748.621089799732,276.613210261518,-14.947431314651674,10957.552424319118,182.4265783907813,60.06554812888407,45.89556612885494,0.0180752533493973,6.2786552804884215,352.1809355185953,250,15.34939740400019,46.03352302309612,0.023275351435156,15.330494763131263,14.271738067969736,1.0587566951615273,0.02946959056510485
251,2993.7072566439115,373.5509318370962,276.6611881730576,-14.676108487494645,10903.983947333703,170.35196059299727,64.00856150628853,45.90088701301541,0.0169617934609159,6.2786552804884215,352.1809355185953,250,15.354907717065206,46.1343376108685,0.0193029396476761,15.335815647291732,14.372552655742112,0.9632629915496196,0.02569641835845212
211,501.3928691150605,333.56633937731976,276.67776861406924,-15.035313659344997,10822.11171234469,149.8052881387369,72.24118618778111,45.90906999000886,0.0150288229927159,6.2786552804884215,352.1809355185953,250,15.363382016388003,45.97062348668837,0.0157692238961522,15.343998624285184,14.20883853156198,1.1351600927232042,0.02178380000902881
557,1181.2150750448322,838.7591478265823,276.5995175864668,-14.939409729883083,10817.954045494494,162.67224108038943,66.50153691648272,45.9094871910962,0.0163259384721213,6.2786552804884215,352.1809355185953,250,15.363814070259686,46.09458499302161,0.0204369920213747,15.344415825372522,14.332800037895225,1.0116157874772966,0.026157349060583788
195,2589.081984136967,307.60994909302207,276.6727472657949,-14.734199238301402,10779.459718812052,148.8281697203453,72.42889393229208,45.91335753676544,0.0149898740827788,6.2786552804884215,352.1809355185953,250,15.367822204183334,46.14850728534394,0.0175987690206917,15.348286171041764,14.386722330217552,0.961563840824212,0.023117374333198427
58,2854.290957952396,104.03792097862863,276.70195182885755,-14.695077266850884,10677.182358729682,256.2280034922556,41.67063011538626,45.92370837110582,0.026054321640774,6.2786552804884215,352.1809355185953,250,15.37854153878629,44.62935727837272,0.0073968453201679,15.358637005382143,12.867572323246335,2.491064682135807,0.02708396198585787
408,594.8252540063685,615.1062714869815,276.635360245526,-15.0230080024597,10622.491673308308,146.94595619980413,72.28842458832132,45.92928402335592,0.0150190020903485,6.2786552804884215,352.1809355185953,250,15.384315689944843,44.82659438616744,0.0082891616695104,15.364212657632244,13.064809431041056,2.2994032265911883,0.017154609438083196
769,733.1362764450206,1160.652219412181,276.5533694256382,-15.00529117694409,10550.14025488356,203.10409392186023,51.94449826768382,45.93670443858702,0.0209011548134529,6.2786552804884215,352.1809355185953,250,15.39200027952858,45.94777006083812,0.0208759149868456,15.371633072863347,14.18598510571173,1.185647967151617,0.02954085474514795
286,2126.9064169150624,419.0386310496736,276.65810869619816,-14.80132694352827,10515.836048713623,159.00176292131746,66.13660034648433,45.94024050556053,0.0164160237192735,6.2786552804884215,352.1809355185953,250,15.39566223409389,45.75148653656812,0.0138733029881921,15.375169139836856,13.989701581441736,1.3854675583951206,0.021493123797017736
77,1808.937520481898,127.01852120108478,276.7030089724771,-14.845953395770763,10406.233717152034,147.66489637780847,70.47195354085464,45.951616082586504,0.0154061288987907,6.2786552804884215,352.1809355185953,250,15.407442793267505,44.859392865049955,0.0084184503227049,15.38654471686283,13.097607909923568,2.2889368069392617,0.01755617023960534
961,2899.377857076431,1427.363422107317,276.50452217724467,-14.694085870568822,10301.353623168194,145.3328473975609,70.88111055161973,45.96261428213877,0.0153171979325765,6.2786552804884215,352.1809355185953,250,15.418832539944336,45.63087245995348,0.0127618071702458,15.397542916415098,13.869087504827093,1.5284554115880056,0.01993690735185031
274,1295.782151795038,403.2091012436837,276.66400581363865,-14.92109921909314,10266.74480764565,156.67211502789252,65.53013473915156,45.9662681035755,0.0165679500633063,6.2786552804884215,352.1809355185953,250,15.422616441151895,46.00394002833433,0.0169767446559849,15.401196737851826,14.24215507320794,1.1590416646438868,0.02372144237635484
774,893.2693267783967,1165.703163290361,276.5519462598087,-14.98223579960102,10108.47396531637,155.8612724875896,64.85558473880197,45.98313602945481,0.0167402700071632,6.2786552804884215,352.1809355185953,250,15.44008488240139,45.74959219268865,0.0141957461004794,15.418064663731137,13.987807237562265,1.4302574261688719,0.021948937269535486
1175,724.2291391557125,1840.181676314968,276.4519966798891,-15.00927129304969,10098.100411468911,149.0160094170535,67.76520489961047,45.98425080960148,0.0160214966015138,6.2786552804884215,352.1809355185953,250,15.441239349858588,46.09983093225655,0.0172119828165754,15.419179443877802,14.338045977130164,1.0811334667476373,0.023514691276527642
344,689.2851720389917,509.8963494956988,276.6506605637174,-15.008962590973018,10070.8371013914,151.5276077869106,66.46206093053195,45.987186093705844,0.016335635470811,6.2786552804884215,352.1809355185953,250,15.444279133071683,44.7805205116447,0.0082121883709018,15.42211472798217,13.018735556518315,2.403379171463854,0.01828368190694624
1085,1313.5485470372498,1665.6383781734714,276.4756035998727,-14.923666878891042,10057.037767335016,145.37019518468992,69.18225400026292,45.98867481907121,0.0156933308359087,6.2786552804884215,352.1809355185953,250,15.445820858578871,45.986402849245366,0.0157994152990875,15.423603453347532,14.224617894118978,1.1989855592285537,0.022268860691969018
919,422.01691510117695,1364.357135389689,276.52426513097936,-15.050933230637524,10045.644039850216,158.71044342166851,63.295419149958086,45.989905558718846,0.0171529000768252,6.2786552804884215,352.1809355185953,250,15.447095413813583,46.14103399131364,0.0176545457687294,15.42483419299517,14.379249036187254,1.0455851568079169,0.024615136955656192
441,2755.465103230127,682.5349397121499,276.61615252279177,-14.71177364439101,10022.733096508831,146.1829098982188,68.56296063258867,45.9923846083509,0.0158350804863574,6.2786552804884215,352.1809355185953,250,15.449662720141706,46.06464175313979,0.0168453390824102,15.427313242627228,14.302856798013401,1.124456444613827,0.023119585264679672
889,1191.779084402773,1326.408834635192,276.5267211357687,-14.93986231241446,9895.58074940255,147.01704832820573,67.30906967545239,46.00624680403559,0.0161300699182885,6.2786552804884215,352.1809355185953,250,15.464018424135162,45.901245176102634,0.0148852068811283,15.441175438311916,14.139460220976247,1.3017152173356692,0.021948770796171364
19,598.975829515572,38.34877321632427,276.72140542640625,-15.020020911319351,9851.138164901087,155.5246314819602,63.34133745267066,46.011133996151756,0.0171404653526813,6.2786552804884215,352.1809355185953,250,15.469079605276637,46.24923908193092,0.0196564751354809,15.44606263042808,14.48745412680453,0.9586085036235517,0.026080118237044998
897,410.5199067567325,1337.3876938654787,276.52833832326064,-15.05248231009261,9776.985538264242,155.99250217469077,62.675996614986815,46.01933758969554,0.0173224210006481,6.2786552804884215,352.1809355185953,250,15.47757525512,46.08785330782524,0.0187516482430508,15.454266223971864,14.326068352698854,1.1281978712730094,0.02552823106199888
917,2133.4182438610032,1361.6420546522097,276.5175298031138,-14.8042686771039,9758.033814487368,145.85315149048515,66.90314000602135,46.02144422483431,0.0162279378800798,6.2786552804884215,352.1809355185953,250,15.479756888618926,46.326964250374104,0.0199945874919549,15.456372859110637,14.565179295247717,0.8911935638629203,0.025751300876133778
342,1110.9959691068311,507.57110436086055,276.6492218983778,-14.948169867031307,9753.00231174071,149.1714058558671,65.38117848915554,46.02200420379003,0.0166056963959448,6.2786552804884215,352.1809355185953,250,15.480336803396767,46.192997125446524,0.0191960804053625,15.456932838066358,14.431212170320137,1.0257206677462207,0.0253818568218213
300,2566.74642091322,436.2733680486412,276.65366387638164,-14.73796298047506,9714.1490335298,146.74449297378493,66.19770757097629,46.0263381164505,0.016400870057863,6.2786552804884215,352.1809355185953,250,15.484825007769466,46.2099575569201,0.0190708659961568,15.461266750726828,14.448172601793715,1.0130941489331136,0.02515325959986651
1114,1038.694190330083,1724.6432451833932,276.46793888516305,-14.963508076996904,9647.25935992904,145.0130395127826,66.52684056786946,46.033840135706356,0.0163197288602994,6.2786552804884215,352.1809355185953,250,15.492594106564482,46.20706109499387,0.0177902126606619,15.468768769982681,14.445276139867481,1.0234926301152,0.024141773269278792
280,3039.091769989833,406.3368783645938,276.6561080274921,-14.669699606850624,9646.29283663284,335.2598213959159,28.77258836584929,46.0339489170573,0.0377338314577438,6.2786552804884215,352.1809355185953,250,15.492706760642506,46.24943935535953,0.0206077837200703,15.468877551333627,14.48765440023314,0.9812231511004867,0.04299445064580556
314,647.082461991682,470.3868275379965,276.65673464075337,-15.0148821097551,9592.259573199177,150.50740860668404,63.7328066571547,46.04004771528058,0.0170351826154531,6.2786552804884215,352.1809355185953,250,15.499022682304613,46.153269057813965,0.0177388225235673,15.474976349556904,14.391484102687578,1.0834922468693264,0.02459396818865256
509,347.57343345834704,768.3757785864126,276.6135283183057,-15.05926269580408,9587.061212304803,149.62023807266323,64.07596549638451,46.04063627092651,0.0169439506933572,6.2786552804884215,352.1809355185953,250,15.499632191131983,46.179182743962095,0.0180286231376379,15.475564905202837,14.417397788835707,1.0581671163671302,0.024741235161929418
723,2176.696511004284,1094.7505789946724,276.5571458520948,-14.79694324317316,9568.17733679124,150.95544461883102,63.384115498127926,46.04277698182611,0.017128897223975,6.2786552804884215,352.1809355185953,250,15.501849113523594,45.9448875099895,0.0154488328073032,15.477705616102433,14.183102554863112,1.2946030612393216,0.023066546235132514
586,1587.47732262185,881.4444074364102,276.59143830114795,-14.881021442846288,9544.700397323671,146.9677817819393,64.94416858985764,46.04544426995834,0.016717436277559,6.2786552804884215,352.1809355185953,250,15.504611359834534,46.15434169402296,0.0173577884004469,15.480372904234663,14.392556738896573,1.08781616533809,0.02409907661818051
264,1280.1484102099507,389.28488003119054,276.666149254345,-14.923295122907026,9444.128318634088,165.4829460625915,57.07010023293872,46.05694532352018,0.0190239721950475,6.2786552804884215,352.1809355185953,250,15.516521862636695,45.84559447291101,0.0153700830909451,15.491873957796507,14.083809517784623,1.4080644400118842,0.024457125184708377
8,1294.4472920681326,32.697286739471465,276.71927707935566,-14.919740787168353,9425.138549136202,155.88157026241666,60.46345654120358,46.05913066409213,0.0179563005839756,6.2786552804884215,352.1809355185953,250,15.518785003562524,46.16806264841779,0.0194139714322849,15.494059298368455,14.4062776932914,1.0877816050770548,0.02644486750648709
49,2403.262482230697,92.46259333774636,276.7056141426801,-14.760091275355348,9388.922254646835,154.73560134674017,60.67719498893869,46.06331066447668,0.0178930486189732,6.2786552804884215,352.1809355185953,250,15.523113816225258,46.297919839900025,0.0199199710478511,15.498239298753006,14.536134884773638,0.9621044139793682,0.02677622892470418
506,931.8989485703736,760.1744314706291,276.6122923905718,-14.975023105920997,9309.23671105114,141.76645165117523,65.66600632677941,46.07256483796148,0.016533668799609,6.2786552804884215,352.1809355185953,250,15.532697447727344,46.08689477286356,0.0168005245469055,15.507493472237805,14.325109817737172,1.182383654500633,0.023571589446330053
686,855.97255842192,1041.452019924753,276.5706424969195,-14.987109294676626,9147.236284117973,159.57178374954265,57.323645002772544,46.09162527773287,0.0189398284067157,6.2786552804884215,352.1809355185953,250,15.552436458600305,46.2421925804269,0.0207960320474661,15.526553912009192,14.480407625300515,1.0461462867086766,0.028128136251715508
1190,1956.211682859264,1871.5431618871207,276.4422246772153,-14.83185648807935,9100.504828949022,140.47845648921512,64.78220971660299,46.0971863105626,0.0167592307324729,6.2786552804884215,352.1809355185953,250,15.55819546987222,45.9805160310859,0.0154820173278401,15.532114944838924,14.21873107595951,1.3133838688794128,0.022815886467192223
268,678.294303227931,392.5036476789671,276.6682238050689,-15.010062221508973,9097.731212232,150.3645314374422,60.504502792382446,46.097517267486595,0.0179441190307027,6.2786552804884215,352.1809355185953,250,15.55853820920035,46.159796990132435,0.0184030263303743,15.53244590176292,14.398012035006047,1.134433866756872,0.025703361373650657
1258,2529.520767226148,1995.752369785024,276.4213271821161,-14.749700987308918,9093.677535195571,158.2984031135039,57.446426219948535,46.098001146888656,0.0188993479915202,6.2786552804884215,352.1809355185953,250,15.559039315202789,45.937920642672,0.0163025228236498,15.532929781164981,14.17613568754561,1.3567940936193708,0.024959118672745664
755,747.1840552900118,1143.1975127989754,276.5559154061484,-15.00319670008879,9029.451029116666,245.8960400621423,36.72060366175382,46.105696654277494,0.0295665074027855,6.2786552804884215,352.1809355185953,250,15.567008790505728,46.179723604870006,0.0353553457198927,15.54062528855382,14.417938649743618,1.122686638810201,0.046088814597167765
492,3090.88828075876,745.3480634496293,276.6053650000828,-14.663651598014113,9001.805049626419,165.82906992038014,54.28363708455022,46.10902601350105,0.0200005021459588,6.2786552804884215,352.1809355185953,250,15.570456678314304,46.1213036489617,0.0174041264439221,15.543954647777376,14.359518693835312,1.1844359539420637,0.026512708337069812
118,2725.800413246924,183.48455058134724,276.690662840821,-14.713951776313362,8982.688539087569,164.39516190109134,54.64083270584337,46.11133416805822,0.0198697557528967,6.2786552804884215,352.1809355185953,250,15.572847005528516,45.941296270355636,0.016353164688024,15.546262802334546,14.179511315229249,1.3667514871052973,0.025733891835348313
440,889.773298995653,681.9951262054348,276.6241346314539,-14.980774454655617,8977.726861911302,146.60603172856037,61.237090698515566,46.11193405091877,0.0177294510176055,6.2786552804884215,352.1809355185953,250,15.573468244830902,46.27555547449387,0.0197014953836521,15.546862685195094,14.513770519367483,1.033092165827611,0.026504383670210813
772,765.8079952982147,1163.354043015102,276.5528296851194,-15.000594066866022,8923.711699121981,164.37748577247382,54.28791940201533,46.11848619427066,0.0199989244745249,6.2786552804884215,352.1809355185953,250,15.580253651170707,46.216388538753634,0.0210213855908701,15.553414828546984,14.454603583627247,1.0988112449197374,0.029014748530666126
1000,2000.4815123851995,1500.6592255403732,276.4973541807588,-14.823994701472913,8920.719077913614,149.0418366376454,59.85379192288077,46.11885036360328,0.0181392016298463,6.2786552804884215,352.1809355185953,250,15.580630785303097,46.16023826144887,0.0178206454808137,15.553778997879604,14.39845330632248,1.155325691557124,0.0254284494439017
799,959.2748948088076,1203.1438797500937,276.5460836840578,-14.972874453565618,8915.092086576013,142.59222381852857,62.52158671655121,46.11953543795907,0.0173652022768095,6.2786552804884215,352.1809355185953,250,15.581340249004878,46.124301705451124,0.0174617045860806,15.554464072235398,14.362516750324737,1.1919473219106607,0.024626436550302156
397,2735.462046393413,597.0910421442171,276.6289734461058,-14.71430183057164,8835.827675551205,141.95082614659046,62.24569391675523,46.129231928502506,0.0174421704006058,6.2786552804884215,352.1809355185953,250,15.591381944504146,45.83931569990011,0.0143318485423162,15.56416056277883,14.077530744773725,1.486629818005106,0.022575012534296855
1057,3020.1109604146773,1611.2981391110832,276.476599699172,-14.677419878142477,8818.269065181026,149.13289882732673,59.13027329664693,46.131391656700465,0.0183611530857166,6.2786552804884215,352.1809355185953,250,15.593618561229338,45.605094592564214,0.0126547556484213,15.56632029097679,13.843309637437827,1.7230106535389638,0.022299658812600046
22,1338.8584029962808,42.4549104926039,276.7176316848963,-14.91337876510021,8800.257413058629,146.59082527717345,60.03279807190614,46.133611582374016,0.0180851140521481,6.2786552804884215,352.1809355185953,250,15.595917518521665,46.09272195204221,0.0172394242145615,15.56854021665034,14.330936996915824,1.2376032197345168,0.02498537767432812
1065,251.43848348779625,1633.4192321018334,276.4848104373608,-15.076570342742173,8799.143328441045,148.2981547906594,59.334138990886906,46.133749041827755,0.0182980661464852,6.2786552804884215,352.1809355185953,250,15.5960598716722,46.26125666509325,0.0192757378864417,15.56867767610408,14.499471709966862,1.0692059661372184,0.026577684168639516
972,1654.5922292740238,1453.100348508372,276.5058905348794,-14.873664646824178,8763.751750543714,140.6479052184839,62.30986332096458,46.138124854506344,0.0174242076957775,6.2786552804884215,352.1809355185953,250,15.6005914677464,45.883258107123915,0.0148010812530553,15.57305348878267,14.121473151997527,1.4515803367851419,0.022862086958218335
346,2471.2342781099164,515.8455427055832,276.6422092776063,-14.752072874770056,8754.583185681113,144.7459053692243,60.48242375733899,46.13926133736983,0.0179506695094748,6.2786552804884215,352.1809355185953,250,15.601768410559284,46.22777717727598,0.0184213299903862,15.574189971646156,14.465992222149595,1.1081977494965614,0.025721040695374096
445,276.4535759314736,686.5954640665539,276.6260333087882,-15.069177477034122,8744.466816208209,153.52132725517183,56.9592966172954,46.14051668663964,0.019060979760595,6.2786552804884215,352.1809355185953,250,15.603068451543816,45.518150325078494,0.0131882928357547,15.575445320915968,13.756365369952107,1.8190799509638609,0.02317869749048533
479,1813.141907799452,722.9035076722749,276.6141302641337,-14.847834763934795,8694.203772070527,147.43989533608928,58.96778312445276,46.14677548459403,0.0184117486273582,6.2786552804884215,352.1809355185953,250,15.609550069090698,46.429051069221174,0.0219164231710427,15.581704118870356,14.667266114094787,0.9144380047755689,0.02862380289425645
387,1349.6017631400705,577.645196165705,276.63775780044364,-14.914063642870303,8687.15880311295,145.5954949630063,59.66639836844011,46.14765562022717,0.0181961712067117,6.2786552804884215,352.1809355185953,250,15.610461538450306,46.390489731459915,0.022781879468577,15.582584254503494,14.628704776333528,0.9538794781699664,0.029156726131456086
846,2888.090158435172,1263.0232686092784,276.5290660510576,-14.695043452555057,8652.622629401681,143.99384664823535,60.09022490064661,46.15198061404579,0.0180678305297592,6.2786552804884215,352.1809355185953,250,15.61494050646128,46.20919040144054,0.0183112905051997,15.586909248322115,14.44740544631415,1.1395038020079653,0.025724499218020072
537,300.1263335709503,810.8764687330221,276.6073844316099,-15.066271808450722,8490.719648138329,152.47257030914787,55.68686637158967,46.172488768399404,0.0194965181332936,6.2786552804884215,352.1809355185953,250,15.636178772032572,46.15196904818389,0.0207284644133221,15.607417402675729,14.3901840930575,1.21723330961823,0.028456694401427
146,2835.5302900490374,233.95014315000947,276.682670809157,-14.69833637988173,8456.323211076611,140.42104150071444,60.22119705637981,46.17689608696511,0.0180285356829349,6.2786552804884215,352.1809355185953,250,15.640742995635623,46.20061815550095,0.0188916995636824,15.611824721241433,14.43883320037456,1.1729915208668729,0.026113682453367138
666,621.8718404043593,1013.4835028204866,276.57579700441147,-15.020731141066207,8421.651098554896,143.08585158498556,58.85732939537262,46.181356909114065,0.0184463007607232,6.2786552804884215,352.1809355185953,250,15.645362627604072,45.954197939989584,0.0153583522935231,15.61628554339039,14.192412984863196,1.4238725585271936,0.024003020579231763
26,753.6574410244062,47.64000430724943,276.71935900528035,-14.997764186112764,8392.643976747757,157.7485901633865,53.20265599873293,46.18510302079396,0.0204068759278833,6.2786552804884215,352.1809355185953,250,15.649242104681605,44.61306580858914,0.0074325446648727,15.620031655070285,12.851280853462754,2.7687508016075313,0.021718271232567074
969,2456.993538416071,1444.8452236723467,276.5037691870273,-14.757950967966591,8337.034815574152,147.61930896142565,56.4765874751026,46.192320983878446,0.0192238952199196,6.2786552804884215,352.1809355185953,250,15.65671703461576,46.29586410937588,0.0192296360171458,15.62724961815477,14.53407915424949,1.093170463905281,0.02719075300131202
1075,707.7595127704279,1650.591929673466,276.48035942492885,-15.01089890818816,8315.729920887243,141.6526689163237,58.70507053982488,46.195099082108555,0.0184941435214437,6.2786552804884215,352.1809355185953,250,15.659594035977111,45.79284648972041,0.014082338068083,15.63002771638488,14.031061534594023,1.598966181790857,0.023245334801966985
1015,2031.3347232110289,1520.9741454997557,276.494195822428,-14.819628453670468,8180.637960837805,144.05947652017971,56.7865312192209,46.21288208888688,0.0191189702327251,6.2786552804884215,352.1809355185953,250,15.678010135939203,46.02839630449837,0.0169897241460694,15.647810723163204,14.266611349371985,1.381199373791219,0.025577055133837477
911,1362.921618066117,1357.211449871432,276.52141141650264,-14.91532008392716,8164.610423531529,135.5120205129183,60.25008255819785,46.21501135394233,0.0180198923205006,6.2786552804884215,352.1809355185953,250,15.680215205002934,46.2774186299159,0.0189537316630568,15.649939988218655,14.515633674789512,1.1343063134291427,0.026152637786609565
1171,3019.8930471818767,1830.862142710544,276.44387288860975,-14.67833564158743,8098.66742838698,302.9992315670723,26.72834312648825,46.22381610908479,0.0406198017910078,6.2786552804884215,352.1809355185953,250,15.689333418411188,45.736783988649194,0.0154272723997317,15.658744743361112,13.974999033522806,1.6837457098383055,0.04345076560011669
582,925.4432363967296,877.5158700910815,276.5948117809189,-14.976432304452103,8061.525035136146,148.08100387448098,54.43996747867402,46.22880700411095,0.0199430684896221,6.2786552804884215,352.1809355185953,250,15.69450199439206,46.32527894150897,0.0210010943778574,15.663735638387273,14.563493986382582,1.1002416520046907,0.028961559796555014
79,385.36853354735047,128.89867180889075,276.7088037813272,-15.051185263446008,7996.070070457878,144.91159331173853,55.17895351034111,46.2376585435952,0.0196759802593307,6.2786552804884215,352.1809355185953,250,15.70366865771241,46.27853995642893,0.0246468859638224,15.672587177871527,14.516755001302542,1.1558321765689854,0.03153748859499179
24,2011.017360545312,43.53242201302632,276.71459167367595,-14.8164577224085,7986.585583792825,150.19949721388863,53.173184544151205,46.23894714693965,0.0204181865221653,6.2786552804884215,352.1809355185953,250,15.705003136650564,46.19451952461507,0.0187271635292764,15.673875781215976,14.43273456948868,1.241141211727296,0.027705757428848482
160,485.2171825622007,250.363693066166,276.6902532555053,-15.037300138561246,7952.637428534537,145.5322722296723,54.64518148925795,46.24357206459767,0.0198681744741469,6.2786552804884215,352.1809355185953,250,15.709792706095616,46.139632857234005,0.0193276784992068,15.678500698873997,14.377847902107618,1.3006527967663786,0.027718288423058218
995,316.0187317604049,1496.892311585635,276.50492273692856,-15.066729290002089,7942.075033287372,147.7030393377439,53.77055928501712,46.24501505724625,0.0201913466111654,6.2786552804884215,352.1809355185953,250,15.711287070754649,46.098305089251845,0.0173680421565025,15.679943691522574,14.336520134125458,1.3434235573971165,0.026633425733883134
168,254.24294387073147,271.21986477172743,276.6881213519441,-15.07067251239209,7937.895560745237,142.48594017183925,55.71002690631839,46.24558657023914,0.0194884127739824,6.2786552804884215,352.1809355185953,250,15.711878930193144,44.59016921119937,0.0076266137806011,15.680515204515466,12.82838425607298,2.852130948442486,0.020927576787759614
1071,2564.121756232369,1646.0938275257793,276.4733165923176,-14.743315777806457,7881.000579599146,141.9649946464579,55.51368912615093,46.253396623066536,0.0195573383266391,6.2786552804884215,352.1809355185953,250,15.719967028869116,46.458692023617026,0.0216605429797574,15.68832525734286,14.696907068490638,0.9914181888522222,0.029183361776884863
1174,1276.275733959905,1837.124911983214,276.45017292395937,-14.929716175464588,7837.345793025801,139.65104658657225,56.12092415052032,46.259427499729675,0.019345725617206,6.2786552804884215,352.1809355185953,250,15.726212610894244,46.44715220059252,0.0208061064130675,15.694356134006,14.685367245466132,1.008988888539868,0.02841040590572597
227,880.3284831661089,357.2546716002271,276.67262592621654,-14.98079656163502,7817.621126247512,157.18964792338426,49.73368939701357,46.262163474362005,0.0218302726615169,6.2786552804884215,352.1809355185953,250,15.729045989014764,46.54619682040622,0.0338858973209315,15.69709210863833,14.784411865279836,0.9126802433584942,0.04030899207026746
59,319.45902404037366,106.36109453891896,276.7124476648264,-15.060590003763824,7809.31551390735,206.884185714124,37.74728110295676,46.263317597537544,0.02876233647236,6.2786552804884215,352.1809355185953,250,15.730241200152804,46.42370735374797,0.0260021891937723,15.698246231813869,14.661922398621584,1.0363238331922844,0.03877351985850626
1097,2047.824104892036,1693.057678545472,276.4684637633911,-14.817940572270532,7728.990362622426,140.1423643968103,55.15099160692012,46.274543107252924,0.0196859561064314,6.2786552804884215,352.1809355185953,250,15.741866349466466,46.492387633971916,0.0230121418571481,15.70947174152925,14.730602678845528,0.9788690626837209,0.030283585333937116
220,1935.431439881456,345.88125180293866,276.6698330185308,-14.828632792416926,7703.948020768119,149.91368240128074,51.389225435384965,46.27806666192425,0.0211269967741607,6.2786552804884215,352.1809355185953,250,15.745515346278864,46.291749628929544,0.0210887216634802,15.712995296200575,14.529964673803157,1.1830306223974176,0.02985103304904431
603,1367.6273186731376,915.0344687226236,276.58735405321994,-14.912851259985125,7678.484872837347,135.3576582728966,56.727376720396855,46.281661189140905,0.0191389072220155,6.2786552804884215,352.1809355185953,250,15.749237842331612,46.26895204194104,0.0184844559289658,15.71658982341723,14.507167086814654,1.2094227366025763,0.026607759782491948
504,1309.2373053771576,758.0549366966557,276.6110170614354,-14.920625474284876,7665.379586080875,143.3555194009599,53.47111585317549,46.28351585721404,0.0203044201093761,6.2786552804884215,352.1809355185953,250,15.751158538480311,46.53787712132886,0.0230845823624165,15.718444491490366,14.776092166202474,0.9423523252878923,0.030743575244678804
472,1425.948221839399,716.5057245411969,276.6167219005953,-14.903630309480032,7647.237352944008,141.0977909794978,54.19813662465622,46.28608859688969,0.0200320540080354,6.2786552804884215,352.1809355185953,250,15.753822870313163,46.28725651438042,0.0195032538872363,15.721017231166016,14.52547155925403,1.1955456719119866,0.027958184847569144
880,2517.2514643677096,1315.4509706755753,276.5228084133287,-14.748736985525358,7626.2033600194845,140.7167745759054,54.19541048324527,46.289079066753764,0.0200330616618477,6.2786552804884215,352.1809355185953,250,15.756919803955313,46.19699063015586,0.0182852282268753,15.72400770103009,14.435205675029472,1.2888020260006172,0.027123294985239337
290,850.6844724992148,426.20893001490833,276.6624638260792,-14.985355012239229,7552.976045878982,150.29861342212143,50.2531319079176,46.299554753323605,0.0216046236081246,6.2786552804884215,352.1809355185953,250,15.767768435654467,46.34785762431438,0.027748511748972,15.73448338759993,14.586072669187992,1.148410718411938,0.03516730961463461
261,2128.380668211286,383.07163451554175,276.66346503286024,-14.800963609806864,7439.502690738213,164.55174876360894,45.21071788441229,46.31599025871822,0.0240142172211409,6.2786552804884215,352.1809355185953,250,15.784789061808858,46.16096216035548,0.0211928702232759,15.750918892994548,14.399177205229094,1.351741687765454,0.032028430761508665
833,927.4333357533426,1252.4936283096758,276.5388531271412,-14.977661419981567,7352.123291470809,139.72164983731852,52.61978583870913,46.32881806832321,0.0206329231997998,6.2786552804884215,352.1809355185953,250,15.798073554522883,45.07794932268004,0.0095154442183919,15.763746702599533,13.316164367553654,2.4475823350458796,0.022721381965940465
937,2946.32190533344,1389.1254423557791,276.51002493776497,-14.687159904713326,7351.512219223543,133.66856710535555,54.99806258437103,46.32890831311504,0.0197406953805774,6.2786552804884215,352.1809355185953,250,15.798167012121375,44.97467958253635,0.0088269162718658,15.763836947391368,13.212894627409966,2.5509423199814023,0.0216242804499775
896,2951.195173836732,1335.3960151984295,276.5180131429252,-14.68623791662104,7259.194924605923,134.63393167563166,53.9180192857713,46.34262887598658,0.0201361254434379,6.2786552804884215,352.1809355185953,250,15.81237604102904,46.49566291440367,0.0226082997781155,15.777557510262902,14.73387795927728,1.0436795509856225,0.030275382189676885
639,2429.14429310388,975.9487536641656,276.5737951067123,-14.760053160082842,7252.107310537423,145.57201622949978,49.81800416299931,46.343689467198416,0.0217933258917339,6.2786552804884215,352.1809355185953,250,15.813474390370043,46.24170966038313,0.0190662287809398,15.778618101474741,14.479924705256742,1.298693396217999,0.02895634875723209
530,1786.3862167930786,798.9668540701368,276.60289984043226,-14.852006038888875,7242.851949080592,133.86944723294775,54.103845939374224,46.34507600195267,0.0200669653173376,6.2786552804884215,352.1809355185953,250,15.814910287176112,45.30243441864768,0.0107920909778914,15.780004636228995,13.54064946352129,2.239355172707704,0.022784914411125512
52,1390.4845053218232,97.30540650394512,276.70922990328086,-14.906166260093205,7227.597805289872,149.11703723234987,48.46929592644761,46.34736507832585,0.0223997477010508,6.2786552804884215,352.1809355185953,250,15.81728085700352,44.90058431780949,0.0086409066615277,15.782293712602176,13.138799362683102,2.6434943499190737,0.024008622721929808
1150,1630.1076481005723,1791.820365621316,276.45546709147874,-14.8785441835348,7213.284835963306,135.635429679058,53.181420614300094,46.34951731714257,0.020415024410011,6.2786552804884215,352.1809355185953,250,15.81950971771786,46.401560901467874,0.0212729165946544,15.784445951418896,14.639775946341487,1.1446700050774083,0.029484066919345905
642,839.0675473271048,978.2709056384564,276.5801409383033,-14.989289749448025,7152.666713302227,149.74194581830972,47.76662059661598,46.35868004901238,0.0227292612799348,6.2786552804884215,352.1809355185953,250,15.828998652190176,46.381433663572665,0.0224283312417781,15.793608683288703,14.619648708446277,1.1739599748424254,0.03193194890110002
1030,1455.578407158057,1553.382699906108,276.49176047001947,-14.902750843419533,7113.268183582666,136.5379377181545,52.09737529701143,46.36467706486782,0.0208398214652913,6.2786552804884215,352.1809355185953,250,15.8352091679283,45.38190905697892,0.0108676437483358,15.799605699144145,13.620124101852532,2.1794815972916126,0.02350327294965444
1117,2212.2486266950173,1730.567894666218,276.4621862041083,-14.794386639596729,7095.406932994549,132.8505336753805,53.40894565265455,46.36740675169386,0.0203280552861098,6.2786552804884215,352.1809355185953,250,15.838036034390214,46.416052163142595,0.0203851196492994,15.802335385970188,14.654267208016208,1.1480681779539808,0.028788590358532477
1076,2034.3642731102768,1651.097985882687,276.4747773965265,-14.819713264962392,7085.272646121215,135.88068734443289,52.14333828148319,46.36895860454825,0.0208214517094995,6.2786552804884215,352.1809355185953,250,15.839643134789435,46.52481413695804,0.0217898964233448,15.803887238824572,14.763029181831655,1.0408580569929171,0.030138554003653097
1013,835.7957554359696,1518.253913798285,276.49957782132213,-14.991927235703956,7066.787462114822,145.34001033654653,48.62245052653502,46.37179494707192,0.0223291913147712,6.2786552804884215,352.1809355185953,250,15.842580454000627,46.23717955004664,0.01812443767908,15.806723581348244,14.475394594920253,1.331328986427991,0.02875913812954951
955,1191.3780382691357,1416.2755072299,276.513315101418,-14.940280185766133,7049.278362638346,142.48604941711733,49.47346348274495,46.374488370749525,0.0219450979084709,6.2786552804884215,352.1809355185953,250,15.845369766309023,46.48993567070097,0.0218171952157593,15.80941700502585,14.728150715574586,1.0812662894512641,0.030944746392480328
51,1808.8195697491017,96.26645297738044,276.707595120371,-14.845840572907177,7019.080382882385,147.1079516477415,47.713806794686256,46.379149481669515,0.0227544200082754,6.2786552804884215,352.1809355185953,250,15.850196817533096,46.51336044718751,0.0242050325569898,15.81407811594584,14.751575492061122,1.0625026238847184,0.03322118647787794
475,852.3485996810812,717.8465529552137,276.6189432737761,-14.98631514708187,6986.744172910112,136.0176729697045,51.36644393604853,46.38416291820558,0.0211363667952506,6.2786552804884215,352.1809355185953,250,15.855388737524615,46.02147306702231,0.0167189520374196,15.819091552481908,14.259688111895926,1.5594034405859816,0.026949385123466344
953,591.1560478393235,1412.142193105271,276.5164299502838,-15.026754522772537,6977.180587487208,150.43803732169502,46.37909874194438,46.38565011220621,0.0234092517847509,6.2786552804884215,352.1809355185953,250,15.85692887714892,46.305517433878336,0.0213078656121556,15.820578746482532,14.543732478751949,1.2768462677305834,0.03165467115715383
13,529.3583793783132,34.81651687292185,276.7222294985268,-15.030040241284752,6889.974939020525,144.58118307947575,47.6547140663051,46.399305916063746,0.022782635910676,6.2786552804884215,352.1809355185953,250,15.871070841555618,45.57761624402576,0.0138350672566636,15.83423455034007,13.815831288899375,2.018403261440696,0.026654410236109687
266,1646.2051664473988,390.4869460608006,276.6644132384142,-14.870524267675442,6818.238446004078,132.72938407573773,51.36947250590322,46.41066955864525,0.0211351206667585,6.2786552804884215,352.1809355185953,250,15.882839041406363,45.76522447888493,0.013786635311536,15.845598192921578,14.003439523758544,1.8421586691630338,0.0252341958225685
1049,2903.4785170774544,1597.3797988241552,276.479161918984,-14.69418377935862,6792.6818518892105,130.08533269336078,52.2171232624744,46.41474683652251,0.020792030126643,6.2786552804884215,352.1809355185953,250,15.887061474535743,46.18417473465211,0.0178762500747399,15.849675470798836,14.422389779525723,1.4272856912731129,0.027420226722656187
477,1075.104011693904,722.1464134935733,276.6173620772529,-14.954226967653934,6765.462754428474,154.60808776319763,43.758789415924085,46.41910625296705,0.0248110154437889,6.2786552804884215,352.1809355185953,250,15.891576090653242,45.325022513988216,0.0121924256910247,15.854034887243373,13.563237558861829,2.2907973283815437,0.027644922347206738
536,1164.8450524162306,810.159847556872,276.6038531319044,-14.94165234664896,6721.307250989397,144.09064654242505,46.64638137361971,46.4262156498054,0.0232751173409134,6.2786552804884215,352.1809355185953,250,15.898938589272134,44.53868675082294,0.0075430776769622,15.861144284081725,12.776901795696553,3.084242488385172,0.02446689821113361
993,413.4335095595153,1489.389815905589,276.50563860166665,-15.052665857090352,6705.370720063482,147.10555092404886,45.58203737346043,46.42879303741644,0.0238185930809695,6.2786552804884215,352.1809355185953,250,15.901607734511613,46.237482327922194,0.018649267058796,15.863721671692765,14.475697372795807,1.3880242988969584,0.030250959293667067
140,1042.6383125122752,217.9913748552038,276.69271212866244,-14.956820430117588,6666.264608637022,135.0683237291083,49.35475931430686,46.43514365063774,0.0219978785244583,6.2786552804884215,352.1809355185953,250,15.908184436042582,45.40572030405933,0.0115710668297504,15.870072284914066,13.643935348932942,2.226136935981124,0.02485550738076722
304,1478.1119168897562,441.671094834756,276.6574942104163,-14.894973030975384,6652.51437374152,133.5108478040352,49.82751950991997,46.43738546772529,0.0217891641140966,6.2786552804884215,352.1809355185953,250,15.910506064105576,46.15826770108606,0.0177052570294949,15.872314102001617,14.396482745959673,1.4758313560419438,0.02807567985412844
1067,2266.080809691409,1637.4938063740644,276.47584126150235,-14.786253237288395,6595.2311579542,135.12280290751343,48.80916481926735,46.44677496705957,0.0222437733573228,6.2786552804884215,352.1809355185953,250,15.920229839195445,46.58264035823876,0.023152835484705,15.881703601335893,14.820855403112375,1.0608481982235176,0.032106685349842
893,2701.8904533943805,1332.5232637774602,276.5194883420546,-14.722180470093887,6593.880901836936,131.40455075725706,50.18000414626262,46.44699727496789,0.0216361082162417,6.2786552804884215,352.1809355185953,250,15.920460061492104,46.03892097701172,0.0161882284962083,15.881925909244217,14.277136021885333,1.6047898873588835,0.027021841546985136
66,677.3406903242773,113.85328500484442,276.7098053079086,-15.00904151057986,6558.565048958146,144.57376288027447,45.36483604144325,46.452827945911835,0.0239326336153437,6.2786552804884215,352.1809355185953,250,15.926498310270189,45.332882831133,0.0109391931192716,15.88775658018816,13.571097876006611,2.316658704181549,0.026314195748055807
580,1680.1231236342662,874.5590543993042,276.5920745945593,-14.86763692343354,6552.656476906734,138.35039426514354,47.36275969224059,46.453806520031165,0.0229230730441974,6.2786552804884215,352.1809355185953,250,15.927511722626509,46.46197111748323,0.0223059036347645,15.88873515430749,14.700186162356843,1.188548991950647,0.03198469344472461
134,741.2532493279546,212.85551918766683,276.6947614665331,-15.00024234967788,6529.004204546916,140.38114843286758,46.50912374939849,46.45773265097651,0.023343806816271,6.2786552804884215,352.1809355185953,250,15.931577627839,46.565131587673086,0.0241049391571076,15.892661285252835,14.803346632546699,1.0893146527061361,0.0335556464465109
71,262.4591592003097,121.9069118953938,276.71037022365425,-15.06886907078508,6484.305954421085,349.71693095653643,18.541584294147224,46.465191275832524,0.058554866875249,6.2786552804884215,352.1809355185953,250,15.93930178734928,45.32944957027544,0.0119219027103875,15.900119910108849,13.567664615149056,2.332455294959793,0.05975620636397593
616,1641.469255872851,934.7004046658632,276.5832675834719,-14.873455838523366,6473.077342272358,135.70544933583352,47.699465083773305,46.46707303135548,0.022761261538116,6.2786552804884215,352.1809355185953,250,15.941250535288638,46.229453126141365,0.0183952878977324,15.902001665631808,14.467668171014978,1.4343334946168298,0.02926536594076655
321,394.082280487664,478.1027672319587,276.6566535927504,-15.05137430612352,6468.404458221863,129.80160439061558,49.83300852550569,46.46785710225137,0.021786764077154,6.2786552804884215,352.1809355185953,250,15.942062519908347,46.18447925819429,0.0180313300045214,15.902785736527697,14.4226943030679,1.4800914334597977,0.028280593181288147
712,934.838945409279,1073.135742195333,276.5655844235065,-14.975871737828596,6467.537190322444,137.5020195888208,47.03594325132566,46.46800268487452,0.0230823477738888,6.2786552804884215,352.1809355185953,250,15.942213285421404,46.5501978776508,0.0222794407480292,15.902931319150845,14.788412922524415,1.1145183966264298,0.03208065240607948
1118,960.5926869120836,1731.1226067530922,276.46729528195294,-14.974787450988597,6458.547488599317,136.63918214066885,47.26717027587518,46.469512878633395,0.0229694308684718,6.2786552804884215,352.1809355185953,250,15.943777243618817,46.65679796174051,0.0250049079798001,15.90444151290972,14.895013006614121,1.009428506295599,0.033953500224568535
401,1736.7894994305957,604.4910263084242,276.6321128680662,-14.858353528997933,6425.6420552778,137.45353567239377,46.74773932765652,46.475058698624,0.0232246524776372,6.2786552804884215,352.1809355185953,250,15.949520500459004,45.14875516815991,0.009888165860162,15.909987332900322,13.386970213033521,2.5230171198668003,0.02524203452150981
998,2772.135533815355,1497.9818993487154,276.4945283893492,-14.712722580538951,6423.859736504382,127.10700346487336,50.53899125455859,46.475359897544315,0.0214824232349922,6.2786552804884215,352.1809355185953,250,15.949832422368171,46.05094004020636,0.01684224275628,15.91028853182064,14.289155085079976,1.6211334467406644,0.02729753925006426
1073,2173.490356580792,1646.802126067919,276.47483887205897,-14.799639290200629,6420.494193904917,133.42225209080812,48.1216145979539,46.47592887774407,0.0225615871177806,6.2786552804884215,352.1809355185953,250,15.950421658843515,46.0143662462338,0.0158777429923235,15.910857512020392,14.252581291107411,1.658276220912981,0.027588547185444207
98,2781.847028887983,149.80315670485157,276.69544230324885,-14.705723327436823,6400.347145938402,132.22160295566226,48.40621352990724,46.47934119629976,0.0224289387834314,6.2786552804884215,352.1809355185953,250,15.95395545942108,46.384860963725174,0.0203099036171964,15.914269830576082,14.623076008598787,1.291193821977295,0.03025804818375965
16,2288.288814086987,35.31607710933373,276.71462668771744,-14.776432198357217,6388.052512525552,144.7530798692133,44.13068459957645,46.48142882776103,0.0246019296970167,6.2786552804884215,352.1809355185953,250,15.9561174126922,46.54380277592614,0.0229312217383079,15.916357462037354,14.782017820799751,1.1343396412376023,0.03363176883882852
931,1923.063612620076,1382.6570767683777,276.5152759054347,-14.834680253283436,6380.110095148761,133.24009314463623,47.88431128026122,46.48277958925687,0.0226733970056607,6.2786552804884215,352.1809355185953,250,15.957516262675362,46.54975770925981,0.0232014567287828,15.917708223533197,14.78797275413342,1.129735469399776,0.032440569139796
125,1677.4855583825392,200.1932006523917,276.6926589216856,-14.865216927995924,6288.802233658353,129.3308047086649,48.62571023063475,46.498430177878824,0.022327694440872,6.2786552804884215,352.1809355185953,250,15.973724028219191,46.58763408485677,0.0231122931291916,15.933358812155149,14.82584912973038,1.1075096824247694,0.03213571273108197
1179,2450.391574554088,1843.752789976948,276.4443191446104,-14.760505012235573,6275.095823257434,135.23161358528827,46.40258040920171,46.50079911653876,0.0233974057137715,6.2786552804884215,352.1809355185953,250,15.976177303512248,46.00013517813241,0.0160642233416467,15.935727750815083,14.238350223006023,1.69737752780906,0.028381294292282266
1011,813.2528251624447,1515.3189167070254,276.5001094183552,-14.995163790389327,6270.356730586209,140.2089690305097,44.72150942941296,46.50161939858335,0.0242769086699462,6.2786552804884215,352.1809355185953,250,15.977026788434486,46.06649601368677,0.0166154955105425,15.936548032859676,14.304711058560386,1.63183697429929,0.029418412357395615
380,2564.903297856421,570.4688809429477,276.63366774045454,-14.738791437916731,6215.792927570408,134.87628411370395,46.08514364415871,46.51110867672477,0.0235585682098142,6.2786552804884215,352.1809355185953,250,15.986853894558823,46.526425757675156,0.0214748586408374,15.946037311001092,14.764640802548769,1.1813965084523232,0.03187751072057567
962,2087.0975375145727,1429.5835969746242,276.5075919228997,-14.811221366676026,6203.060775718797,160.62082555381485,38.61928087052763,46.51333493099966,0.0281129004871904,6.2786552804884215,352.1809355185953,250,15.98915940575716,46.608688455923485,0.0264005386378159,15.948263565275987,14.846903500797097,1.1013600644788895,0.0385658348045194
1145,3068.709941015735,1787.416094259219,276.4501455204229,-14.671121216829134,6126.969722366193,288.91164744684806,21.20707066160561,46.52673568621734,0.0511951894405486,6.2786552804884215,352.1809355185953,250,16.00303724153222,46.1308755681103,0.0192875797493626,15.961664320493668,14.36909061298391,1.5925737075097572,0.05470793502264257
1133,1610.7375764501246,1764.5092930305566,276.4596213771204,-14.88122773998842,6114.672251303098,140.07276314680564,43.65354201583438,46.528917062552345,0.0248708340690014,6.2786552804884215,352.1809355185953,250,16.005296277090213,46.38024050104278,0.0216686779073246,15.96384569682867,14.61845554591639,1.34539015091228,0.03298620908105655
41,1668.1083774790943,74.88185705098037,276.7113864554436,-14.866041189060448,6112.406257258495,131.3536434343997,46.533968129411946,46.529319492585074,0.0233313436107715,6.2786552804884215,352.1809355185953,250,16.005713034042667,45.46654281398695,0.0120484767873251,15.9642481268614,13.70475785886056,2.259490268000839,0.02625866309579754
926,1171.152967988681,1372.657284043593,276.5199071059803,-14.943020361525406,6079.764214781899,140.0789244441423,43.402419306883374,46.53513317966797,0.0250147346009307,6.2786552804884215,352.1809355185953,250,16.011733694316924,46.54283932764922,0.0233708063235257,15.970061813944298,14.781054372522831,1.1890074414214666,0.03423348558599823
229,2871.81139312408,358.4362579197368,276.663962263902,-14.693629622340517,6069.504534730775,135.03676415102703,44.947052551870655,46.53696692109856,0.0241550877834994,6.2786552804884215,352.1809355185953,250,16.01363271881325,46.4678440469117,0.0217448714388493,15.971895555374886,14.706059091785313,1.2658364635895722,0.032500887675887345
710,1174.050691496211,1067.5697608952548,276.565412105612,-14.941373546385188,6064.727613756724,135.52419410384246,44.75014704097601,46.53782177145139,0.0242613727951746,6.2786552804884215,352.1809355185953,250,16.01451800271077,45.04967689097859,0.0093024335984746,15.972750405727716,13.287891935852201,2.6848584698755147,0.025983638712860583
720,719.1882240146471,1088.9375088526017,276.56412953304573,-15.007012387809052,6053.006166707521,141.10207606821044,42.8980659631218,46.539922230767175,0.0253088332917699,6.2786552804884215,352.1809355185953,250,16.01669324052111,45.106693760160404,0.0097624559284088,15.9748508650435,13.344908805034017,2.6299420600094834,0.02712641864206782
324,503.81610823683695,481.772626078074,276.6556418430742,-15.03557592554106,6044.412089589285,146.1217667621743,41.36558312648302,46.54146485780474,0.0262464570287881,6.2786552804884215,352.1809355185953,250,16.018290786655022,46.5402000338415,0.0246329205493732,15.976393492081066,14.778415078715113,1.1979784133659521,0.035995239704101886
577,591.076144752468,871.452485323427,276.5971218098735,-15.024593749893906,6026.70278314114,143.25747767760444,42.06902760569335,46.54465058657451,0.0258075848621009,6.2786552804884215,352.1809355185953,250,16.02158993061912,46.66951350622226,0.0264628315173614,15.979579220850837,14.907728551095872,1.0718506697549657,0.03696366984392642
777,2098.7093853379606,1170.7538216365365,276.5461405333389,-14.808497998628184,5957.723617798736,129.64575414581148,45.953866033268895,46.557149141236906,0.0236258685877265,6.2786552804884215,352.1809355185953,250,16.034533446578685,46.053014440222185,0.0167580272290896,15.99207777551323,14.291229485095798,1.700848290417433,0.028965723590744806
807,1196.5306196355225,1209.8003743725887,276.54409844956007,-14.93870844602853,5922.104402773461,136.7185905424194,43.316014151974606,46.56365987306887,0.0250646330521273,6.2786552804884215,352.1809355185953,250,16.041275967106202,46.58229222078665,0.0240436369382617,15.998588507345197,14.820507265660261,1.1780812416849358,0.034732294874608195
1140,2783.2954301691657,1779.4194560308547,276.4525264304995,-14.712247559810708,5921.9748078672565,130.75827650330635,45.28948351286592,46.5636836327684,0.0239724526708628,6.2786552804884215,352.1809355185953,250,16.041300572675276,46.62549520200637,0.0242294397806269,15.998612267044727,14.863710246879982,1.1349020201647448,0.034084369425585424
205,2757.53499111934,321.561022109678,276.66994715187155,-14.70995891296634,5907.46502534335,137.5422156983986,42.95019529347404,46.566347123911186,0.0252781155610941,6.2786552804884215,352.1809355185953,250,16.04405888682007,46.297952492209646,0.0204508906052962,16.00127575818751,14.536167537083259,1.465108221104252,0.03251495122047425
239,1569.7095700583486,367.46438362605295,276.6681723613316,-14.881457563821122,5895.666474201571,130.54817827166383,45.16084829566141,46.56851775437575,0.0240407353044407,6.2786552804884215,352.1809355185953,250,16.046306793943675,46.53663167102475,0.0223136532026132,16.003446388652073,14.774846715898363,1.2285996727537096,0.032800245017753624
579,1360.78324103255,874.5447337140946,276.593422763497,-14.913672381865634,5895.594800072868,133.9901880694687,44.0001979623779,46.5685309538452,0.0246748889840977,6.2786552804884215,352.1809355185953,250,16.046320463327703,46.37066126586013,0.0208434685558065,16.003459588121522,14.608876310733741,1.394583277387781,0.03230015987289289
622,1319.3017191536492,943.6366266648477,276.5832907190938,-14.919933865003946,5875.185427929391,137.8488780491106,42.62048056594464,46.572296076637386,0.0254736686584316,6.2786552804884215,352.1809355185953,250,16.050219628332524,46.62546158548042,0.0258787285270719,16.00722471091371,14.863676630354036,1.1435480805596754,0.036312757883386455
435,2002.3702667003715,666.8371737478357,276.62168954715776,-14.820318134847977,5862.686547123711,125.1972081174095,46.82761409204672,46.574608334356256,0.0231850377400371,6.2786552804884215,352.1809355185953,250,16.052614204785186,46.750949943491094,0.0251572594480959,16.00953696863258,14.989164988364706,1.0203719802678748,0.03421160151097512
63,411.5661673856716,111.54445758142091,276.71128201087845,-15.047337409336404,5849.570930399495,137.6265690262698,42.5032097492959,46.57703999296774,0.0255439531838647,6.2786552804884215,352.1809355185953,250,16.05513243292405,46.563328448808534,0.0270287317620355,16.011968627244066,14.801543493682146,1.2104251335619196,0.03718932487856614
95,1761.067117375601,143.83512381194925,276.70070609155573,-14.85292739814379,5750.283628487843,128.2232672677417,44.84586729864506,46.5956268554998,0.024209588651055,6.2786552804884215,352.1809355185953,250,16.074381006724817,46.54261966852761,0.0223220815244474,16.030555489776127,14.78083471340122,1.2497207763749074,0.03292991810250015
1055,1794.1941078678085,1608.737364737872,276.4820946388142,-14.854164974620163,5738.482943985669,129.4231873811705,44.33890912518624,46.59785728377598,0.0244863940367734,6.2786552804884215,352.1809355185953,250,16.07669084052313,45.59623520107097,0.0125800558307446,16.032785918052305,13.83445024594458,2.1983356721077243,0.027528917480147727
265,1214.7389984783374,390.42343364362097,276.6662573573286,-14.932729328584328,5734.158864846191,146.1142447863458,39.24435207005936,46.59867571942044,0.0276651274064048,6.2786552804884215,352.1809355185953,250,16.077538413311522,46.68036633068648,0.0264726210087261,16.033604353696767,14.918581375560095,1.1150229781366718,0.038290454913519324
485,1587.2171227306658,739.3829564255442,276.61262803073834,-14.880475428622006,5669.148347183276,130.80664551260702,43.339910789447536,46.61105546787785,0.0250508129856222,6.2786552804884215,352.1809355185953,250,16.090358893443995,46.61976433492407,0.024379143979275,16.045984102154172,14.857979379797683,1.1880047223564887,0.03495548443953879
447,2970.491282031603,687.7768009426148,276.6144570057309,-14.680778848309332,5665.588846864848,127.89374120282228,44.2991876973869,46.61173738549578,0.0245083500721626,6.2786552804884215,352.1809355185953,250,16.091065088024823,46.463048493790325,0.0207454498996969,16.046666019772104,14.701263538663937,1.3454024811081666,0.032109701256793195
270,270.61224241806224,397.53410180562304,276.66920019063934,-15.06883505662413,5660.2386674315785,131.05328104299196,43.19036213656292,46.61276316201187,0.0251375525995161,6.2786552804884215,352.1809355185953,250,16.0921273832314,46.70442294626277,0.0269827031337326,16.0476917962882,14.94263799113638,1.1050538051518188,0.03687767372132605
538,1569.681354711314,814.0581062182671,276.60156421837627,-14.883310573542596,5629.912363536219,131.9370208471235,42.671210304647126,46.618595935230616,0.0254433842454607,6.2786552804884215,352.1809355185953,250,16.098167809127403,46.579643073422645,0.0238310609245018,16.05352456950694,14.817858118296257,1.2356664512106832,0.03486094184971878
625,1810.1915209179656,948.7499188828856,276.580461363872,-14.849188961009112,5620.146256118518,138.82064411587427,40.48494582280827,46.62048097768684,0.0268173756425861,6.2786552804884215,352.1809355185953,250,16.10011996101821,46.752851579702494,0.0275928331882083,16.055409611963164,14.991066624576106,1.0643429873870573,0.038477734856769565
289,656.8091826748416,422.6220610269673,276.6638207581416,-15.013283207425784,5614.646014449332,138.81891262223664,40.445829090509335,46.62154407023869,0.026843311768203,6.2786552804884215,352.1809355185953,250,16.101220900749496,46.84954089548495,0.0310335098547775,16.056472704515016,15.087755940358562,0.9687167641564542,0.04103220833188871
40,1143.3033891580692,73.17205123143572,276.71388600748645,-14.94170184342812,5603.200122781011,139.92283366378973,40.044930309548526,46.62375968688035,0.0271120461843111,6.2786552804884215,352.1809355185953,250,16.103515395603992,46.10686233458708,0.0176051887621896,16.058688321156673,14.34507737946069,1.7136109416959826,0.03232654821741018
424,2347.148479540508,638.0771530929053,276.6245147014143,-14.770479326938474,5595.42610115229,128.8844507507173,43.414283635926886,46.625267110724295,0.025007898531845,6.2786552804884215,352.1809355185953,250,16.10507648527468,46.66488815194599,0.0239841767665781,16.06019574500062,14.9031031968196,1.1570925481810193,0.034650190824142946
576,1035.2258007736243,867.0460219412039,276.5959120909348,-14.960567209057542,5562.25310582621,127.62432555353288,43.58301665220621,46.631723153688284,0.0249110796681174,6.2786552804884215,352.1809355185953,250,16.111762369954725,46.70880538819193,0.0250226844747735,16.06665178796461,14.94702043306554,1.1196313548990702,0.03530859142695107
825,1186.063253001488,1240.506218936324,276.539561147517,-14.940340759336427,5540.2141503271705,137.3715744581432,40.33013505290544,46.636033641218276,0.0269203164972239,6.2786552804884215,352.1809355185953,250,16.116226315238404,44.684899447241584,0.0076537672095275,16.0709622754946,12.923114492115197,3.1478477833794045,0.027987204090590106
922,2473.344205324536,1368.1780226221513,276.5151314063494,-14.755282598544428,5524.80285586603,129.48130165741438,42.66873120015216,46.639058057930704,0.0254448625366232,6.2786552804884215,352.1809355185953,250,16.119358404271342,46.58175594582384,0.0235922427566265,16.07398669220703,14.819970990697456,1.254015701509573,0.03469920673149815
693,1424.5542373752112,1053.490497671481,276.56646116688256,-14.905209469062754,5443.272687277611,127.96993633071156,42.535558298713305,46.655199793266824,0.0255245268529328,6.2786552804884215,352.1809355185953,250,16.13607480185344,46.00206655990826,0.0158903480089014,16.09012842754315,14.24028160478187,1.849846822761279,0.030066669767536348
1121,663.3248270983764,1739.496585678299,276.4672748224554,-15.017650820166244,5365.547290558345,136.2683127454235,39.3748714022919,46.67081495422572,0.0275734233874045,6.2786552804884215,352.1809355185953,250,16.152245878473263,46.45491625020975,0.0227146845322606,16.105743588502044,14.693131295083361,1.4126122934186824,0.03572464934329215
291,2029.4604473384989,425.3556223820432,276.65758193699014,-14.815406063284971,5324.690082773537,130.81491805777972,40.70399738676343,46.67911418354316,0.0266730559577192,6.2786552804884215,352.1809355185953,250,16.160840568821385,46.3716058340531,0.0206034841085989,16.114042817819488,14.609820878926712,1.5042219388927762,0.0337039385166913
390,1262.0750404448022,580.1027860268799,276.6377618923996,-14.926691380543147,5291.351976614882,127.45365937073586,41.51588901204832,46.68593339312052,0.0261514332424609,6.2786552804884215,352.1809355185953,250,16.16790254921675,46.79756864755409,0.0275523120225703,16.120862027396846,15.0357836924277,1.0850783349691469,0.037987199928712315
688,493.7247701323891,1046.7716852889969,276.57136569950546,-15.03933045007097,5270.804488538503,140.44727674161047,37.52870551015045,46.69015775392,0.0289298547669423,6.2786552804884215,352.1809355185953,250,16.172277301570436,46.59791549318588,0.0240980784438789,16.125086388196323,14.836130538059493,1.28895585013683,0.03765174473412507
143,942.7605083790578,231.0012573012007,276.69119656518745,-14.971272258022752,5262.950530047383,137.6250184330475,38.24123397017185,46.69177680214156,0.0283908202556132,6.2786552804884215,352.1809355185953,250,16.173953989560463,46.691355693708445,0.0262411533946943,16.126705436417886,14.929570738582058,1.1971346978358284,0.038660532927915166
191,1082.0623754385272,300.6673407383926,276.6802107437019,-14.951482067272655,5242.311258323287,128.8839184350304,40.67467316309058,46.69604301346196,0.0266922857780993,6.2786552804884215,352.1809355185953,250,16.178372082356308,46.63763839007055,0.0241638314862672,16.130971647738285,14.875853434944162,1.2551182127941232,0.03600512285989926
224,992.0709535995508,350.9204780926073,276.6730963617348,-14.964663378172895,5220.139217824792,133.6444068249929,39.05991535179287,46.700644807887635,0.0277957591618325,6.2786552804884215,352.1809355185953,250,16.183137705358355,45.68740144708785,0.0134447265674498,16.13557344216396,13.925616491961463,2.2099569502024963,0.03087660764812232
437,2917.7807855641468,678.0170547886788,276.6161357901093,-14.688341587648356,5209.193069915811,137.22735778252954,37.96031020411438,46.70292388637961,0.0286009253918669,6.2786552804884215,352.1809355185953,250,16.185497921369787,46.64844707410596,0.0262837790159883,16.137852520655933,14.886662118979572,1.2511904016763609,0.038843918090641215
1006,3025.4820695271787,1504.640088695565,276.4924750303096,-14.676213044587564,5199.760649210977,125.51091048174588,41.42875411589993,46.704891639092764,0.02620643616177,6.2786552804884215,352.1809355185953,250,16.18753572808706,46.76789691650147,0.0264378649003812,16.13982027336909,15.006111961375083,1.1337083119940061,0.03722550196829768
519,2324.854085399957,779.4472267467945,276.603532507861,-14.77428153519562,5169.450169523392,130.1183957122207,39.72881882863453,46.71123913833618,0.0273277694130056,6.2786552804884215,352.1809355185953,250,16.19410920477934,46.90202481424086,0.028859277848436,16.146167772612507,15.140239859114473,1.0059279134980343,0.03974499841519224
572,2473.067689389294,858.7066290205839,276.59108849577314,-14.753235146471454,5143.818640369631,126.36006227318612,40.70762983045127,46.716635901864024,0.0266706758541821,6.2786552804884215,352.1809355185953,250,16.199698098594627,46.49903457001232,0.0212307681275688,16.15156453614035,14.737249614885933,1.414314921254416,0.03408915466545692
945,973.830958804213,1398.055724649818,276.5169397933442,-14.971558119715642,5129.381771393295,127.8725586526676,40.11323324909702,46.71968746146007,0.0270658810587012,6.2786552804884215,352.1809355185953,250,16.20285829682554,46.64738071309555,0.0235986748433957,16.154616095736394,14.885595757969163,1.2690203377672304,0.035909043037208294
611,498.2185726344797,930.4509686482388,276.58870683456354,-15.038213330380758,5093.241376034799,148.94462979988515,34.19553550119822,46.727364375419924,0.0317497586771804,6.2786552804884215,352.1809355185953,250,16.21080851675444,45.02420426521836,0.0096325354935415,16.16229300969625,13.262419310091971,2.899873699604278,0.033178802210048645
1149,2569.4446059497723,1789.654435429925,276.45189043637043,-14.743123944734768,5091.349842685682,125.21364796020136,40.66130110915663,46.72776767216873,0.0267010639203453,6.2786552804884215,352.1809355185953,250,16.211226171278962,46.91323983399275,0.0321922835241519,16.162696306445056,15.15145487886636,1.011241427578696,0.04182451354143581
957,2393.191431886373,1417.7481758454471,276.5080763570314,-14.76704096171911,5088.009478923894,125.61955159691004,40.50332463572532,46.72848024235883,0.0268052069741054,6.2786552804884215,352.1809355185953,250,16.2119641096948,46.01713072634869,0.0158071541610566,16.163408876635152,14.255345771222302,1.9080631054128503,0.031118888855420877
1096,2169.2186616232325,1689.1486121657788,276.46854177081065,-14.800424566697782,5070.501534702111,127.60343084946793,39.73640442852759,46.73222272542712,0.0273225525966449,6.2786552804884215,352.1809355185953,250,16.21583982897845,46.53286189825762,0.0230308619009528,16.167151359703446,14.771076943131234,1.3960744165722119,0.03573433195537852
853,766.1958026210899,1282.629387478851,276.53502907334985,-15.001016747620604,5036.162751810276,136.72240993619047,36.83494720551442,46.73960063018793,0.0294747266486502,6.2786552804884215,352.1809355185953,250,16.223480394675786,46.62203520281886,0.0250101026778594,16.174529264464255,14.86025024769247,1.3142790167717848,0.03865572075346313
766,2456.00690064064,1155.5329930649898,276.5469078404601,-14.756916239422036,5023.563757733937,134.42000781323108,37.37214302735268,46.742320225228895,0.0290510501151988,6.2786552804884215,352.1809355185953,250,16.22629681007477,46.64983963018989,0.0265436720324807,16.17724885950522,14.8880546750635,1.289194184441719,0.039351366402752656
520,504.767676130296,780.3231913186812,276.61108419701395,-15.036660459594373,4953.215124724084,129.19436551486777,38.33925036114725,46.75763204573177,0.0283182375704518,6.2786552804884215,352.1809355185953,250,16.24215374700887,45.57807392327031,0.0125287186768942,16.192560680008093,13.816288968143922,2.3762717118641703,0.030965971174521646
1025,867.5015631465676,1539.823289639524,276.4962274606803,-14.987444326088411,4913.012204803847,134.8998478415449,36.419701603924224,46.766480414176144,0.029810787902859,6.2786552804884215,352.1809355185953,250,16.251317126397094,46.549367658796,0.0233457017989749,16.20140904845247,14.787582703669614,1.413826344782855,0.03786429542294303
768,353.85680656594263,1159.8048888304286,276.5550799484548,-15.059936838136773,4895.755834903481,127.45756668544264,38.41086851270197,46.77030064620065,0.028265437414959,6.2786552804884215,352.1809355185953,250,16.255273362579125,46.752946002219296,0.0259040451884632,16.205229280476978,14.991161047092909,1.2140682333840687,0.03833998577705666
792,1467.48074219991,1195.2011516431553,276.54514219870214,-14.899596428690083,4893.403431569022,140.8031272976149,34.75351382804061,46.77082246619521,0.0312400065608333,6.2786552804884215,352.1809355185953,250,16.25581375989786,46.88214764736013,0.0286418046457045,16.205751100471538,15.12036269223374,1.0853884082377974,0.0423826731493379
302,1833.853054362065,439.6454319813461,276.65628378629594,-14.843672502210849,4873.278054615686,130.36207332032805,37.38263691649779,46.775297042611136,0.0290428950323955,6.2786552804884215,352.1809355185953,250,16.26044763579921,46.91003511506317,0.029531973086179,16.21022567688746,15.14825015993678,1.0619755169506817,0.041420130205318574
215,689.1325543287785,341.69066313749147,276.67575975953565,-15.00828981449638,4861.663368841633,136.10206420047643,35.720717370461564,46.777887811324945,0.0303941264320126,6.2786552804884215,352.1809355185953,250,16.26313063852237,46.682693546363545,0.0268087513575081,16.21281644560127,14.920908591237158,1.291907854364112,0.04052791717956722
1095,595.7705347572161,1688.4137659934988,276.4751780785882,-15.027182485585682,4846.307708005159,139.0605301406153,34.85034684611562,46.78132255802754,0.031153205010957,6.2786552804884215,352.1809355185953,250,16.26668766571175,46.38743293847684,0.021470764990782,16.216251192303865,14.625647983350454,1.5906032089534108,0.03783537936566919
978,556.1585523796126,1459.543336981735,276.50950092678306,-15.031985153764714,4843.985091912211,131.73441449106932,36.77084010754532,46.78184302701279,0.0295261135406372,6.2786552804884215,352.1809355185953,250,16.26722666392386,46.21837059628395,0.0181580498644282,16.216771661289116,14.45658564115756,1.760186020131556,0.03466274881906599
778,2686.321328119162,1170.181687300255,276.54375458995,-14.72376256477977,4829.666972431034,123.088836462037,39.23724613255725,46.7850570586843,0.0276701376119038,6.2786552804884215,352.1809355185953,250,16.270555118401873,46.88367966483729,0.0281964180337339,16.219985692960627,15.1218947097109,1.098090983249726,0.0395053731205613
331,2697.955921368704,488.8489770318412,276.6452672663467,-14.719258029964818,4815.825912369095,126.95068987500558,37.93461789857708,46.78817307370102,0.0286202961870541,6.2786552804884215,352.1809355185953,250,16.27378206673218,46.536250612604945,0.0216844480429239,16.223101707977342,14.774465657478558,1.4486360504987843,0.03590733408039324
1189,936.8121038476056,1871.603482169257,276.446430384484,-14.978766221862884,4814.121855687146,128.19944074962976,37.55181635377805,46.788557324186776,0.0289120502127394,6.2786552804884215,352.1809355185953,250,16.274179996927256,46.14521234536399,0.0173220125499056,16.2234859584631,14.3834273902376,1.8400585682255013,0.03370398739441747
287,3018.9869130338,420.2203962819631,276.6541249769733,-14.672658711224445,4810.924830173841,181.53532635209703,26.50131479557211,46.78927859372203,0.0409677787073945,6.2786552804884215,352.1809355185953,250,16.27492694439382,46.56237281801788,0.0244437530796087,16.224207227998356,14.80058786289149,1.423619365106866,0.047705932092717
338,785.3469619269346,500.8638000583571,276.65160181065994,-14.995080503985037,4797.414156451385,126.67808260288496,37.8709091413271,46.79233199083877,0.0286684429979848,6.2786552804884215,352.1809355185953,250,16.278089045563025,46.62841494626856,0.0245391747863204,16.227260625115093,14.866629991142176,1.3606306339729173,0.03773659660226776
555,1416.1168849763608,834.4253268744377,276.5991740920431,-14.905531767048323,4792.210293951415,129.34164191344811,37.05079217378601,46.79351035241165,0.0293030171907673,6.2786552804884215,352.1809355185953,250,16.279309358010085,45.733713555487185,0.0135008802885054,16.228438986687976,13.971928600360798,2.2565103863271787,0.032263610849484245
1138,1913.5547625266925,1766.202248301109,276.4581127523466,-14.83758719748166,4791.119482358772,134.6455300244501,35.583204889822625,46.79375751778558,0.0305115855460936,6.2786552804884215,352.1809355185953,250,16.27956532272349,46.84405871627858,0.0289255447977078,16.228686152061904,15.082273761152194,1.1464123909097097,0.042043358505009905
1102,2071.3528482796287,1700.6757095073583,276.4672298185917,-14.81457912926355,4774.298964104877,128.45562224783353,37.16691321531781,46.79757599464101,0.0292114654157651,6.2786552804884215,352.1809355185953,250,16.28351974125063,46.927687216950915,0.0302734815726144,16.232504628917333,15.165902261824527,1.0666023670928055,0.04206891249205123
411,1801.501343241061,622.3356867333365,276.62917729008774,-14.84909708601316,4771.610912106553,130.38801986175417,36.59547032898976,46.79818746394877,0.0296676061337553,6.2786552804884215,352.1809355185953,250,16.284152979489576,46.51806817317589,0.0218793561591614,16.233116098225096,14.756283218049504,1.4768328801755928,0.03686289570349932
669,2549.322261900308,1015.8313742666352,276.56734198253025,-14.742886211661252,4760.397497936327,127.6811661075445,37.28347447834784,46.80074197603817,0.0291201400939849,6.2786552804884215,352.1809355185953,250,16.286798434815502,46.37988748441306,0.0195339915076085,16.235670610314493,14.618102529286674,1.6175680810278195,0.03506507355350375
789,1043.919415820985,1185.3167821187826,276.5483896887424,-14.960604241615403,4757.418505735259,133.7789535436832,35.561785914118445,46.80142162771262,0.0305299627702039,6.2786552804884215,352.1809355185953,250,16.287502282782953,46.60934899971184,0.0251886725597073,16.236350261988946,14.847564044585454,1.3887862174034922,0.03957963936255847
569,335.3477497084657,857.1007895965549,276.60033743296,-15.061384297534604,4748.794206627179,131.83822124410565,36.01985950519257,46.803391648084485,0.0301417055733792,6.2786552804884215,352.1809355185953,250,16.28954243788989,46.800674524384505,0.0294355519750262,16.23832028236081,15.038889569258117,1.199430713102693,0.04213044190305565
150,754.3438485345462,238.423798672515,276.6908908901712,-14.998461966310428,4720.741910584678,132.5670962494456,35.61020829559296,46.80982437766234,0.0304884484524164,6.2786552804884215,352.1809355185953,250,16.296204179203478,46.79999634330491,0.0292152003938954,16.244753011938663,15.038211388178524,1.2065416237601383,0.04222645406722091
303,308.6045212245073,441.9239136595327,276.662414467963,-15.063543070534102,4666.156205978652,133.13399971521807,35.04856923069878,46.82245183841883,0.0309770134368008,6.2786552804884215,352.1809355185953,250,16.309281190445596,46.77309761691165,0.0281397716879803,16.257380472695154,15.011312661785261,1.2460678109098922,0.04184999536577507
156,1160.3671238959892,245.6433232816527,276.68808566629286,-14.939964361099353,4663.852407888102,133.4716466869748,34.9426453007359,46.822988025929405,0.0310709160870867,6.2786552804884215,352.1809355185953,250,16.309836466778584,46.8465605209459,0.0303197781369399,16.25791666020573,15.084775565819513,1.1731410943862173,0.04341302538137652
384,291.17487057618854,574.9734737150463,276.6426309242368,-15.066600480882514,4659.033509056346,131.42033651690318,35.45138927914025,46.82411043661667,0.030625033942995,6.2786552804884215,352.1809355185953,250,16.31099883643141,46.92615734135022,0.0304016480731963,16.259039070892996,15.164372386223832,1.0946666846691642,0.043152669785032724
1143,2043.9537920151508,1787.0584703575462,276.4544609744489,-14.818873130543734,4633.754682810686,135.12201208109957,34.29311487775603,46.83001742685496,0.0316594162959583,6.2786552804884215,352.1809355185953,250,16.317116121548572,46.82340879284844,0.0282380588944664,16.264946061131283,15.061623837722053,1.2033222234092307,0.042422949099846216
375,1114.882956925417,563.9327928243018,276.64079726466366,-14.947842369188244,4623.432726328232,130.43260039097555,35.44691060723589,46.83243866475499,0.0306289033769383,6.2786552804884215,352.1809355185953,250,16.319623557988024,46.885125936766435,0.0287760453588498,16.267367299031314,15.123340981640048,1.1440263173912655,0.04202606939232366
564,1735.7181540030872,845.630218078259,276.5961545526948,-14.859503020395833,4576.703504198144,127.62664371941848,35.86009449766479,46.8434680763457,0.0302759938368456,6.2786552804884215,352.1809355185953,250,16.331045627883718,46.831749948792464,0.0272964773433054,16.278396710622026,15.069964993666076,1.2084317169559498,0.040764365298165725
507,1137.5686723972092,765.2052786909426,276.61067469198287,-14.945399909681312,4574.361125536292,142.16347427178482,32.17676797059092,46.844023903558565,0.0337417356830963,6.2786552804884215,352.1809355185953,250,16.331621243112426,45.67908253290573,0.0137798180164693,16.27895253783489,13.917297577779344,2.361654960055546,0.03644705902367084
1147,1916.9018670318976,1789.936130987831,276.4545590293439,-14.837199052761044,4560.926031531155,151.17098995741105,30.17064340728397,46.84721744925487,0.0359853114613354,6.2786552804884215,352.1809355185953,250,16.33492848229361,46.66140148516307,0.0267000790372794,16.282146083531195,14.899616530036681,1.3825295534945141,0.044808892661683614
253,1061.5438172072086,376.8183908731631,276.6689376782832,-14.954756548767852,4553.9675208820845,132.1514090663633,34.46022674336518,46.8488751994781,0.0315058867164603,6.2786552804884215,352.1809355185953,250,16.33664525011605,46.90979400198135,0.0306821777873083,16.283803833754426,15.148009046854966,1.13579478689946,0.043977459357748536
1069,2672.654231120139,1639.7357188548838,276.47381175060247,-14.727640521527483,4526.48101569782,124.38967697070188,36.389523037060094,46.855448263539664,0.0298355105917242,6.2786552804884215,352.1809355185953,250,16.343452321964126,46.81985943662848,0.027341992995182,16.29037689781599,15.05807448150209,1.2323024163138996,0.04046902856775127
1126,594.4169331970504,1742.2262191756854,276.4671521320949,-15.027589000750552,4509.415116420307,132.21699675941414,34.106168094452855,46.85954948083415,0.0318329516524192,6.2786552804884215,352.1809355185953,250,16.347699546778408,47.0324643431333,0.0317946905778998,16.294478115110472,15.270679388006911,1.0237987271035607,0.04499154542633147
748,378.0077438357029,1128.4349790506888,276.5596612723183,-15.056331528428572,4508.968941256491,147.70257658692154,30.52735467077656,46.85965691217136,0.0355648241293349,6.2786552804884215,352.1809355185953,250,16.34781080278083,45.83138104032811,0.0154194212414234,16.294585546447685,14.069596085201724,2.2249894612459613,0.03876358170720271
1212,260.9648487194711,1919.283474483044,276.4420976598377,-15.076315109160584,4506.876716595463,141.8689570029566,31.76788503845516,46.860160825878395,0.0341760239526728,6.2786552804884215,352.1809355185953,250,16.348332656329934,46.828357483400374,0.0310652213830442,16.29508946015472,15.066572528273987,1.2285169318807334,0.04618493902552229
325,885.4026502372545,483.63205035423766,276.6537491686064,-14.98058825075407,4497.386626594438,129.46464226641868,34.73833896161004,46.86244946132207,0.0312536532388559,6.2786552804884215,352.1809355185953,250,16.350702769530308,46.805736000431125,0.0300033931668074,16.297378095598397,15.043951045304738,1.2534270502936593,0.04332429390419044
941,1788.545381613029,1390.9656866845692,276.5145989803623,-14.854105663146369,4484.416207061615,128.98725060457744,34.766352380120225,46.86558523798685,0.0312284702211329,6.2786552804884215,352.1809355185953,250,16.35395018304351,46.553637264520916,0.0239959526527637,16.300513872263174,14.791852309394528,1.508661562868646,0.039383030559694894
1068,2236.6284489614923,1639.0777146296573,276.4757277748405,-14.790505790075454,4483.353821596131,139.4898249175629,32.14108143189475,46.86584248596824,0.0337791994429478,6.2786552804884215,352.1809355185953,250,16.354216589315477,46.79964484507741,0.0283078895874162,16.300771120244562,15.037859889951022,1.2629112302935397,0.04407233744538394
877,2436.8192677002044,1311.6655210170452,276.52371025151825,-14.760319782742704,4449.805108034809,122.85198836221994,36.22086355586602,46.873997546114595,0.029974437200412,6.2786552804884215,352.1809355185953,250,16.362661977922947,44.92354937146852,0.0085973695078305,16.30892618039092,13.16176441634213,3.1471617640487892,0.0311830346171699
337,1589.5733379959722,493.9337356657955,276.6492259351294,-14.879120323445203,4393.017178120936,133.8673298689269,32.81620080435052,46.887942767928045,0.0330842685438488,6.2786552804884215,352.1809355185953,250,16.37710366386006,46.877304946930664,0.0289701698857205,16.32287140220437,15.115519991804277,1.2073514104000935,0.04397544278673053
1161,2960.866966156975,1814.7814132866347,276.44651566563164,-14.68678317294019,4378.67837861969,136.68470551685843,32.034881752586664,46.89149240494345,0.0338911817557227,6.2786552804884215,352.1809355185953,250,16.380779671574597,46.85432304292094,0.0283516836321939,16.326421039219774,15.092538087794551,1.2338829514252225,0.044186311970783924
231,1340.056193393177,360.894505125296,276.67012934940163,-14.914540328526948,4376.399826428329,128.033640328447,34.18164019394803,46.89205754133778,0.0317626653911191,6.2786552804884215,352.1809355185953,250,16.381364927401126,46.77700804723696,0.0283197956086342,16.326986175614103,15.015223092110574,1.3117630835035285,0.04255440912600023
540,614.6659026024688,817.5147180209345,276.60507182241435,-15.020975230145847,4356.936036963161,133.3385208460225,32.67574898325512,46.89689706113256,0.0332264763251906,6.2786552804884215,352.1809355185953,250,16.386376739037946,46.88086377296129,0.0325633254433238,16.331825695408888,15.119078817834904,1.2127468775739842,0.04652277821579737
27,1912.406293743393,47.32528966783134,276.7144490023133,-14.830695255532245,4356.463817321928,139.39306941525066,31.253087657780625,46.89701474331637,0.0347389676146033,6.2786552804884215,352.1809355185953,250,16.386498610827555,47.01348329983509,0.0325693665907594,16.331943377592694,15.2516983447087,1.0802450328839939,0.04761889867533406
503,2534.2938368367863,756.2267917830862,276.6061066383567,-14.743980396404451,4353.093356845813,120.60953827006222,36.09244690995008,46.89785506873708,0.0300810860152762,6.2786552804884215,352.1809355185953,250,16.387368852690553,46.77407133050862,0.0267253052625672,16.332783703013405,15.012286375382232,1.3204973276311733,0.04023821165553767
72,1398.0396140118528,122.30672141760574,276.70546867979016,-14.90518211512278,4352.759230109048,135.70545106286343,32.07505075159214,46.89793840887904,0.0338487383358577,6.2786552804884215,352.1809355185953,250,16.387455159826594,45.25005964590879,0.0105132480679346,16.332867043155368,13.488274690782404,2.8445923523729633,0.03544383545649784
82,1285.044345445364,131.20920917460003,276.7046235156505,-14.921510819046002,4351.467911994463,152.9840795779432,28.44392647914356,46.89826055829364,0.038169835686929,6.2786552804884215,352.1809355185953,250,16.387788778089007,47.280722674063284,0.054085402872678,16.333189192569968,15.518937718936897,0.814251473633071,0.06619793924486655
597,714.3602423667171,901.806553318092,276.5920743507893,-15.006951188700462,4344.207616585714,139.78431095718645,31.077934189025484,46.90007358992949,0.0349347544594322,6.2786552804884215,352.1809355185953,250,16.389666355500783,46.87225472500515,0.0316724999091657,16.335002224205816,15.110469769878762,1.2245324543270542,0.047154897090725574
874,1663.08977852976,1306.6175310267834,276.52770420301226,-14.871850271091931,4336.769051576557,125.86771099160492,34.45497671651318,46.90193428409497,0.0315106873800224,6.2786552804884215,352.1809355185953,250,16.39159329227686,46.908350383139776,0.0294772955501649,16.336862918371295,15.146565428013389,1.1902974903579064,0.04314897880730521
124,2298.877506705124,197.4611033009917,276.69040900638765,-14.775592445032313,4318.611758871266,135.24570832690551,31.93159925217479,46.90648961433899,0.034000802509948,6.2786552804884215,352.1809355185953,250,16.396310796924965,46.82273596206484,0.0289253211184516,16.341418248615312,15.060951006938453,1.2804672416768597,0.04463999073841781
602,2943.48343110591,913.6211055898244,276.5809113395269,-14.685614900888668,4312.320939277735,122.7034495815682,35.144251885201335,46.908072333620595,0.030892676376963,6.2786552804884215,352.1809355185953,250,16.397949862627712,46.915915255197476,0.0286891500206403,16.34300096789692,15.154130300071088,1.1888706678258316,0.04215951592035389
209,2460.350365147266,329.9281281049839,276.6699707937757,-14.75286171809902,4297.180771757616,122.6467892636162,35.03704253130739,46.91189096227516,0.0309872044431224,6.2786552804884215,352.1809355185953,250,16.40190443835819,46.85751007198378,0.0269822300296171,16.346819596551484,15.095725116857395,1.251094479694089,0.04108829001760764
1058,1164.9904638254482,1619.6285939248648,276.4830845772721,-14.94489309773946,4289.228333409759,131.75117263813834,32.55552301754729,46.91390210630368,0.0333491800888842,6.2786552804884215,352.1809355185953,250,16.403987181165924,46.51493040436521,0.0237985504259869,16.348830740580006,14.753145449238822,1.5956852913411836,0.040969974554288795
1218,1878.9747781820968,1922.3033383188624,276.43497360657835,-14.843190356577432,4289.057134407834,128.6334155603074,33.34325778201068,46.91394544292504,0.0325613054098677,6.2786552804884215,352.1809355185953,250,16.404032060615222,46.932179087519,0.0294641365267466,16.348874077201366,15.170394132392616,1.1784799448087497,0.04391325484704411
391,1404.7468736339388,580.2262582359315,276.6371391939307,-14.906124522502845,4279.798411061143,126.56723761831536,33.81442537260384,46.916291738764926,0.0321075986960176,6.2786552804884215,352.1809355185953,250,16.406461886980725,45.530667276066765,0.0123091907394684,16.35122037304125,13.768882320940378,2.582338052100873,0.03438624827871057
171,1681.925357470908,272.8738799658532,276.6818011043053,-14.864881851791424,4266.134384151286,135.09346755560006,31.579131554939803,46.91976369243376,0.0343802994743903,6.2786552804884215,352.1809355185953,250,16.410057445742304,45.933179227020034,0.015845542420717,16.354692326710087,14.171394271893647,2.18329805481644,0.03785612508637808
1110,1485.254108133088,1716.6623160431222,276.4672792892092,-14.899123366013402,4231.023111310205,124.4533907629979,33.99684882324765,46.928736527669344,0.031935312759269,6.2786552804884215,352.1809355185953,250,16.41934972306648,46.88893687969799,0.0281344306198019,16.36366516194567,15.1271519245716,1.2365132373740693,0.04256066713918823
1042,827.0674063360979,1581.5838954835235,276.490163427647,-14.993436006486371,4228.967458400206,128.01293056252334,33.03547102481743,46.92926416344254,0.0328646744338648,6.2786552804884215,352.1809355185953,250,16.4198961432115,46.31153465042861,0.0191784558280893,16.364192797718864,14.549749695302225,1.8144431024166394,0.03805128110318888
999,2504.0475066827244,1499.4330081630665,276.49543358207086,-14.751386868913238,4218.564067590778,129.93377522069474,32.46703222795978,46.931938398804604,0.0334400752239073,6.2786552804884215,352.1809355185953,250,16.422665584080747,44.08741032567826,0.0056268136289617,16.36686703308093,12.325625370551876,4.041241662529053,0.03391017048903836
162,1699.0242604944704,260.2982249485536,276.68360356309347,-14.862363574715202,4202.336162200692,136.94353992895873,30.68663307798754,46.936123045514464,0.035380225560777,6.2786552804884215,352.1809355185953,250,16.426999208482712,46.398392910133566,0.0214539306437596,16.37105167979079,14.636607955007179,1.7344437247836098,0.04137670239154766
994,2687.2227243921498,1492.7862270221704,276.4956583141575,-14.724946474823437,4183.111479551182,128.288668975805,32.607022217528105,46.941101425069064,0.0332965087322931,6.2786552804884215,352.1809355185953,250,16.432154823428466,47.10351509728051,0.0342134003056009,16.37603005934539,15.34173014215412,1.0342999171912695,0.04774111701909541
936,857.4267517439603,1388.9291950709833,276.5187863385324,-14.988295579670888,4174.305152140383,130.28252807051504,32.04040644560607,46.943389536924904,0.0338853379354958,6.2786552804884215,352.1809355185953,250,16.434524394400732,46.832873031284805,0.028432666440907,16.37831817120123,15.071088076158418,1.3072300950428115,0.044233840528973174
129,830.6190667349051,206.71877485181545,276.6952967203768,-14.987335654848671,4170.704550082359,125.29192325118018,33.28789631332499,46.944326457167165,0.0326154584771822,6.2786552804884215,352.1809355185953,250,16.435494669959468,46.00673925030645,0.0160350546159293,16.37925509144349,14.244954295180065,2.1343007962634246,0.036344065653317215
839,2752.337774216881,1256.092733789542,276.53067003184253,-14.71459342810336,4161.805672140967,143.40530085987925,29.021281969258936,46.94664552726208,0.037410476944128,6.2786552804884215,352.1809355185953,250,16.437896301315714,46.20406271692885,0.0186995771485879,16.381574161538403,14.442277761802465,1.9392963997359374,0.041823653244583064
1086,2479.232230164021,1666.9650739517904,276.47055867795007,-14.75563960799998,4156.337628973968,122.02443458658207,34.061519260921884,46.9480729740073,0.0318746792144883,6.2786552804884215,352.1809355185953,250,16.43937456662137,46.46088261468306,0.0221019728165641,16.383001608283628,14.69909765955667,1.6839039487269574,0.0387877864463889
614,2612.563310503661,931.8102056857412,276.57960037236256,-14.733419343938902,4144.461377651809,122.8509352931506,33.73569251029445,46.95117977970766,0.0321825318887021,6.2786552804884215,352.1809355185953,250,16.442591977774264,46.52600480107296,0.0216981003502085,16.386108413983983,14.76421984594657,1.6218885680374129,0.038813952614685426
241,2149.615456469767,368.1644671332339,276.6655970844203,-14.797838690541608,4132.388489445846,133.8218403290034,30.879776270347907,46.95434716375544,0.0351589334875633,6.2786552804884215,352.1809355185953,250,16.44587212392555,46.70697497980366,0.0267453739815785,16.38927579803177,14.945190024677274,1.4440857733544945,0.04417539624493929
845,1901.930643337752,1262.8177905958528,276.533236842936,-14.837242355045383,4117.294307956618,124.15049823554818,33.16373567945704,46.95832024199716,0.0327375664338238,6.2786552804884215,352.1809355185953,250,16.449986647806053,46.71530140582857,0.0245262148617998,16.393248876273482,14.953516450702182,1.4397324255713002,0.04090578775009957
548,414.9188547809796,827.7015485125747,276.6043910963174,-15.049799805230252,4098.061641680339,131.77455810133395,31.09903535801616,46.96340380511141,0.0349110506966302,6.2786552804884215,352.1809355185953,250,16.4552511909535,46.79271375526301,0.027316158440284,16.398332439387737,15.030928800136621,1.3674036392511155,0.04432780135171811
217,1525.7866878071595,343.855616287902,276.6718804229213,-14.88769182499126,4090.855399340653,126.86798438766316,32.244978266860954,46.9653147000903,0.0336703591801084,6.2786552804884215,352.1809355185953,250,16.457230115743158,47.17827737259074,0.0387487004143546,16.40024333436663,15.416492417464355,0.9837509169022738,0.05133375956540603
152,2034.3250302611443,239.66667796030168,276.68524820407987,-14.813925151741296,4082.855212876748,125.8658300135442,32.43815428251972,46.967440073809655,0.0334698451257155,6.2786552804884215,352.1809355185953,250,16.459431154935256,46.51259166640469,0.0223922302769412,16.40236870808598,14.750806711278301,1.6515619968076791,0.040269622664173846
823,2153.6087838682324,1238.6804682529516,276.5357809891213,-14.800858925229749,4075.461145757408,125.68334172435937,32.426422546079706,46.969408129035045,0.0334819543678357,6.2786552804884215,352.1809355185953,250,16.46146927493451,46.769878642378984,0.0260153713579055,16.40433676331137,15.008093687252597,1.3962430760587736,0.04240095299848297
199,1462.6418864027744,312.06880535645786,276.676890207624,-14.896663166119408,4068.7610066302,127.73847504413118,31.85227477644869,46.97119456981046,0.0340854776501789,6.2786552804884215,352.1809355185953,250,16.46331931482407,47.03219238094544,0.0317007666160517,16.406123204086782,15.270407425819052,1.1357157782677305,0.046548452076156335
357,1647.8564986597694,530.2904722508945,276.6435561953535,-14.870868157450303,4053.1753722787535,127.75187423678784,31.72693470442713,46.9753615338129,0.0342201353554808,6.2786552804884215,352.1809355185953,250,16.467634626996198,46.814382357463785,0.0276879015858779,16.410290168089226,15.052597402337398,1.3576927657518283,0.04401860468002919
184,661.025396843266,291.6025757457126,276.6833528357582,-15.01213315478324,4038.05994922854,138.82655658585895,29.08708570273551,46.97941811615046,0.0373258431970685,6.2786552804884215,352.1809355185953,250,16.47183562780355,46.92338716628951,0.0304290916971358,16.414346750426787,15.161602211163121,1.2527445392636665,0.04815753515167531
514,1544.4489353971046,770.8898323204882,276.60810943822446,-14.886770794896126,4027.944568286068,127.69884408314287,31.542529591446662,46.982141308543376,0.0344201943871492,6.2786552804884215,352.1809355185953,250,16.474655768623894,45.991053501707256,0.0161096709998287,16.4170699428197,14.229268546580869,2.1878013962388323,0.038003569324102426
1111,2325.961175913003,1722.8643486871454,276.46286196911444,-14.777961984846526,4019.198774770077,117.99930703049635,34.06120659447037,46.98450130835785,0.0318749718096086,6.2786552804884215,352.1809355185953,250,16.477099786839464,45.90942884091803,0.0155984601691758,16.419429942634174,14.147643885791645,2.2717860568425294,0.03548698053529924
31,2164.822789401368,57.31936647170685,276.7118763527234,-14.794333608043978,4009.0506037279847,134.68175700017866,29.76684216944591,46.98724617640105,0.0364734691647746,6.2786552804884215,352.1809355185953,250,16.479942374985356,46.89028648000597,0.0305830082622292,16.422174810677376,15.128501524879582,1.2936732857977944,0.04759868010020176
93,557.02816010305,145.15075559317654,276.7056478595906,-15.02651297375532,4005.9715689304,131.3865401472941,30.48996924981361,46.98808036491555,0.0356084321077705,6.2786552804884215,352.1809355185953,250,16.48080626146201,47.346811817404834,0.0439279926985395,16.42300899919187,15.585026862278447,0.8379821369134248,0.05654758155479898
950,337.98675857841874,1405.9463227398303,276.51840673382384,-15.063204418276342,4001.458421689575,127.60914523875354,31.35714461689204,46.98930425020242,0.0346236882619451,6.2786552804884215,352.1809355185953,250,16.48207371831373,46.03277439450653,0.0160388509398034,16.424232884478748,14.270989439380145,2.153243445098603,0.03815815153187569
975,2845.554664682525,1454.7805067771196,276.5006609101269,-14.701959483011432,3994.9288062550186,131.81947277517347,30.30605965985485,46.991077411319836,0.0358245186667464,6.2786552804884215,352.1809355185953,250,16.483910005775922,47.03049203045386,0.0373547240565086,16.42600604559616,15.26870707532747,1.157298970268691,0.05175685024266801
136,1466.4847433767434,212.1171189232088,276.6917813908203,-14.895690737455777,3982.0354975861264,135.005707300972,29.495312288604683,46.99458720368651,0.0368092390199731,6.2786552804884215,352.1809355185953,250,16.487544750331587,46.962128422523165,0.0324229571860304,16.429515837962832,15.200343467396777,1.2291723705660544,0.04905270869092421
758,314.6329698973291,1146.9107982567127,276.5571682134564,-15.065536310310836,3970.223874206451,127.83112479161358,31.05835046573039,46.99781253021865,0.0349567824343393,6.2786552804884215,352.1809355185953,250,16.490884901778788,46.92124303109709,0.0293992087386752,16.432741164494978,15.159458075970704,1.2732830885242734,0.045675924868818246
343,2763.220295005224,507.3681193500965,276.6422286180936,-14.7099216992946,3969.34362307316,121.72639468810516,32.60873398282809,46.998053278982084,0.0332947608628944,6.2786552804884215,352.1809355185953,250,16.491134221443822,46.530576851594645,0.0220471855425369,16.43298191325841,14.768791896468258,1.664190016790151,0.039932687002809775
885,1801.7901753166584,1322.2624625140832,276.52479049386494,-14.85191925280184,3965.992581966333,128.60736623536718,30.837989285217787,46.99897027777725,0.0352065755636159,6.2786552804884215,352.1809355185953,250,16.492083866331622,46.31507090787253,0.0203163473566384,16.43389891205357,14.553285952746144,1.8806129593074274,0.040647963452455825
374,896.2943967200341,563.7374039134179,276.641751365991,-14.97934870280474,3945.435908331303,126.11660093250818,31.284033023080912,47.004612539492996,0.0347046047163735,6.2786552804884215,352.1809355185953,250,16.497926998320757,46.42335374374959,0.0219635259305706,16.43954117376932,14.6615687886232,1.7779723851461213,0.041070744573510974
179,448.94493368619806,282.42207514357244,276.6856233011431,-15.042660504705546,3936.6441742640745,126.04685053737713,31.23159489888824,47.00703461788804,0.0347628740547812,6.2786552804884215,352.1809355185953,250,16.5004353051777,46.75310055542353,0.026538263645156,16.441963252164363,14.991315600297142,1.4506476518672216,0.043734847088430395
259,726.5550031488692,384.32230601446327,276.6692399035119,-15.00307270542049,3930.972666152637,140.94004442888792,27.89109853116324,47.00859996172307,0.0389263979253785,6.2786552804884215,352.1809355185953,250,16.50205637685025,46.51514148771231,0.0260959047559152,16.443528595999396,14.753356532585926,1.6901720634134705,0.04686427957917105
713,1027.9259052390871,1073.74579460546,276.56510331861324,-14.962458761627234,3926.6538097184384,127.90470865753956,30.699837800591983,47.00979348734569,0.0353650076932675,6.2786552804884215,352.1809355185953,250,16.50329239320269,46.812210911682044,0.0290811971344479,16.444722121622014,15.050425956555657,1.3942961650663577,0.04578645865228594
1036,1402.292494405072,1565.8121884453367,276.4901278474358,-14.910480261944455,3917.3483842920978,123.64587102943656,31.68199917779292,47.01236952997692,0.0342686707965388,6.2786552804884215,352.1809355185953,250,16.505960145579696,46.898710563119735,0.0289865277000904,16.447298164253247,15.136925607993348,1.3103725562598996,0.04488385663320009
429,713.1604760880236,656.4383953662287,276.62869322901463,-15.00612355029761,3876.261544643552,128.3322671313406,30.204886357040856,47.023817339921024,0.0359445153067732,6.2786552804884215,352.1809355185953,250,16.517815509237018,47.01499096972344,0.0337935784982029,16.45874597419735,15.253206014597055,1.2055399596002943,0.049335728720198854
895,664.7226196315795,1336.086885471696,276.52747438207604,-15.015851828392876,3875.486629872176,125.97526124854792,30.763870552535547,47.02403441431682,0.0352913980100763,6.2786552804884215,352.1809355185953,250,16.51804031170277,46.93535432935205,0.0299468842274334,16.458963048593148,15.173569374225664,1.2853936743674836,0.04628497216631892
187,1158.5810223466235,294.7534363161828,276.6807674073352,-14.94042676022413,3868.474909887329,133.07864134999804,29.069089304219787,47.026000560529326,0.0373489512739016,6.2786552804884215,352.1809355185953,250,16.52007645472633,47.2564712398528,0.0427490343083934,16.46092919480565,15.494686284726413,0.966242910079238,0.05676639935349495
1172,2756.566578386502,1836.857026028603,276.44407488271725,-14.716331754239228,3868.3345618270105,120.46016076304583,32.11297857584894,47.02603995169462,0.0338087604497864,6.2786552804884215,352.1809355185953,250,16.520117248257293,46.93717223711707,0.0294678009383187,16.460968585970946,15.17538728199068,1.2855813039802655,0.04484845120281655
317,1699.0848618854684,472.3836413296603,276.6519746650633,-14.863241167648384,3867.407822959911,125.260090849155,30.875020102111,47.02630009322859,0.0351643495748126,6.2786552804884215,352.1809355185953,250,16.520386651095276,46.59578458891545,0.0229015665720579,16.461228727504917,14.833999633789062,1.6272290937158544,0.041964428179995766
333,565.4858752988354,491.3436222633976,276.6539527254449,-15.026727915999128,3852.9692563387216,131.55083013145864,29.288825106526904,47.03036116243316,0.0370687453679408,6.2786552804884215,352.1809355185953,250,16.52459229850668,47.0415665339569,0.0337049178153751,16.465289796709484,15.279781578830516,1.1855082178789687,0.05010103160708792
971,936.9415915113094,1450.0463518463305,276.5093355247122,-14.977081344027171,3843.2144292080775,126.64135846472088,30.34722997131069,47.03311348100852,0.0357759176381629,6.2786552804884215,352.1809355185953,250,16.527442602431275,46.87422310498567,0.0278914759729629,16.468042115284845,15.11243814985928,1.3556039654255656,0.045363539487158426
522,2654.46956571495,785.0880710369255,276.60129466416043,-14.726767691135889,3836.5532894200296,132.08135910005993,29.04689439570045,47.03499693444395,0.0373774898345313,6.2786552804884215,352.1809355185953,250,16.529393108730535,46.92729502656101,0.0301984150670527,16.469925568720278,15.165510071434625,1.3044154972856532,0.04805227381604835
198,853.3911287433298,311.31810023506654,276.67959394412253,-14.98448859650599,3829.2073084573785,147.21788901989152,26.010475587922546,47.03707782383,0.0417408746076186,6.2786552804884215,352.1809355185953,250,16.531548079901672,47.230117862866365,0.0475240319695204,16.47200645810633,15.468332907739978,1.0036735503663508,0.0632521480081818
159,2091.443862923801,247.65849505663687,276.6838125023989,-14.805721360702128,3808.437764660979,126.6445106254234,30.071873986904965,47.04298286419947,0.0361035032426903,6.2786552804884215,352.1809355185953,250,16.537663345732703,46.71665902877888,0.0251173671380943,16.477911498475798,14.95487407365249,1.5230374248233076,0.043981190051484154
628,2279.7030531568707,959.1825703782482,276.5769256470726,-14.78153434110656,3805.1231772387982,126.49281012486436,30.081734870801444,47.04392822152252,0.036091668404864,6.2786552804884215,352.1809355185953,250,16.53864235874092,47.14424880369818,0.0327565692128411,16.478856855798846,15.382463848571795,1.09639300722705,0.048740141104045925
657,2859.558787083589,1005.6201925995338,276.56755390949274,-14.698100602172438,3798.727525219088,118.62147663519308,32.02394400216113,47.04575466258774,0.0339027572595908,6.2786552804884215,352.1809355185953,250,16.540533822971415,47.21564467200817,0.0358745500411508,16.480683296864065,15.45385971688178,1.0268235799822847,0.04935970310342
28,493.9651523186657,53.45283579085113,276.7195995699845,-15.0352193460178,3792.2113689751714,134.63051452780977,28.167547173652363,47.04761868193666,0.0385443572103272,6.2786552804884215,352.1809355185953,250,16.542464203310857,47.07571465643687,0.0405275095845108,16.482547316212987,15.313929701310485,1.1686176149025016,0.05592983556099479
646,810.4369708523265,991.2404529372023,276.578325781384,-14.993468271407066,3789.182749476109,134.883178718455,28.09232986260922,47.04848614297723,0.0386475598609947,6.2786552804884215,352.1809355185953,250,16.54336254684947,47.097747672149396,0.0371039845437464,16.483414777253557,15.335962717023008,1.147452060230549,0.05357554994801024
828,482.6749394124509,1240.9378468332636,276.5424332520913,-15.041701777860563,3772.7542312847218,128.95493513210852,29.25637725628496,47.053203734541206,0.0371098578094376,6.2786552804884215,352.1809355185953,250,16.54824808948607,46.80142924363853,0.0279805679861466,16.48813236881753,15.039644288512143,1.4484880803053883,0.046476378209409225
891,743.581546343342,1329.1501124665103,276.52818110316144,-15.004461370333429,3771.7242424636206,128.06250359042485,29.45221385431068,47.053500188739974,0.0368631032414256,6.2786552804884215,352.1809355185953,250,16.548555097756754,45.99192956710894,0.0160420203523852,16.4884288230163,14.230144611982553,2.2582842110337467,0.040202422782393894
908,1783.0819884546816,1350.7958316875154,276.520613079488,-14.854731324233748,3752.899311279878,125.2475408215123,29.963856269466064,47.05893274010525,0.0362336539808581,6.2786552804884215,352.1809355185953,250,16.554181053492997,47.03847284426533,0.035523374957124,16.493861374381574,15.276687889138941,1.2171734852426326,0.05074236739795433
808,1238.482298564422,1210.854007135796,276.5437657563617,-14.932666348519003,3750.303495365515,129.7522054560247,28.903581886602755,47.05968398500804,0.0375628184859413,6.2786552804884215,352.1809355185953,250,16.55495904348076,47.05099539272274,0.0328322838198102,16.494612619284368,15.289210437596353,1.2054021816880152,0.049889118988335965
490,680.3672790629367,745.0640529975627,276.61560679834554,-15.011211908849484,3731.557662072126,123.25759143397852,30.27446519649778,47.06512462926912,0.0358619051716757,6.2786552804884215,352.1809355185953,250,16.560593380228156,47.06512709321733,0.0342462549351658,16.500053263545446,15.30334213809094,1.196711125454506,0.04958711747648403
334,980.4204470900604,491.0306294386702,276.65224280140524,-14.96692318265131,3727.4760997179255,127.33766392232052,29.2723769613976,47.06631285299991,0.0370895742915495,6.2786552804884215,352.1809355185953,250,16.561823905935995,46.260662778309225,0.01966373378431,16.501241487276232,14.498877823182838,2.0023636640933944,0.04197974449027274
660,1006.0557288646056,1007.4275284903767,276.5750898488085,-14.965342120369655,3708.628330665611,127.49791568868676,29.08775653808345,47.07181674263802,0.0373249823711407,6.2786552804884215,352.1809355185953,250,16.567523739660366,47.025313109865266,0.031550498433661,16.506745376914346,15.263528154738879,1.243217222175467,0.04887318549489494
115,1264.4169069074642,177.55960524327344,276.6977979302417,-14.924679133183576,3703.1935648568615,148.608772110075,24.919077873235462,47.07340898895577,0.043569027936066,6.2786552804884215,352.1809355185953,250,16.569172671571458,46.97677676298126,0.0391700854615048,16.508337623232094,15.214991807854872,1.2933458153772222,0.058588017463942994
1253,2176.552879645261,1988.9641241147085,276.42380055689256,-14.800559223232112,3702.8916757043335,127.51041116748829,29.03991636291164,47.07349750319028,0.0373864713118321,6.2786552804884215,352.1809355185953,250,16.569264337003023,46.99267436217273,0.0310394920487747,16.508426137466607,15.230889407046341,1.277536730420266,0.048592162987424144
1082,1886.4937782170289,1662.6804318297957,276.47366511025933,-14.841075611360685,3694.212258376501,122.14794187092568,30.243753613795583,47.07604540897549,0.0358983218109792,6.2786552804884215,352.1809355185953,250,16.571902950833586,46.416877733414,0.0209084662611169,16.510974043251814,14.65509277828761,1.8558812649642036,0.04154339261828394
741,400.0250188463508,1118.7515200319774,276.5610146012327,-15.053120464114327,3667.406040894712,143.7250676281189,25.51681555220369,47.08395253164515,0.0425484127429151,6.2786552804884215,352.1809355185953,250,16.58009157513724,46.912467335325964,0.037680144838886,16.518881165921478,15.150682380199576,1.3681987857219013,0.05683450309469493
1084,1235.7955246146362,1664.1125942135866,276.476153772564,-14.934865946350104,3652.7372582756216,126.51936341285167,28.87097405285064,47.08830393544597,0.0376052431765045,6.2786552804884215,352.1809355185953,250,16.584597893352736,46.58899964611035,0.0231026635073988,16.523232569722296,14.827214690983965,1.6960178787383313,0.04413487708717602
174,898.3739259799246,274.855515246157,276.6848427725846,-14.977853093380697,3648.35777084704,127.47843105255016,28.619412246633985,47.089606471191864,0.0379357895488469,6.2786552804884215,352.1809355185953,250,16.585946800700043,46.96035236271223,0.0311735318668954,16.52453510546819,15.198567407585841,1.3259676978823478,0.04910105108600778
881,239.0962175601696,1316.312793099686,276.5321971087444,-15.077094798940305,3610.219687561359,128.57076153087948,28.079632138558,47.101015946145395,0.0386650364450164,6.2786552804884215,352.1809355185953,250,16.597762464602013,45.19779452758068,0.0101613287396122,16.53594458042172,13.436009572454296,3.0999350079674244,0.03997796449356714
192,328.403728317544,304.98270610578726,276.6827679439641,-15.060125200876495,3590.044220108306,130.08774296862438,27.597098221422613,47.10710052667528,0.0393410927224664,6.2786552804884215,352.1809355185953,250,16.604063662406332,46.361995366605285,0.0206694168063799,16.542029160951607,14.600210411478898,1.9418187494727093,0.044440368672115656
219,751.8180572796604,345.9080557192937,276.6748644252513,-14.99927243519678,3589.87502973582,124.98832816065918,28.72168211676068,47.10715169608444,0.0378007108214053,6.2786552804884215,352.1809355185953,250,16.604116653498668,47.13654501004943,0.0371014108187046,16.54208033036077,15.374760054923044,1.1673202754377243,0.052966106363804
61,1430.8607947831556,108.60347713239936,276.7073722225838,-14.900392264642402,3584.517683345708,126.91709777805136,28.24298495711114,47.10877320364639,0.0384414041804967,6.2786552804884215,352.1809355185953,250,16.6057958883841,46.04756991632378,0.0173306073812198,16.54370183792272,14.285784961197393,2.257916876725325,0.04216742234913464
426,1462.1740281444804,651.147899230963,276.62631744722654,-14.898138608316868,3583.3682849594043,135.75143917899717,26.39653993085479,47.10912140769369,0.0411303906816563,6.2786552804884215,352.1809355185953,250,16.606156488850736,47.13281461664002,0.0395943779697368,16.544050041970017,15.371029661513631,1.1730203804563857,0.05709136365892881
149,1373.4506182710077,236.1273947036028,276.68859705849184,-14.909204793574531,3581.80730141548,130.52222456052715,27.442125764217923,47.10959447813141,0.0395632615828783,6.2786552804884215,352.1809355185953,250,16.606646401078667,47.11482048617533,0.0366038395440601,16.544523112407738,15.353035531048945,1.1914875813587926,0.05389891220092064
824,641.014609900489,1240.410390199312,276.5418516311067,-15.018885379860576,3570.459253228095,129.00697634356342,27.6764819579948,47.113039818714086,0.0392282516848705,6.2786552804884215,352.1809355185953,250,16.610214399301068,46.92860694184695,0.0350324034706822,16.54796845299041,15.166821986720564,1.381146466269847,0.05259396375235671
128,1114.947267682439,203.37435307458472,276.69458456288265,-14.946335483329664,3548.340489640832,128.6294894915102,27.58574650080555,47.11978680432401,0.0393572818472864,6.2786552804884215,352.1809355185953,250,16.61720158448206,46.78452042506467,0.0275304346947692,16.554715438600333,15.022735469938283,1.5319799686620499,0.04803041191671888
194,1569.5721286544672,308.3567697508188,276.676988327955,-14.881230408070476,3534.1778117888025,121.95383943160262,28.979635477331023,47.124129031746975,0.0374642393569538,6.2786552804884215,352.1809355185953,250,16.62169839963129,45.93339463701683,0.0149798466140731,16.5590576660233,14.171609681890445,2.387447984132855,0.04034804871584602
798,805.2188991318947,1201.9365139530832,276.54690758516244,-14.9950699944019,3528.681838739838,131.0994832134415,26.91606215559853,47.12581876605271,0.0403365096173317,6.2786552804884215,352.1809355185953,250,16.623448290202194,46.88610351619351,0.0299602171573352,16.560747400329035,15.12431856106712,1.4364288392619144,0.05024588162450506
526,871.5477131837241,794.3615653070988,276.6074457484352,-14.983860845224552,3506.6687867158325,119.90497172293944,29.245399388597324,47.13261315252427,0.0371237877648308,6.2786552804884215,352.1809355185953,250,16.63048456376387,47.30260868496082,0.0386679872066981,16.567541786800597,15.540823729834436,1.0267180569661605,0.05360400034163093
595,1442.4455392391783,893.5218066720778,276.59024800535417,-14.901978299363131,3470.855611288105,129.36888458489403,26.829137643298388,47.1437586535381,0.0404671970614454,6.2786552804884215,352.1809355185953,250,16.642026855984575,46.966856911890446,0.0314682183155541,16.578687287814425,15.205071956764058,1.3736153310503667,0.051262489229115964
138,1136.9391719402984,217.78831715125605,276.6923406640098,-14.943225378081271,3454.470870800549,129.37151661427546,26.7019430644857,47.148896184365455,0.0406599623622151,6.2786552804884215,352.1809355185953,250,16.647347288150762,46.95010733085593,0.0332263436768183,16.58382481864178,15.188322375729541,1.395502442912239,0.05250926064445006
341,1714.103095766519,506.2573625586658,276.64685913314537,-14.86121670763962,3449.966411284404,118.18245018073412,29.191867371241987,47.15031285462361,0.0371918653299159,6.2786552804884215,352.1809355185953,250,16.648814393315412,47.05275073529426,0.031907501709366,16.585241488899932,15.290965780167873,1.2942757087320587,0.049003301032193684
719,2199.999090930923,1088.7530272621243,276.5579420764818,-14.793558718785516,3440.706419100461,129.5231711463791,26.56440842706041,47.153230977445446,0.0408704753573216,6.2786552804884215,352.1809355185953,250,16.65183640428681,47.20579842616996,0.0375004054216518,16.58815961172177,15.444013471043576,1.1441461406781954,0.055467793923336124
434,1739.2923096337354,665.6330019712132,276.6229838525211,-14.85824580115932,3432.1622668714263,121.33589707388064,28.28645396491036,47.15593049073949,0.0383823296248735,6.2786552804884215,352.1809355185953,250,16.6546320230082,47.39700506033275,0.0417137401273783,16.590859125015818,15.635220105206365,0.9556390198094533,0.05668544207154861
361,1071.4898919405891,539.0248205714773,276.64469686424155,-14.953994456867994,3428.676861504675,125.43993858032634,27.333215404192003,47.15703363018051,0.03972090308239,6.2786552804884215,352.1809355185953,250,16.655774435338756,46.02659075053062,0.016747405929296,16.591962264456832,14.264805795404236,2.3271564690525963,0.04310714264528836
222,1204.850112322728,347.8994238136928,276.6726427204196,-14.933978023841222,3419.1112359501712,126.66804979202196,26.992688697458103,47.160066946221576,0.0402220027863411,6.2786552804884215,352.1809355185953,250,16.658915740525522,47.011077348544845,0.0329595550058655,16.5949955804979,15.249292393418457,1.3457031870794438,0.052001363196834606
743,2839.614601452024,1121.239660966163,276.550404250814,-14.701453461175753,3417.944237739081,122.46611710688836,27.909305189744043,47.160437588883724,0.0389010042571381,6.2786552804884215,352.1809355185953,250,16.659299578444568,46.54463011808214,0.0222057007926466,16.59536622316005,14.782845162955752,1.812521060204297,0.044792647609919446
788,1310.946384275079,1182.8122807920834,276.547645867775,-14.922108871375617,3414.9332613568986,125.8757343784831,27.1294008985789,47.161394470163046,0.0400193135137337,6.2786552804884215,352.1809355185953,250,16.660290525673663,46.75061957089886,0.0272653747928602,16.59632310443937,14.988834615772475,1.6074884886668954,0.04842464369208766
1180,881.0117286671793,1849.4856430215168,276.4499612707358,-14.986719278836848,3412.6191762083618,136.0966970120177,25.07495957750553,47.1621304545867,0.0432981754823632,6.2786552804884215,352.1809355185953,250,16.661052711893657,47.22507562251697,0.0380709026408283,16.597059088863027,15.46329066739058,1.1337684214724462,0.05765523070796738
39,898.6682892019065,72.02907549955327,276.71510130734595,-14.976963446214206,3410.528724315081,130.89677809026716,26.05510062259257,47.162795742635254,0.0416693842686058,6.2786552804884215,352.1809355185953,250,16.661741684875473,46.99425439916642,0.0329622248044649,16.59772437691158,15.232469444040035,1.3652549328715438,0.05313046065473942
276,2259.17750124879,405.1942827942552,276.6596089694946,-14.782193143871336,3405.662248779292,120.19212422513652,28.3351531619494,47.164346083462675,0.0383163624983668,6.2786552804884215,352.1809355185953,250,16.66334721941803,47.19499267738012,0.0333897459043445,16.599274717739,15.433207722253734,1.1660669954852665,0.05082340766480481
819,1805.7730630102928,1234.5665365756888,276.53785320084296,-14.850990316618654,3375.710714658664,122.89959426649544,27.46722423947775,47.17393696619956,0.0395271102217732,6.2786552804884215,352.1809355185953,250,16.673279547365098,46.933554539261685,0.0305425971139509,16.608865600475887,15.171769584135298,1.4370960163405897,0.049952404155849485
690,438.05730492564055,1051.965504256203,276.57082346014045,-15.047372271124695,3375.390267507668,126.56245074148212,26.66976064174261,47.1740400371134,0.0407090267732174,6.2786552804884215,352.1809355185953,250,16.67338628770862,47.30759063924489,0.0389799240241569,16.608968671389725,15.545805684118505,1.0631629872712196,0.05636186066615948
402,2990.2430223035603,604.7702624655873,276.62674393184125,-14.677581992960995,3368.18005101406,123.67258699077064,27.234653474705905,47.17636177343543,0.0398646526201752,6.2786552804884215,352.1809355185953,250,16.675790680212387,47.01305279558692,0.0308811720141934,16.611290407711756,15.251267840460535,1.360022567251221,0.05042655365477045
989,1703.6084006604003,1478.134596275458,276.5019520300233,-14.866699678972337,3366.109088365076,132.35017671491798,25.43335545078771,47.1770295556322,0.0426880362719255,6.2786552804884215,352.1809355185953,250,16.676482236136643,47.38684347580774,0.04553010174438,16.611958189908528,15.62505852068135,0.9868996692271779,0.062412006902573015
182,604.9662000273665,288.7478212110959,276.6840169040016,-15.020200929652386,3363.1999141161505,121.36833350276216,27.71068710471837,47.17796831353546,0.039179829641075,6.2786552804884215,352.1809355185953,250,16.677454414778992,45.44777367925968,0.0115650181567124,16.612896947811784,13.685988724133296,2.9269082236784882,0.04085105501292159
570,359.02424861520745,857.2085970039093,276.6002219610935,-15.057973276456131,3346.37508911232,137.1594635581989,24.39769741219789,47.18341347509187,0.0445001010405675,6.2786552804884215,352.1809355185953,250,16.68309342964203,47.060239098838096,0.037793834300462,16.618342109368193,15.298454143711709,1.3198879656564841,0.05838349855696809
119,916.8146103752348,186.3886387478118,276.69796276581764,-14.974826149106828,3341.0133213716326,123.88747894829032,26.96812744705335,47.185154503501664,0.0402586350176355,6.2786552804884215,352.1809355185953,250,16.684896440439434,47.15036897524908,0.0351503612103843,16.62008313777799,15.388584020122693,1.2314991176552965,0.053444415860814456
1081,2224.4302590908883,1660.3059226607018,276.4726130492085,-14.792349456571872,3339.327879427816,127.43901887510192,26.203339518021263,47.1857023633559,0.0414336500602647,6.2786552804884215,352.1809355185953,250,16.685463804663414,47.159479683670014,0.0363099107375989,16.620630997632226,15.397694728543627,1.2229362690885992,0.05509225875827631
1236,418.2648217751019,1954.0469748897224,276.4362615983697,-15.053792347217064,3302.448175110738,137.27714367908044,24.05679552038928,47.1977599941469,0.045130699102456,6.2786552804884215,352.1809355185953,250,16.69795069941193,46.56838753042588,0.0254036814110462,16.632688628423224,14.806602575299493,1.8260860531237313,0.05178925593895279
1056,1429.9392639519292,1610.1462960691922,276.48339906017435,-14.906672294778812,3291.2935360879346,135.74411641705055,24.24630711784221,47.20143347955832,0.0447779529774685,6.2786552804884215,352.1809355185953,250,16.701754964651737,47.14524610522185,0.0383171411616473,16.636362113834643,15.383461150095464,1.2529009637391795,0.0589344413705092
332,2476.293408090204,489.8082021963177,276.6460691986935,-14.751234125397714,3280.723718757683,131.6497922795598,24.92008275858901,47.2049258755162,0.0435672710447079,6.2786552804884215,352.1809355185953,250,16.705371693468706,47.19942211518051,0.03866477876227,16.639854509792528,15.437637160054123,1.2022173497384046,0.05825008345932501
432,527.4922762248337,666.4239263424796,276.62798619370847,-15.032921271298427,3276.72746221305,135.1455048254498,24.245922692324697,47.20624921924578,0.0447786629437571,6.2786552804884215,352.1809355185953,250,16.706742149585143,47.16255241486796,0.0386237184920487,16.6411778535221,15.400767459741573,1.2404103937805289,0.05913476376196687
565,1584.495813240432,847.1191282177875,276.5965705766037,-14.881310554027944,3238.174752875552,130.51047487698804,24.81160807918043,47.21909931570029,0.0437577442193687,6.2786552804884215,352.1809355185953,250,16.720049722583283,47.37344808501513,0.0463639372433534,16.654027949976616,15.61166312988874,1.042364820087876,0.06375229294600554
902,2394.5878674885803,1340.2986668594804,276.5196182326461,-14.76652563711145,3211.692349287594,120.98145906172223,26.54697979505318,47.22801517876708,0.0408973076554008,6.2786552804884215,352.1809355185953,250,16.72928299947133,46.64805143772696,0.0248462819306432,16.662943813043405,14.886266482600576,1.7766773304428298,0.047853186928746044
389,1953.622738580826,578.1787605680938,276.63511671237814,-14.826979280264403,3211.1844906980987,124.01877193683836,25.892729306604696,47.228186877671604,0.0419306897756452,6.2786552804884215,352.1809355185953,250,16.729460811032027,46.866669582340535,0.0290969678630144,16.66311551194793,15.104884627214147,1.5582308847337814,0.05103740083392462
728,1689.4329143413604,1097.9116204812217,276.5587229304574,-14.867207144448573,3205.719718198874,123.08711380044204,26.04431625065337,47.23003615034093,0.0416866386335929,6.2786552804884215,352.1809355185953,250,16.731375919695026,47.108242216656194,0.0334574690040688,16.664964784617254,15.346457261529807,1.3185075230874475,0.05345257779308669
1176,645.1336020350288,1840.490973473877,276.45227675845246,-15.020667638740566,3201.3203460175428,129.89192860668211,24.64602982153931,47.23152718469011,0.0440517198048326,6.2786552804884215,352.1809355185953,250,16.73292003638821,46.83120474205981,0.0290523880023911,16.666455818966433,15.069419786933423,1.5970360320330101,0.052769264410307624
127,1619.396599056529,202.3379434768948,276.6925871523148,-14.873601942479516,3197.103961217159,122.09626054492762,26.18510957623247,47.23295812520727,0.0414624959593623,6.2786552804884215,352.1809355185953,250,16.734401919847645,45.97636588411183,0.0157495921790385,16.667886759483594,14.214580928985441,2.4533058304981523,0.04435299567093711
979,1827.3119867712464,1461.4652461326034,276.50392225122965,-14.848800944957198,3194.90058865436,115.17530176741091,27.739459238459435,47.23370664828484,0.0391391912389816,6.2786552804884215,352.1809355185953,250,16.735177091110433,47.02783820426474,0.0310925626811166,16.668635282561162,15.266053249138352,1.40258203342281,0.04998623555460782
180,2099.593428440371,282.8088622638362,276.6785368459145,-14.804694033303612,3192.323358248599,121.4169363580536,26.292241049754107,47.23458283253473,0.0412935511258046,6.2786552804884215,352.1809355185953,250,16.73608446841351,47.211481020443024,0.034696446728581,16.669511466811052,15.449696065316637,1.2198154014944151,0.05393515347311712
1168,2152.1728612141533,1826.1622253858127,276.4481801841628,-14.803428245691942,3181.8356079348014,119.48185993401778,26.630281866150447,47.23815567737845,0.0407693769617972,6.2786552804884215,352.1809355185953,250,16.739784510178733,47.151033227195015,0.0336451649693995,16.673084311654776,15.389248272068627,1.2838360395861486,0.05285961808101935
283,731.3756400472029,416.0143338081192,276.66449070740856,-15.00250899216719,3175.2157564111403,128.46757698057436,24.71608658806779,47.2404169191572,0.043926856953323,6.2786552804884215,352.1809355185953,250,16.742126254471753,47.31882619055551,0.0444086459736826,16.675345553433523,15.557041235429125,1.1183043180043981,0.0624635621703852
676,1251.010923086708,1027.557585377623,276.57105843435727,-14.93011874704149,3170.2295720051334,123.13996988510182,25.744927296662315,47.242123239759536,0.0421714144883506,6.2786552804884215,352.1809355185953,250,16.74389332182835,46.312135752084465,0.0195362967679381,16.67705187403586,14.550350796958078,2.126701077077783,0.04647682316330599
1201,2340.660366076956,1903.9639153198848,276.4357963712551,-14.77656466820682,3169.6156974583573,117.94458433796298,26.873770552923546,47.24233349909376,0.040399987707787,6.2786552804884215,352.1809355185953,250,16.744111066609374,47.027558322359,0.0316077977684126,16.677262133370085,15.265773367232612,1.4114887661374738,0.05129533981326383
356,1423.6995636557735,530.1382946451185,276.64452992207873,-14.903184885051758,3165.744094005757,119.61132707449282,26.466925595049712,47.24366050835625,0.0410210092630881,6.2786552804884215,352.1809355185953,250,16.74548531875544,47.08462330522515,0.0325073422980307,16.678589142632575,15.322838350098763,1.3557507925338115,0.05233976026161846
307,1027.840805184218,458.8253780147133,276.6568464965484,-14.959954715834812,3152.6470749577275,120.86039984371772,26.085029331645067,47.24816163142404,0.0416215748196565,6.2786552804884215,352.1809355185953,250,16.75014668639655,47.131809099945954,0.0372146156880972,16.683090265700365,15.370024144819567,1.3130661208807979,0.05583263482302294
847,235.83812444511088,1268.351921098532,276.5393697732161,-15.077373257136466,3122.967958608875,121.8347426813323,25.63281942308712,47.258431200610474,0.0423558556739226,6.2786552804884215,352.1809355185953,250,16.760781862723174,47.2026912536426,0.0360894726669245,16.6933598348868,15.44090629851621,1.252453536370588,0.05564592120943683
561,864.9913104335089,840.759018384054,276.60055044692194,-14.98499496508569,3107.695231444668,127.97778608694604,24.28308323237714,47.26375396819815,0.0447101379017806,6.2786552804884215,352.1809355185953,250,16.766294126267333,47.491190544148154,0.0483680669042146,16.698682602474477,15.729405589021766,0.9692770134527109,0.0658670352091759
1154,1703.8639322482113,1796.7481096824663,276.45442637235686,-14.86793318366359,3105.8270217895333,120.29703714489548,25.817984345272144,47.264406861304224,0.0420520822028779,6.2786552804884215,352.1809355185953,250,16.766970263034068,47.503079465421465,0.0496338388501871,16.69933549558055,15.741294510295077,0.9580409852854714,0.06505302127191283
854,1394.5604199921993,1282.9373994837722,276.53235941692685,-14.910461187425932,3102.791158717824,120.47196009260232,25.75529738482568,47.26546865850821,0.0421544346305884,6.2786552804884215,352.1809355185953,250,16.76806986130178,47.048147852526256,0.0323849955400342,16.700397292784537,15.286362897399869,1.4140343953846681,0.05315810657983019
442,2535.0131242401176,682.8418362148074,276.61704335061387,-14.74357146692908,3096.1150248578924,122.5484844317131,25.264408933454582,47.267807304336166,0.0429734969402881,6.2786552804884215,352.1809355185953,250,16.770491765307124,47.175989150850896,0.0388592797350368,16.70273593861249,15.414204195724508,1.288531742887983,0.057937596263590296
571,1843.61079891152,857.3385287997405,276.5939529823419,-14.843995642211803,3088.702389667131,124.0759654663567,24.893639779934936,47.270409861441244,0.0436135498704817,6.2786552804884215,352.1809355185953,250,16.77318697610031,46.796376132050824,0.0291441544731911,16.70533849571757,15.034591176924437,1.6707473187931328,0.052454966135364336
422,1239.1832077152178,634.7509986732947,276.6297067240112,-14.930216717358714,3068.84049653128,128.91468253366827,23.80520539799491,47.27741423044452,0.0456076720132583,6.2786552804884215,352.1809355185953,250,16.780440707786052,47.04605357501284,0.0339578745326315,16.712342864720846,15.284268619886454,1.4280742448343915,0.05686120812331451
306,2803.715638146068,450.3897439160111,276.6505483501161,-14.7038406848248,3065.571663160954,120.51692843256926,25.4368552454121,47.27857133922072,0.0426821629295477,6.2786552804884215,352.1809355185953,250,16.781639010815184,46.668662616143,0.024675899272969,16.713499973497044,14.906877661016615,1.8066223124804281,0.049301795477184884
909,2076.33959191488,1353.1644104131817,276.51903294600777,-14.812463663594064,3060.0365240775864,121.35714255817892,25.215133279943515,47.280533496235385,0.043057476157129,6.2786552804884215,352.1809355185953,250,16.783671022621387,47.34323542806339,0.0386157034897793,16.71546213051171,15.581450472937,1.1340116575747103,0.057837002075075486
395,2325.868024109034,596.9749852512399,276.6307329132421,-14.773377102229889,3050.148031192657,124.7883893790126,24.442562696507103,47.28404772858359,0.0444184193564592,6.2786552804884215,352.1809355185953,250,16.78731036522645,47.259215629750756,0.0363480083262086,16.718976362859912,15.497430674624368,1.221545688235544,0.05739489252022691
1132,433.4784077017208,1762.7776168164364,276.46474916639806,-15.05085453227037,3029.470952759788,127.32003208746325,23.794142234261106,47.29143303982865,0.0456288774485303,6.2786552804884215,352.1809355185953,250,16.79495860108642,46.896743619470286,0.0316074046285841,16.72636167410497,15.134958664343898,1.5914030097610734,0.05550695888416188
927,1474.9696730737394,1377.6995765824015,276.51788734319786,-14.89925260776778,3024.4935592283146,120.8721558515503,25.022252130117216,47.29321836168489,0.0433893797550394,6.2786552804884215,352.1809355185953,250,16.796807482222167,47.12147491813876,0.0343435282705636,16.728146995961218,15.359689963012372,1.3684570329488466,0.0553363913676888
1027,758.1935838412522,1543.4921068700817,276.4961336475574,-15.003208851226582,3011.436296405969,118.63034634881258,25.38504176285001,47.29791582021559,0.0427692816164233,6.2786552804884215,352.1809355185953,250,16.801672175068965,46.93446432784099,0.0298035810665641,16.732844454491918,15.172679372714605,1.5601650817773134,0.052129309360245527
449,2875.6550774036145,690.186481869203,276.6145011432501,-14.69446899087942,3007.124816739408,127.11928863014586,23.65592860961212,47.299471384837375,0.0458954716137775,6.2786552804884215,352.1809355185953,250,16.803283119378285,46.07404562694478,0.0171759835521677,16.7344000191137,14.312260671818393,2.4221393472953068,0.04900417049226924
263,884.4412553041752,388.8437648018878,276.6678954780667,-14.980334722588346,2998.160049976316,127.25848433329404,23.55960834897293,47.302712989286846,0.0460831090193963,6.2786552804884215,352.1809355185953,250,16.80664012825329,46.909134786156514,0.0315304180713915,16.73764162356317,15.147349831030127,1.5902917925330442,0.05583744443158458
617,1130.9970872077802,939.8683365452038,276.58464469229466,-14.947060296014524,2992.201652212505,126.50596616517169,23.652652463092192,47.30487287566086,0.0459018286297545,6.2786552804884215,352.1809355185953,250,16.808876908785763,47.00243536576567,0.0322468936755151,16.739801509937188,15.240650410639283,1.4991510992979045,0.05609670242781946
461,1232.409711835646,703.8801933061479,276.61942295107866,-14.931477579073132,2974.829335173621,123.66103192266496,24.05631983593682,47.31119488300472,0.0451315915071146,6.2786552804884215,352.1809355185953,250,16.81542398604086,47.238388918824675,0.0399057268587918,16.746123517281042,15.476603963698288,1.2695195535827537,0.060243900837292697
250,1834.175716876145,374.9676461328843,276.6659272856675,-14.843355737255546,2974.5106101911515,118.11889258635334,25.1823442047306,47.311311215658876,0.0431135398346293,6.2786552804884215,352.1809355185953,250,16.815544460256188,47.4330418253896,0.0414505068446892,16.7462398499352,15.671256870263214,1.0749829796719865,0.05980737274578941
645,1958.591344647808,987.7501053876848,276.5740199409027,-14.827952883942384,2973.825356945977,118.26866189515422,25.14466054906657,47.311561371085574,0.0431781529872473,6.2786552804884215,352.1809355185953,250,16.815803521471288,47.35510814165499,0.0413273506004314,16.7464900053619,15.5933231865286,1.1531668188332986,0.05976874436560559
687,1722.6109123660965,1044.5508740782388,276.5665421410654,-14.862206814343333,2970.4640290005773,118.19483439654849,25.131927669821422,47.31278927760171,0.0432000288343864,6.2786552804884215,352.1809355185953,250,16.817075142712117,45.54270606196497,0.0121646256752806,16.747717911878034,13.780921106838584,2.9667968050394506,0.04488006917454019
202,1275.6039247385652,315.89454206417696,276.6771158350392,-14.923644625968988,2970.080588811281,130.64553038901008,22.733885958192143,47.31292943811668,0.0477569035930159,6.2786552804884215,352.1809355185953,250,16.817220293084425,46.65223833368483,0.0251225876680805,16.747858072393008,14.89045337855844,1.8574046938345674,0.05396171098040725
810,448.52812302940265,1212.7230956917551,276.54678669681965,-15.046508767211597,2955.791514804325,128.95150271407607,22.92172989529401,47.31816552650303,0.0473655350167485,6.2786552804884215,352.1809355185953,250,16.822642791559254,47.26899596056725,0.0455113726702972,16.753094160779355,15.507211005440865,1.2458831553384897,0.06568697701795619
64,744.8934562568375,112.84148079838054,276.7096683237097,-14.999300338326616,2944.1703424782027,135.37526259807106,21.748215190683982,47.322442687664065,0.0499213379342074,6.2786552804884215,352.1809355185953,250,16.827072224021236,47.11733476826961,0.039197630072874,16.75737132194039,15.35554981314322,1.4018215087971697,0.06347120752334251
385,1989.2845984111607,575.7296435812325,276.6353304924988,-14.821826746935512,2934.9159940862446,123.86898142359534,23.69371218166152,47.32586083423457,0.0458222836369351,6.2786552804884215,352.1809355185953,250,16.83061206009689,47.433992866890776,0.0459622872118181,16.760789468510893,15.672207911764389,1.0885815567465045,0.06490156795829657
1225,2802.2713734125923,1941.2287072237089,276.428325212508,-14.710158169518412,2911.6790418285527,115.83316922028372,25.136833097360203,47.33449127059708,0.0431915983924807,6.2786552804884215,352.1809355185953,250,16.839549748798785,46.96570730705115,0.0306918189612806,16.769419904873402,15.20392235192476,1.5654975529486421,0.052985865311886385
781,414.4175719272679,1174.0048137411266,276.5527077912186,-15.051268348793348,2908.411458167917,126.45446286622666,22.99967428784748,47.33571040430476,0.0472050163151075,6.2786552804884215,352.1809355185953,250,16.840812284910246,46.19455510991319,0.0187741839625594,16.770639038581088,14.432770154786802,2.337868883794286,0.050801412861943
910,472.5558512662079,1353.5963710081933,276.525661026212,-15.043609143787624,2905.2892463459284,125.86274691254242,23.082995704556737,47.33687658017527,0.0470346229707817,6.2786552804884215,352.1809355185953,250,16.842019977831487,46.992777465521215,0.0309498551941084,16.771805214451597,15.230992510394827,1.5408127040567692,0.056304078844608266
734,1781.9039927452786,1109.85924362446,276.5565525842677,-14.85392491315586,2901.267580668471,120.05981193896048,24.16518511742716,47.338380558817946,0.0449282715908941,6.2786552804884215,352.1809355185953,250,16.84357749964822,46.88155297167748,0.0283141411757256,16.77330919309427,15.119768016551092,1.653541176543179,0.053105933554209006
496,230.092142401012,750.529131104582,276.61668591829687,-15.076117628868117,2893.019617021608,123.67722971465685,23.39169161288838,47.34147157536229,0.0464139155888067,6.2786552804884215,352.1809355185953,250,16.84677855953504,47.09382437676767,0.033889937786797,16.776400209638616,15.332039421641284,1.4443607879973328,0.057469813323847194
861,420.8338021301929,1291.3483036680088,276.5351670527032,-15.050812928415924,2891.395053169923,127.55057423211797,22.66861651213055,47.34208143753077,0.0478944094104293,6.2786552804884215,352.1809355185953,250,16.84741013341891,46.11488918834836,0.0174632199470506,16.777010071807098,14.35310423322197,2.423905838585128,0.05097880445531147
866,1147.1720381061994,1294.5224624759724,276.5316646730861,-14.94616302845514,2886.565006775578,125.62182375353298,22.978212865616005,47.34389666553794,0.0472491053307549,6.2786552804884215,352.1809355185953,250,16.84928998539505,45.48459963584496,0.0120657056222039,16.778825299814265,13.722814680718571,3.0560106190956944,0.04876534842199381
553,888.8833639045185,833.0734276039404,276.60159667170564,-14.981520314873274,2884.152855550172,137.13016612006638,21.03222753354581,47.34480433773117,0.0516207804555337,6.2786552804884215,352.1809355185953,250,16.85022997164438,47.191906174832404,0.0405818633821767,16.779732972007494,15.430121219706017,1.3496117523014775,0.06566271857308426
33,819.2076064327202,62.01860497744488,276.7169339701357,-14.98837569260292,2875.845162120968,120.7292577459028,23.82061495129639,47.34793627276345,0.0455781684150397,6.2786552804884215,352.1809355185953,250,16.853473406759058,46.29685241518046,0.021692664786212,16.782864907039773,14.535067460054073,2.2477974469857003,0.050477134839416994
502,1355.906556738328,756.6068263253245,276.6110360693312,-14.913892085053597,2868.2645504795364,126.75610408114592,22.62821637878164,47.35080200817012,0.0479799194875145,6.2786552804884215,352.1809355185953,250,16.85644116526986,46.06478327321942,0.0177747088088459,16.785730642446445,14.302998318093032,2.482732324353414,0.05116652174290957
1074,2782.003309685837,1645.9281916112218,276.4724322217121,-14.711897335159897,2853.4455193542235,113.31668314773918,25.18115991476718,47.356426059159,0.043115567498672,6.2786552804884215,352.1809355185953,250,16.862265438211676,47.35349525632488,0.0401639254175476,16.791354693435323,15.59171030119849,1.1996443922368343,0.05892446915907573
882,1590.0720793982773,1316.812945826072,276.52648881726594,-14.882416703695403,2849.507631345943,129.51563058144575,22.00126439220812,47.357925460661136,0.049347163901385,6.2786552804884215,352.1809355185953,250,16.863818219937,47.17679361285102,0.039795421102853,16.79285409493746,15.415008657724634,1.3778454372128266,0.06339414898761205
257,751.9757876100799,382.6124580367523,276.6693872041494,-14.999401742424848,2841.3728545662307,131.834382633499,21.552593472260405,47.36102945404313,0.0503744480402029,6.2786552804884215,352.1809355185953,250,16.867032718650123,46.23897393037602,0.0197701186437912,16.795958088319452,14.477188975249632,2.31876911306982,0.05411508668148543
637,2984.03769625595,972.692852892706,276.57193534215406,-14.680009965955044,2836.784485916636,124.88820442922436,22.714591012670663,47.362784163801685,0.0477974707708527,6.2786552804884215,352.1809355185953,250,16.868849897866262,47.1963518650397,0.0401558231072355,16.79771279807801,15.434566909913315,1.363145888164695,0.062426663706385166
545,1289.3088450878945,823.2716931367202,276.6013725025559,-14.923765457980965,2835.283272599103,146.38216864620853,19.36904814856041,47.363358882495945,0.0560533481910257,6.2786552804884215,352.1809355185953,250,16.869445077132376,46.281387789880114,0.021824063729375,16.79828751677227,14.519602834753726,2.278684682018543,0.06015203738102464
249,3054.442390217588,373.2618522143239,276.660971361715,-14.66734514145532,2834.6460865628906,336.19839754356053,8.431468166636968,47.363602912326925,0.1287676094533663,6.2786552804884215,352.1809355185953,250,16.869697794674302,47.127264056916374,0.043070921166114,16.79853154660325,15.365479101789987,1.4330524448132635,0.13577997457074542
752,1876.189705041624,1135.0460738424465,276.5524002124774,-14.84043451134184,2834.4739956544654,124.05865512353026,22.847853644971924,47.363668829198375,0.0475186867383898,6.2786552804884215,352.1809355185953,250,16.86976605825362,47.094358528378464,0.0327030496550388,16.7985974634747,15.332573573252077,1.4660238902226226,0.05768461706626088
92,1947.9754645795897,142.6801033696639,276.7000786127599,-14.825968956414812,2830.857694783859,198.30499544416003,14.27527172698476,47.365054926087424,0.0760545943197484,6.2786552804884215,352.1809355185953,250,16.87120150160604,46.42536009832924,0.0293060364198244,16.79998356036375,14.663575143202856,2.1364084171608937,0.08150549115109718
415,1705.8137691121717,629.0036716412293,276.62858845230653,-14.862921169198906,2830.664646078804,119.95896738482824,23.59694075223267,47.365128969765365,0.0460102015511173,6.2786552804884215,352.1809355185953,250,16.87127818131446,47.0559215421155,0.0350282644595715,16.80005760404169,15.294136586989111,1.5059210170525787,0.057826619802856506
785,1812.379358645405,1179.60183786134,276.54602308239504,-14.849814976940031,2830.6040296145075,140.91515536654833,20.087293110890336,47.36515222020398,0.0540490943207966,6.2786552804884215,352.1809355185953,250,16.871302259492403,47.013266586939,0.0390678410405146,16.800080854480306,15.25148163181261,1.548599222667697,0.06669033513534989
308,2636.710101547562,458.6471100130788,276.6500303106781,-14.727965432079545,2828.2838678625703,123.09708967558008,22.9760417189103,47.36604253073911,0.0472535701876977,6.2786552804884215,352.1809355185953,250,16.87222426599089,47.27610318063479,0.0390987228689495,16.800971165015433,15.514318225508404,1.2866529395070287,0.061331965772071804
796,317.4688172874653,1202.2494484597587,276.5488964907536,-15.065349190115308,2814.6471086084784,130.28015071475713,21.60457362972376,47.37129014128823,0.0502532481597454,6.2786552804884215,352.1809355185953,250,16.87765869682924,47.08775191886639,0.0344089831135179,16.806218775564552,15.325966963740001,1.4802518118245516,0.060904573469578734
725,2469.2679503906943,1096.0303096586806,276.5557231951346,-14.754760279516344,2810.8405209148186,119.1196806006174,23.59677684444908,47.37275950749381,0.0460105211468913,6.2786552804884215,352.1809355185953,250,16.879180373970815,46.817089587092994,0.0263509829926861,16.807688141770136,15.055304631966607,1.7523835098035292,0.05302209313945804
813,1674.70436860118,1222.17030304267,276.5402513181733,-14.86983466051143,2781.5596829192946,131.258609885087,21.19144553911143,47.384129064489294,0.0512329372716083,6.2786552804884215,352.1809355185953,250,16.8909546987947,47.570227358158945,0.0592713106209783,16.81905769876562,15.808442403032558,1.0106152957330607,0.07834476449773173
467,263.47859993361027,713.6395579388493,276.6220514929587,-15.071157138572111,2781.2065244070545,133.1145367738932,20.89333435559468,47.38426692287449,0.0519639412992631,6.2786552804884215,352.1809355185953,250,16.891097465079053,46.93675375137813,0.0332144655732436,16.819195557150813,15.17496879625174,1.6442267608990733,0.061672132431670024
1170,1708.2234147129227,1827.4180997779647,276.4498334434879,-14.867426318549526,2760.1365571460337,120.64199916788832,22.87873689248933,47.39252359862947,0.0474545428404491,6.2786552804884215,352.1809355185953,250,16.899648086914482,46.78539774615936,0.027276381934867,16.82745223290579,15.023612791032974,1.8038394418728174,0.054735131749661096
567,1203.2895721171335,853.3684544978163,276.5972451415195,-14.936287626251048,2745.206726765813,124.47138312096256,22.05492264915216,47.39841238567736,0.0492271053166326,6.2786552804884215,352.1809355185953,250,16.905746520789087,47.0325717154052,0.0331440526962632,16.833341019953686,15.27078676027881,1.5625542596748758,0.05934505983641359
511,786.7796821938894,770.0673961083668,276.6114276802818,-14.995978401798023,2743.6576981376274,126.94999921687428,21.612112761422832,47.3990252033308,0.0502357179043574,6.2786552804884215,352.1809355185953,250,16.906381155376202,47.41715758123984,0.0471923647709669,16.833953837607126,15.655372626113454,1.1785812114936718,0.0689256602873137
203,1956.6098498884403,316.92930039172506,276.6740597478206,-14.825457320875504,2742.115570273076,127.68914235633169,21.47493138156475,47.39963563472018,0.0505566225432517,6.2786552804884215,352.1809355185953,250,16.90701331874581,47.40395103721538,0.0461017576322903,16.834564268996502,15.642166082088991,1.1923981869075106,0.06842034887200782
141,1347.5550526658806,217.34058642717577,276.6915096262484,-14.912859603187991,2732.434503624303,146.8976534675744,18.600940444752915,47.40347561987913,0.0583680165647894,6.2786552804884215,352.1809355185953,250,16.910990011294032,47.332269839517224,0.0500689060460465,16.838404254155456,15.570484884390837,1.2679193697646198,0.07690071982989082
818,1327.5263995969872,1230.5286625478138,276.5404580648702,-14.9199117714217,2731.281160682498,120.31336363844248,22.7013947419038,47.40393399885929,0.0478252553353446,6.2786552804884215,352.1809355185953,250,16.911464709033517,45.463822710602884,0.0114203507162319,16.838862633135612,13.702037755476496,3.136824877659116,0.04916990398986606
91,2165.140721651716,141.36386501830157,276.6993449683788,-14.794643901976444,2727.1736362069787,121.5808765681956,22.43094237503122,47.40556804697097,0.0484018897578077,6.2786552804884215,352.1809355185953,250,16.91315693092506,47.04015516851106,0.0332189013089706,16.840496681247295,15.278370213384676,1.562126467862619,0.058704670481164435
1192,2300.5539539579936,1874.2468523259915,276.4403940215807,-14.782228546261615,2723.972854813416,116.52483295308689,23.37675829074213,47.4068430832033,0.0464435652923685,6.2786552804884215,352.1809355185953,250,16.91447735974807,47.13115428889005,0.0342125704817722,16.841771717479624,15.369369333763665,1.4724023837159592,0.05768452770056045
795,1163.1063832840523,1199.509512148445,276.5457735939556,-14.943484203525724,2713.5136075975606,122.23601406817744,22.19896998673477,47.411020012179996,0.0489076745744857,6.2786552804884215,352.1809355185953,250,16.91880299165769,46.61141558157533,0.0234626460379942,16.84594864645632,14.849630626448942,1.9963180200073793,0.05424441345786679
583,1423.430517974146,877.9364565610376,276.592652903048,-14.90465561928957,2711.013167170953,121.51230607073516,22.31060585413308,47.412020954383436,0.0486629546099427,6.2786552804884215,352.1809355185953,250,16.91983956842475,47.27983064590387,0.0385176143188058,16.84694958865976,15.518045690777484,1.3289038978822774,0.06206198324402482
474,724.972887992851,717.6417607585219,276.6195108109501,-15.004671628484283,2702.232307166705,144.7071640438335,18.67379770049372,47.4155433167158,0.0581402892659212,6.2786552804884215,352.1809355185953,250,16.923487330449703,46.31585614479399,0.0229471196312314,16.850471950992123,14.554071189667603,2.29640076132452,0.06250490808964555
588,257.7495437195772,883.2700683848062,276.5967571007199,-15.072670758061609,2691.380540732731,116.56380248887945,23.089333766282177,47.41991225157758,0.0470217118860947,6.2786552804884215,352.1809355185953,250,16.92801180384981,46.99529935920757,0.0310122161700472,16.854840885853903,15.233514404081184,1.6213264817727193,0.05632760371679801
1248,382.353776621874,1981.3154330774569,276.4323387841388,-15.0590710634181,2680.676013522054,127.09087425536131,21.092592440082058,47.42423920086135,0.0514730469042228,6.2786552804884215,352.1809355185953,250,16.93249279694249,47.317139946376045,0.0491186067996334,16.859167835137676,15.555354991249658,1.3038128438880179,0.07114852135878379
643,1702.8878316981345,982.1087284750316,276.5759381096868,-14.86479530440487,2680.663428360742,120.86852121786924,22.17834222964277,47.42424429815669,0.0489531628991139,6.2786552804884215,352.1809355185953,250,16.932498075706743,45.95260157268379,0.0162059463628687,16.85917293243301,14.190816617557402,2.6683563148756093,0.051565927271245295
589,699.4947527688963,883.2481332835531,276.5949061393543,-15.009018065749911,2663.689045392617,128.27379572505225,20.765652332469266,47.43114121006687,0.0522834526273174,6.2786552804884215,352.1809355185953,250,16.939640524717245,47.05109614018148,0.0357861404892724,16.866069844343194,15.289311185055091,1.576758659288103,0.06335777197590588
228,2306.650410892816,357.86565999918776,276.66646243763915,-14.77514765373837,2662.4117600544414,115.02585532539264,23.146202673501865,47.43166196437201,0.0469061822068518,6.2786552804884215,352.1809355185953,250,16.94017981840694,47.37910950770813,0.0396204093406944,16.866590598648337,15.617324552581742,1.2492660460665945,0.061400055094002676
377,692.8374732184407,568.643813494834,276.6418794789433,-15.008692277977453,2654.617723742209,127.18079931061668,20.87278691541145,47.43484504751733,0.0520150952721302,6.2786552804884215,352.1809355185953,250,16.94347622255965,47.436300361506596,0.052080815028125,16.869773681793653,15.674515406380209,1.195258275413444,0.07360693873652505
1131,2339.350261264964,1759.445032239547,276.4573516306788,-14.77617785348785,2645.6914392197214,117.1031113537146,22.592836421128943,47.43850204153204,0.0480550551406041,6.2786552804884215,352.1809355185953,250,16.947263409292198,45.81885188996668,0.0149103521685793,16.873430675808365,14.057066934840293,2.8163637409680717,0.05031507653136938
166,1309.2827662037146,264.30636549193474,276.684667435024,-14.918573866044714,2643.1541144109506,151.12870397654714,17.489424873392203,47.439543805974395,0.0620775130034004,6.2786552804884215,352.1809355185953,250,16.94834226161153,46.325430988766804,0.0216034886557334,16.87447244025072,14.563646033640417,2.3108264066103033,0.06572920464135974
355,1003.425958310686,529.7001011589061,276.6463762089475,-14.963766848971485,2642.7339933938056,119.76766448148648,22.06550494939572,47.43971639403921,0.0492034967017481,6.2786552804884215,352.1809355185953,250,16.948520993987522,46.958367162379936,0.0303137270884079,16.874645028315534,15.196582207253549,1.6780628210619852,0.057791921041521116
905,786.5121280343452,1345.6682737432575,276.5255372703992,-14.998341347688411,2634.935002686718,124.40794643786268,21.1797966137378,47.44292525489848,0.05126111547718,6.2786552804884215,352.1809355185953,250,16.951844093567107,47.221640344833816,0.0380946303791148,16.87785388917481,15.459855389707428,1.4179984994673802,0.06386628863247151
1191,2732.82683341809,1873.770196868595,276.4386704550141,-14.719902362252387,2605.506270046142,124.68433681600564,20.8968210168294,47.45511971513945,0.0519552710493918,6.2786552804884215,352.1809355185953,250,16.964472689033606,47.10680717618851,0.0350224591080403,16.89004834941578,15.345022221062123,1.5450261283536548,0.0626571849973339
65,1220.7232985136598,113.31260826168696,276.7075676815086,-14.930708944459823,2599.022859092074,125.4388956171858,20.719433524221763,47.45782477354906,0.0524000812440541,6.2786552804884215,352.1809355185953,250,16.96727405028233,47.04452337845712,0.0344754855766024,16.89275340782539,15.282738423330734,1.6100149844946543,0.06272421876855853
427,617.9121003989078,652.1977467426593,276.62972785371244,-15.019832836794755,2597.5693883996573,123.51228428077562,21.030858618845595,47.45843212764548,0.0516241404916826,6.2786552804884215,352.1809355185953,250,16.967903026804212,47.37586638727409,0.0429168265677213,16.893360761921805,15.6140814321477,1.2792793297741056,0.06713349301316632
923,1895.2183280261115,1369.8689027834937,276.5172995474452,-14.838642884885944,2595.777372451237,124.05243668327714,20.92483986492432,47.459181415825725,0.0518857017309808,6.2786552804884215,352.1809355185953,250,16.96867899040811,46.16471856960264,0.0182617981590731,16.89411005010205,14.402933614476254,2.491176435625796,0.05500562985839749
267,2951.494298119964,392.6784991760191,276.6585181432996,-14.682279157727647,2595.431183001376,120.43885707529076,21.549782570411445,47.45932622619733,0.0503810187621429,6.2786552804884215,352.1809355185953,250,16.968828956176676,47.47622848953948,0.043677931779194,16.89425486047365,15.714443534413093,1.179811326060559,0.06667839812127553
920,1496.8577503855283,1367.2738951642448,276.51935118467287,-14.896055844486057,2590.2047829391668,132.59582289801654,19.534588091295845,47.46151476921373,0.0555783410904764,6.2786552804884215,352.1809355185953,250,16.971095413557247,47.15964894231341,0.0367635036094668,16.896443403490053,15.397863987187023,1.4985794163030306,0.06663713076065488
868,1506.1987410038953,1295.768701612194,276.5299785826376,-14.894421617353148,2588.058208300092,122.48700203886663,21.12924771788332,47.46241492200215,0.0513837508318428,6.2786552804884215,352.1809355185953,250,16.97202761270328,47.209238043983646,0.0373689157285819,16.89734355627847,15.447453088857259,1.4498904674212127,0.06353523205496901
724,311.68513377936665,1096.0600367333004,276.5647704997522,-15.065757123462388,2586.330847120844,119.75251873991382,21.597298113937818,47.46313982251527,0.0502701770504961,6.2786552804884215,352.1809355185953,250,16.972778320414218,47.444065428645146,0.0435526850635596,16.89806845679159,15.682280473518759,1.2157879832728327,0.06651260840572885
578,2645.601192324684,871.3620804005955,276.58847162575626,-14.728404534745437,2583.47378848269,118.30092843723888,21.838153111818368,47.46433987262819,0.0497157426473231,6.2786552804884215,352.1809355185953,250,16.974021093535463,47.507554888616866,0.0469043857473375,16.899268506904512,15.745769933490479,1.1534985734140335,0.06834966327137171
809,337.9238292022017,1213.189807681092,276.54717824390934,-15.06244594420515,2580.2647365276644,126.26873529790184,20.434708009390665,47.46568935394765,0.0531301939573138,6.2786552804884215,352.1809355185953,250,16.975418617766664,47.258826321386664,0.0393456731554557,16.900617988223978,15.497041366260277,1.4035766219637011,0.06611277868912886
1014,1904.6713013520305,1519.581886045981,276.49493175991654,-14.837882621150149,2578.0967407896824,121.19846197733251,21.27169519091635,47.46660199708576,0.0510396557611274,6.2786552804884215,352.1809355185953,250,16.97636375193158,46.98801305463728,0.0303028888620277,16.901530631362085,15.226228099510891,1.6753025318511945,0.05935748927977655
1153,2727.7457964437795,1795.770178167424,276.4503200786996,-14.720323095957877,2572.8992319337267,116.88165118669428,22.0128583555348,47.46879307837743,0.0493211732190616,6.2786552804884215,352.1809355185953,250,16.978632837952595,46.646746368959896,0.024145865852036,16.903721712653756,14.884961413833508,2.018760298820247,0.054914487755502166
547,2008.4292036245404,824.8889624257108,276.59809578797064,-14.820097843935402,2572.373046699533,120.15739647533464,21.408362049751783,47.46901514567736,0.0507138284319415,6.2786552804884215,352.1809355185953,250,16.97886281107496,47.04054470577073,0.0303525920400992,16.903943779953686,15.27875975064434,1.6251840293093451,0.05910306453795007
717,1349.4487824008145,1086.821242778483,276.5618043565118,-14.91617068436174,2567.1292163537582,119.89156927898112,21.412091207015475,47.471230698134484,0.0507049960465459,6.2786552804884215,352.1809355185953,250,16.981157239459897,47.57678587542571,0.0477990023587131,16.90615933241081,15.815000920299326,1.0911584121114828,0.06968314897138687
1198,2212.369014772404,1899.422304110108,276.4370054570072,-14.795041467107383,2556.947742551565,142.26880642986666,17.972651958755606,47.475545391048556,0.0604084473727922,6.2786552804884215,352.1809355185953,250,16.98562553984362,47.56163867690054,0.0555225415206915,16.91047402532488,15.799853721774156,1.110620303550725,0.08204835849002902
786,287.87308093721066,1182.8219412403105,276.5519197004551,-15.069535371882624,2550.031232767331,120.3500522949482,21.18845138943384,47.47848627242321,0.051240177021215,6.2786552804884215,352.1809355185953,250,16.988671119595534,47.43244232347729,0.0443154978204482,16.913414906699536,15.670657368350902,1.2427575383486342,0.06774525140730972
471,2152.918231976844,716.0281374600767,276.61371660209164,-14.798813112369086,2540.188853341737,117.91789042031228,21.54201405984591,47.48268500678845,0.0503991872340169,6.2786552804884215,352.1809355185953,250,16.99301933318778,47.21176365088001,0.0352488417532312,16.917613641064776,15.449978695753622,1.4676349453111541,0.06150251148362827
706,897.9001479303997,1064.0261308712318,276.5670984417515,-14.981158297745727,2536.039214009332,127.4528718271183,19.897858539031645,47.484460110114654,0.0545636606004757,6.2786552804884215,352.1809355185953,250,16.99485763200338,46.33052411906901,0.0208639777590907,16.91938874439098,14.568739163942624,2.350649580448355,0.05841659546786115
804,1560.01612761122,1206.7328628769644,276.5430344314659,-14.886304570356735,2534.8283498369565,122.8059582744144,20.64092317225187,47.484978632469826,0.0525993915552931,6.2786552804884215,352.1809355185953,250,16.9953946142834,46.99193651088962,0.0330114859446082,16.91990726674615,15.230151555763236,1.689755710982915,0.06210035584646922
609,446.43171314838406,924.7549267241716,276.5897741154241,-15.04565232463259,2533.186519131792,124.22950739702168,20.39118219342246,47.48568210124296,0.0532436025386606,6.2786552804884215,352.1809355185953,250,16.996123127262543,47.23690973624299,0.0388549264954287,16.920610735519283,15.475124781116605,1.4454859544026775,0.06591347756157334
691,467.55233417207705,1051.768742106113,276.5707294287202,-15.043121682963802,2525.6029040193243,128.9956210984917,19.578981693424748,47.488937351054616,0.0554523221381126,6.2786552804884215,352.1809355185953,250,16.99949426728855,47.47028159228614,0.0472232093007499,16.92386598533094,15.708496637159755,1.215369348171187,0.0728353727743014
446,1550.5269373575609,687.6458939533615,276.62049978130085,-14.885551734606258,2519.548393420584,116.725087755571,21.585320190091974,47.49154326081917,0.0502980725066267,6.2786552804884215,352.1809355185953,250,17.002192950099303,47.43397039364656,0.0439002226909331,16.926471895095496,15.672185438520174,1.254286456575322,0.0667617079634381
1207,615.0857722335255,1914.8139596374072,276.44130777669443,-15.025286808413195,2514.0730304422323,123.06541253735006,20.42875393343533,47.4939052986698,0.0531456790530457,6.2786552804884215,352.1809355185953,250,17.0046390789072,46.8861718522287,0.0287984472897533,16.928833932946127,15.124386897102312,1.8044470358438147,0.06044678459860408
1204,1937.5340420705863,1909.225031398796,276.43668189531485,-14.834697917925151,2511.108956121898,116.03991283039625,21.64004517818047,47.495186129169085,0.05017087492473,6.2786552804884215,352.1809355185953,250,17.00596550827897,47.30692763628815,0.0385510042993329,16.93011476344541,15.545142681161764,1.384972082283646,0.06327160993052164
453,1630.2596323419243,694.875822846109,276.61908412108363,-14.874086508843206,2508.230723288667,122.80738585931286,20.42410320631754,47.49643131364946,0.0531577807374266,6.2786552804884215,352.1809355185953,250,17.007255022597207,47.566440266402495,0.0503565934372764,16.931359947925785,15.804655311276107,1.1267046366496771,0.07322251126214856
771,1825.019023706724,1161.612614566205,276.54865297509133,-14.847919705903111,2481.808447787771,126.6163877064969,19.601004994240768,47.507929375388045,0.0553900170077505,6.2786552804884215,352.1809355185953,250,17.019162427064153,46.83770679762041,0.0298122870021611,16.94285800966437,15.075921842494026,1.8669361671703442,0.06290331025008233
757,1405.421373281536,1143.689807864502,276.5530862653533,-14.908333283058091,2463.102223940717,120.26140203329852,20.481236558831423,47.516143930803295,0.0530094946602162,6.2786552804884215,352.1809355185953,250,17.02766942903279,46.334261766611675,0.0201894362072342,16.95107256507962,14.572476811485288,2.3785957535943325,0.05672406771818704
750,1619.2105821875978,1130.460699853401,276.554162944285,-14.87746247255554,2453.449061590829,120.13884304124146,20.42178032918633,47.52040740766448,0.0531638271736937,6.2786552804884215,352.1809355185953,250,17.032084690019886,47.41629548202684,0.0435824273601254,16.955336041940804,15.654510526900452,1.3008255150403514,0.0687446033835019
726,1497.3034354034585,1096.5476882441567,276.55973302753915,-14.894897825962085,2450.695345160464,124.51589975996424,19.681786421531683,47.52162670697229,0.0551626756203519,6.2786552804884215,352.1809355185953,250,17.033347397627008,47.3665503406926,0.0422390349525235,16.956555341248617,15.60476538556621,1.3517899556824062,0.06947702393825363
480,1715.036082675746,723.3507749522066,276.61447864923616,-14.861981427726326,2449.605811231566,121.32835019356432,20.189888079113608,47.52210951258553,0.0537744437089353,6.2786552804884215,352.1809355185953,250,17.033847391612635,47.56187314722508,0.0477129661285309,16.957038146861855,15.800088192098691,1.1569499547631636,0.07189031877094292
469,701.0457799711537,715.8317725701108,276.6198817372921,-15.008112480713566,2448.5103213175025,129.73996786780887,18.87244433274619,47.522595174031395,0.057528319112123,6.2786552804884215,352.1809355185953,250,17.03435034310145,46.211736663882135,0.0198495695448884,16.95752380830772,14.449951708755748,2.5075720995519717,0.06085649440268161
542,2054.6807157614576,817.9994515326359,276.5989275958742,-14.813400363808697,2441.83869396968,115.67765565211616,21.108991880965814,47.52555759320737,0.0514330578230496,6.2786552804884215,352.1809355185953,250,17.037418227422386,47.55102631604793,0.0445862584507361,16.960486227483692,15.789241360921544,1.171244866562148,0.06806830304675592
252,461.8340673660283,376.02374607934246,276.6716004859028,-15.041190140476806,2426.042594900442,126.83035007580256,19.12824961415364,47.532603967526185,0.0567589832786714,6.2786552804884215,352.1809355185953,250,17.044715459855766,46.17182591263857,0.018450726713544,16.96753260180251,14.41004095751218,2.55749164429033,0.059682589580935454
1061,2924.252706566945,1624.4878619834185,276.4750342730619,-14.691297404119076,2423.009433220461,115.13125545794,21.045626781214416,47.53396225935777,0.0515879147381397,6.2786552804884215,352.1809355185953,250,17.046122108262303,47.2965136212366,0.0408539088830884,16.968890893634097,15.534728666110212,1.4341622275238848,0.0658054315239803
604,570.5536173585489,918.1763517318368,276.5902352130419,-15.027740491982446,2420.139722629916,128.50011551180378,18.83375523041928,47.53524892179566,0.0576464962359941,6.2786552804884215,352.1809355185953,250,17.04745457719565,47.32929745201543,0.0431324969974034,16.970177556071988,15.567512496889044,1.4026650591829437,0.07199674177014884
954,300.62189992113946,1413.1656450521298,276.51748431243504,-15.068615921535809,2414.462902125349,126.9707696331364,19.01589561992567,47.5377986793914,0.0570943394778817,6.2786552804884215,352.1809355185953,250,17.050095108763088,47.005541865009285,0.031976313562687,16.972727313667725,15.243756909882897,1.7289704037848281,0.06543888927445882
928,1746.0688086094815,1378.112311443233,276.51669354781086,-14.86017701750496,2413.998640850012,123.79202618823696,19.500437267092703,47.53800746857701,0.0556756746081861,6.2786552804884215,352.1809355185953,250,17.050311331056715,47.47743368103736,0.0480318498785839,16.972936102853332,15.715648725910974,1.257287376942358,0.07353121341196157
88,1576.1342947005069,137.99124103904603,276.70236831806824,-14.879569402263042,2408.49410739608,123.0315407273685,19.57623299811532,47.540486051404905,0.0554601081885633,6.2786552804884215,352.1809355185953,250,17.05287815396197,47.313729266343444,0.0403953758817778,16.97541468568123,15.551944311217056,1.4234703744641735,0.06861202513347978
1208,2230.5666695828745,1914.0862397017504,276.43474327844723,-14.792476284427142,2400.28485086668,164.97774685974426,14.549143121146397,47.544193061339875,0.0746229513971852,6.2786552804884215,352.1809355185953,250,17.056717137232567,47.25442383376792,0.0442683357803826,16.9791216956162,15.492638878641536,1.4864828169746644,0.0867656062503534
43,1634.5998786529815,80.8537870330811,276.7106393066124,-14.870898242754691,2382.4949021734938,116.82847959157496,20.393100299709,47.55227007155244,0.0532385946248444,6.2786552804884215,352.1809355185953,250,17.065081697248974,46.29134332286158,0.0192862771717762,16.987198705828767,14.529558367735191,2.457640338093576,0.05662427434215018
867,1481.5731463697382,1296.5905991936606,276.52995894154725,-14.897974461639452,2379.3336238244374,142.5117417611627,16.69570236403393,47.5537116668734,0.0650287107620477,6.2786552804884215,352.1809355185953,250,17.06657461483409,47.16954697613126,0.0457763421609296,16.988640301149722,15.40776202100487,1.5808782801448515,0.0795248811694086
309,2492.181687106741,463.471065585376,276.6499276051072,-14.748832087134767,2374.059261759423,130.41037561719114,18.20452744287984,47.55612113242318,0.0596390103179876,6.2786552804884215,352.1809355185953,250,17.069069859815613,47.34696652472518,0.0441572629174612,16.991049766699504,15.585181569598795,1.405868197100709,0.07420697689618426
73,1650.5897839848446,121.18276302117808,276.7045566513675,-14.86876262715339,2360.1942873295047,113.90201297699002,20.72126932301276,47.56248063454923,0.0523954388640775,6.2786552804884215,352.1809355185953,250,17.075655766705395,46.48295759085704,0.021323868348736,16.997409268825557,14.721172635730653,2.2762366330949035,0.05656844858322975
956,656.9773577278072,1417.1838681916984,276.5154038665924,-15.017290949508473,2356.5345871697064,130.00628750740168,18.126312444969564,47.56416547583018,0.0598963525149487,6.2786552804884215,352.1809355185953,250,17.07740059005485,46.27300429502536,0.0196412605761445,16.999094110106505,14.511219339898972,2.487874770207533,0.06303453150151121
1160,1770.3434074346476,1814.412162573867,276.4515160520327,-14.858421220255948,2353.588264865248,120.75465945604918,19.490662103369008,47.56552379675495,0.0557035976634336,6.2786552804884215,352.1809355185953,250,17.07880726859032,46.89816676712282,0.0279847639477081,17.000452431031277,15.13638181199643,1.8640706190348482,0.06233809273516979
83,2327.725823843059,131.09668685052125,276.7001788704115,-14.771150572350914,2351.796838620532,115.61239826192391,20.34208159312165,47.56635051609173,0.0533721190247861,6.2786552804884215,352.1809355185953,250,17.079663419978914,47.51166144892146,0.0448242856490221,17.001279150368056,15.749876493795071,1.251402656572985,0.0696979172797944
90,1484.9309498535476,141.23484354075617,276.70227434393934,-14.892733466006582,2334.7314102779783,115.8014207222162,20.161509208755906,47.574257706366424,0.0538501353623117,6.2786552804884215,352.1809355185953,250,17.087852114294407,47.309777174833584,0.0378987138396792,17.00918634064275,15.547992219707197,1.4611941209355521,0.06584944638522928
618,1534.606030199369,940.6146859335884,276.58283545776385,-14.888885419599635,2334.3718668854854,127.1127444096075,18.364577664716425,47.574424920178586,0.0591192468360401,6.2786552804884215,352.1809355185953,250,17.08802528108888,45.86936971741724,0.0150446731396927,17.00935355445491,14.107584762290855,2.901768792164056,0.061003504295579845
1037,576.0594649616205,1568.400486229832,276.4931715961195,-15.02954902035123,2307.290838896792,143.24896527659337,16.106858673929974,47.58709416740287,0.0674060673144961,6.2786552804884215,352.1809355185953,250,17.101145566439676,45.75407425372844,0.0276962963356014,17.022022801679192,13.992289298602053,3.0297335030771393,0.07287429410646684
364,932.4867159553372,540.9665553244545,276.64499561778734,-14.97403834754473,2286.1408436174097,123.68651375855232,18.48334773247932,47.59709256488537,0.0587393591092908,6.2786552804884215,352.1809355185953,250,17.111499917073058,46.209606011148594,0.0198025507706675,17.032021199161697,14.447821056022207,2.5842001431394905,0.06198752556438342
870,1253.3816630827862,1300.3270878542137,276.53035510803863,-14.930879221740357,2276.619625587162,116.75140923496772,19.49971859444846,47.601623833271375,0.0556777265651975,6.2786552804884215,352.1809355185953,250,17.116192503236462,47.614429692239085,0.0552631927500478,17.0365524675477,15.852644737112698,1.1839077304350027,0.07844762398185068
594,406.2750151901445,894.0319618458915,276.5945278335955,-15.051314150125828,2270.372723705397,125.3144588233868,18.1174043683592,47.60460712037056,0.0599258027212827,6.2786552804884215,352.1809355185953,250,17.119281998399963,46.21929203583156,0.0189552917573465,17.039535754646884,14.45750708070517,2.582028673941714,0.06285224671717171
142,1502.445457587839,219.9374931506441,276.69046158157835,-14.890538640423012,2266.2912860681536,117.34702903107028,19.31272827936787,47.60656069938643,0.0562168112290935,6.2786552804884215,352.1809355185953,250,17.121305126821866,47.39756285079095,0.0425250121019194,17.041489333662753,15.63577789566456,1.4057114379981925,0.07048905247650818
84,759.994817423372,132.88404651398275,276.70661358492947,-14.997207378320146,2262.146836175263,174.3561962588565,12.974284164910236,47.6085480426745,0.08368091728223,6.2786552804884215,352.1809355185953,250,17.12336322155851,47.43574824040994,0.0699559732054008,17.043476676950824,15.673963285283556,1.3695133916672688,0.10907031724676597
888,505.9070593292816,1326.160431054933,276.5296170760582,-15.0386947500604,2259.1512431348383,121.70107491298424,18.563116593260347,47.60998675529091,0.0584869461194992,6.2786552804884215,352.1809355185953,250,17.124853153811856,47.2454831032028,0.0379192377345584,17.044915389567237,15.483698148076414,1.561217241490823,0.06970359715793124
378,1202.589539613514,568.5785494014264,276.63973288558174,-14.935218783040204,2258.665958050493,116.6135211953606,19.368817053955425,47.610220005802944,0.0560540169787128,6.2786552804884215,352.1809355185953,250,17.125094708280084,46.73823503698744,0.0261394480493064,17.04514864007927,14.976450081861053,2.068698558218216,0.06184920018700494
1232,2920.57454069246,1947.64458473742,276.4268776171742,-14.693124963786763,2252.075258320605,212.3733090260596,10.604323437105087,47.613392773230885,0.1023827692958778,6.2786552804884215,352.1809355185953,250,17.128380429465363,47.238620765170154,0.0435038689237796,17.04832140750721,15.476835810043767,1.5714855974634432,0.11124215954407904
410,845.9257744996779,615.463133625143,276.63424665652207,-14.986821049510713,2243.9823668337485,119.92354077605737,18.71177545553056,47.61730142187853,0.0580222866921537,6.2786552804884215,352.1809355185953,250,17.132428229992513,47.47957292048001,0.0456897608696767,17.052230056154855,15.717787965353622,1.3344420908012324,0.07385214960523977
664,731.1013815941054,1012.775135776785,276.57544499966,-15.004988221349594,2241.272706129559,122.84328349615905,18.244975568400832,47.61861326570422,0.0595067938528986,6.2786552804884215,352.1809355185953,250,17.133786776796757,47.10535362486701,0.0354311867342455,17.053541899980544,15.34356866974062,1.7099732302399246,0.069256245263863
1100,1085.732810833809,1702.0144683878252,276.4711206201965,-14.956640595790882,2236.1193253678503,118.091048971113,18.935553074093207,47.62111258428132,0.0573365877274219,6.2786552804884215,352.1809355185953,250,17.136375073665047,47.33009269782757,0.0383562518636944,17.056041218557645,15.56830774270118,1.4877334758564658,0.06898323237755323
295,2903.1548062093016,430.2555113471124,276.65312447977925,-14.689411237458446,2235.8894827907498,116.58191472185229,19.178699270167773,47.62122418889494,0.0566096785139539,6.2786552804884215,352.1809355185953,250,17.136490651516773,47.268258873811604,0.0363315889838749,17.056152823171267,15.506473918685217,1.5496789044860506,0.0672654447658412
554,963.7311425549744,833.1102169561325,276.6012761666779,-14.970733144200176,2227.007866466389,121.63762974405712,18.308543755352108,47.62554564393906,0.059300183264582,6.2786552804884215,352.1809355185953,250,17.14096595476926,45.83874567344406,0.0147766826654814,17.060474278215388,14.076960718317672,2.983513559897716,0.06111351802841455
254,229.6278972295836,377.614616660526,276.6723466229437,-15.074658794816212,2208.373104441125,120.84512789665936,18.27440744098193,47.63466889850379,0.0594109551024469,6.2786552804884215,352.1809355185953,250,17.15041400650416,46.38319694003915,0.0242020255031839,17.069597532780115,14.621411984912761,2.4481855478673538,0.06415138053574315
997,460.1538527049682,1496.7103126814654,276.5043521476493,-15.045963995742374,2206.1933907044004,131.57616582441244,16.767424228249297,47.63574107368335,0.06475055352693,6.2786552804884215,352.1809355185953,250,17.151524352213958,47.24132431085353,0.0400960781729852,17.070669707959674,15.479539355727141,1.5911303522325326,0.07615989539710495
351,1235.031090646739,522.4202590848391,276.6464810765211,-14.930351460938873,2203.085275797959,129.02692279512723,17.074616894460725,47.637271751917424,0.0635856140556933,6.2786552804884215,352.1809355185953,250,17.153109524154786,47.46809305950852,0.0486857147976334,17.07220038619375,15.706308104382131,1.3658922818116181,0.08008388814359653
448,253.1229319276776,688.2015483008979,276.6258918091821,-15.072545680300705,2202.706818097912,137.0419885476779,16.073225742280975,47.63745828147632,0.0675471132806927,6.2786552804884215,352.1809355185953,250,17.153302694356274,47.56291766770479,0.0587487159609337,17.072386915752645,15.8011327125784,1.2712542031742444,0.08952108209585716
692,608.8089906099902,1052.4429417094707,276.5700376465528,-15.022770654711904,2201.4039095096523,124.62954545170965,17.66357970359952,47.63810068815249,0.0614654570714651,6.2786552804884215,352.1809355185953,250,17.15396797136552,47.271044093802644,0.0390277682016496,17.073029322428816,15.509259138676256,1.5637701837525597,0.07280912788796341
816,397.73707015755696,1230.707065411072,276.54431431051523,-15.053898477760576,2183.9210778838315,120.89268312487162,18.064956632884314,47.64675767201372,0.0600997844646723,6.2786552804884215,352.1809355185953,250,17.162933152684165,47.203913802417716,0.0369174680351957,17.081686306290045,15.442128847291329,1.6395574589987163,0.07053285432215091
651,380.5797338191904,1003.2733380760108,276.57833130496925,-15.055457713481283,2162.9289977902954,123.62294433928396,17.496177666292457,47.65724436382901,0.0620535536794229,6.2786552804884215,352.1809355185953,250,17.173793181426745,47.52100222477148,0.0449259357347061,17.092172998105333,15.759217269645092,1.3329557284602416,0.07660928942291503
803,766.2616407991477,1205.8195465350452,276.5464908660092,-15.000699327362604,2142.701692889096,122.35306262936074,17.51244837556618,47.66744573984076,0.0619959001001137,6.2786552804884215,352.1809355185953,250,17.184357736832094,46.46553389438985,0.0244307596529782,17.102374374117083,14.703748939263463,2.3986254348536207,0.06663597861849757
780,1896.204863163609,1172.5518307833747,276.54672274005856,-14.83770149277337,2139.8887056988897,113.59077821412276,18.83857773793152,47.66887205531383,0.057631739248231,6.2786552804884215,352.1809355185953,250,17.185834830591144,45.5380601244027,0.0121004520621942,17.10380068959015,13.77627516927631,3.3275255203138414,0.05888835461180376
546,1462.9747462270163,822.7671067508492,276.60071545298933,-14.898729173442035,2134.562188292592,121.6428927015488,17.547775631493298,47.67157799155227,0.0618710896925007,6.2786552804884215,352.1809355185953,250,17.18863710092031,46.803763507560625,0.0277197091673355,17.106506625828594,15.041978552434237,2.0645280733943565,0.06779685845272722
1239,1263.442597413026,1960.6121268927843,276.4318015263683,-14.932050744707196,2130.094092031388,118.53660305104042,17.96992690193927,47.67385305211203,0.0604176080361703,6.2786552804884215,352.1809355185953,250,17.190993155957045,47.18677204145432,0.0365612279966657,17.108781686388355,15.424987086327931,1.6837946000604234,0.07061877054605582
23,2432.1255963913068,41.26323105597586,276.71312234920737,-14.755710224095385,2127.1433766317205,128.12562321123377,16.60201389323051,47.67535811217784,0.0653956807277878,6.2786552804884215,352.1809355185953,250,17.192551797696677,47.3635515587476,0.0396392143914705,17.110286746454165,15.601766603621215,1.5085201428329498,0.07647131733809559
996,437.2573196612152,1496.5392886363586,276.5044726532348,-15.049261955547884,2113.688541980548,134.82938810347432,15.676764329438363,47.68224753878387,0.0692553627256637,6.2786552804884215,352.1809355185953,250,17.19968649491857,47.480585002682176,0.0494956568057529,17.117176173060194,15.718800047555789,1.3983761255044058,0.08512417581918853
498,1435.5356078011669,749.243412532998,276.6117981826522,-14.902382859585437,2097.344498014106,120.10526150723923,17.46255302801777,47.6906755939448,0.0621730395468549,6.2786552804884215,352.1809355185953,250,17.208414597441646,47.437072369660825,0.0456468741759657,17.12560422822113,15.675287414534438,1.4503168136866904,0.07713056442507878
208,1819.339843753524,330.5712355213638,276.6726109513743,-14.845309182521657,2096.6516538948927,117.02933845462906,17.91560715954778,47.69103431909575,0.0606007929472486,6.2786552804884215,352.1809355185953,250,17.208786093573938,47.37769601588398,0.0402648291654314,17.125962953372074,15.61591106075759,1.5100518926144844,0.0727579038562593
177,1209.2508852154897,280.4049945006715,276.68269210612783,-14.933062302884352,2089.1893857804243,122.26233132973138,17.087760089786393,47.694905494884765,0.0635367066423725,6.2786552804884215,352.1809355185953,250,17.212795087170466,47.58268919673709,0.0497523218681672,17.12983412916109,15.820904241610705,1.3089298875503843,0.08069824423265112
365,2030.8378347859627,541.9467092060285,276.6401913976243,-14.815694135727089,2081.3888005857007,119.269512788879,17.451138618047366,47.69896698816556,0.0622137055789131,6.2786552804884215,352.1809355185953,250,17.21700117375565,47.52207460776372,0.0453082866251214,17.133895622441884,15.760289652637333,1.3736059698045509,0.07696353681298591
310,860.6455498882649,464.977953710354,276.6566372420264,-14.984079550633307,2081.0628068730875,139.95204819198244,14.869827442741972,47.69913705293047,0.0730136246826411,6.2786552804884215,352.1809355185953,250,17.21717729299969,47.64361307502083,0.0794724283697764,17.134065687206792,15.881828119894443,1.2522375673123491,0.10792060164902166
505,2968.016200798749,759.294696438301,276.6038085546574,-14.681434491371116,2077.163130007976,113.74172553455436,18.26210320131762,47.70117350870024,0.0594509837137305,6.2786552804884215,352.1809355185953,250,17.219286248672493,47.429366369033545,0.0423981186008097,17.13610214297657,15.667581413907158,1.468520729069411,0.07302068149105824
104,1572.7014315325466,158.8739914402166,276.6992686161996,-14.880152245485736,2072.510929080425,122.58883516843926,16.906196443034617,47.70360794813963,0.0642190574123673,6.2786552804884215,352.1809355185953,250,17.221807356639562,46.37074652521511,0.0207556981776371,17.138536582415952,14.608961570088724,2.5295750123272285,0.06748989807203813
347,440.9285143905492,516.5308889269146,276.6507206703748,-15.044781432791671,2069.0221187951684,117.20003800733144,17.653766619646838,47.70543718793584,0.0614996234736516,6.2786552804884215,352.1809355185953,250,17.223701719238736,47.76277792381994,0.060460279779899,17.140365822212168,16.000992968693552,1.1393728535186156,0.08624180609463478
416,558.9875404478175,631.0090398327211,276.63313834984405,-15.028237712586796,2064.1239362170745,116.12232226465322,17.77542763494473,47.70801059646361,0.061078699331296,6.2786552804884215,352.1809355185953,250,17.22636674373552,46.59970217576365,0.0248334955840663,17.142939230739934,14.837917220637266,2.305022010102668,0.06593413391352539
776,967.4512196358256,1171.081609537336,276.5508334945665,-14.971567079792012,2060.031405542104,121.10470990721484,17.0103326874769,47.71016541839111,0.0638259121645103,6.2786552804884215,352.1809355185953,250,17.228598279522014,47.27293974414965,0.0379660764195991,17.14509405266743,15.511154789023266,1.6339392636441659,0.0742641907134968
745,1339.4369038956652,1126.016390255131,276.5559993145846,-14.917772641136528,2054.31080101151,115.72105560232838,17.752264618731807,47.71318464778071,0.0611583943411024,6.2786552804884215,352.1809355185953,250,17.23172499655814,45.77142487349461,0.0143999321873252,17.148113282057032,14.009639918368222,3.13847336368881,0.0628307826258861
400,1298.0790183412485,604.1270251973272,276.6340257581548,-14.92160041673882,2053.11698259096,117.3055276261414,17.5023038056173,47.71381578336525,0.0620318337550253,6.2786552804884215,352.1809355185953,250,17.23237860121339,47.24252575841892,0.0379539437739255,17.148744417641574,15.480740803292534,1.6680036143490398,0.07272173160070787
592,1800.8098755958674,892.05970265333,276.58895549092824,-14.850309143005928,2046.7257725722736,118.62039968430882,17.254416424319434,47.717200875987075,0.0629230205937158,6.2786552804884215,352.1809355185953,250,17.23588420658606,47.63889201744939,0.0547462871437033,17.1521295102634,15.877107062323006,1.275022447940394,0.08340541035603143
773,1122.342116204855,1163.4358882946094,276.5513261823545,-14.949213763577385,2045.3786304258683,118.50469225361223,17.259895718293983,47.71791573607376,0.0629030451701543,6.2786552804884215,352.1809355185953,250,17.236624516421152,47.49253354366498,0.0468381082533917,17.15284437035009,15.730748588538596,1.4220957818114925,0.07842577048671509
915,2752.7490089118983,1361.623570258878,276.5149368275188,-14.714964564036151,2033.901039947116,111.97914849793916,18.163212233968245,47.72402547574232,0.0597746690406204,6.2786552804884215,352.1809355185953,250,17.242951769055146,47.44070045216194,0.0423294582408343,17.158954110018648,15.678915497035554,1.480038612983094,0.07324475471921683
681,2311.81064447936,1031.6911208158194,276.5659792573939,-14.777202263023227,2030.6575011679377,109.42029649580678,18.558325705558264,47.72575832234596,0.0585020447008767,6.2786552804884215,352.1809355185953,250,17.244746306765748,46.963658118402165,0.02939816648068,17.160686956622285,15.201873163275778,1.9588137933465077,0.06547321151898043
482,2698.0259506194275,728.6664073432619,276.6095202522902,-14.720250809832486,2027.1096676336888,112.84656610210816,17.963414728982343,47.72765690949397,0.0604395108825451,6.2786552804884215,352.1809355185953,250,17.24671248555319,47.99553469575426,0.0664002965088009,17.162585543770298,16.23374974062787,0.9288358031424266,0.08978827235323088
1023,1184.5459569227855,1532.660277110033,276.49597914694857,-14.941729273158783,2025.7677538623684,115.71531963487828,17.506478487501603,47.72837588728032,0.0620170413355897,6.2786552804884215,352.1809355185953,250,17.247457059682247,46.71074473268964,0.0245000826780997,17.163304521556647,14.948959777563253,2.2143447439933936,0.06668108777797467
549,1842.320845705592,826.9076910959736,276.5984966283836,-14.84405646781584,2023.2902890472324,130.06520581473464,15.55596884173016,47.72970452893128,0.0697931457080012,6.2786552804884215,352.1809355185953,250,17.248833002331477,47.69541422273523,0.0567180059819884,17.164633163207604,15.933629267608843,1.2310038955987608,0.08993339418920626
37,852.6470461741676,70.4342840410096,276.7155356797786,-14.98359073464555,2019.22751630022,121.0715095005191,16.677974237131007,47.73188688218768,0.0650978340992308,6.2786552804884215,352.1809355185953,250,17.25109304959027,47.47496437376764,0.0481658005897202,17.166815516464005,15.713179418641253,1.453636097822752,0.08097945635072927
1029,1576.4566442708142,1550.131919926102,276.4917424167546,-14.885315561433137,2012.653362072626,116.52568754619467,17.272186111536506,47.735427563969495,0.0628582851637312,6.2786552804884215,352.1809355185953,250,17.254759783255768,46.40003068911933,0.0205232383951777,17.17035619824582,14.638245733992946,2.532110464252874,0.06612387865174157
939,2021.3394343931968,1389.2244194644702,276.5138855377482,-14.820538791803497,2010.3830628169528,112.61660936584737,17.85156802480177,47.73665297984887,0.060818186866924,6.2786552804884215,352.1809355185953,250,17.256028825190633,46.618898151225835,0.0237094472962893,17.171581614125195,14.857113196099448,2.314468418025747,0.06527625712979879
612,2000.8441704358167,932.1459215876343,276.5821337048195,-14.821632746197286,2006.6589202671312,115.12252935179744,17.430636136694655,47.73866612164498,0.06228688336362,6.2786552804884215,352.1809355185953,250,17.258113636888524,47.515999445705475,0.0453075939991876,17.173594755921307,15.754214490579088,1.4193802653422196,0.07702229490964563
175,2343.0806899454733,275.1344421312975,276.6786404141462,-14.769544962988098,1998.023356031336,113.00675535741124,17.680565641514992,47.743348620093016,0.0614064064472413,6.2786552804884215,352.1809355185953,250,17.262962837058456,47.944620359036506,0.0619909802620166,17.17827725436934,16.18283540391012,0.9954418504592226,0.08725610801892054
38,519.5161988834218,72.21741002201075,276.71669060724423,-15.031615146928788,1981.5085847225564,126.11861295308124,15.711468262497617,47.752360126131805,0.0691023895323331,6.2786552804884215,352.1809355185953,250,17.272295161905877,46.66812502889938,0.0273258001863902,17.18728876040813,14.906340073772995,2.280948686635135,0.07430908151030277
1251,2114.085813926649,1985.877725006344,276.42451924210684,-14.809551740374532,1979.8469532360905,111.391169618554,17.77382318558863,47.753270972710624,0.0610842129272618,6.2786552804884215,352.1809355185953,250,17.273238435552166,47.61244088203132,0.0494648518386675,17.18819960698695,15.850655926904935,1.337543680082014,0.07860058928764074
169,770.03652371601,271.80713149098074,276.68584325493725,-14.99633893846808,1978.4858096279784,123.20130816685186,16.058967547231802,47.75401767241577,0.0676070859977016,6.2786552804884215,352.1809355185953,250,17.27401171852861,45.9072552640755,0.0156921212508847,17.188946306692095,14.145470308949115,3.0434759977429806,0.06940432800952032
468,598.4133359260301,714.905977330274,276.6204523458481,-15.02289915064788,1977.855853467452,124.1904792280762,15.925986160622776,47.754363429316925,0.068171602627937,6.2786552804884215,352.1809355185953,250,17.274369784728194,47.533029303150514,0.0479155906736009,17.18929206359325,15.771244348024126,1.4180477155691236,0.08332629377610297
165,658.9933963171472,265.4608256308575,276.6872621357748,-15.012317490317953,1969.856765884149,136.68771705787464,14.411366348668306,47.758763400499035,0.075336368095335,6.2786552804884215,352.1809355185953,250,17.278926399373287,46.187536858960364,0.0204459372542197,17.19369203477536,14.425751903833977,2.7679401309413834,0.07806154436083941
363,346.28350553221,539.6447447108721,276.64767099258285,-15.058514827706464,1967.3671587468125,120.74551350996634,16.2935011128544,47.76013647808702,0.0666339292261416,6.2786552804884215,352.1809355185953,250,17.280348359924233,45.79514396192545,0.0145104676615139,17.195065112363345,14.03335900679906,3.161706105564285,0.06819555847612283
353,1870.9169189123093,523.8794629938108,276.6435650372057,-14.838679176342422,1962.7020916545296,111.74603256350476,17.563953248533767,47.76271405842767,0.0618141021350437,6.2786552804884215,352.1809355185953,250,17.283017704754695,47.70939257461628,0.0496998914866134,17.197642692703994,15.947607619489894,1.2500350732141001,0.07931621799192623
86,1216.990324517869,136.63765696357694,276.7041043666153,-14.931345017707708,1960.196175716032,121.90180978449617,16.080123660029003,47.764101177769106,0.0675181374816642,6.2786552804884215,352.1809355185953,250,17.284454206959843,47.51235352526156,0.0495945676278131,17.19902981204543,15.750568570135172,1.448461241910259,0.08377541421671775
779,1388.7943684772429,1171.9823065761382,276.5489354256069,-14.910844402780514,1958.6821643053845,122.54691105363288,15.98312146316086,47.76494010000252,0.067927907730815,6.2786552804884215,352.1809355185953,250,17.285322995680648,47.6394596643294,0.0558648923705247,17.199868734278844,15.877674709203013,1.3221940250758308,0.08794934251179155
1047,951.723154450782,1592.954810090459,276.48794952468575,-14.975519285163957,1951.1872383790608,120.3356744086482,16.21453694399069,47.769102654584,0.0669584338886948,6.2786552804884215,352.1809355185953,250,17.28963374145193,47.34975696905908,0.0405855025255349,17.204031288860328,15.587972013932692,1.6160592749276361,0.0782982431736301
170,738.8569161218053,273.50292252676,276.68572276734346,-15.000840054295892,1945.08005835372,120.64622479185851,16.122179220356163,47.772506318341065,0.0673420128359059,6.2786552804884215,352.1809355185953,250,17.2931585791112,47.029485123322516,0.0368530606348297,17.20743495261739,15.267700168196129,1.9397347844212618,0.07676649510656164
499,809.709986110694,751.0818953965846,276.6141639671066,-14.992596189486855,1934.74545020322,127.9725965844284,15.118435523239498,47.77829043659272,0.0718129860944343,6.2786552804884215,352.1809355185953,250,17.299148617873648,47.41910337310915,0.0463635091757193,17.213219070869044,15.657318417982765,1.5559006528862795,0.085479119993636
210,283.25422593346224,333.36110809787766,276.6787241310226,-15.066748713702014,1920.9677746492089,120.66556735267824,15.91976747628968,47.7860498232289,0.068198232267965,6.2786552804884215,352.1809355185953,250,17.307184246590307,47.63742949986304,0.0582725472752858,17.220978457505225,15.875644544736652,1.3453339127685737,0.08970333689682743
444,1956.4420769598312,686.5592870966663,276.6189433008945,-14.827022418909008,1914.0790981513856,117.52146149185398,16.287060030172107,47.78995031976444,0.0666602811059036,6.2786552804884215,352.1809355185953,250,17.311223604781855,47.24453182539161,0.0384863092941378,17.22487895404077,15.482746870265224,1.7421320837755445,0.0769726515081956
619,1680.1222889281623,940.2316625125402,276.5822797873532,-14.86790607610324,1909.160369003192,115.38143026977228,16.546513286751612,47.792743995290095,0.0656150320726055,6.2786552804884215,352.1809355185953,250,17.314116738006366,47.35403753284261,0.0419777944578439,17.22767262956642,15.592252577716224,1.635420051850197,0.07789395137900014
665,1724.8157348694951,1012.399527515046,276.57132809288925,-14.861757779734804,1906.6116783551115,115.17318528051392,16.55430188642781,47.79419439960593,0.0655841609902088,6.2786552804884215,352.1809355185953,250,17.315618778195567,47.59299892276648,0.049866993596237,17.229123033882253,15.831213967640096,1.397909066242157,0.0823893149814754
335,1040.512302426702,491.1776413508298,276.65196623924214,-14.958262019293876,1895.793571520772,115.60580159178198,16.39877536782321,47.800372405986934,0.066206163304749,6.2786552804884215,352.1809355185953,250,17.322016727906615,46.710299458257566,0.026788965626972,17.23530104026326,14.948514503131179,2.2867865371320804,0.0714206184438232
421,842.9710719920386,634.3507537305082,276.63144099295266,-14.987324459455635,1883.1178046157,120.74406893672835,15.595944556104708,47.80765629772153,0.0696142510698414,6.2786552804884215,352.1809355185953,250,17.329559933618086,46.82545245175868,0.0281041560489971,17.242584931997854,15.063667496632291,2.1789174353655625,0.07507321452583002
700,583.7729117375967,1054.9621979037458,276.56976648080337,-15.026388361729028,1879.9715735568896,123.29196541925624,15.248127217081969,47.80947181546334,0.071202186638614,6.2786552804884215,352.1809355185953,250,17.331440085643717,47.41291639703125,0.0440033958887945,17.244400449739665,15.651131441904866,1.5932690078347989,0.08370215189507374
761,440.1067625243605,1155.5260038944286,276.555358552167,-15.047493019486431,1877.4228069683304,118.16454641200984,15.888207283614772,47.81094479823111,0.0683337006258511,6.2786552804884215,352.1809355185953,250,17.332965508100777,47.09466957421117,0.033619865438215,17.245873432507437,15.33288461908478,1.9129888134226576,0.07615635228467241
1109,493.5113976876027,1716.093298693185,276.47146946180294,-15.042023219293696,1875.5823717101305,123.57777302450214,15.177343998084938,47.812009666120915,0.0715342552779322,6.2786552804884215,352.1809355185953,250,17.33406828637385,47.56528991075942,0.0473542730066009,17.24693830039724,15.80350495563303,1.443433344764209,0.08578797613973686
294,879.1456308818352,428.8770255806033,276.66194507081616,-14.98126378308251,1874.67037085144,125.10072443183954,14.985287889942189,47.81253773312788,0.0724510605317565,6.2786552804884215,352.1809355185953,250,17.334615153105005,47.724916472740304,0.0645341820191841,17.247466367404208,15.963131517613917,1.2843348497902909,0.09702482579763505
990,858.0296562554886,1483.0572129433162,276.5047377125275,-14.988583666154494,1866.0047323008769,115.96643487222362,16.090903668435736,47.817568169657704,0.0674729040936173,6.2786552804884215,352.1809355185953,250,17.339824678307412,47.35581133383402,0.0400167462082024,17.25249680393403,15.594026378707632,1.6584704252263975,0.07844700608639031
348,813.7472438927116,518.1039418339291,276.6489092627669,-14.99105828369578,1856.6100936284347,118.2344885016769,15.702779427189746,47.82304825366789,0.0691406260295603,6.2786552804884215,352.1809355185953,250,17.34549985889921,47.72650673802644,0.0588737422705564,17.257976887944217,15.96472178290005,1.2932551050441674,0.09081048230628119
386,1872.8691249401352,576.6850533248682,276.6356822542671,-14.838617254863506,1852.664944895776,113.87430912708056,16.269384719851548,47.82535781140242,0.0667327018627356,6.2786552804884215,352.1809355185953,250,17.34789163924533,47.296607750243155,0.0381290373355417,17.260286445678744,15.534822795116767,1.7254636505619771,0.07685751092792355
457,1692.431538330457,700.2679241585814,276.61801685460966,-14.865145195097352,1847.2974808090948,129.52154623544686,14.262472418689631,47.8285079267302,0.0761228465954677,6.2786552804884215,352.1809355185953,250,17.351153901892566,46.68404403706506,0.0266626316489475,17.26343656100652,14.92225908193867,2.341177479067852,0.0806571986883041
288,819.551353697905,420.3613971202557,276.6634682898883,-14.989818162943656,1844.5101038837165,128.1778809713067,14.39023714471157,47.83014742529551,0.0754469845828076,6.2786552804884215,352.1809355185953,250,17.352851768279436,46.61339644332136,0.0284036600045578,17.265076059571832,14.851611488194976,2.4134645713768563,0.08061647092432739
528,1319.7034239840175,799.3832216993869,276.60480787260616,-14.919286297919545,1827.605425489106,118.03611402064328,15.483442848427536,47.84014392506421,0.0701200637757552,6.2786552804884215,352.1809355185953,250,17.36320415363847,46.62660736652421,0.0238927325109568,17.275072559340536,14.864822411397824,2.410250147942712,0.07407891745129723
417,1325.3366774817384,631.1874893175666,276.62987383080383,-14.917782715529478,1825.8081403367105,119.03741929813896,15.338102515174866,47.84121217407708,0.070784505379714,6.2786552804884215,352.1809355185953,250,17.364310433406043,48.09645444504442,0.0840257549632905,17.276140808353404,16.334669489918035,0.9414713184353687,0.10986707286080619
1108,1266.7115918630284,1713.8427106687914,276.468605975401,-14.930607634626458,1822.3499660487576,120.80513682774884,15.085037059700309,47.84327056411496,0.0719719809572393,6.2786552804884215,352.1809355185953,250,17.366442104229264,45.58585347765416,0.0125904678933492,17.278199198391285,13.824068522527774,3.45413067586351,0.07306494319906555
256,437.0506177207404,381.98639369497744,276.6708156843834,-15.044786336966284,1820.8289113387584,124.70032319814102,14.601637466853834,47.84417717030675,0.0743546744304926,6.2786552804884215,352.1809355185953,250,17.367380986526413,45.90946728911862,0.0161970887768804,17.279105804583075,14.147682333992236,3.131423470590839,0.07609837905310923
204,1133.1761537632383,319.29652770833934,276.6772142885946,-14.944191326673971,1817.0722575871623,127.2953137468908,14.274463089820888,47.84641952723028,0.0760589027530017,6.2786552804884215,352.1809355185953,250,17.36970317364411,47.6118683219606,0.0537958576827398,17.281348161506607,15.850083366834212,1.4312647946723942,0.09316088767187744
965,1566.8006376661806,1440.6679821781042,276.50811116985244,-14.88626913481528,1809.467540035432,111.86314157763348,16.175726110638987,47.85097302987245,0.0671190889715869,6.2786552804884215,352.1809355185953,250,17.374418785625878,47.76325138884188,0.0554252485563676,17.285901664148774,16.001466433715493,1.2844352304332816,0.08704556440112803
916,1136.432311426366,1362.418694098253,276.52157946897,-14.947983156922998,1808.6475926571,114.05165167967142,15.858144674107104,47.85146513503618,0.0684632422210595,6.2786552804884215,352.1809355185953,250,17.37492841023549,46.98130968219405,0.0308918741998882,17.286393769312504,15.219524727067665,2.0668690422448392,0.07511007540271267
403,641.7298773286726,606.6425864091466,276.636425220262,-15.016213737574542,1802.62531948922,123.04227648344704,14.650454876228888,47.85508635460815,0.0741069140291066,6.2786552804884215,352.1809355185953,250,17.37867854891864,46.726575696568446,0.0265630996404092,17.290014988884472,14.964790741442059,2.3252242474424136,0.07872377639203866
371,1372.006633288293,555.535709153495,276.64096079752755,-14.910742304635402,1790.586596547888,127.64487326337937,14.027877115387428,47.8623616985456,0.077395887565131,6.2786552804884215,352.1809355185953,250,17.386212902522658,47.66215843473995,0.0548527222932546,17.297290332821923,15.900373479613563,1.39691685320836,0.09486276695825033
48,1042.649961488364,91.98737590785728,276.7115091821952,-14.956291364853763,1783.4457191760011,116.025499298322,15.371153151346912,47.86670028237933,0.0706323064580788,6.2786552804884215,352.1809355185953,250,17.390705944367156,47.737092595481236,0.0529372022996573,17.301628916655652,15.975307640354849,1.3263212763008028,0.08826817151670699
1217,816.7878122640544,1921.86093947727,276.4394252519968,-14.996255761682889,1782.3441954886075,118.44007548749984,15.048489188751963,47.867371081396925,0.0721467774194574,6.2786552804884215,352.1809355185953,250,17.391400624514127,45.94069739847868,0.0154918708463711,17.30229971567325,14.178912443352296,3.1233872723209544,0.073791297280461
315,250.8994412200768,472.020222037461,276.6581666820247,-15.071981930390852,1749.8775721880666,125.75468526368606,13.91500895985603,47.88733085936876,0.0780236651756517,6.2786552804884215,352.1809355185953,250,17.412070990944997,46.518464401626275,0.0245384602431366,17.322259493645085,14.756679446499888,2.565580047145197,0.08179137092961701
9,1578.3194674030087,34.487743248624106,276.71779489667864,-14.878817871245326,1747.5920794803824,126.33539686981972,13.83295673880821,47.88874985240018,0.0784864740416689,6.2786552804884215,352.1809355185953,250,17.413540501576012,47.661097366275705,0.0512484922960565,17.323678486676506,15.899312411149317,1.424366075527189,0.09373651673767555
510,436.9581468608917,768.369602766388,276.6131533526766,-15.046382994209596,1742.6743173288996,114.12242471123362,15.270218116539542,47.89180944461498,0.0710991808836084,6.2786552804884215,352.1809355185953,250,17.41670901839509,46.946405164105464,0.0293848349878375,17.326738078891303,15.184620208979076,2.1421178699122265,0.07693219124386427
930,1567.5743166300297,1381.0586219966226,276.51699966234,-14.885918233461435,1741.574892841949,114.28984582667448,15.238229435387664,47.892494633840826,0.0712484350365984,6.2786552804884215,352.1809355185953,250,17.417418601056422,46.74203552798282,0.0260118386146566,17.32742326811715,14.980250572856434,2.347172695260717,0.07584823823451223
336,1008.4594833998292,492.16838953686,276.6519542555973,-14.962886305002453,1733.4173904888155,128.6723728654099,13.47155843859314,47.89759214842063,0.0805920120488585,6.2786552804884215,352.1809355185953,250,17.422697592355814,47.87890323206094,0.0712865872990126,17.332520782696953,16.117118276934555,1.2154025057623983,0.1075957709894915
190,1131.838229591271,296.9613998577185,276.68055182866067,-14.944291155195328,1733.382871763606,140.99597584382656,12.293846412209511,47.897613769643,0.0883124746801577,6.2786552804884215,352.1809355185953,250,17.422719983315766,47.69265280362988,0.0588156831337755,17.332542403919327,15.930867848503496,1.4016745554158305,0.10610550299878974
1008,1262.1130772076233,1507.117357184924,276.4994674639739,-14.930448935275573,1733.3409413846966,113.15490596290245,15.318301284727047,47.89764003382378,0.0708760051013284,6.2786552804884215,352.1809355185953,250,17.42274718252817,47.5018797280833,0.0461219461900633,17.3325686681001,15.740094772956915,1.5924738951431863,0.08456146888200691
529,1474.1057757548947,798.6949504883341,276.6042591059664,-14.89702578601917,1728.475196913059,140.2038062800315,12.328304364724206,47.90069214185253,0.0880656388648698,6.2786552804884215,352.1809355185953,250,17.425907948716542,46.01014366289941,0.0173645677958115,17.335620776128856,14.248358707773022,3.087262068355834,0.08976126649849032
534,806.1470912267217,808.0177173771694,276.60568343558367,-14.993342043784388,1727.6906700539694,123.42790472541684,13.997569462897925,47.90118505177753,0.0775634657772383,6.2786552804884215,352.1809355185953,250,17.42641840673775,47.66906894733103,0.0553920677248001,17.336113686053856,15.90728399220464,1.4288296938492167,0.09531197401274226
650,934.2668663926196,1000.5167712250604,276.5764221829216,-14.97566027332076,1725.1736453828053,142.06584679158777,12.143479128475228,47.90276798411901,0.0894060086498723,6.2786552804884215,352.1809355185953,250,17.428057693085517,46.34539442060532,0.0218402640763975,17.337696618395334,14.58360946547893,2.754087152916405,0.09203494726259054
703,2460.6203796875607,1057.826425319422,276.5614553613118,-14.755850600386886,1722.060817233083,114.31455699255056,15.064230335470777,47.90472880876068,0.0720713887017229,6.2786552804884215,352.1809355185953,250,17.43008832508488,47.57318753991381,0.0450999742513081,17.339657443037005,15.811402584787423,1.528254858249582,0.08501936689286439
814,1091.784475969789,1224.5537078806544,276.54233533022165,-14.953864062686838,1720.7259762617468,118.6974190260835,14.496742982116748,47.905570734403895,0.0748926846077994,6.2786552804884215,352.1809355185953,250,17.430960224139945,46.57282052502412,0.0237405848427887,17.34049936868022,14.811035569897733,2.529463798782487,0.07856544772634444
369,766.8434588289717,548.5779279781244,276.6445607229854,-14.997943873253996,1711.7195082558028,128.35253720379913,13.336078472199748,47.91126852093955,0.0814107387162755,6.2786552804884215,352.1809355185953,250,17.436860857689226,47.53593857665116,0.0508509095171213,17.346197155215876,15.774153621524775,1.572043533691101,0.0959871000554144
964,1435.2968827426396,1440.446958231283,276.5086924703745,-14.905222487543838,1695.1071873173642,116.839841893894,14.50795516187659,47.92185710841693,0.074834805311017,6.2786552804884215,352.1809355185953,250,17.44782640968342,46.748390536987756,0.0261124035276816,17.356785742693255,14.986605581861369,2.370180160831886,0.07925973570439342
782,1068.2359902611654,1173.9076232223522,276.5499902354603,-14.957053808671482,1693.5228213132068,118.59903582374044,14.27939788507292,47.92287238813368,0.0760326176732525,6.2786552804884215,352.1809355185953,250,17.44887783439388,46.60684936258656,0.0238979552192717,17.35780102241001,14.845064407460171,2.512736614949837,0.07969988214488968
196,1174.6809498499877,308.7532789468368,276.6786105132279,-14.938164158692494,1687.585956060968,126.00629942666616,13.392869751270794,47.92668526526725,0.0810655236826284,6.2786552804884215,352.1809355185953,250,17.452826453843354,48.014414568287606,0.0809725202739741,17.361613899543578,16.25262961316122,1.1089842863823591,0.11457821856469026
1024,1672.944072539535,1539.096917758041,276.4929867352596,-14.871363946352531,1681.2117887142813,114.90801619057464,14.630935633994376,47.93079395510068,0.0742057806253634,6.2786552804884215,352.1809355185953,250,17.457081417226597,47.6477032188988,0.0494477171079801,17.365722589377008,15.88591826377241,1.4798043256045972,0.08917160201213381
1052,358.82399812746894,1602.1275068908226,276.4890372346582,-15.060978034679248,1679.7847781993332,118.36498194719044,14.191568744113724,47.9317159180024,0.0765031702679324,6.2786552804884215,352.1809355185953,250,17.458036202948218,47.13995971591764,0.0347858211572283,17.36664455227873,15.378174760791254,1.988469791487475,0.0840403975158788
1080,1007.2717366438096,1658.0037378949562,276.4780127177471,-14.967772579587434,1669.148263639916,115.2767144392494,14.479491992457453,47.93861273417484,0.0749819123879176,6.2786552804884215,352.1809355185953,250,17.46517855281262,46.25214353901477,0.0186979904673072,17.373541368451164,14.49035858388838,2.883182784562784,0.07727808248698244
1173,487.9616052528553,1837.541812125305,276.45336492885906,-15.04329840461308,1657.614441165235,120.14429283115776,13.79686377192072,47.94614121752374,0.0786917967697564,6.2786552804884215,352.1809355185953,250,17.472975057849396,47.439023976748615,0.045092528914753,17.381069851800063,15.677239021622228,1.7038308301778358,0.09069583806757882
1156,251.2713152699376,1807.4655021323267,276.45882983162534,-15.077275938116276,1657.2769172666012,121.57090868785056,13.632183350063457,47.946362317932994,0.079642414726981,6.2786552804884215,352.1809355185953,250,17.473204029658785,47.21207405806276,0.0398569276972089,17.38129095220932,15.450289102936374,1.9310018492729455,0.08905890696053359
45,463.98584738368106,86.84350569341382,276.7147447485493,-15.039679580700058,1645.7348724839976,123.66390327591267,13.3081265339985,47.95395034225905,0.0815817310743434,6.2786552804884215,352.1809355185953,250,17.481062195392255,47.73172963150887,0.0694134504119781,17.388878976535374,15.969944676382482,1.4189343001528911,0.10711585290321238
707,1060.069866074424,1064.690824248382,276.5663195812691,-14.957789487078626,1642.2368225904647,120.20086135732473,13.662438056151178,47.95626055730991,0.0794660510472499,6.2786552804884215,352.1809355185953,250,17.483454656455837,47.40558544122701,0.0439656349665792,17.391189191586236,15.643800486100623,1.747388705485612,0.09081756618110076
96,2094.749169455844,146.03446405827262,276.6989501074491,-14.804815804752913,1633.7757958956065,116.25219630359022,14.053719825034824,47.96186887724505,0.0772535679888801,6.2786552804884215,352.1809355185953,250,17.489262638302353,47.506590716058504,0.0458772234319246,17.396797511521378,15.744805760932117,1.6519917505892607,0.08984894766682162
598,637.9056341190517,906.0261318707398,276.59176571872047,-15.017985804340702,1620.8470197872084,117.74206970491387,13.766082283498058,47.97049495463513,0.078867754648065,6.2786552804884215,352.1809355185953,250,17.49819581284795,46.69831038397629,0.0252071581903439,17.405423588911454,14.936525428849905,2.468898160061549,0.0827980890314529
101,2176.2137243254706,156.5304165097501,276.6970363781457,-14.79311104506726,1617.8985501103452,125.21019519857272,12.921460169792848,47.97247180714922,0.0840230117752555,6.2786552804884215,352.1809355185953,250,17.500243043328357,47.35380767863319,0.0463930118661509,17.407400441425544,15.592022723506801,1.815377717918743,0.09598009198681538
428,1347.6267890886124,653.7725707413911,276.6264105792129,-14.914662575222106,1613.9458422239986,123.31215869913387,13.088294449226398,47.975127628208604,0.0829519846311351,6.2786552804884215,352.1809355185953,250,17.502993414326962,47.10014359506111,0.0351784256847833,17.41005626248493,15.338358639934725,2.0716976225502037,0.0901030154207055
113,858.9189829211114,175.16740231417302,276.6998835190722,-14.983124760059708,1611.6364151261805,114.6623779987018,14.055494428559886,47.97668234226687,0.0772438141908352,6.2786552804884215,352.1809355185953,250,17.50460347779184,48.32384574578551,0.0984498229757678,17.411610976543194,16.562060790659125,0.8495501858840697,0.125135824106082
1119,518.2361251353708,1732.6147425562042,276.46890136862925,-15.03852619215222,1598.8681742093177,120.00590417310292,13.323245928825507,47.985318376969865,0.0814891510522247,6.2786552804884215,352.1809355185953,250,17.513546964140858,47.1577679271439,0.0352370202923908,17.42024701124619,15.395982972017514,2.024264039228676,0.08878135692981189
1196,225.5181080102477,1887.9941604864948,276.4469143840268,-15.081299139382727,1598.399521517451,149.97401996365224,10.657842751063416,47.985636669491534,0.1018686450305969,6.2786552804884215,352.1809355185953,250,17.513876588201025,47.609552536912226,0.0592925983654585,17.42056530376786,15.847767581785838,1.5727977219820204,0.11786786271625241
42,444.43762962597134,75.94883599146,276.71645378542735,-15.04245146657061,1570.075375047163,127.75079265565095,12.29014194283132,48.00504876616452,0.0883390936451531,6.2786552804884215,352.1809355185953,250,17.533979775320045,47.69714512983988,0.0595803322184016,17.439977400440846,15.935360174713495,1.5046172257273511,0.10655332680541811
167,1766.371031897835,269.7186621256852,276.6819113603166,-14.852692013262187,1566.7339397861506,121.60544884836058,12.883747847021516,48.00736189281446,0.0842689575185215,6.2786552804884215,352.1809355185953,250,17.536375251638606,48.069191610357734,0.0713326644351887,17.442290527090783,16.307406655231347,1.1348838718594365,0.11040654970010436
914,1835.8801296709328,1360.6787775561163,276.51891830597816,-14.847159984027057,1550.1236629323976,119.60885129243373,12.959941059399306,48.018934156920714,0.0837735291405964,6.2786552804884215,352.1809355185953,250,17.54835950015322,46.787509806850004,0.0268306533976652,17.45386279119704,15.025724851723616,2.428137939473423,0.08796526670462608
801,470.4970166474944,1204.6493068818706,276.54790007250307,-15.04331119127041,1540.252761797572,128.80320296353577,11.958186802494486,48.02587003120205,0.0907913564097796,6.2786552804884215,352.1809355185953,250,17.55554229863504,47.81757762512878,0.0603188022596097,17.46079866547837,16.05579267000239,1.4050059954759817,0.10900196468303461
132,2083.5937834064634,211.5401625410132,276.6892312129226,-14.806701246447329,1537.6645195407618,113.5939423119694,13.536501051418636,48.02769603803096,0.0802053644347198,6.2786552804884215,352.1809355185953,250,17.55743331316998,47.79055706776873,0.0579690396880695,17.462624672307285,16.028772112642343,1.4338525596649419,0.09896115422964302
483,387.87455343345937,731.4936354815638,276.6188633409991,-15.053305581930632,1531.635167513683,121.4288653842202,12.613435550660434,48.031961697871964,0.0860748838521756,6.2786552804884215,352.1809355185953,250,17.561850834853196,48.07199516323507,0.0783001472979105,17.46689033214829,16.310210208108685,1.1566801240396032,0.11636064066960099
654,1765.1770670449318,1003.292752274681,276.57251646365535,-14.855901826702144,1524.7203218344075,112.4798479334624,13.555497716678614,48.03687454988824,0.0800929646916734,6.2786552804884215,352.1809355185953,250,17.56693858941341,48.25743844782193,0.081926431337572,17.471803184164564,16.495653492695546,0.9761496914690184,0.11457234895388826
677,1648.0784987653378,1028.052472290737,276.5693162519177,-14.872884286131272,1523.9511676098628,112.4540369728754,13.551769315115374,48.03742239416023,0.0801150000973697,6.2786552804884215,352.1809355185953,250,17.567505937500414,48.01697893848487,0.0680471026453694,17.472351028436556,16.25519398335848,1.2171570450780749,0.10511337412066547
1020,2425.9830649280098,1535.8733751752366,276.4903266576141,-14.762790008122124,1520.5469148256525,111.27778249582012,13.664425015683324,48.03985046075006,0.0794544957986808,6.2786552804884215,352.1809355185953,250,17.570020445737985,48.18283593159616,0.0790214051718245,17.474779095026385,16.421050976469772,1.053728118556613,0.11205980268567421
984,1405.604884295431,1467.420122300154,276.5047923724709,-14.90960995471766,1518.053388485947,111.84569307887855,13.572747834065886,48.04163240780595,0.0799911715205545,6.2786552804884215,352.1809355185953,250,17.571865831927028,46.800757459853216,0.0274991981656705,17.476561042082274,15.038972504726829,2.4375885373554453,0.08458601196997992
851,517.8608405588756,1275.5068181352267,276.537127245563,-15.036770342969678,1514.4500475792738,122.36012534184007,12.376989998566302,48.04421263869716,0.0877192273828905,6.2786552804884215,352.1809355185953,250,17.574537921670355,47.9212920102576,0.0667175508543934,17.479141272973486,16.159507055131215,1.319634217842271,0.1102084136745458
1062,1143.270859864008,1628.1208676266217,276.48190762031425,-14.948056709261415,1500.528409202234,127.84018090955676,11.73753352448566,48.05423946605838,0.0924981383640031,6.2786552804884215,352.1809355185953,250,17.584921714315126,46.72906556533305,0.0264812602219363,17.4891681003347,14.967280610206664,2.5218874901280373,0.09621415043406124
746,1373.5370969477642,1126.5470803415458,276.5557771874091,-14.91285964574085,1496.727517250751,112.34412406331076,13.322704055329854,48.05699316365077,0.0814924654552885,6.2786552804884215,352.1809355185953,250,17.58777344635117,47.66970422016133,0.0554145209446854,17.4919217979271,15.907919265034941,1.584002532892157,0.09854841986308237
313,1191.97140041665,469.1544923309971,276.65460949579693,-14.936338165399071,1494.7219876910676,121.2122677508943,12.33144149041828,48.05844896384081,0.0880432349165023,6.2786552804884215,352.1809355185953,250,17.589281074513202,47.98720662550325,0.0817026524528348,17.493377598117135,16.22542167037686,1.2679559277402745,0.12011217520464411
835,1494.123897322408,1253.5883383168575,276.5363210847476,-14.895991952380976,1484.5475481025933,119.43163871295826,12.430102811119854,48.06586474159247,0.0873444102995466,6.2786552804884215,352.1809355185953,250,17.596960861518493,46.8191822583524,0.0296651347777256,17.500793375868795,15.057397303226011,2.443396072642784,0.09224460001515626
244,663.6178798611218,371.3670917315045,276.6714399075617,-15.012090035688264,1480.526165269839,136.8338452277615,10.819882776848717,48.06880980403196,0.1003430464443728,6.2786552804884215,352.1809355185953,250,17.600010771185417,47.042207475298724,0.0396100373227829,17.503738438308282,15.280422520172337,2.2233159181359454,0.10787808872264011
797,716.0358757559148,1200.7211890814792,276.547461438807,-15.007916252845812,1478.8164294060844,113.69884378207806,13.006433312905727,48.07006435451065,0.083474075780845,6.2786552804884215,352.1809355185953,250,17.601309984941064,48.376748437238405,0.1009106343644743,17.504992988786974,16.614963482112017,0.8900295066749564,0.13096135863416689
1003,748.2025322294166,1503.552339024044,276.50213548445424,-15.004490011292248,1475.5885303137477,112.1508632326591,13.157174967548942,48.07243684464126,0.0825177139224633,6.2786552804884215,352.1809355185953,250,17.603766938140765,47.89095848182847,0.0602881328466454,17.507365478917585,16.129173526702083,1.3781919522155022,0.10219506873193177
863,321.970106505738,1293.5675831929718,276.53524739358687,-15.065065107607335,1470.6393290812848,113.60197521145145,12.945543652246636,48.07608458152628,0.083866698005501,6.2786552804884215,352.1809355185953,250,17.60754453818036,47.41574200543498,0.0425180779535151,17.511013215802606,15.653957050308591,1.857056165494015,0.09402877212431891
513,1059.0257248498365,770.6469958187629,276.6101940407702,-14.95674311200328,1469.1490678004047,118.45024391476484,12.403090270186226,48.0771853619549,0.0875346366388816,6.2786552804884215,352.1809355185953,250,17.60868450751528,46.91263701082997,0.029410879663199,17.51211399623123,15.15085205570358,2.3612619405276476,0.09234344835484651
139,962.3950268682172,217.1000883846689,276.69318684883274,-14.968383972344512,1468.9966503873002,119.08485595517908,12.33571337517676,48.07729800790216,0.0880127453499983,6.2786552804884215,352.1809355185953,250,17.608801163773173,47.8057389228776,0.0621384150735287,17.512226642178483,16.043953967751214,1.4682726744272685,0.1077377648361696
631,743.5900279851692,964.4040872094064,276.5826107034371,-15.002992791776911,1468.1542933942983,113.06074243320468,12.985535578467225,48.07792077297431,0.0836084113311676,6.2786552804884215,352.1809355185953,250,17.609446099917246,47.882728396749755,0.0600895957416889,17.512849407250634,16.120943441623368,1.3919059656272665,0.10296176941817439
613,1091.4706965533946,932.0984389557412,276.58597005006254,-14.952725646594114,1464.2573345236017,119.43667681587388,12.259695878686678,48.08080650142037,0.0885584773670834,6.2786552804884215,352.1809355185953,250,17.612434563240047,47.338078635677945,0.0422550693767641,17.515735135696694,15.576293680551558,1.9394414551451362,0.09812285565357019
935,1530.6712569185058,1387.9409314723744,276.51612711393506,-14.891265092881495,1463.9872665746952,111.58667163428274,13.119732358115384,48.081006773317455,0.082753212517207,6.2786552804884215,352.1809355185953,250,17.612641965020995,47.60911623490489,0.0483366697740294,17.51593540759378,15.847331279778501,1.6686041278152786,0.09583594224904138
277,365.8524428197862,405.9064625540194,276.6675475007788,-15.055145207131028,1463.1156626049196,116.09802166124292,12.602416834234072,48.08165337306954,0.0861501420148816,6.2786552804884215,352.1809355185953,250,17.613311584383922,46.75399883244308,0.0270849598882529,17.516582007345868,14.992213877316694,2.524368130029174,0.09030748596507676
1122,929.986260866042,1739.979854415297,276.4661002005979,-14.979232395108916,1457.6198812671064,118.91110482266716,12.258063563036131,48.085739313562584,0.0885702700444383,6.2786552804884215,352.1809355185953,250,17.61754298852705,47.51056594610954,0.0450538520728029,17.52066794783891,15.74878099098315,1.7718869568557594,0.09937073171886546
892,437.80151569514544,1330.230240003286,276.52929310281866,-15.048523293242576,1456.3595966706052,124.29708394438016,11.716763985567754,48.086678466847914,0.0926621037461642,6.2786552804884215,352.1809355185953,250,17.618515576627466,47.51142534337251,0.04597900330128,17.52160710112424,15.749640388246121,1.7719667128781182,0.10344241980562913
452,371.2627203984198,694.5225159306137,276.6244510235419,-15.055548606560604,1430.0565883979723,124.23802260133918,11.510619361568605,48.1064669637819,0.0943215969442018,6.2786552804884215,352.1809355185953,250,17.639008564240793,47.643038470396334,0.0549803982901542,17.541395598058223,15.881253515269947,1.6601420827882762,0.1091760406236114
213,2562.2817657630844,337.9492781545758,276.6683394559558,-14.73819302748401,1418.177515258256,109.24355892724908,12.981795258086509,48.115523532940585,0.0836325006222621,6.2786552804884215,352.1809355185953,250,17.648387556501156,46.819434749439495,0.0272068234870851,17.55045216721691,15.057649794313107,2.492802372903803,0.0879466111034989
1183,856.3861078978622,1861.7642316691577,276.4482305297089,-14.99031544367344,1417.760119416198,123.25384582438822,11.50276577524582,48.11584313219775,0.0943859956130244,6.2786552804884215,352.1809355185953,250,17.648718533817938,46.687118538852594,0.0254611016266757,17.550771766474078,14.925333583726207,2.625438182747871,0.09775982745435759
531,1375.5439161550848,801.5997611333644,276.6042416876676,-14.911245936251168,1415.9795206207782,119.48627028573722,11.850562556138303,48.117207591236586,0.0916159038743383,6.2786552804884215,352.1809355185953,250,17.650131568990595,47.83111951544761,0.0571511619016942,17.55213622551291,16.069334560321224,1.4828016651916869,0.10798022573335202
319,1073.1609175659312,473.9808705293301,276.6543933592432,-14.953484740990818,1401.344916812377,109.40444900634532,12.808847624936174,48.12848741538565,0.0847617234423467,6.2786552804884215,352.1809355185953,250,17.66181296638719,46.638627076571524,0.0243066191965869,17.563416049661974,14.876842121445137,2.6865739282168377,0.08817801028422421
1202,1228.5173953871845,1905.8341975562475,276.44011869477424,-14.936868500281278,1395.7066064653045,113.42127175897689,12.305510111288624,48.13286468617838,0.0882287682656909,6.2786552804884215,352.1809355185953,250,17.66634607248589,47.27319681762465,0.0380645211013668,17.567793320454705,15.511411862498264,2.056381457956441,0.0960896629006335
148,264.27545413754973,237.17449838216493,276.6931598216552,-15.069085842672438,1393.9738320206816,134.81456265516744,10.339935126936012,48.1342134687595,0.1050006587731581,6.2786552804884215,352.1809355185953,250,17.66774287310294,46.67394099680975,0.0319449400682175,17.569142103035823,14.91215604168336,2.6569860613524625,0.10975252862125406
559,1269.0273484275567,840.8669721990797,276.59883318267936,-14.926760941299769,1388.4831395191432,131.04725554004816,10.595285905051416,48.13849849558082,0.1024700994130211,6.2786552804884215,352.1809355185953,250,17.67218045125074,48.00270508250745,0.0704014185322746,17.573427129857144,16.24092012738106,1.3325070024760848,0.12432409663886936
1226,937.0092660383622,1944.1872350045287,276.43559807918126,-14.979021977883168,1379.7216762416065,116.53713760523478,11.83933040225651,48.14537130325546,0.0917028212839699,6.2786552804884215,352.1809355185953,250,17.67929793789033,47.905353102287854,0.0609751894181872,17.580299937531784,16.143568147161467,1.4367317903703167,0.11012438946947008
396,505.7905434384506,597.2239537065367,276.6384045966857,-15.035765427837752,1374.5083926620136,112.35437738392498,12.23368794938176,48.149481531773986,0.0887467462381094,6.2786552804884215,352.1809355185953,250,17.683554494737425,47.48471409455247,0.0468304674206414,17.58441016605031,15.722929139426085,1.8614810266242259,0.10034479381954571
901,1069.1429227674964,1338.4951026866886,276.5254295449392,-14.9575846360103,1371.8284750473977,120.23916452269675,11.409165062756625,48.15160048851066,0.095160337678354,6.2786552804884215,352.1809355185953,250,17.685748888495713,46.66979573345537,0.0243942281765226,17.586529122786985,14.908010778328986,2.6785183444579985,0.09823730572133281
1087,372.437927979036,1669.6018784901314,276.4789092233623,-15.059282256696626,1366.388914552197,119.53769698280988,11.430611004231498,48.155914196807856,0.0949817992754792,6.2786552804884215,352.1809355185953,250,17.69021616920919,48.22146424790907,0.0833348745052906,17.59084283108418,16.45967929278268,1.1311635383015002,0.12635760168038943
1028,1237.7413110563689,1542.5829662801427,276.4942775573014,-14.934102651659147,1362.0880016473238,110.54871366266823,12.32115649761101,48.15933710333438,0.0881167283453067,6.2786552804884215,352.1809355185953,250,17.69376093470015,47.720883602695395,0.0537978495058576,17.594265737610705,15.959098647569007,1.6351670900416977,0.10324130193742949
985,606.4886647874964,1468.3839174639077,276.5079724861859,-15.02476883654963,1355.5584120612184,111.89868877132608,12.114158145600888,48.164554430667344,0.0896224060269725,6.2786552804884215,352.1809355185953,250,17.69916400420896,47.667309756453605,0.0510618258246932,17.59948306494367,15.905524801327218,1.6939582636164516,0.10314788276360704
740,1645.594784003506,1117.1089126668376,276.5560436931116,-14.873604816560489,1354.4010123237676,121.19318421687318,11.175554310876835,48.16548184741272,0.0971495435303213,6.2786552804884215,352.1809355185953,250,17.700124437936633,47.726734508557435,0.0634344644021752,17.600410481689046,15.964949553431047,1.6354609282579986,0.11602570871208082
94,1683.382541352789,143.47877124494968,276.7010914467561,-14.864127965336005,1352.4958581051324,117.48174137060676,11.51239198811807,48.16701016219632,0.0943070737272106,6.2786552804884215,352.1809355185953,250,17.70170716228573,47.94218903231554,0.0681685712921445,17.601938796472645,16.180404077189152,1.4215347192834926,0.11636484979151447
376,567.158629954333,563.9894185705617,276.64310503443585,-15.026785435952826,1351.6763898922072,122.3915502241479,11.04387016437611,48.16766820188688,0.0983079286373821,6.2786552804884215,352.1809355185953,250,17.70238862886062,48.06919300066829,0.0820771748673956,17.602596836163208,16.307408045541905,1.295188790621303,0.128066824225424
696,1218.1589593980202,1054.5201181606203,276.5671739248484,-14.93496327034991,1348.4040924635192,115.0073522696219,11.724503397855262,48.1702998667974,0.092600936957262,6.2786552804884215,352.1809355185953,250,17.705113983726815,47.012253427183495,0.0327022923529536,17.605228501073725,15.250468472057108,2.3547600290166173,0.09820577096332404
382,433.6595914601789,572.9053121734522,276.6423382576666,-15.046060190705791,1344.4809325011738,116.9000442984393,11.501115680236946,48.17346340314018,0.0943995374175414,6.2786552804884215,352.1809355185953,250,17.708390145190886,48.02458922661074,0.0721755994158818,17.608392037416507,16.262804271484356,1.3455877659321516,0.11883008800673184
552,1310.6481234756538,830.9986559027806,276.6001298866028,-14.920721101425444,1335.1411471267638,122.98228330054492,10.85636980624223,48.18103207057846,0.1000058048295058,6.2786552804884215,352.1809355185953,250,17.716228264911617,47.22926589469364,0.0413926027833816,17.615960704854785,15.467480939567253,2.148479765287533,0.10823358334999363
414,934.3386660930536,628.7091137831526,276.6318967855326,-14.974132560593128,1330.6685419031128,121.0361815706401,10.993973245318363,48.18467529687278,0.0987541060700989,6.2786552804884215,352.1809355185953,250,17.72000119377888,47.026878333951146,0.034157074486823,17.619603931149108,15.265093378824758,2.3545105523243492,0.10449439795129076
727,1049.3703751425642,1097.6911201659343,276.5614407841237,-14.959465011794714,1329.3461566272308,123.424747812885,10.770499273310673,48.185754810974515,0.1008031264335505,6.2786552804884215,352.1809355185953,250,17.721119139683974,48.15234464187047,0.0798016636469265,17.62068344525084,16.390559686744083,1.2301237585067568,0.12856739796540784
1125,1505.3343496918274,1741.2443306544526,276.46352889782094,-14.896326812074989,1321.752181841206,115.76287774769048,11.417755048574504,48.19197493174056,0.0950887451500852,6.2786552804884215,352.1809355185953,250,17.727560703095133,48.33150361587418,0.0899843131396802,17.626903566016885,16.569718660747796,1.0571849052690894,0.13091617954033746
980,2183.891730504237,1462.182721842587,276.5023261200112,-14.797397769931855,1315.2277989672148,111.0855411232418,11.83977487680471,48.19734757256927,0.0916993786872581,6.2786552804884215,352.1809355185953,250,17.73312461541859,47.68407939650853,0.0521472871791071,17.632276206845596,15.922294441382142,1.7099817654634535,0.10548988393096957
301,1441.61324833066,439.8781609659284,276.6579166987767,-14.900227653891635,1312.9556779967097,124.93978891225126,10.508707349576488,48.19922485749666,0.103314324386791,6.2786552804884215,352.1809355185953,250,17.735068733604624,48.074273854865616,0.0766921900427181,17.634153491772985,16.31248889973923,1.3216645920337555,0.12866833968403987
822,306.3723164984275,1235.9359217709448,276.5439146258697,-15.06708242506244,1311.8074455612225,124.67678368073292,10.521665757118374,48.20017479282227,0.1031870832111803,6.2786552804884215,352.1809355185953,250,17.736052487596965,47.28469164945356,0.0433185015427806,17.635103427098592,15.522906694327176,2.112196732771416,0.11191097675180452
1241,2006.38516584122,1964.2064526926656,276.4281967572575,-14.824990831819404,1307.548773555056,113.27091320158364,11.543552855692656,48.20370527746708,0.09405249957032,6.2786552804884215,352.1809355185953,250,17.739708661096977,47.227019302271955,0.0362055633882357,17.638633911743405,15.465234347145568,2.173399564597837,0.100780531332617
948,1310.467452883288,1402.7901209192569,276.5148306306646,-14.923062972355634,1306.886275535915,109.4330347180717,11.94233787724884,48.204255528735025,0.0909118475092176,6.2786552804884215,352.1809355185953,250,17.74027850187143,47.04685513267672,0.0312357490646824,17.63918416301135,15.285070177550331,2.3541139854610194,0.09612822705725432
857,1817.193439105564,1286.8297853770896,276.5300106253754,-14.849555529505125,1296.386129655526,111.37801285901205,11.63951570312677,48.21301408226819,0.0932770767866522,6.2786552804884215,352.1809355185953,250,17.749348868845974,46.545086658177155,0.0228145008063202,17.647942716544513,14.783301703050768,2.8646410134937454,0.0960266343308178
1063,1449.0545526532594,1628.7575274890507,276.4805431991271,-14.903991386786789,1290.7949498553935,130.24347968941225,9.910630097825347,48.217706877708785,0.1095490386870791,6.2786552804884215,352.1809355185953,250,17.7542087325919,47.85162410108613,0.0782853750244752,17.65263551198511,16.089839145959743,1.562796366025367,0.13464617268970508
273,2006.633316544649,400.4230339575135,276.6613968087857,-14.818593555934884,1283.6826313233469,123.75268476852196,10.372967937822612,48.22370585896373,0.1046662832188315,6.2786552804884215,352.1809355185953,250,17.760421283699767,47.60958468669921,0.0555979972892122,17.658634493240058,15.84779973157282,1.8108347616672376,0.11851653110606931
842,780.8469748496865,1258.5070742953528,276.53856764663,-14.998808947241368,1283.3435663166747,120.8887825952558,10.615902805584533,48.22399267734992,0.1022710945911132,6.2786552804884215,352.1809355185953,250,17.760718313113117,47.59938235746817,0.0523838910490023,17.658921311626244,15.837597402341785,1.8213239092844589,0.11490626105786475
539,770.699575409729,816.3854373759457,276.604584017741,-14.998484691423652,1281.772037671908,120.49747532398035,10.63733521574307,48.22532303903597,0.1020650358365301,6.2786552804884215,352.1809355185953,250,17.762096037032446,47.952703589819365,0.0738753233960528,17.660251673312295,16.190918634692977,1.4693330386193182,0.1259953766897165
423,432.323064509417,635.7785544819903,276.6329608091127,-15.04651014085973,1274.469278717006,115.89445381490025,10.996809914238977,48.23152659369392,0.0987286320730346,6.2786552804884215,352.1809355185953,250,17.768520444565166,47.900924696827175,0.0597627916837475,17.666455227970246,16.139139741700788,1.5273154862694582,0.1154076863161533
974,2257.035045995747,1456.5861629124224,276.5028549285266,-14.786829585619936,1271.963241397636,111.91604441289796,11.36533414909584,48.23366361975296,0.095527327728096,6.2786552804884215,352.1809355185953,250,17.770733550932132,47.38730404233161,0.0420648904976526,17.668592254029285,15.62551908720522,2.0430731668240654,0.1043787591200938
50,1604.9062640316802,97.21109441792416,276.70832698758994,-14.875248916717435,1271.271309685981,113.39604847596914,11.210896030079814,48.23425440704686,0.0968432850583015,6.2786552804884215,352.1809355185953,250,17.771345370856427,48.414712121794466,0.0995313124336657,17.669183041323187,16.65292716666808,1.0162558746551085,0.1388708177251485
1134,1709.391770854617,1764.8155498225517,276.45916662723056,-14.867009808974087,1270.6233885393883,111.07232234310447,11.439604050182808,48.234807908702464,0.0949071309843674,6.2786552804884215,352.1809355185953,250,17.771918577735658,47.4903248488274,0.0449341326063618,17.66973654297879,15.728539893701011,1.941196649277778,0.10500685589412712
524,1725.0827276724422,792.1311381492001,276.6041783166657,-14.860816380056686,1267.8123732267995,113.18638546096074,11.201103101433365,48.23721255678577,0.0969279534496086,6.2786552804884215,352.1809355185953,250,17.774408833743983,48.12920094610024,0.0745391757766692,17.672141191062096,16.367415990973853,1.3047252000882423,0.12227475980509911
163,403.4193971894981,262.9117066633596,276.6887281154154,-15.0491405422972,1267.5591431346838,110.80267869519167,11.439787900991332,48.23742944103985,0.0949056057154623,6.2786552804884215,352.1809355185953,250,17.77463343929877,47.85387093550602,0.0634896045396828,17.672358075316176,16.092085980379636,1.5802720949365394,0.11418407892882484
662,1150.8867556420937,1008.0954304589202,276.574382300023,-14.94447092197719,1261.8520753403427,143.12842452091465,8.816222770313205,48.242328905861505,0.1231479771196196,6.2786552804884215,352.1809355185953,250,17.77970733006658,48.000734110617785,0.0886280666563583,17.67725754013783,16.238949155491397,1.438308384646433,0.15172461391579892
1211,786.5608200893724,1917.6144246656447,276.44018353707247,-15.000594032841896,1260.5629979035584,118.99298427961534,10.593590920801075,48.24343863453427,0.1024864947227828,6.2786552804884215,352.1809355185953,250,17.780856566212254,47.54134812696948,0.0492200760404644,17.678367268810597,15.779563171843094,1.8988040969675026,0.11369299664443754
918,2282.0484894964784,1361.6550392164988,276.5169054943738,-14.782839156679062,1256.911108879256,110.91405163943388,11.332298210197017,48.24658861005928,0.0958058091890898,6.2786552804884215,352.1809355185953,250,17.7841186840796,48.12091298031396,0.0731468827848562,17.681517244335602,16.359128025187573,1.3223892191480289,0.12053721224384517
963,596.2754500115934,1434.4010112067708,276.51308667027087,-15.026105399205504,1244.6812034633183,126.44687851133928,9.84351071467296,48.2572046939156,0.1102960144475315,6.2786552804884215,352.1809355185953,250,17.795112711351873,47.72259331568672,0.0594601589554809,17.69213332819192,15.960808360560335,1.7313249676315863,0.12530251915273344
562,1396.2186469390313,841.4063003858286,276.5982166598583,-14.908428750306388,1237.904996360856,118.10401891540012,10.481480712757012,48.26313173214158,0.1035826931092469,6.2786552804884215,352.1809355185953,250,17.801250758185542,47.1090809544638,0.0386396357634031,17.698060366417906,15.347295999337412,2.350764367080494,0.11055494454655969
354,717.5380554500247,524.9370240128137,276.64829675858937,-15.004952651825242,1236.9721840089187,120.21196310324876,10.289925828317909,48.26395018745624,0.1055109646186321,6.2786552804884215,352.1809355185953,250,17.802098351344405,48.104827064896014,0.0867997783854607,17.698878821732563,16.343042109769627,1.3558367119629366,0.13662637074342318
1026,486.91012840520506,1541.2397909546758,276.4975949028858,-15.042285412694364,1212.3677764833265,137.63792252148008,8.808384740725229,48.28576405983444,0.1232575587871755,6.2786552804884215,352.1809355185953,250,17.824688819834066,47.63407172635981,0.0517167648832817,17.720692694110767,15.87228677123342,1.8484059228773475,0.1336676833350779
130,1173.9118259189393,208.6090369016458,276.6935523774236,-14.93785694639281,1206.550583546108,127.05016320283389,9.496647254359416,48.290986186601764,0.1143245580172109,6.2786552804884215,352.1809355185953,250,17.83009685964199,47.57850931632854,0.0547054636776981,17.72591482087809,15.816724361202155,1.9091904596759335,0.12673907180511687
754,666.9375572220055,1140.7679559649418,276.5566134458791,-15.014750248478537,1177.9640643020975,121.15290314445696,9.722953670351169,48.317019917185135,0.1116635990265689,6.2786552804884215,352.1809355185953,250,17.857057417594092,47.11488227097335,0.044236567969797,17.75194855146146,15.35309731584696,2.398851235614501,0.12010675790026483
455,392.1008104279097,696.6495315841787,276.6240458311443,-15.05255461818733,1171.8151326739753,120.55967645809967,9.719793276661935,48.322702266349346,0.1116999064791696,6.2786552804884215,352.1809355185953,250,17.86294206418575,47.79060989222905,0.0638413876826308,17.75763090062567,16.028824937102662,1.7288059635230084,0.1286568765698095
1022,542.6505059342724,1533.1115572603007,276.49857696621353,-15.03422277701168,1171.7175136069418,132.23343162252456,8.860977887587032,48.322792718304925,0.1225259800637705,6.2786552804884215,352.1809355185953,250,17.86303573632323,46.42058309305155,0.0281229689897372,17.75772135258125,14.65879813792516,3.0989232146560894,0.12571204069374264
436,1205.5906914221698,673.0890150896145,276.6241296151712,-14.93521687110662,1165.693140429561,113.24745215309432,10.293327737331442,48.32838941954504,0.1054760936118283,6.2786552804884215,352.1809355185953,250,17.86883168583732,47.91600705130112,0.0635056847309816,17.763318053821365,16.154222096174735,1.6090959576466304,0.12311855390948188
311,544.4232668135179,467.404899890056,276.6576141059714,-15.029664780643229,1164.8020409455055,126.55236771043798,9.204111009686256,48.32921971434828,0.1179581600936176,6.2786552804884215,352.1809355185953,250,17.869691539982625,48.23195525545264,0.1010423237214434,17.7641483486246,16.470170300326252,1.2939780482983494,0.15531799224719745
1010,1721.0411124585903,1513.683031652998,276.49657706520725,-14.86432934492893,1157.84451351015,120.35195236051972,9.620488000408788,48.33572441650559,0.1128529030911807,6.2786552804884215,352.1809355185953,250,17.876427816172928,47.49739591957899,0.0457142439988883,17.770653050781917,15.735610964452604,2.0350420863293124,0.12176029665082669
1066,1862.0298430271189,1634.6424401943311,276.4779486512228,-14.844490124161458,1156.9441973268113,120.19319370209408,9.62570476490013,48.33656899114922,0.112791741126216,6.2786552804884215,352.1809355185953,250,17.87730245853552,47.40581411328064,0.0460319932483885,17.771497625425546,15.644029158154254,2.1274684672712922,0.12182331988869376
1203,1857.2308830237173,1906.6045916291769,276.43740510432553,-14.846262432648253,1154.0929597165375,118.58484545056156,9.73221287536006,48.33924804238221,0.1115573625345544,6.2786552804884215,352.1809355185953,250,17.880076886725607,48.454060585198164,0.0976764764224386,17.774176676658534,16.692275630071777,1.0819010465867578,0.1482758887411207
493,1840.264808860224,747.8848588598171,276.6102900278109,-14.844027249088336,1142.0330040831177,118.58985867432013,9.630106797069804,48.350653384313446,0.112740182728851,6.2786552804884215,352.1809355185953,250,17.89188827046547,48.68501179087268,0.1286898672787926,17.78558201858977,16.92322683574629,0.8623551828434799,0.17108895563994764
574,1659.6866461696002,864.9998617730338,276.59358650761914,-14.870543992243276,1136.862734669412,125.64003937618791,9.04857034679406,48.35557994433712,0.1199858053139485,6.2786552804884215,352.1809355185953,250,17.896990221052135,46.963199039095706,0.0333152633412592,17.790508578613448,15.201414083969318,2.5890944946441294,0.12452509886899989
1120,1961.0217291862075,1732.4014993767587,276.46295685639416,-14.830610387895405,1135.9309418274495,107.41529285761764,10.575132382063718,48.35647019785287,0.1026653814605134,6.2786552804884215,352.1809355185953,250,17.897912168501293,48.29917153265243,0.0828745814811447,17.791398832129197,16.537386577526043,1.254012254603154,0.13194080796367597
367,595.34427283412,544.017940921213,276.64596618545545,-15.022641502010613,1135.5667498060502,128.26635205298817,8.85319284154067,48.35681835270063,0.1226337231586906,6.2786552804884215,352.1809355185953,250,17.89827271801682,46.77529695779083,0.0303748413440997,17.791746986976953,15.013512002664442,2.778234984312512,0.12633946747727565
327,1298.1876962250578,485.2405098829788,276.65175934358894,-14.921092990108004,1133.7661536650266,107.86469798299989,10.511002903319811,48.358541302055244,0.1032917610228316,6.2786552804884215,352.1809355185953,250,17.90005700612623,47.1207385714534,0.0358831203317055,17.79346993633157,15.358953616327014,2.4345163200045548,0.10934709058743818
223,639.2322627198729,350.79312266446334,276.67461329095136,-15.015519458430443,1129.6126824916282,117.98571775575292,9.57414765090539,48.36252612246475,0.1133991285268438,6.2786552804884215,352.1809355185953,250,17.904183690207688,47.048889947529574,0.0373384537567762,17.797454756741075,15.287104992403187,2.5103497643378887,0.11938811699492774
1016,348.9821518488524,1523.3712887705556,276.50083365778306,-15.062085226737665,1128.6571464378794,119.0211296015501,9.482830067369653,48.36344493219876,0.1144911373805891,6.2786552804884215,352.1809355185953,250,17.90513521050561,47.02868393739453,0.0349579105439631,17.798373566475085,15.266898982268145,2.53147458420694,0.11970913101472525
1040,1512.3606273410576,1579.4391038484302,276.4876372848624,-14.894670846794584,1121.020879295393,109.41748271010502,10.245354321168852,48.37081576789487,0.1059699807313386,6.2786552804884215,352.1809355185953,250,17.912768455472325,48.08224445114308,0.0720516551598782,17.805744402171193,16.320459496016696,1.4852849061544973,0.1281447534137792
683,1294.2136420990792,1035.7614903154076,276.56965317610684,-14.92392495905835,1118.9735892826577,120.24870492941794,9.305493892341364,48.37280043128452,0.1166730119390606,6.2786552804884215,352.1809355185953,250,17.91482377490343,47.86385757816518,0.0674826473178657,17.807729065560842,16.102072623038794,1.7056564425220486,0.13478315697430307
1115,1183.4541876048916,1725.1314857759885,276.46726662121176,-14.94265021083175,1096.8214215544576,109.955335059489,9.97515419293703,48.394510211965596,0.1088404228145903,6.2786552804884215,352.1809355185953,250,17.93730644592535,46.916159540005,0.0285505918007499,17.82943884624192,15.15437458487861,2.6750642613633104,0.11252277072056055
621,369.6019018061602,943.4194291210542,276.58731057261093,-15.056797945258069,1086.6209643531183,112.61382725691392,9.649090087970572,48.40465482245045,0.1125183815366727,6.2786552804884215,352.1809355185953,250,17.94781221489314,47.05211901297356,0.0318771190666695,17.83958345672678,15.290334057847176,2.549249398879603,0.1169467267760106
1092,1631.9722634374095,1680.6890450339797,276.4720366571964,-14.877834334968998,1077.8710388553736,113.0927371312554,9.530859949073449,48.41343301394992,0.1139141699491185,6.2786552804884215,352.1809355185953,250,17.95690291896561,48.03953775366181,0.0709277058039835,17.848361648226245,16.277752798535424,1.5706088496908208,0.13419082519238448
672,1564.4966825698864,1020.6505056542164,276.5707717104878,-14.884903074563166,1040.6380100500537,112.99003070314188,9.209998471317496,48.4516008097618,0.1178827557226174,6.2786552804884215,352.1809355185953,250,17.996429527247685,47.73460494065788,0.0527057846824287,17.886529444038125,15.972819985531494,1.9137094585066308,0.1291287877885827
394,676.2208766921558,586.8627286301038,276.6392311061497,-15.0111618653055,1034.1184873529128,124.71967399728744,8.291542578722618,48.45842426604392,0.1309406530439914,6.2786552804884215,352.1809355185953,250,18.003495905534827,47.43125059572523,0.0491121302319377,17.893352900320245,15.669465640598844,2.223887259721401,0.13984797444191227
873,1422.2057801115782,1306.6716522674762,276.52870327074623,-14.906572109428,1033.765997687966,117.69147044303736,8.783695146270675,48.45879441321365,0.1236040165238384,6.2786552804884215,352.1809355185953,250,18.003879230321438,48.20264049767806,0.080341541767557,17.893723047489978,16.440855542551674,1.452867504938304,0.1474202029384488
925,754.7886269938998,1371.8696014998927,276.52175938702806,-15.003017065748672,1028.6026091494714,116.28985225517869,8.845162232147088,48.464230967639594,0.1227450635166536,6.2786552804884215,352.1809355185953,250,18.009509331631378,46.60758725100063,0.0246420928906606,17.89915960191592,14.845802295874243,3.0533573060416757,0.1251941826114108
843,3040.972809411385,1258.614601490632,276.5290799009576,-14.672975263822536,1026.511498333246,115.34167129517024,8.899745311530175,48.46644047561446,0.1219922550585136,6.2786552804884215,352.1809355185953,250,18.01179750034433,47.254531188969445,0.0367386344678687,17.901369109890787,15.492746233843057,2.4086228760477297,0.12740422895973708
976,691.2199246925798,1456.9959652886528,276.5093200485784,-15.012515448567571,1023.308683250856,114.37595312247882,8.946886607843625,48.4698333733459,0.1213494758107451,6.2786552804884215,352.1809355185953,250,18.01531118869648,48.105277002530116,0.0718228202879105,17.904762007622224,16.34349204740373,1.561269960218496,0.14101139242505228
830,452.54036503585337,1242.495881899247,276.54232633971367,-15.046049750562371,1022.2006039166008,126.16349659692472,8.102189868614639,48.4710096886784,0.1340008093621286,6.2786552804884215,352.1809355185953,250,18.01652938205491,47.951938949459645,0.0708343948398322,17.905938322954725,16.190153994333258,1.7157843286214671,0.15157086923954344
462,2744.5183481147174,706.3621224915977,276.6126474540352,-14.713451978682205,1016.7485758432596,129.2685919456626,7.865395302446279,48.47681608977497,0.138035020269398,6.2786552804884215,352.1809355185953,250,18.02254249695429,47.893193379723186,0.0672849355133331,17.911744724051296,16.1314084245968,1.780336299454497,0.1535608327921105
1048,1474.1272824472935,1594.8080515945478,276.48550357242414,-14.90024261369911,1013.2945402767508,110.466163477157,9.1728951959691,48.480510765081306,0.1183595775167142,6.2786552804884215,352.1809355185953,250,18.026368706470883,47.87141913932496,0.057369919234358,17.91543939935763,16.109634184198576,1.8058052151590545,0.13153059424670688
632,225.17088972048543,965.9496320038926,276.584552783588,-15.077698350022349,1008.2056383756862,118.03212653121568,8.5417900024791,48.48597721694351,0.1271045061614597,6.2786552804884215,352.1809355185953,250,18.032029769596328,46.42825467443332,0.0219784712877936,17.920905851219835,14.666469719306932,3.254436131912904,0.12899073101078587
640,950.3314484549004,978.0670849083992,276.57970441006665,-14.973254044398908,1005.2449577212974,147.60838156787216,6.81021597177443,48.48917026324946,0.159422256871116,6.2786552804884215,352.1809355185953,250,18.03533649160836,47.98452452448841,0.0857427938822597,17.924098897525788,16.22273956936202,1.7013593281637682,0.18101735466141297
1256,1404.1578836061174,1993.9664725629848,276.4262447995674,-14.911904071316256,991.9322136644914,114.4120489401641,8.669823002499134,48.50364503544117,0.1252274700056783,6.2786552804884215,352.1809355185953,250,18.05032658045745,46.557426705395585,0.0231672288762659,17.938573669717492,14.795641750269198,3.1429319194482943,0.12735242336849484
942,1181.11326928602,1395.9477765226816,276.5163907093656,-14.94167817305416,987.4090295317874,123.359027013555,8.004351634706785,48.50860728572435,0.1356387187304985,6.2786552804884215,352.1809355185953,250,18.055465491913264,48.26842120321474,0.0904419516987333,17.943535920000677,16.506636248088356,1.4368996719123217,0.1630264047506639
653,1052.8630673265247,1003.1339982519452,276.5755340071016,-14.958578691787338,981.188479334116,108.48345237387372,9.044591205971036,48.51546892098679,0.1200385927097783,6.2786552804884215,352.1809355185953,250,18.062571408391378,47.89315974186664,0.06184407215938,17.950397555263116,16.131374786740253,1.8190227685228635,0.13503315519159967
75,305.6472566310822,126.82964313234608,276.70945180620174,-15.062665668902882,975.3200968942256,181.8876575194684,5.362211544177108,48.52198208884404,0.2024724297158651,6.2786552804884215,352.1809355185953,250,18.06931645166916,47.38175184333649,0.0528825247943382,17.956910723120366,15.6199668882101,2.336943834910265,0.2092645364692014
591,1294.5651220219484,885.6616961972181,276.5920432848653,-14.923262914771378,966.5863358156348,108.50680478849904,8.908071136180816,48.53174839311546,0.1218782364220629,6.2786552804884215,352.1809355185953,250,18.07943044633636,46.891240111876265,0.0292088504867456,17.966677027391782,15.129455156749877,2.837221870641905,0.12532941179192264
100,883.4654619204368,155.80653397079854,276.70266742321525,-14.979505602161163,962.6248637879908,110.9737059856125,8.674350876529193,48.53620733431452,0.1251621032459795,6.2786552804884215,352.1809355185953,250,18.08404813039117,48.19421272963252,0.082227817827728,17.971135968590843,16.43242777450613,1.5387081940847125,0.14975635583729746
379,866.654964877254,570.5982538849759,276.64085306760825,-14.98364891227531,953.3736232930678,121.09238373045405,7.873109719396,48.546692191030445,0.1378997675245521,6.2786552804884215,352.1809355185953,250,18.094906258702984,48.11700716120349,0.0846009912083846,17.98162082530677,16.3552222060771,1.6263986192296684,0.1617827975922245
836,1561.5538113004716,1252.0816402308687,276.5362636346049,-14.886266267309598,952.5642944379942,114.11284366856204,8.347564251441264,48.54761427530629,0.1300618919839457,6.2786552804884215,352.1809355185953,250,18.09586117011976,48.00160256413747,0.0678020032170009,17.982542909582612,16.239817609011084,1.7427253005715286,0.14667381288656048
638,882.895737334046,974.6349138148948,276.5804995595378,-14.982958767945938,945.4488823872816,115.0582589487994,8.217131834125906,48.5557548896721,0.1321263942110636,6.2786552804884215,352.1809355185953,250,18.10429159866216,46.80723817803292,0.0282129177168175,17.990683523948427,15.04545322290653,2.945230301041896,0.13510496946194575
558,914.486981172333,839.1313422863725,276.6005850493677,-14.977854970234327,944.140775605716,132.09648529993734,7.147357277992345,48.5572581357481,0.1519022986780041,6.2786552804884215,352.1809355185953,250,18.105848361832106,48.22964705049659,0.1054701775829943,17.992186770024425,16.4678620953702,1.524324674654224,0.18492773373144958
1249,612.3645089611769,1982.613474215984,276.43119961815546,-15.025942951639694,932.8568859188816,118.95369655290833,7.84218492532483,48.57031246757406,0.138443560096873,6.2786552804884215,352.1809355185953,250,18.11936744118927,47.662038266394504,0.0493726494419812,18.005241101850388,15.900253311268116,2.104987790582271,0.14698393737145993
977,1890.0679170454223,1457.855134422385,276.50419873895254,-14.839739817260012,927.22144781542,110.97857637128334,8.354958931112641,48.57689134953673,0.129946778787507,6.2786552804884215,352.1809355185953,250,18.126180538061668,48.50180451544564,0.1010596821310705,18.011819983813055,16.740019560319254,1.2718004234938007,0.16461842141656652
852,1579.5996846397554,1279.466547965824,276.5321033025197,-14.8837756092685,926.3747184667154,118.4386073586492,7.8215603773651186,48.577883285957604,0.1388086197150528,6.2786552804884215,352.1809355185953,250,18.12720778843111,46.967180635105834,0.0320284094905046,18.01281192023393,15.205395679979446,2.807416240254483,0.1424557893582763
620,622.55192680111,941.5161690707644,276.58653397552115,-15.02034211413894,916.941237657942,114.7536079959677,7.990522073085164,48.58899625987313,0.1358734748580461,6.2786552804884215,352.1809355185953,250,18.13871639555563,48.1531785614958,0.0777410062104402,18.023924894149452,16.391393606369412,1.63253128778004,0.15654157663896126
1038,785.7141704821328,1573.031335931362,276.491611247485,-14.99936057053202,916.3871548039606,113.76023592515315,8.05542593465509,48.58965253927816,0.1347787204310614,6.2786552804884215,352.1809355185953,250,18.13939603917703,48.19588310364912,0.0841729653261147,18.024581173554488,16.434098148522736,1.5904830250317517,0.15890371793266989
742,1239.847108217302,1119.2901028603433,276.5574201943728,-14.93209972326789,913.5155945077422,114.10590651554293,8.005857211110346,48.59306010783678,0.1356132105995208,6.2786552804884215,352.1809355185953,250,18.14292492065277,47.313571002004046,0.0412869195856187,18.027988742113102,15.551786046877659,2.4762026952354432,0.14175878321282012
109,1156.3710376358683,167.52249151964253,276.6997560381546,-14.9402137329854,911.9668497016536,109.9994204118436,8.290651407863805,48.594902392013964,0.1309547279928085,6.2786552804884215,352.1809355185953,250,18.14483279202619,48.272066313874376,0.093084956035801,18.02983102629029,16.51028135874799,1.5195496675423001,0.1606672020788856
983,1020.8469778995666,1465.8442937728958,276.5066292100892,-14.965053385906431,911.657465030672,125.35511492502953,7.272598853073544,48.59527079041597,0.1492863860545755,6.2786552804884215,352.1809355185953,250,18.145214305787157,47.64992116850428,0.0518462060403192,18.03019942469229,15.88813621337789,2.142063211314401,0.1580330792651051
898,1611.661789941789,1337.4785426554358,276.52331604393964,-14.879387930273056,904.5106061158584,114.24951233725125,7.916975640524824,48.60381586248381,0.1371357004614994,6.2786552804884215,352.1809355185953,250,18.154063591138403,48.20192669033149,0.0811129004748116,18.03874449676014,16.440141735205103,1.5986027615550356,0.1593282867682408
1227,881.4134806352703,1945.34897321486,276.43565376477136,-14.987036633125898,890.6596990827529,107.07663882159348,8.31796467357116,48.6205705175944,0.1305247187992535,6.2786552804884215,352.1809355185953,250,18.171414729064256,48.29402164952769,0.0850673615601801,18.055499151870727,16.532236694401305,1.5232624574694213,0.1557984538448139
560,285.39319752046214,840.4012082432613,276.6030395945229,-15.06851430998874,887.4964138656796,122.4212435635038,7.249529477335419,48.6244335045214,0.149761443607379,6.2786552804884215,352.1809355185953,250,18.17541524226693,47.748744733095506,0.0603001855338411,18.059362138797724,15.986959777969119,2.0724023608286046,0.16144535411953428
487,1250.0325036069034,741.3365627273779,276.61376092118,-14.92909114072785,886.90564130657,113.7540793727637,7.7966930610043965,48.6251564784134,0.1392513456032007,6.2786552804884215,352.1809355185953,250,18.176163954767077,47.345123512700255,0.0426101512460675,18.060085112689727,15.583338557573867,2.4767465551158594,0.1456247308719051
489,304.6528065518132,742.9600563931456,276.6175021127153,-15.065343744624998,869.5299406177073,126.49686609486774,6.873924765579518,48.64663866991842,0.1579447021935027,6.2786552804884215,352.1809355185953,250,18.19841093420608,48.05950332137586,0.0733653708463023,18.081567304194742,16.29771836624947,1.7838489379452724,0.17415225117812783
1233,1109.7178268008347,1949.683370193953,276.43406609563084,-14.95415881622897,868.8551664923434,112.85931316551668,7.69856861717829,48.64748155189174,0.1410262159094628,6.2786552804884215,352.1809355185953,250,18.19928382363757,48.19568665738725,0.081504811025304,18.08241018616806,16.43390170226086,1.6485084839072002,0.16288470705997213
1034,620.1982069637066,1560.2711940396796,276.49420190478554,-15.023157647273356,867.0692804402788,117.13370065184124,7.402389539603855,48.64971552219131,0.1466688552650935,6.2786552804884215,352.1809355185953,250,18.20159732555893,48.13021417801713,0.0914445628918637,18.084644156467633,16.36842922289074,1.716214933576893,0.17284056580345067
1046,1379.6981935329227,1591.226482598456,276.4864303578524,-14.913837839132109,845.7264927814249,114.05210653171126,7.415264114795438,48.67677518347032,0.1464142049686049,6.2786552804884215,352.1809355185953,250,18.22962033838609,48.05770284956486,0.0681236009071889,18.111703817746644,16.295917894438475,1.8157859233081695,0.16148666947197404
751,628.5210794897386,1133.9362141489942,276.5577935526942,-15.020258364435112,831.7007702586416,161.64563914718485,5.145210069671874,48.69493226244403,0.2110117925795862,6.2786552804884215,352.1809355185953,250,18.24842382789536,46.948952007243165,0.0502599315115693,18.129860896720352,15.187167052116777,2.942693844603575,0.21691481582224378
381,455.4586884854198,573.4574408100974,276.6421638313945,-15.04292112492424,825.7227139126917,120.0681687399737,6.877115913218621,48.70276444343705,0.1578714120425333,6.2786552804884215,352.1809355185953,250,18.256534842522235,48.43962958487239,0.1073374430932939,18.137693077713372,16.677844629746005,1.4598484479673672,0.19090497486998456
934,830.3872057499962,1387.7393605227944,276.5190764612587,-14.992187127158797,822.6901834971504,125.76780592262791,6.541341621267271,48.70675923355759,0.165975126030746,6.2786552804884215,352.1809355185953,250,18.26067185124661,48.60663841268319,0.1248751803697217,18.141687867833916,16.844853457556802,1.296834410277114,0.2077054480106204
938,1631.854871958893,1391.053751787765,276.51524034360415,-14.876692844794777,789.9215163966292,111.6854646481274,7.072733402554488,48.75089016272325,0.1535050083476741,6.2786552804884215,352.1809355185953,250,18.306373886513512,47.22956536628977,0.0368058840198392,18.185818796999577,15.467780411163382,2.718038385836195,0.1578558224656327
366,964.0872250907772,543.6072550470017,276.6444678953012,-14.969494454238433,766.9729054426425,123.94391272069352,6.1880643317353465,48.78289996651622,0.1754506646661723,6.2786552804884215,352.1809355185953,250,18.339523271978337,48.39525460900642,0.1104598073788884,18.217828600792544,16.633469653880034,1.5843589469125092,0.2073265655384827
1106,2647.7041127748184,1710.2250256515483,276.4634068618832,-14.73152156721909,738.5149618957948,107.76975566787908,6.852710737989641,48.82395177593539,0.1584336537045351,6.2786552804884215,352.1809355185953,250,18.38203656769443,47.80767947120956,0.0555335506707457,18.258880410211717,16.045894516083173,2.2129858941285434,0.16788447777048607
966,1126.2392331925482,1443.3332714446724,276.509549401412,-14.949775739258676,699.8169298246794,109.62562495907156,6.383698428957227,48.88238891009216,0.1700738235182185,6.2786552804884215,352.1809355185953,250,18.44255412344552,47.722686362996185,0.0535720852413005,18.317317544368485,15.960901407869798,2.3564161364986873,0.17831173198420597
488,1497.76205155811,741.6848567007304,276.6126627384361,-14.89338119712585,693.0019053007127,137.16977621705834,5.052147232522287,48.893013950084026,0.2148987252412206,6.2786552804884215,352.1809355185953,250,18.4535574257009,47.337121951476746,0.0473107079354839,18.32794258436035,15.575336996350359,2.7526055880099918,0.22004491631405232
1139,1525.789657169921,1770.2377729626248,276.45911892474805,-14.893493596077818,629.8288970459253,107.91016173152568,5.836604143110299,48.99679356535365,0.1860156990913274,6.2786552804884215,352.1809355185953,250,18.56103170115146,48.076759587748484,0.0742451130770706,18.431722199629974,16.314974632622096,2.1167475670078773,0.20028523940685758
805,899.6103579849929,1208.1516913850028,276.5455858016561,-14.981492777931754,621.2264982098422,119.30601075347673,5.207000839995306,49.01172509133404,0.2085077443546137,6.2786552804884215,352.1809355185953,250,18.576494804690093,48.15227318513996,0.0782040030008899,18.446653725610368,16.390488230013574,2.056165495596794,0.2226911438320171
864,639.5773537748179,1293.0745787560595,276.53399817381654,-15.01930315805202,607.2416673422267,120.1832967758016,5.052629472088938,49.03644611151381,0.2148782146004331,6.2786552804884215,352.1809355185953,250,18.602095918408967,47.45974462363149,0.0470455740543701,18.471374745790136,15.6979596685051,2.773415077285037,0.21996802755849543
581,1940.7417106485395,874.604524369791,276.5909680749492,-14.830062169112049,576.4382066602411,112.55632171639049,5.121331239952025,49.09296812571189,0.2119956607239821,6.2786552804884215,352.1809355185953,250,18.660630173977008,47.19595815805475,0.0369842640253491,18.527896759988217,15.434173202928363,3.093723557059853,0.21519757422260702
1151,1000.2312082015582,1793.9355419787798,276.45775834692006,-14.969323364051917,565.5714089738904,109.7446003197376,5.15352379366379,49.11363140495692,0.2106713859233284,6.2786552804884215,352.1809355185953,250,18.682029087044118,47.79354376415924,0.0552171629415306,18.548560039233244,16.03175880903285,2.516801230200393,0.21778743749391863
