ID,X_pix,Y_pix,RA_deg,Dec_deg,Fluxo,Erro_Fluxo,SNR,Mag_Inst_B,Erro_Mag_B,Std_Fundo_Local,Area_Ap,Exptime,Mag_B_Calibrada,Mag_Inst_G,Erro_Mag_G,Paralaxe_Gaia,Erro_Paralaxe_Gaia,Mag_Ap_B,Mag_Ap_G,Cor_B_G,Erro_Cor_B_G,Distancia_pc,Mag_Abs_G,Erro_Mag_Abs_G
486,2204.844014859281,1270.3620057698313,276.5308418632585,-14.793600429865808,4442835.957734531,2119.5149033567736,2096.156979457048,39.37569932633727,0.0005179478496315,6.2786552804884215,352.1809355185953,250,8.573723430027226,40.40645875153058,0.0005364858205594,12.7284,0.023900000378489494,8.808026675720754,7.899836528253317,0.9081901474674368,0.0007457124181607731,78.56447000408535,3.423705602749809,0.0041124970370570255
193,289.1672453270022,504.8703878943148,276.65310214473146,-15.066602528247996,631078.6697513051,803.5118926457624,785.4005342389171,41.494641268144825,0.0013823520008833,6.2786552804884215,352.1809355185953,250,10.77533573206048,42.645336297260464,0.001515400744435,0.7116,0.02019999921321869,10.92696861752831,10.138714073983202,0.7882545435451078,0.0020511792877708707,1405.283867341203,-0.6001062289573618,0.06165963225373964
509,1749.7749027951834,1318.2261027456432,276.5256101250376,-14.859401273797303,495457.4641649537,712.2851904679947,695.5886080397403,41.7573340828579,0.0015608363728952,6.2786552804884215,352.1809355185953,250,11.0482774871492,42.33691248544968,0.0013101985627431,0.8431,0.016300000250339508,11.189661432241387,9.830290262172419,1.3593711700689681,0.002037849468622923,1186.0989206499823,-0.540314291320076,0.04200241202290729
53,1920.2134818221275,136.2320665434027,276.70115888882606,-14.829945350148115,436561.1919155735,677.217302173845,644.639749330424,41.89473720542103,0.001684196485134,6.2786552804884215,352.1809355185953,250,11.191041382187642,42.88893796614185,0.001715197685836,2.2634,0.13910000026226044,11.327064554804515,10.382315742864591,0.9447488119399239,0.0024038346245186856,441.8132013784572,2.156122300622533,0.1334615003630949
591,294.8752661630573,1556.710563059171,276.4960812997516,-15.07001128076072,370665.7207607696,620.2717750612043,597.5859867623265,42.07239396106269,0.0018168096709935,6.2786552804884215,352.1809355185953,250,11.3756294027666,43.23624873679186,0.0020050270321538,0.8316,0.022099999710917473,11.504721310446172,10.729626513514596,0.775094796931576,0.00270572185937191,1202.5012025012024,0.3291989168117553,0.05774230059406178
375,1121.1244062649712,1007.8023386714024,276.57455097583744,-14.948759364361488,225864.55462681784,489.43449858845,461.4806583479931,42.61022981775018,0.0023526446457942,6.2786552804884215,352.1809355185953,250,11.934448884884016,43.60400422061343,0.0024025385148308,1.3314,0.03370000049471855,12.042557167133666,11.097381997336171,0.9451751697974942,0.0033626073432129274,751.089079164789,1.7189247604144313,0.055016147367379725
697,2231.69366657358,1960.2423565019928,276.42785557414595,-14.79249674315881,178759.47547410388,435.6370502142669,410.3403863059432,42.864177342531576,0.0026458521662318,6.2786552804884215,352.1809355185953,250,12.198304153213208,44.011172557131665,0.0029122566171691,0.6061,0.020099999383091927,12.296504691915061,11.504550333854404,0.7919543580606572,0.00393468833451885,1649.8927569707969,0.4172717539044548,0.07207106291311915
402,1818.3247732005,1066.943827363843,276.56279995955805,-14.84849940725943,173927.410718447,430.6424634971779,403.878914554804,42.893929942670084,0.0026881819299647,6.2786552804884215,352.1809355185953,250,12.22921754880466,43.61270782321138,0.0023920025452153,0.49,0.014999999664723873,12.326257292053569,11.106085599934119,1.2201716921194503,0.0035983327062551083,2040.8163265306123,-0.44293399992331217,0.06651666695943498
8,1100.9471987593208,35.212828109604885,276.719729402943,-14.947648597998889,158451.2505711135,416.3477509968751,380.5742920232629,42.99511084369436,0.0028527938506514,6.2786552804884215,352.1809355185953,250,12.334346015059772,43.93665919658932,0.002800089512771,0.5221,0.016899999231100082,12.427438193077847,11.430036973312056,0.9974012197657913,0.0039973658869116024,1915.3418885271021,0.018805439365635834,0.0703447419265354
658,1347.5136783276546,1807.225453027132,276.45433914034794,-14.91933234694952,155603.180460093,409.323707527278,380.147002479018,43.014803847851965,0.0028560004233097,6.2786552804884215,352.1809355185953,250,12.354807340290977,43.81984433971233,0.0026564170975118,0.5306,0.02070000022649765,12.44713119723545,11.313222116435071,1.1339090808003789,0.0039004217994850505,1884.6588767433095,-0.06294165533337548,0.08475607411601575
683,1446.288642701757,1914.8317128510143,276.4378769862292,-14.905521819294334,153067.70102166673,406.6602162547526,376.4019564819622,43.03264112311719,0.0028844164630478,6.2786552804884215,352.1809355185953,250,12.37334053550688,43.60998241570698,0.002394553412061,1.3109,0.016499999910593033,12.464968472500672,11.103360192429719,1.3616082800709535,0.0037488324016304274,762.8346937218705,1.6912080097488573,0.02743652236481435
367,1468.7848280681949,992.0682309623892,276.5754375019166,-14.89858374114804,132972.48746959277,380.4480484815221,349.51549364052283,43.185445539114895,0.0031063000632431,6.2786552804884215,352.1809355185953,250,12.53210660428297,43.72501857037551,0.0025241129634341,1.4413,0.014100000262260437,12.61777288849838,11.218396347098249,1.3993765414001302,0.004002529991777721,693.8180808991882,2.01216828025969,0.02139258859279053
398,684.7244951387097,1058.0133238186108,276.56888854494224,-15.011853908440145,129239.59637966804,377.5198597736576,342.33853672533616,43.21636103910757,0.0031714220969258,6.2786552804884215,352.1809355185953,250,12.56422827017878,43.60735534013642,0.0024094624654718,0.7378,0.017400000244379044,12.648688388491053,11.10073311685916,1.547955271631892,0.003982891850074099,1355.3808620222283,0.4404263713130838,0.05126784676295024
68,283.7280169031367,201.69945939546128,276.6983715504881,-15.066135529975073,128126.4357431891,377.81528710598513,339.12454078981443,43.22575315920538,0.0032014787177342,6.2786552804884215,352.1809355185953,250,12.573986823134646,44.10945889453827,0.0030625289803561,,,12.658080508588867,11.60283667126101,1.0552438373278576,0.004430411914893014,,,
401,820.5588716893594,1066.275724901492,276.5670867659952,-14.992313042320172,127151.63308836608,373.8464679313134,340.1172513196716,43.23404516551852,0.0031921344647689,6.2786552804884215,352.1809355185953,250,12.582602341449402,44.22654745701349,0.0032529346208989,0.4778,0.014399999752640724,12.666372514902008,11.719925233736227,0.9464472811657814,0.004557554836643011,2092.925910422771,0.11615596080552137,0.06552491794021954
487,2765.8829131642983,1275.2208608752137,276.52776168874,-14.71271813905259,125452.80159991371,373.88483940070864,335.53861611773056,43.24864911072616,0.0032356931448363,6.2786552804884215,352.1809355185953,250,12.5977760584791,44.32164467418219,0.0033884366702634,0.7581,0.024299999698996544,12.680976460109648,11.815022450904927,0.8659540092047209,0.0046852121825939055,1319.087191663369,1.2136549341028129,0.06968641072448319
596,431.883185471063,1591.0768062475718,276.4903842880332,-15.050409606383278,122382.89871087816,365.9786298776617,334.399029669541,43.275548182923885,0.0032467199473422,6.2786552804884215,352.1809355185953,250,12.625724595952136,44.426041299594445,0.0035867056758596,0.6601,0.017400000244379044,12.70787553230737,11.919419076317183,0.7884564559901861,0.00483793840615124,1514.9219815179517,1.0174677400751104,0.05735150154499602
562,785.1790079061436,1464.585198094543,276.5077970113876,-14.999007363664868,111125.54802023944,351.0182553668192,316.58053768204064,43.38031523236818,0.0034294590815637,6.2786552804884215,352.1809355185953,250,12.73457912393771,44.34258486329028,0.0034231990024998,0.7834,0.018200000748038292,12.812642581751668,11.835962640013015,0.9766799417386522,0.004845563022274642,1276.4871074802145,1.305880476072252,0.050563800383662
364,312.2889776000241,988.3824276908788,276.58083973083603,-15.06523708049314,103564.20730573343,339.07814557574045,305.4287297988072,43.45682580824085,0.0035546754253117,6.2786552804884215,352.1809355185953,250,12.814074754164004,44.43567183986884,0.0036677329297837,0.4761,0.013899999670684338,12.889153157624335,11.929049616591577,0.9601035410327583,0.005107639594130995,2100.3990758244067,0.31754052396413,0.06350332989280488
10,1006.0524140151398,37.240710900225785,276.71983249701987,-14.9613374047324,101930.7853644812,339.94260091294325,299.84704797438707,43.47408659565057,0.0036208460524605,6.2786552804884215,352.1809355185953,250,12.83200896989414,44.39297956934262,0.0034926978475108,1.887,0.01360000018030405,12.906413945034053,11.88635734606536,1.0200565989686936,0.005030851258944689,529.9417064122946,3.2652168468900165,0.016035252411339827
61,393.54027463453775,176.90647181212887,276.70160478495023,-15.050207307126444,101409.40530090002,335.7163729321797,302.0686909464091,43.47965443199603,0.0035942155957918,6.2786552804884215,352.1809355185953,250,12.83779403495516,44.37326732918504,0.0034661751194013,0.4709,0.019099999219179153,12.911981781379517,11.866645105907779,1.045336675471738,0.004993271042852533,2123.5931195582925,0.23128855812139193,0.08814446023682188
234,1018.7342425405462,624.5773207700588,276.6321565743187,-14.961951239314011,101327.87545221212,338.34282134404737,299.4828589821796,43.48052767951057,0.0036252492168996,6.2786552804884215,352.1809355185953,250,12.838701352155688,43.78555250516868,0.0026225494963959,0.5655,0.01730000041425228,12.912855028894057,11.27893028189142,1.633924747002638,0.00447439356177768,1768.3465959328028,0.04109332819879086,0.06648229212131403
112,1837.2743783230533,296.1193124927228,276.67767193855923,-14.842578608126043,89282.81031688314,317.3864478266183,281.30630947940324,43.61793039190372,0.0038594939516615,6.2786552804884215,352.1809355185953,250,12.9814648210214,44.63111600338625,0.0039942021071369,1.4941,0.01510000042617321,13.050257741287204,12.124493780108992,0.9257639611782125,0.005554218580103645,669.2992436918546,2.996392108853927,0.02230632679149748
263,1985.939150435264,715.7760850843196,276.6144615961957,-14.822890096448129,81697.28982467376,304.8844080817054,267.9615213473949,43.7143308972925,0.0040517011343298,6.2786552804884215,352.1809355185953,250,13.081626384865434,44.132290503952476,0.0030793093110217,0.7848,0.01889999955892563,13.146658246675983,11.625668280675214,1.5209899660007693,0.005089049804715447,1274.20998980632,1.099463252534676,0.052385214837968506
547,2689.212264469245,1410.304704718308,276.5079461831956,-14.72432512663619,79322.92853914041,304.07042369392497,260.87025359291863,43.74635317259383,0.0041618390178521,6.2786552804884215,352.1809355185953,250,13.114898006825191,44.7462443130266,0.0041915311609313,0.6516,0.014999999664723873,13.178680521977313,12.23962208974934,0.9390584322279736,0.005906762013453244,1534.6838551258443,1.309527467931698,0.05016327782731031
679,1600.2806648222063,1898.94278344232,276.439610870662,-14.883266352622163,78696.36279299477,297.6418952124421,264.3994815878497,43.75496337043411,0.0041062864173554,6.2786552804884215,352.1809355185953,250,13.123844130885558,44.26324855997382,0.0033047262665746,0.972,0.015200000256299973,13.187290719817597,11.756626336696556,1.4306643831210408,0.00527093955935235,1028.80658436214,1.6949576613279298,0.03411761193937766
494,2914.071028695214,1290.14492095468,276.52491410922363,-14.69140728335838,76824.04067597649,296.6958003287562,258.9320124883837,43.78110715717653,0.004192992552625,6.2786552804884215,352.1809355185953,250,13.151007915498145,44.66789586016332,0.0040780000991524,1.9784,0.02800000086426735,13.213434506560013,12.161273636886058,1.0521608696739548,0.005849040208021799,505.4589567327133,3.6428441536522627,0.031001906976689503
472,1968.1985044848943,1235.2988458181987,276.53706305184016,-14.827577019271263,71155.86760538927,286.8908968659716,248.02413873254244,43.86432322571813,0.0043773965128884,6.2786552804884215,352.1809355185953,250,13.237470652684678,44.70300522327726,0.0041261428622893,1.4256,0.014600000344216824,13.296650575101616,12.196382999999997,1.1002675751016184,0.006015534485901353,701.4590347923681,2.966371433463994,0.022618246117745048
248,746.1589155256687,679.5575231750372,276.62510427249833,-15.001462567946932,67894.26103174919,282.9702629868309,239.93426134289209,43.915267357244645,0.0045249894447063,6.2786552804884215,352.1809355185953,250,13.290402365664733,44.47501084403034,0.0036789806256231,0.6758,0.013799999840557575,13.34759470662813,11.968388620753082,1.3792060858750474,0.005831846012920228,1479.727730097662,1.1174795579474708,0.04449435072389016
334,962.595433244095,885.6191290826818,276.5934465101956,-14.9711108224289,67640.7851244146,281.5507240647971,240.2436908982962,43.919328421866496,0.0045191613396399,6.2786552804884215,352.1809355185953,250,13.294621872416869,44.46010181463363,0.0036492001340232,0.7503,0.015300000086426735,13.35165577124998,11.95347959135637,1.3981761798936105,0.0058085696029100695,1332.8002132480342,1.329654323607194,0.04443043853049173
165,1746.996717568304,418.6017727688357,276.6597915003423,-14.856108702342048,60813.95237846783,269.08829710329144,225.9999897175906,44.034841947436405,0.0048039825194536,6.2786552804884215,352.1809355185953,250,13.41464214948448,44.61295558591303,0.003937422183412,0.7049,0.01510000042617321,13.46716929681989,12.106333362635766,1.3608359341841236,0.0062114041486318276,1418.6409419775855,1.34697091547514,0.046682497011760575
313,2278.639091238302,834.3459223516929,276.5955430569781,-14.78117319681407,59566.20275220164,272.8768976372202,218.2896510037017,44.05735023313051,0.0049736668458991,6.2786552804884215,352.1809355185953,250,13.438028594249246,44.984309920792285,0.0048355754657821,0.644,0.018200000748038292,13.489677582513991,12.477687697515023,1.0119898849989681,0.0069368690328756874,1552.7950310559006,1.5221170343140837,0.06155792006316414
90,524.5072385157331,247.5377865626228,276.6905080256497,-15.0316259224612,57411.17091842703,265.65368160609086,216.11283747821668,44.09735901036256,0.0050237644957552,6.2786552804884215,352.1809355185953,250,13.47959831091088,44.73046148129007,0.0042897929757206,2.089,0.021700000390410423,13.529686359746044,12.22383925801281,1.3058471017332351,0.0066060982041862126,478.6979415988511,3.8235314579143527,0.022960992240310712
575,929.5077658245788,1502.0530949279262,276.5016060670799,-14.978359556753482,54196.34214129738,260.3818804030288,208.1417572429013,44.159925082154146,0.0052161565962614,6.2786552804884215,352.1809355185953,250,13.544605393279902,45.039061611926556,0.0049637400027131,1.1627,0.016300000250339508,13.59225243153763,12.532439388649294,1.0598130428883366,0.007200486403796313,860.0670852326481,2.8597777509775515,0.030844102458045686
677,1674.4930844782343,1877.8223216285487,276.4424544764708,-14.872487153740051,53896.93889328369,256.17259464223525,210.3930710018178,44.165939771955706,0.0051603410455975,6.2786552804884215,352.1809355185953,250,13.55085474575094,45.02999919026392,0.0049221663259772,0.7109,0.015399999916553497,13.598267121339191,12.52337696698666,1.0748901543525307,0.007131398253320466,1406.6676044450696,1.7824195381278471,0.04729673602662314
668,2655.124164846529,1841.616497027882,276.44378705752365,-14.730977830893323,50860.96790985737,251.34160234745409,202.3579361109797,44.22888846977699,0.0053652454698122,6.2786552804884215,352.1809355185953,250,13.616259382275375,45.185126061190516,0.005317421132098,0.7059,0.016100000590085983,13.661215819160475,12.678503837913254,0.9827119812472205,0.007553861691044039,1416.6312508853946,1.9222197473916722,0.04981106559133825
255,1844.7097813880468,695.5373150935359,276.6180777398267,-14.843170103997284,50525.09158936469,252.7579398776606,199.89517090469937,44.23608224804154,0.0054313468158648,6.2786552804884215,352.1809355185953,250,13.62373382525697,45.25199012734829,0.005628831107448,0.8014,0.01720000058412552,13.668409597425025,12.745367904071031,0.9230416933539942,0.007821973400004565,1247.8163214374845,2.264614594554436,0.04694378591332984
462,2465.0918009051147,1207.8348886552574,276.53907192612047,-14.755819892026912,50403.4409414767,246.11103165479247,204.79960041846093,44.23869955701045,0.0053012798744803,6.2786552804884215,352.1809355185953,250,13.626453248338125,45.16894909361671,0.0054059369214982,,,13.671026906393934,12.662326870339449,1.0087000360544849,0.007571507267828996,,,
43,2707.6700830674727,120.0565649679826,276.7001943008871,-14.716297583138942,50311.75864258857,251.3380239497942,200.17567518012527,44.240676275899865,0.0054237359210755,6.2786552804884215,352.1809355185953,250,13.628507088766083,45.1531813062691,0.0051878924660314,0.7499,0.052799999713897705,13.67300362528335,12.646559082991836,1.0264445422915145,0.00750540735607802,1333.5111348179757,2.0215758509920416,0.15298003418648723
108,1792.7284388108976,293.5207098524874,276.67824947324107,-14.848991193061533,48647.36242244564,245.3042579993604,198.3143823886355,44.27720177535057,0.0054746407543571,6.2786552804884215,352.1809355185953,250,13.666457627826148,45.339605212467,0.0058455156779831,0.6929,0.034299999475479126,13.709529124734054,12.832982989189738,0.8765461355443165,0.008008854158418288,1443.209698369173,2.0363357958567825,0.10765125111199358
399,541.6920684533296,1058.88894900226,276.569356568921,-15.032467691551998,48301.589320743165,247.3976601986352,195.2386666954,44.284946469031496,0.0055608861624416,6.2786552804884215,352.1809355185953,250,13.674504480147585,44.82875999382697,0.0044085131432812,0.6221,0.014000000432133675,13.71727381841498,12.322137770549709,1.3951360478652717,0.007096368299779652,1607.4586079408455,1.291438777263057,0.04906617977924892
598,1732.128789233492,1600.650750949746,276.4835590449078,-14.86307901067021,47206.23833497983,243.22879704002693,194.0816174295815,44.30985153487062,0.0055940382936777,6.2786552804884215,352.1809355185953,250,13.700381215254154,45.1195454474977,0.0051046564857132,0.51,0.014399999752640724,13.742178884254102,12.612923224220438,1.1292556600336638,0.00757302992653973,1960.7843137254902,1.1507741047101199,0.061524292895774685
393,1327.1166497639313,1054.2925251460151,276.5667506113896,-14.91925761537268,46945.86999600826,242.0076884649204,193.98503532590527,44.31585654225347,0.0055968234775222,6.2786552804884215,352.1809355185953,250,13.706620507547656,45.19488866833352,0.0053480675404161,0.521,0.016300000250339508,13.748183891636955,12.688266445056257,1.0599174465806982,0.007741205297329092,1919.3857965451054,1.272455061553881,0.06814684034054933
256,1142.591510413709,704.2627536067613,276.619745204618,-14.944425969895384,46555.803930583934,243.2346404234098,191.4028521987744,44.324915445448895,0.0056723292653574,6.2786552804884215,352.1809355185953,250,13.716032843168776,45.28576829087698,0.0056507843699255,0.5451,0.03539999946951866,13.75724279483238,12.779146067599719,0.9780967272326606,0.008006664929296364,1834.52577508714,1.4615269777382025,0.14113339055021826
634,1430.3745112624188,1707.392122406609,276.4688898404441,-14.906995903721576,43386.77639024367,235.3212683591265,184.3725248158641,44.40145656286646,0.0058886214260194,6.2786552804884215,352.1809355185953,250,13.79556020651604,45.1294280045439,0.0051659116824645,0.6451,0.014399999752640724,13.833783912249942,12.622805781266635,1.2109781309833068,0.00783342235616068,1550.147263990079,1.6709409907368844,0.04874637061276281
150,2660.9411878663154,379.7279207511926,276.6616903446632,-14.724138119505325,43358.639937783824,232.8282998914505,186.2258151521896,44.4021608944029,0.005830018781836,6.2786552804884215,352.1809355185953,250,13.796292017494306,45.02925632669496,0.0048345960508793,1.4976,0.015799999237060547,13.834488243786382,12.522634103417701,1.3118541403686805,0.007573799440950244,667.7350427350427,3.399613260387852,0.023414063354898273
699,2347.6243689711746,1961.690110493721,276.4271596099673,-14.775789781777592,43278.74830320568,236.37977473108265,183.0898957088936,44.40416329236217,0.0059298739332192,6.2786552804884215,352.1809355185953,250,13.798372538859107,44.84693748431955,0.0044542785336266,0.8165,0.019300000742077827,13.836490641745655,12.340315261042285,1.4961753807033702,0.0074164683049952615,1224.739742804654,1.9000962064057187,0.051521040832999736
454,1412.606977915314,1198.113916595432,276.5449375138704,-14.907517744953523,40017.39303639848,229.85685550964945,174.0970176750658,44.48922803973924,0.0062361780488758,6.2786552804884215,352.1809355185953,250,13.886756080946608,45.36337884476559,0.0059623093102171,2.2297,0.01549999974668026,13.921555389122723,12.85675662148833,1.064798767634393,0.008627806729869526,448.49082836256,4.597988790744498,0.016230062580200367
510,1029.9418915746091,1319.6746912283795,276.5284011790196,-14.963158525612304,39362.56271849177,225.68678950360228,174.41234732910004,44.50714160760523,0.006224903320356,6.2786552804884215,352.1809355185953,250,13.905368545313337,45.29831190686053,0.0057541434250513,0.6062,0.01489999983459711,13.939468956988712,12.791689683583272,1.1477792734054404,0.008477003474332204,1649.620587264929,1.7047693437412867,0.05368265159268792
436,1786.0681978078042,1154.938276480662,276.5498118778267,-14.853507906252014,38240.777388763,222.2639991360701,172.0511533014934,44.538533240741444,0.0063103325910142,6.2786552804884215,352.1809355185953,250,13.937984920651411,45.22032802251961,0.0054170377627068,0.5195,0.015699999406933784,13.970860590124929,12.713705799242348,1.2571547908825806,0.008316525448275108,1924.9278152069298,1.2916335587083303,0.06584805800536989
502,2229.257933313361,1310.9744669559027,276.5246836805875,-14.790245228398035,37005.40876072415,242.64654937062977,152.50745933419535,44.57418700723815,0.0071189960460941,6.2786552804884215,352.1809355185953,250,13.975029716161966,45.58375508163826,0.0076636664117752,0.7528,0.01850000023841858,14.006514356621636,13.077132858360997,0.9293814982606392,0.010460013746419018,1328.374070138151,2.460530910456999,0.05391125008932907
293,2093.364255431383,791.7953599055875,276.6026713361141,-14.80771424339051,36848.64816417769,219.4325831353096,167.92696707879327,44.578796121966306,0.0064653105983303,6.2786552804884215,352.1809355185953,250,13.979818655153998,45.510038803266305,0.0062840423524906,1.3453,0.01889999955892563,14.01112347134979,13.003416579989043,1.0077068913607476,0.009016065074120623,743.3286255853714,3.647512290961595,0.031147317289852802
274,753.6318123760425,740.3363702305892,276.616003625799,-15.000634158685235,36244.25298245973,222.1686803326523,163.13844475374006,44.596752138955594,0.0066550836722691,6.2786552804884215,352.1809355185953,250,13.998475224793378,45.59279543453748,0.0070656343929305,0.8199,0.01549999974668026,14.029079488339079,13.086173211260217,0.9429062770788619,0.00970635503469068,1219.6609342602758,2.654977643321832,0.04165475356710785
395,274.8972517798207,1054.486823311389,276.57112947755843,-15.0708903539132,34882.34327566816,221.2148960478017,157.68532724907695,44.63833589256048,0.0068852316124825,6.2786552804884215,352.1809355185953,250,14.04168136541238,45.232828450535884,0.0054694591311868,0.6557,0.01510000042617321,14.070663241943961,12.726206227258622,1.3444570146853394,0.00879325864200815,1525.0876925423213,1.809732145591198,0.05030467964475949
25,1292.1651046226386,84.70508627319323,276.7115295496362,-14.920288769280685,32600.98055883957,212.0941919737931,153.7099165962443,44.71177336469361,0.0070633048539857,6.2786552804884215,352.1809355185953,250,14.117983994988265,45.59549541928199,0.0067302999355378,0.4971,0.016499999910593033,14.144100714077098,13.088873196004727,1.0552275180723711,0.009756393425986781,2011.667672500503,1.5710920116997222,0.07239017922634164
452,2493.980403384236,1184.6769061032207,276.5424030548775,-14.751559465707064,32019.019671008224,213.31447922052453,150.10242055771076,44.73132994428882,0.007233061238893,6.2786552804884215,352.1809355185953,250,14.138303573063045,45.25456087358817,0.005673237939152,0.8618,0.01489999983459711,14.163657293672301,12.747938650310907,1.4157186433613944,0.009192540649886187,1160.3620329542816,2.4249710990726516,0.03796966796933806
171,544.7099222940343,431.5049052090289,276.66297008849256,-15.029475517880352,29954.01689487529,205.1560582190626,146.006007109431,44.80371234565959,0.0074359954189163,6.2786552804884215,352.1809355185953,250,14.213509968370255,45.60929721846456,0.0068081260864964,1.6738,0.14630000293254852,14.236039695043075,13.1026749951873,1.1333646998557754,0.010081895093670485,597.4429441988291,4.221192812799977,0.18992157483186312
236,356.15368572953986,633.4610342779511,276.6336278075105,-15.057476525592394,29192.354565405665,204.5463765582483,142.7175345591742,44.83167720854006,0.0076073343289842,6.2786552804884215,352.1809355185953,250,14.242565878269218,45.33419344709221,0.0057750179581849,0.6324,0.01360000018030405,14.264004557923542,12.82757122381495,1.4364333341085924,0.009551040153318358,1581.2776723592665,1.8325305301158075,0.047054065123132
583,2066.882428182775,1531.6358066600644,276.49245754571297,-14.814546579785684,28373.46752718996,202.3761643575256,140.20162709015622,44.86256898604129,0.0077438473613565,6.2786552804884215,352.1809355185953,250,14.274662896142384,45.7434631640529,0.0073221765647582,0.6864,0.016300000250339508,14.294896335424774,13.236840940775636,1.0580553946491378,0.010657459434662758,1456.8764568764568,2.419727314978882,0.05208340823271975
661,338.6638680368966,1826.4179089406207,276.45564060691817,-15.064761494303957,27887.994031311973,210.8321781667441,132.2757952500769,44.88130682963841,0.008207850861508,6.2786552804884215,352.1809355185953,250,14.2941317952958,45.51702103793221,0.0065101456648464,0.5732,0.016300000250339508,14.313634179021896,13.010398814654948,1.303235364366948,0.010476202190788224,1744.5917655268665,1.8019297232814822,0.062092053656633485
478,603.6644950744025,1249.3190135327543,276.54067791489746,-15.024302749573849,27432.45494394144,198.63647422976345,138.10381527518575,44.899188335251736,0.0078614772360679,6.2786552804884215,352.1809355185953,250,14.312710946503492,45.21921689887167,0.0054512467628186,0.3644,0.01489999983459711,14.331515684635221,12.71259467559441,1.618921009040811,0.009566551918134039,2744.2371020856203,0.520486517099215,0.08895680527907837
626,801.1476174465861,1686.4619551344638,276.4746197184733,-14.997585085749169,27193.87563789109,200.27317450183097,135.78391467321788,44.908672253888,0.0079957924516529,6.2786552804884215,352.1809355185953,250,14.322564879510864,45.79007625610222,0.0077579960035573,1.7391,0.06300000101327896,14.340999603271484,13.283454032824956,1.0575455704465284,0.011140879629594808,575.0100626760968,4.485076808277128,0.07904459947687746
338,1161.3183924789353,907.1449301996954,276.58939915796634,-14.942556701136876,27079.59459367077,204.14712197737188,132.6474472496964,44.9132446259909,0.0081848540813323,6.2786552804884215,352.1809355185953,250,14.3273156423669,45.34441002420905,0.0060514599012142,0.4646,0.019899999722838402,14.345571975374384,12.837787800931785,1.5077841744425982,0.010178998146610765,2152.389151958674,1.173183828252867,0.09320634071571554
32,1756.2836687492024,103.82584605283732,276.7066927764457,-14.853448419662456,26810.012015860964,196.40001339769444,136.50718017810323,44.92410750011147,0.0079534277873403,6.2786552804884215,352.1809355185953,250,14.338602330702903,45.48008999954057,0.0063084748605266,0.5554,0.01590000092983246,14.356434849494953,12.973467776263305,1.3829670732316472,0.010151545135314768,1800.5041411595246,1.696497153334498,0.06248422109658352
426,1445.018834946172,1126.7715037731705,276.5554439731294,-14.902557066646674,26741.45012079473,194.44830903335472,137.52472445624423,44.926887636057096,0.0078945804421184,6.2786552804884215,352.1809355185953,250,14.341490933443003,45.97457317842907,0.0082858375249297,0.674,0.019300000742077827,14.35921498544058,13.467950955151807,0.8912640302887738,0.011444627728616229,1483.6795252225518,2.6112504378284065,0.06272978392494345
328,2777.2939822197523,878.8672971334922,276.58679526014555,-14.709441611556556,26426.19919119915,193.57410604982164,136.5172219077568,44.9397632611256,0.0079528427609931,6.2786552804884215,352.1809355185953,250,14.354868900053551,45.84079926489053,0.0076216278651255,0.9623,0.01940000057220459,14.372090610509083,13.334177041613266,1.0379135688958172,0.011015303867598834,1039.176971838304,3.2507294705838436,0.0444354723132304
407,2929.911576407155,1080.7922695370291,276.55605216015715,-14.68826339369246,25922.87487799957,191.5805055965785,135.3106089644986,44.96064211255559,0.0080237610953687,6.2786552804884215,352.1809355185953,250,14.37656233829914,45.57211099832538,0.0065712766875197,1.1072,0.041099999099969864,14.392969461939074,13.065488775048117,1.3274806868909579,0.010371230371537034,903.1791907514452,3.2866191606115294,0.08087390879037551
355,1255.969116986268,962.5889001175952,276.58072976595264,-14.929139902550752,25420.542123401683,192.78476386614668,131.85970516348243,44.98188800126776,0.0082337511573677,6.2786552804884215,352.1809355185953,250,14.398637133758823,45.90742862902511,0.0079179704907679,0.5364,0.019899999722838402,14.414215350651247,13.40080640574785,1.0134089449033965,0.011423174463087098,1864.2803877703207,2.0482502516456584,0.08094802486647894
635,445.42587576246734,1709.830041242296,276.47260297409923,-15.04892581524066,25070.748161137308,198.55688218390847,126.26481583205027,44.996931785766876,0.0085985948884139,6.2786552804884215,352.1809355185953,250,14.41426785037682,45.66349260220561,0.0070299560604193,0.5412,0.019700000062584877,14.42925913515036,13.156870378928346,1.2723887562220142,0.011106579863598143,1847.7457501847746,1.823659318556274,0.07935488104416111
228,2666.82295333088,609.0341807968791,276.6274853344986,-14.724252279711935,24859.70372985408,190.227374102263,130.6841554596129,45.00611015030222,0.0083078166299626,6.2786552804884215,352.1809355185953,250,14.423804308113043,45.947598933883256,0.0081713040542305,0.7128,0.0203000009059906,14.438437499685705,13.440976710605995,0.9974607890797103,0.011652897798563537,1402.9180695847363,2.705815165750085,0.06237939002621671
298,707.4022982572536,807.8726763747069,276.60612059795113,-15.007571950302909,24478.623113499227,196.99069252290684,124.26284105099413,45.02288255734134,0.0087371252002395,6.2786552804884215,352.1809355185953,250,14.441231089349223,45.82089810125336,0.0076654080826737,1.8804,0.01720000058412552,14.455209906724825,13.314275877976101,1.140934028748724,0.011623073510848127,531.8017443097214,4.685527090557176,0.021290253366231183
533,3032.0877705971266,1369.705621133353,276.5125594199318,-14.674711060942045,24101.818250429,186.5385242743053,129.20558015666097,45.03972550379673,0.0084028878527041,6.2786552804884215,352.1809355185953,250,14.458731162091675,45.787869848582034,0.0074288114623954,0.6857,0.01679999940097332,14.472052853180216,13.281247625304772,1.190805227875444,0.011215871076690361,1458.3637159107482,2.4619183726316454,0.05371833254382955
81,2596.387994975492,232.73681710323737,276.68387644600864,-14.732828763165356,23347.771302595764,186.9257275169024,124.90400124554596,45.074236445097114,0.0086922755810332,6.2786552804884215,352.1809355185953,250,14.49458854516696,46.028386300976024,0.0085006854424465,0.673,0.025100000202655792,14.506563794480599,13.521764077698762,0.9847997167818363,0.01215801413751637,1485.8841010401188,2.661839398818646,0.08143147600904573
144,787.7875728494397,373.1954960349272,276.67064033956103,-14.994201134777745,22972.415812321124,187.704576793621,122.38601852302745,45.0918333501061,0.008871111366334,6.2786552804884215,352.1809355185953,250,14.512871992099178,46.03856177257267,0.0090094925221973,0.992,0.017000000923871994,14.524160699489585,13.531939549295409,0.992221150194176,0.012643874895831157,1008.0645161290323,3.5144979100663,0.03828783867338649
568,1082.2768262619388,1485.892625442793,276.5033822944677,-14.956280902421245,22590.2406910134,185.57287451550204,121.73245012231732,45.11004787618285,0.0089187394068638,6.2786552804884215,352.1809355185953,250,14.531797156538596,46.000446987371404,0.008466041188251,0.3976,0.29670000076293945,14.542375225566332,13.493824764094143,1.048550461472189,0.012297063308315025,2515.0905432595573,1.4910566427205225,1.620434252503123
625,1818.6072503271407,1682.2799776972208,276.4710240452868,-14.850939380720591,22517.831433542044,181.89006852218327,123.79912557345467,45.113533612381296,0.008769851927232,6.2786552804884215,352.1809355185953,250,14.535418888472218,45.792815473031325,0.0074835048207596,3.9069,0.053700000047683716,14.545860961764781,13.286193249754064,1.2596677120107174,0.011528796434489898,255.95740868719446,6.245354726144187,0.030770575038805686
46,1981.7528202588933,124.11298592366472,276.7027024508208,-14.82101933336538,22395.226041948743,182.49340609627657,122.7180012747084,45.11946139600143,0.0088471128010765,6.2786552804884215,352.1809355185953,250,14.54157794412371,45.57644903670804,0.0066581996220684,0.6532,0.01600000075995922,14.551788745384911,13.06982681343078,1.4819619319541317,0.01107262512335189,1530.9246785058176,2.145057693753932,0.05360488459077702
318,1627.55994689954,852.4281869770942,276.5955970654979,-14.87512401113001,22007.91307567217,186.9949392704143,117.69255981760244,45.138402866533745,0.0092248821988628,6.2786552804884215,352.1809355185953,250,14.561258414701856,45.98110664874912,0.008481505685525,0.3986,0.01850000023841858,14.57073021591723,13.474484425471857,1.0962457904453728,0.012531336332430339,2508.7807325639737,1.4771708972942008,0.10113959634837215
438,2132.8298082849624,1158.2639023318711,276.54785963689187,-14.803527522217502,21238.29438498121,180.02221207587684,117.97596607706149,45.1770509309736,0.0092027218432847,6.2786552804884215,352.1809355185953,250,14.60141433046422,45.630398763702374,0.0068865388464038,0.7437,0.01600000075995922,14.609378280357085,13.123776540425112,1.4856017399319725,0.011494107473305525,1344.628210299852,2.4807654478625327,0.047222012873578814
16,2649.628440381231,44.183588997725735,276.7117523035389,-14.724347374262685,21225.387898523128,187.505066371556,113.1990100814842,45.17771093214645,0.0095910732719171,6.2786552804884215,352.1809355185953,250,14.602100081533102,45.916574567605416,0.0078109945284426,0.7298,0.05350000038743019,14.610038281529931,13.409952344328154,1.2000859372017771,0.012369329894163339,1370.2384214853384,2.725971639471302,0.15937729110727403
692,1624.5678784801175,1940.56925702648,276.4333008963513,-14.879930066199371,20494.313460091536,181.91390049730023,112.65941417377113,45.21576658556451,0.0096370108788721,6.2786552804884215,352.1809355185953,250,14.641640473402289,46.05091011100683,0.0092379237035415,1.3231,0.02319999970495701,14.648093934947994,13.544287887729567,1.103806047218427,0.013349577260421136,755.8007709167864,4.1522512349216,0.03918047613143757
361,414.1092073875808,977.4512390108736,276.5820448456017,-15.05052250907675,20031.46110924261,181.3320545910917,110.4683954219459,45.24056845117473,0.0098281503578743,6.2786552804884215,352.1809355185953,250,14.667409981930804,46.136590098665096,0.0095570748412946,0.3227,0.018400000408291817,14.672895800558216,13.629967875387834,1.0429279251703818,0.01370876431262464,3098.853424233034,1.1739627024073584,0.12418327713253247
76,670.1414790890498,217.28172351836648,276.6944035839429,-15.010510403580268,19792.929039103765,180.08680854499707,109.90771172536073,45.2535748525622,0.0098782877284622,6.2786552804884215,352.1809355185953,250,14.680923827088549,46.150372326075114,0.0094598280756299,1.0756,0.017999999225139618,14.685902201945687,13.643750102797853,1.0421520991478346,0.01367731390539687,929.7136481963556,3.8020040705541724,0.037550362639109346
678,440.62733142280587,1886.399259908829,276.4462672479103,-15.05030774077442,19463.888394136564,181.46133432629827,107.26190494740432,45.27177600746269,0.0101219533676226,6.2786552804884215,352.1809355185953,250,14.699835098676264,45.98654753944899,0.008442976958023,0.9375,0.02199999988079071,14.704103356846176,13.47992531617173,1.2241780406744454,0.01318096354179139,1066.6666666666667,3.339781698170512,0.05165193143908086
601,1591.63549166094,1607.9666175878422,276.48305213448185,-14.883358595577494,19436.915619584062,173.72812961921113,111.88122304768484,45.27328164845444,0.0097040412182235,6.2786552804884215,352.1809355185953,250,14.701399482137877,46.0356334544544,0.0087021111482587,1.1089,0.2906000018119812,14.705608997837928,13.529011231177137,1.176597766660791,0.013034383545132812,901.7945711966814,3.7534731485489345,0.569125858464143
477,283.1617116759364,1242.793736732751,276.54298770058483,-15.070453692340696,18850.672860629973,179.86177699710126,104.80644178742756,45.30653288009435,0.010359096077339,6.2786552804884215,352.1809355185953,250,14.735948008075187,46.25007211839241,0.0102874631297184,0.668,0.021900000050663948,14.738860229477837,13.743449895115148,0.9954103343626883,0.014599409891665338,1497.005988023952,2.8673322074928773,0.07192994826092881
251,451.5080809507011,684.8872387114462,276.6255510294433,-15.043946191060188,18746.952783273475,177.2122069293237,105.78815708079404,45.31252330778189,0.0102629635486589,6.2786552804884215,352.1809355185953,250,14.742172151847662,46.05429099988964,0.0086840344671072,0.659,0.019999999552965164,14.744850657165372,13.547668776612376,1.1971818805529963,0.013443990308945001,1517.4506828528072,2.642095849582427,0.0664717376237864
180,823.3070970073035,468.6766875429852,276.6562435688414,-14.989476518412324,18382.424341324484,176.3136961135116,104.2597639691575,45.333843053751856,0.0104134131775051,6.2786552804884215,352.1809355185953,250,14.764323686100482,46.0007900540098,0.0084400408361869,0.3535,0.018400000408291817,14.766170403135341,13.494167830732536,1.2720025724028048,0.013404233037437813,2828.854314002829,1.236114921397128,0.1133418200603098
660,613.1028977143371,1818.978337133796,276.45561964006794,-15.025197931993276,18123.82883507904,174.7192851725613,103.731129721479,45.349225141765075,0.0104664819800491,6.2786552804884215,352.1809355185953,250,14.78030590511871,45.46752176735133,0.0063186503556262,0.3177,0.0203000009059906,14.78155249114856,12.960899544074067,1.8206529470744925,0.01222589822284431,3147.623544224111,0.4709856182098058,0.13889385366842671
542,1964.6001309108567,1396.9235275238525,276.5129746033024,-14.828749758140123,18054.944858922303,169.02966915655242,106.81524106989832,45.353359605683025,0.0101642798267855,6.2786552804884215,352.1809355185953,250,14.784601674834937,46.20825952745792,0.0097820499070622,1.5938,0.0203000009059906,14.78568695506651,13.701637304180657,1.0840496508858521,0.01410677442867271,627.431296273058,4.713806416626824,0.02933664247720238
50,784.2745846588042,129.71677178925705,276.7069826572021,-14.99369442278949,17909.27128159409,196.44306658613937,91.16774438939518,45.36215523416823,0.0119088171729111,6.2786552804884215,352.1809355185953,250,14.79374046410285,46.061662168922794,0.0092683765602966,0.1847,0.01769999973475933,14.794482583551712,13.555039945645532,1.2394426379061798,0.01509048476760365,5414.185165132648,-0.11262557715325983,0.20830083853142795
418,574.4045688689508,1104.061918955519,276.5624781442303,-15.027935971257294,17890.760326414136,180.1079002771931,99.33356781617884,45.36327802736767,0.0109298399712082,6.2786552804884215,352.1809355185953,250,14.794907062994383,45.74858068998893,0.0074679768533906,0.5967,0.01510000042617321,14.795605376751155,13.241958466711665,1.5536469100394896,0.013237525451495768,1675.8840288252052,2.120738655932154,0.055456091048234256
161,1331.323581523386,404.3232239454024,276.66368860570384,-14.91598004685767,17691.000176674133,180.2267687282045,98.15967018391972,45.37546905459353,0.0110605506107115,6.2786552804884215,352.1809355185953,250,14.807573722229035,46.180528976858696,0.0095486692218574,0.4241,0.04639999940991402,14.807796403977015,13.673906753581434,1.1338896503955809,0.01461207937702767,2357.934449422306,1.8112481158799838,0.23776860671306493
480,978.4057878056936,1251.5375020119814,276.5387829402202,-14.970312021400176,17685.8833050651,169.8562264837221,104.12266698247883,45.3757831338596,0.0104271243857276,6.2786552804884215,352.1809355185953,250,14.807900055274004,46.21438470827664,0.0097283397285579,0.429,0.019300000742077827,14.808110483243084,13.707762484999378,1.1003479982437057,0.01426062820599686,2331.002331002331,1.8700489459229992,0.09817414638571255
417,1191.55735207087,1099.4836257261345,276.5605774803714,-14.938979576734743,17394.869703748205,169.96385350572288,102.34452411472596,45.393797071646425,0.0106082861725259,6.2786552804884215,352.1809355185953,250,14.826616805486474,46.18431735782224,0.0097817695572508,0.8602,0.019500000402331352,14.82612442102991,13.677695134544976,1.1484292864849337,0.014429786941925466,1162.5203441060219,3.3506923256353396,0.0501879043434634
408,348.42613922689765,1081.436141005366,276.56679969797403,-15.06040490907308,16945.918003167113,170.3525604006154,99.47556974380466,45.42218727008169,0.0109142375640187,6.2786552804884215,352.1809355185953,250,14.856114645374866,46.304951258957345,0.0106002920636486,0.7049,0.021900000050663948,14.854514619465178,13.798329035680084,1.0561855837850942,0.015214689396714227,1418.6409419775855,3.0389665885194574,0.06829152978312952
702,1084.428706943839,1982.5243947901308,276.42926991413066,-14.957931182910638,16837.820355875592,174.25333072772793,96.6283989267603,45.42913534247083,0.0112358272729211,6.2786552804884215,352.1809355185953,250,14.863333796284827,46.27032239310451,0.0109403923745696,1.2448,0.021800000220537186,14.861462691854314,13.763700169827246,1.0977625220270681,0.015682346757308303,803.3419023136247,4.2391980680553125,0.039571107823121336
372,472.88022129871774,1007.3925384891309,276.5773300636995,-15.042175171432207,16021.415866338968,165.58638554960734,96.75563491020932,45.48309778791398,0.011221051890234,6.2786552804884215,352.1809355185953,250,14.91940158247159,46.35591396948891,0.0107404858058943,0.6565,0.022199999541044235,14.915425137297461,13.849291746211648,1.0661333910858133,0.015532869692041486,1523.2292460015233,2.93546539833914,0.07421117612981473
143,2488.6619201307662,368.1532782705576,276.66415163605814,-14.748939168427988,15961.898378411075,165.2608865412884,96.58606287594368,45.4871386678276,0.0112407522128165,6.2786552804884215,352.1809355185953,250,14.92360011701062,46.2990692689323,0.0099626826856731,1.8763,0.02070000022649765,14.919466017211086,13.792447045655038,1.1270189715560477,0.015020304810667113,532.9638117571817,5.158958438493322,0.025945449400270222
420,761.7497921726526,1109.1786803804305,276.5609309363714,-15.000960783792989,15872.568232484193,167.28027923183205,94.88606968718985,45.49323201497632,0.011442143231132,6.2786552804884215,352.1809355185953,250,14.929931195639297,46.389244415141384,0.0125456579118972,0.6272,0.02319999970495701,14.925559364359806,13.882622191864122,1.0429371724956837,0.01697987556385761,1594.387755102041,2.869652440246032,0.08129617864700951
368,1328.9196506050027,993.1494533539048,276.575864165289,-14.918749185885732,15737.416288958746,166.44592726471174,94.54972282938664,45.50251643916273,0.011482846987919,6.2786552804884215,352.1809355185953,250,14.93957785093588,46.18010568085669,0.009678819416177,0.3562,0.018400000408291817,14.934843788546218,13.67348345757943,1.261360330966788,0.01501783340695073,2807.411566535654,1.431953033215553,0.11258719345162846
544,2234.7390228816216,1401.2877216142967,276.51119389755405,-14.789820797620614,15642.770943241863,167.65289804619374,93.30450666550232,45.50906580671701,0.0116360938908583,6.2786552804884215,352.1809355185953,250,14.94638274157188,46.443589325897435,0.0113273576060206,0.7186,0.020899999886751175,14.941393156100496,13.936967102620173,1.0044260534803229,0.016239079757533754,1391.5947676036737,3.2194031669633265,0.06416359389516996
651,781.3738262909598,1784.481183292853,276.46007353729703,-15.000819805760944,15541.236378964417,170.70175185919,91.04321548957628,45.516136106624245,0.0119251060516893,6.2786552804884215,352.1809355185953,250,14.953728888697349,46.18828397903976,0.0094959429586861,0.9044,0.024000000208616257,14.94846345600773,13.681661755762498,1.2668017002452316,0.01524405087300147,1105.7054400707652,3.463464524129108,0.05840139435129739
645,2819.724657992881,1756.3664854811975,276.45581136285824,-14.70690200960804,15476.122453194024,159.05332686267704,97.30146962946428,45.52069462824936,0.0111581048481022,6.2786552804884215,352.1809355185953,250,14.958465260700244,46.42157090690764,0.011100287512702,0.7212,0.01940000057220459,14.953021977632844,13.914948683630378,1.0380732940024657,0.01573911327444751,1386.5779256794233,3.2052272738821994,0.059457134529547824
397,2564.1552679074457,1055.0130776798126,276.5614382216603,-14.74090820102411,15389.589843839727,162.93844432335712,94.45033004794462,45.52678240825,0.0114949307159528,6.2786552804884215,352.1809355185953,250,14.964790554978972,46.17347389354127,0.0094562721464557,0.589,0.019099999219179153,14.959109757633485,13.666851670264009,1.2922580873694756,0.014884707423136977,1697.792869269949,2.517428144199517,0.07104827520766176
287,732.45005986624,776.5873830712382,276.6106835649457,-15.003834744080804,15196.52625280252,170.74553440938595,89.00101724690938,45.54048920998489,0.0121987369760956,6.2786552804884215,352.1809355185953,250,14.979032126550926,46.143697742488186,0.009871428496808,0.3316,0.019999999552965164,14.972816559368376,13.637075519210924,1.3357410401574512,0.015692491337565083,3015.6815440289506,1.2401481286021045,0.13134087040695025
606,392.2196001665905,1623.2297047678242,276.48574921426143,-15.056250221371275,15072.466435095295,164.4980008395045,91.62704931472707,45.54938920816198,0.0118491210632655,6.2786552804884215,352.1809355185953,250,14.988279357486402,46.447742002357295,0.0113733233401102,0.6503,0.02239999920129776,14.981716557545468,13.941119779080033,1.040596778465435,0.016424194158941786,1537.7518068583731,3.006688549119527,0.07565749582278897
215,1717.7219753418829,571.162614665416,276.6371641613224,-14.860964523649796,15017.91961911248,161.74672016423943,92.84837184867251,45.5533255829052,0.0116932583564255,6.2786552804884215,352.1809355185953,250,14.992369309593672,46.247622730696975,0.0098294927697224,0.5766,0.04410000145435333,14.985652932288687,13.741000507419713,1.244652424868974,0.01527583775444541,1734.304543877905,2.5453736976806596,0.16637098722658256
356,1389.4034305414289,963.7638139042602,276.57999343238924,-14.909911099197512,14857.64634689549,161.7064566114422,91.88035319205784,45.56497497986749,0.0118164543591877,6.2786552804884215,352.1809355185953,250,15.004473206900824,46.21619886086569,0.0095413016995026,3.8334,0.0215000007301569,14.997302329250978,13.709576637588427,1.2877256916625512,0.015187660509232394,260.8650284342881,6.627497330167344,0.015471342684659035
331,2045.574781960959,881.5478168837112,276.5894900415533,-14.814975177627316,14707.535446846625,159.8341326379161,92.01748840571292,45.5760002622795,0.0117988440981246,6.2786552804884215,352.1809355185953,250,15.015928639875526,46.43245394010722,0.0107454193471795,0.7137,0.022700000554323196,15.008327611662985,13.925831716829961,1.0824958948330234,0.015958595144892587,1401.1489421325487,3.193410200614606,0.06989692696566349
260,799.4213844071592,711.5121201130227,276.62011160218424,-14.993917197910518,14673.897957635929,170.0257215968539,86.30398871312566,45.578486285022265,0.0125799515895941,6.2786552804884215,352.1809355185953,250,15.018511654608314,46.44238290395081,0.0116681657522575,0.6621,0.019500000402331352,15.01081363440575,13.935760680673546,1.0750529537322038,0.01715812559747381,1510.3458692040476,3.0403786200801335,0.06500935064318727
422,440.8911027831616,1111.980154215829,276.561854493086,-15.047205268677889,14598.1839255527,162.4683292405737,89.85248998244178,45.58410294389171,0.0120831375982141,6.2786552804884215,352.1809355185953,250,15.024347447000403,46.38361133118286,0.0108383487795648,1.8653,0.02070000022649765,15.016430293275192,13.876989107905601,1.1394411853695914,0.016231821169692236,536.1067924730606,5.230732559049347,0.02642290619281002
109,706.0689036329313,294.6134555020322,276.68271224338963,-15.005653548462265,14510.942258412715,163.90604316896986,88.53207592506803,45.59061098673621,0.0122633518829821,6.2786552804884215,352.1809355185953,250,15.031109400646194,45.6057251690602,0.0066385432258756,0.3973,0.021800000220537186,15.022938336119694,13.099102945782938,1.9238353903367553,0.01394489353016578,2516.9896803423107,1.094695771059751,0.11933430018095055
376,2929.0462478307063,1008.041450200668,276.5668993160615,-14.688088063739766,14486.1571892816,157.06523007568936,92.23019749374674,45.59246703813163,0.0117716326051845,6.2786552804884215,352.1809355185953,250,15.033037865746971,46.376811611066415,0.0104317972279057,1.3213,0.02070000022649765,15.024794387515115,13.870189387789154,1.1546049997259615,0.015728754801178125,756.8303943086355,4.475196562737356,0.035582632683413155
121,2836.8164517716,310.6558295962432,276.6712331694053,-14.698475900124654,14339.010989625938,163.89989621570098,87.48639456583327,45.60355202768824,0.0124099296283493,6.2786552804884215,352.1809355185953,250,15.044555335336028,46.353772353814946,0.0109326146297686,0.6193,0.024299999698996544,15.035879377071723,13.847150130537685,1.188729246534038,0.01653869450783865,1614.7263038914905,2.806655530585541,0.0859024309087775
297,1671.8082304400582,801.6203899042786,276.60298810740545,-14.868536124935243,13410.723825951049,159.9709096266512,83.83226586164774,45.67621947430448,0.0129508607317352,6.2786552804884215,352.1809355185953,250,15.120057896907486,46.392771287105376,0.0104773979344733,0.6266,0.023900000378489494,15.108546823687966,13.886149063828114,1.2223977598598523,0.016658351093974042,1595.9144589849982,2.8711010165565476,0.08348514096173058
254,507.1422843099904,692.2094929293401,276.6242238927625,-15.0359591239974,13279.183022818876,158.5753070536913,83.74054743796107,45.68692162995775,0.012965045407714,6.2786552804884215,352.1809355185953,250,15.131177596357304,46.56975845545132,0.0121501662788199,0.5471,0.020099999383091927,15.119248979341236,14.06313623217406,1.0561127471671767,0.01776848173106127,1827.8194114421494,2.7534698060614033,0.0806980203701054
600,2524.124391225751,1606.6556602159385,276.47936342843394,-14.748924341101048,13253.055644565027,161.93695850728088,81.84083341277004,45.68905996815308,0.0132659939387981,6.2786552804884215,352.1809355185953,250,15.133399361656233,46.37518039064778,0.010462925952588,0.9199,0.025499999523162842,15.121387317536566,13.868558167370516,1.2528291501660505,0.01689554422543315,1087.0746820306554,3.687261261659936,0.061096657472261305
674,1363.7088005526475,1870.9808854359544,276.4447603182125,-14.917249826062724,13126.447124850034,155.62557345372963,84.34633738877608,45.69948203792464,0.0128719282142116,6.2786552804884215,352.1809355185953,250,15.144228047694764,46.50680800235574,0.0116456417083475,0.0926,0.43470001220703125,15.131809387308124,14.000185779078478,1.1316236082296456,0.017358211507843183,10799.136069114471,-1.166759287511848,10.19373324962684
207,2351.1312692804013,547.5296421727074,276.63799708303367,-14.769527302445368,13023.436757499032,159.2655407228708,81.77184278776535,45.70803600813048,0.0132771864126613,6.2786552804884215,352.1809355185953,250,15.153115750403751,46.52316763969154,0.0113702990708931,0.6969,0.022600000724196434,15.140363357513962,14.016545416414282,1.1238179410996807,0.01748048569113886,1434.9261013057828,3.23239773901377,0.07133144627030871
335,1509.4571456203853,893.3707155007648,276.589988234164,-14.892317629121392,13000.976676751365,155.72752852620792,83.48541070285711,45.70991007372244,0.0130046674126602,6.2786552804884215,352.1809355185953,250,15.155062932523592,46.507317296417696,0.0116165495932376,0.3383,0.021400000900030136,15.142237423105925,14.000695073140434,1.1415423499654906,0.01743747685205789,2955.9562518474727,1.6472050620803387,0.1378521677816331
469,1375.2641922381845,1229.669185571308,276.5403865454401,-14.913027670920703,12984.00752945844,155.9521255523252,83.25636783387111,45.71132812501333,0.0130404439714016,6.2786552804884215,352.1809355185953,250,15.156536308978772,46.586791951841775,0.0120992396422942,1.142,0.020899999886751175,15.143655474396816,14.080169728564513,1.0634857458323026,0.01778889481932275,875.6567425569177,4.36850024811366,0.041541635006470096
590,2922.595011647285,1554.6753144607446,276.4854476427651,-14.691254176852336,12930.078453302762,155.84314151830236,82.96854341699883,45.71584712175036,0.0130856822994142,6.2786552804884215,352.1809355185953,250,15.16123161403305,46.443680884237196,0.0111882638177108,0.9985,0.019500000402331352,15.148174471133842,13.937058660959934,1.211115810173908,0.017216629417394647,1001.5022533800701,3.9337990069935422,0.04385838988093625
623,761.0243365168348,1672.102590592785,276.47692870955666,-15.0033094443607,12888.66263376712,164.94797391059217,78.13774445482576,45.719330381692146,0.0138946933722623,6.2786552804884215,352.1809355185953,250,15.164850773099054,46.53319401990399,0.0131687800895431,0.5094,0.02459999918937683,15.15165773107563,14.026571796626726,1.1250859344489044,0.019143648371089995,1963.0938358853555,2.561866499764708,0.10568860044950477
657,1052.137740668764,1806.5535156055123,276.4556609682103,-14.961893758251051,12834.322085498134,160.8028984487111,79.81399719353757,45.72391768670776,0.0136028771666119,6.2786552804884215,352.1809355185953,250,15.169617051474251,46.67657876795357,0.0133097569829327,0.6986,0.02459999918937683,15.156245036091242,14.16995654467631,0.9862884914149319,0.01903123480372877,1431.4342971657602,3.3910994511844503,0.07761440342754189
653,2439.1511927720207,1788.526256776313,276.45260043179513,-14.761905248417234,12731.528355768358,159.15708626872473,79.99347471260019,45.732648667566636,0.01357235704413,6.2786552804884215,352.1809355185953,250,15.178688670893582,46.54082577839826,0.0118902529647925,0.6773,0.021299999207258224,15.16497601695012,14.034203555120996,1.1307724618291246,0.018044029242386583,1476.4506127270042,3.188108933152801,0.06931673810534165
633,1374.6912192469415,1707.3113777127292,276.4691327972322,-14.915020537000524,12716.654480497731,157.9140971022536,80.52893765566324,45.73391784319534,0.0134821100539334,6.2786552804884215,352.1809355185953,250,15.180007363313823,46.671198405163665,0.0129826493851642,0.6539,0.02250000089406967,15.166245192578828,14.164576181886403,1.0016690106924244,0.01871674321468552,1529.285823520416,3.2421328687002244,0.07583756182358639
272,1528.9169549878357,726.3228410200477,276.6148223994797,-14.888826563789154,12573.636197587795,156.2877972117315,80.45181019829471,45.74619779560718,0.0134950350691178,6.2786552804884215,352.1809355185953,250,15.19276641714388,46.56346150099395,0.0125880885164922,1.0283,0.020899999886751175,15.178525144990665,14.05683927771669,1.1216858672739747,0.01845469978124169,972.4788485850432,4.117438456739258,0.04589484678784092
100,2827.2706285210093,272.80713498088136,276.6769150071548,-14.699692699825611,12514.656592386978,155.93795560703902,80.25407633227987,45.751302679483814,0.0135282847877386,6.2786552804884215,352.1809355185953,250,15.19807046768037,46.08992908533855,0.0094423470922318,1.3371,0.02319999970495701,15.183630028867299,13.583306862061285,1.6003231668060138,0.016497648556941014,747.8872186074341,4.214126306090478,0.03884234696090387
51,1158.0603405972895,130.30149241763837,276.7053010624222,-14.93981420722033,12359.449555530737,154.77232178832404,79.85568357909798,45.76485219842246,0.0135957761719565,6.2786552804884215,352.1809355185953,250,15.212148620079638,46.52185834638203,0.0117215770859836,0.5003,0.020099999383091927,15.197179547805945,14.01523612310477,1.1819434247011742,0.01795105843956272,1998.8007195682592,2.511388637521815,0.08802477023476692
503,2152.8804003719165,1311.81254031128,276.5248788187161,-14.801260851242883,12332.831581692968,161.22646782900765,76.49383967632926,45.76719301974447,0.0141932998081146,6.2786552804884215,352.1809355185953,250,15.214580768369174,46.65660600844274,0.0132723701958067,0.7709,0.022099999710917473,15.199520369127953,14.149983785165482,1.049536583962471,0.019432075804132812,1297.1851083149566,3.584974013520979,0.06365046876050434
673,2179.734363251549,1867.994355599148,276.4418274981424,-14.79962127128232,12254.061741424955,153.5248540423195,79.81809732284191,45.77414986125354,0.0136021784083457,6.2786552804884215,352.1809355185953,250,15.22180903052562,46.62396911951153,0.012681302056928,0.5922,0.021299999207258224,15.206477210637026,14.117346896234267,1.0891303144027589,0.018596630859150597,1688.6187098953058,2.97968891150067,0.0791254180467631
358,2098.839121223248,969.3334875258768,276.5761750859148,-14.807655754319496,12248.348620418665,152.87491272885362,80.12006942004231,45.77465617408885,0.0135509118733789,6.2786552804884215,352.1809355185953,250,15.222335097118048,46.57401208194019,0.0118235097182293,0.7871,0.022199999541044235,15.206983523472331,14.067389858662928,1.1395936648094036,0.01798395381047071,1270.4865963664083,3.5475394206440622,0.06237677177192675
589,406.3395674179716,1554.35871528414,276.4959706784043,-15.053944620579085,12159.06098028412,158.13098015665625,76.89233930149838,45.78259993031442,0.0141197420947608,6.2786552804884215,352.1809355185953,250,15.230588778394306,46.47967660416512,0.0118096558578924,0.5354,0.02019999921321869,15.214927279697903,13.97305438088786,1.241872898810044,0.018407473707828904,1867.7624206200971,2.616446215142428,0.08277384249633542
557,326.5231935890932,1446.5084863560876,276.5123998099998,-15.0650166727801,12031.364839804211,155.29541203422255,77.47405208051384,45.79406278026856,0.0140137242191966,6.2786552804884215,352.1809355185953,250,15.242498850575831,46.65555650967684,0.013496610692571,1.4621,0.02290000021457672,15.226390129652046,14.14893428639958,1.0774558432524657,0.019456180680660816,683.9477463921756,4.973819671954011,0.03659058699023979
447,2597.676498990655,1175.6959427280208,276.54330569024705,-14.73656894911907,12001.746728986822,151.43072353160136,79.25569163963107,45.79673887748709,0.013698700718386,6.2786552804884215,352.1809355185953,250,15.245279355525742,46.688446662092446,0.0132721031245074,0.6058,0.023499999195337296,15.229066226870572,14.181824438815184,1.0472417880553877,0.01907362374378472,1650.709805216243,3.0934707837993685,0.08527422941004521
411,2588.1469968960378,1093.6676389052238,276.55557449827654,-14.737607017960707,11996.645465630718,153.90688808099,77.94742402508818,45.797200460609346,0.0139286193684932,6.2786552804884215,352.1809355185953,250,15.24575894727874,46.753656613262265,0.0136583469504191,0.7271,0.026100000366568565,15.229527809992831,14.247034389985004,0.9824934200078275,0.01950786710356585,1375.3266400770183,3.555005113204329,0.07913482831713703
492,1349.1325859642895,1288.0806002636773,276.53178204366475,-14.917029544925647,11434.318940866971,151.83568438835317,75.30719136893528,45.84932426679845,0.0144169498326006,6.2786552804884215,352.1809355185953,250,15.299916359839475,46.371708387780586,0.0105514932153227,0.8748,0.039900001138448715,15.281651616181932,13.865086164503325,1.4165654516786077,0.017865678032157734,1143.1184270690444,3.574630036331321,0.09960225275281004
380,2794.784551097004,1018.240733684249,276.5659464093314,-14.707495136914458,11327.35386512798,150.14906561350375,75.44072165114592,45.859528851609625,0.0143914317922422,6.2786552804884215,352.1809355185953,250,15.310519075758275,45.78325440972529,0.0073311406712616,0.376,0.046300001442432404,15.29185620099311,13.276632186448026,2.0152240145450833,0.01615112790403771,2659.574468085106,1.1525714110863312,0.26749190573662124
686,1658.143116544748,1920.9127242367017,276.4360943341417,-14.87501364216455,11317.151501709654,154.39709644671646,73.29899176967542,45.86050719720891,0.014811936341656,6.2786552804884215,352.1809355185953,250,15.311535591437416,46.70031451195037,0.0142499282313643,0.6703,0.12610000371932983,15.292834546592395,14.193692288673105,1.09914225791929,0.020553683679289777,1491.869312248247,3.3250383856417365,0.4087561154649565
63,2609.035020304424,178.98934747433148,276.6918336170448,-14.730776617508283,11308.547826052672,160.13550788070464,70.61861529472368,45.861332923960575,0.0153741332291617,6.2786552804884215,352.1809355185953,250,15.312393533856088,46.73490677657671,0.0135839190015439,0.8928,0.0272000003606081,15.29366027334406,14.228284553299446,1.0653757200446137,0.020515526510146393,1120.0716845878135,3.982055461266963,0.06753617747114776
643,381.269312670038,1741.4340936054066,276.46815051144256,-15.058291862455103,11169.245080419758,155.86523352551012,71.65963074499042,45.87479047037888,0.0151507897642341,6.2786552804884215,352.1809355185953,250,15.32637612543406,46.778975455182724,0.0140312022787452,0.0716,0.12240000069141388,15.307117819762368,14.272353231905463,1.0347645878569054,0.020649965323629123,13966.480446927375,-1.4530816565552591,3.7121525571508367
617,1052.2197855998563,1652.8111809223626,276.4786012158692,-14.961275155347147,11157.915237384295,153.3722608532663,72.75054286419662,45.875892376905156,0.0149235999795448,6.2786552804884215,352.1809355185953,250,15.327521022760443,46.67594670451016,0.013109896762074,0.7568,0.02280000038444996,15.308219726288641,14.169324481232898,1.1388952450557426,0.019864119146383207,1321.353065539112,3.5642300982015787,0.0667202866767102
125,501.3928691150605,333.56633937731976,276.67776861406924,-15.035313659344997,10822.11171234469,149.8052881387369,72.24118618778111,45.90906999000886,0.0150288229927159,6.2786552804884215,352.1809355185953,250,15.361993057939896,46.711939515431936,0.0130060196545977,0.7547,0.020899999886751175,15.341397339392344,14.205317292154675,1.1360800472376695,0.019875162082412502,1325.0298131707964,3.5941890421116653,0.061525255151784516
116,2589.081984136967,307.60994909302207,276.6727472657949,-14.734199238301402,10779.459718812052,148.8281697203453,72.42889393229208,45.91335753676544,0.0149898740827788,6.2786552804884215,352.1809355185953,250,15.366447883010178,46.76260757283101,0.0137192779770533,0.6966,0.024299999698996544,15.345684886148923,14.255985349553747,1.0896995365951767,0.020320307901929617,1435.5440712029858,3.4709027001648334,0.07698139472943294
230,594.8252540063685,615.1062714869815,276.635360245526,-15.0230080024597,10622.491673308308,146.94595619980413,72.28842458832132,45.92928402335592,0.0150190020903485,6.2786552804884215,352.1809355185953,250,15.382995740275138,46.15684879366124,0.0094730080570351,0.3221,0.015799999237060547,15.361611372739404,13.650226570383978,1.7113848023554254,0.017756922746876624,3104.6258925799443,1.1901801944824335,0.1069378304997455
166,2126.9064169150624,419.0386310496736,276.65810869619816,-14.80132694352827,10515.836048713623,159.00176292131746,66.13660034648433,45.94024050556053,0.0164160237192735,6.2786552804884215,352.1809355185953,250,15.39437968880754,46.60352680134271,0.0124328476601322,0.5647,0.02500000037252903,15.372567854944016,14.096904578065448,1.2756632768785678,0.02059275444645045,1770.8517797060388,2.8559935167498445,0.09693452250249054
554,2899.377857076431,1427.363422107317,276.50452217724467,-14.694085870568822,10301.353623168194,145.3328473975609,70.88111055161973,45.96261428213877,0.0153171979325765,6.2786552804884215,352.1809355185953,250,15.417626376593413,46.55556178364482,0.011755115105821,0.1785,0.0203000009059906,15.394941631522258,14.048939560367558,1.3460020711547003,0.019308010867430826,5602.240896358544,0.30713066260861765,0.24723139368983674
442,893.2693267783967,1165.703163290361,276.5519462598087,-14.98223579960102,10108.47396531637,155.8612724875896,64.85558473880197,45.98313602945481,0.0167402700071632,6.2786552804884215,352.1809355185953,250,15.43894877833495,46.578629873198906,0.0125044765702304,0.5417,0.024700000882148743,15.415463378838297,14.072007649921645,1.343455728916652,0.020894941354504176,1846.0402436773122,2.740801827857659,0.0997995313613721
666,724.2291391557125,1840.181676314968,276.4519966798891,-15.00927129304969,10098.100411468911,149.0160094170535,67.76520489961047,45.98425080960148,0.0160214966015138,6.2786552804884215,352.1809355185953,250,15.440107051545052,46.884548039046535,0.0152364358820013,0.9342,0.02449999935925007,15.416578158984962,14.377925815769274,1.0386523432156878,0.02210966602503654,1070.434596446157,4.230125130528094,0.05895128742466029
621,1313.5485470372498,1665.6383781734714,276.4756035998727,-14.923666878891042,10057.037767335016,145.37019518468992,69.18225400026292,45.98867481907121,0.0156933308359087,6.2786552804884215,352.1809355185953,250,15.444703663410955,46.764766094226445,0.0142740235604742,1.2606,0.024900000542402267,15.421002168454692,14.258143870949183,1.1628582975055082,0.021213872379418505,793.2730445819451,4.761030384897165,0.04520477876662032
250,2755.465103230127,682.5349397121499,276.61615252279177,-14.71177364439101,10022.733096508831,146.1829098982188,68.56296063258867,45.9923846083509,0.0158350804863574,6.2786552804884215,352.1809355185953,250,15.448558189839918,46.8025042987428,0.0141395636407755,1.1411,0.02459999918937683,15.424711957734388,14.295882075465535,1.1288298822688532,0.021229155281380307,876.3473841030584,4.582500602311958,0.04890170193213544
512,1191.779084402773,1326.408834635192,276.5267211357687,-14.93986231241446,9895.58074940255,147.01704832820573,67.30906967545239,46.00624680403559,0.0161300699182885,6.2786552804884215,352.1809355185953,250,15.46296121804491,46.76260679186936,0.0136396450620701,0.4066,0.022099999710917473,15.438574153419076,14.255984568592098,1.182589584826978,0.021123898148498275,2459.4195769798325,2.301821440102195,0.1188119275967215
195,1110.9959691068311,507.57110436086055,276.6492218983778,-14.948169867031307,9753.00231174071,149.1714058558671,65.38117848915554,46.02200420379003,0.0166056963959448,6.2786552804884215,352.1809355185953,250,15.479333391563664,46.937417775705136,0.015058587322031,0.3394,0.02590000070631504,15.454331553173517,14.430795552427874,1.0235360007456435,0.02241673939112303,2946.3759575721865,2.08435474233616,0.16639034761502636
172,2566.74642091322,436.2733680486412,276.65366387638164,-14.73796298047506,9714.1490335298,146.74449297378493,66.19770757097629,46.0263381164505,0.016400870057863,6.2786552804884215,352.1809355185953,250,15.48383639150008,46.79753222495756,0.014284295739981,1.1119,0.024299999698996544,15.458665465833988,14.290910001680295,1.167755464153693,0.021749244663715254,899.3614533681085,4.521238652833734,0.04955957693764118
638,1038.694190330083,1724.6432451833932,276.46793888516305,-14.963508076996904,9647.25935992904,145.0130395127826,66.52684056786946,46.033840135706356,0.0163197288602994,6.2786552804884215,352.1809355185953,250,15.49163110147202,46.87254052687429,0.0149362290674402,0.7817,0.025599999353289604,15.46616748508984,14.365918303597027,1.1002491814928135,0.02212294032963825,1279.263144428809,3.831118863382617,0.07266546514299743
284,347.57343345834704,768.3757785864126,276.6135283183057,-15.05926269580408,9587.061212304803,149.62023807266323,64.07596549638451,46.04063627092651,0.0169439506933572,6.2786552804884215,352.1809355185953,250,15.498692387395792,46.90889842375921,0.0152666549600007,0.9269,0.02280000038444996,15.472963620309997,14.40227620048195,1.0706874198280474,0.02280719664418742,1078.8650339842486,4.23744061127546,0.05555305327921076
413,2176.696511004284,1094.7505789946724,276.5571458520948,-14.79694324317316,9568.17733679124,150.95544461883102,63.384115498127926,46.04277698182611,0.017128897223975,6.2786552804884215,352.1809355185953,250,15.500916617969867,46.6977162450394,0.0134454732714447,1.1418,0.02449999935925007,15.475104331209593,14.19109402176214,1.2840103094474529,0.021775671553424757,875.8101243650377,4.4790442151154615,0.04849520731984749
27,2403.262482230697,92.46259333774636,276.7056141426801,-14.760091275355348,9388.922254646835,154.73560134674017,60.67719498893869,46.06331066447668,0.0178930486189732,6.2786552804884215,352.1809355185953,250,15.522251420702112,46.93139440241148,0.0154970844769656,0.755,0.13079999387264252,15.495638013860166,14.424772179134216,1.07086583472595,0.023671096640568788,1324.5033112582782,3.8145069372801554,0.3765158507129068
282,931.8989485703736,760.1744314706291,276.6122923905718,-14.975023105920997,9309.23671105114,141.76645165117523,65.66600632677941,46.07256483796148,0.016533668799609,6.2786552804884215,352.1809355185953,250,15.53186664506824,46.827469047303325,0.0139206538412561,0.339,0.023099999874830246,15.504892187344964,14.320846824026063,1.1840453633189014,0.021613579234898653,2949.852507374631,1.9718453150414739,0.148620966726811
676,1956.211682859264,1871.5431618871207,276.4422246772153,-14.83185648807935,9100.504828949022,140.47845648921512,64.78220971660299,46.0971863105626,0.0167592307324729,6.2786552804884215,352.1809355185953,250,15.557448722567996,46.83952523211814,0.0145197931887278,1.1121,0.02160000056028366,15.529513659946083,14.33290300884088,1.1966106511052033,0.022174223977124662,899.199712256092,4.56362221258701,0.044605268066910356
705,2529.520767226148,1995.752369785024,276.4213271821161,-14.749700987308918,9093.677535195571,158.2984031135039,57.446426219948535,46.098001146888656,0.0188993479915202,6.2786552804884215,352.1809355185953,250,15.558295349671926,46.81005778345908,0.014268305114858,0.5546,0.028999999165534973,15.53032849627214,14.303435560181818,1.226892936090323,0.02368058034245068,1803.1013342949875,3.0233348863910336,0.1144391281479392
276,3090.88828075876,745.3480634496293,276.6053650000828,-14.663651598014113,9001.805049626419,165.82906992038014,54.28363708455022,46.10902601350105,0.0200005021459588,6.2786552804884215,352.1809355185953,250,15.569750350624634,46.813194129804174,0.0149025647229216,0.4858,0.02539999969303608,15.541353362884536,14.306571906526912,1.2347814563576236,0.024942063294991653,2058.460271716756,2.738859458872472,0.1145090708847148
64,2725.800413246924,183.48455058134724,276.690662840821,-14.713951776313362,8982.688539087569,164.39516190109134,54.64083270584337,46.11133416805822,0.0198697557528967,6.2786552804884215,352.1809355185953,250,15.57214855765796,46.73877464433441,0.0134247099638649,0.7933,0.02370000071823597,15.543661517441706,14.232152421057151,1.3115090963845546,0.02397978380414771,1260.5571662674902,3.729339692488038,0.06624766388651815
249,889.773298995653,681.9951262054348,276.6241346314539,-14.980774454655617,8977.726861911302,146.60603172856037,61.237090698515566,46.11193405091877,0.0177294510176055,6.2786552804884215,352.1809355185953,250,15.572771844903112,46.92909010163699,0.0154682824133776,0.3388,0.02449999935925007,15.544261400302254,14.422467878359726,1.1217935219425286,0.02352873124938273,2951.59386068477,2.0721848866530728,0.15778798367245997
459,959.2748948088076,1203.1438797500937,276.5460836840578,-14.972874453565618,8915.092086576013,142.59222381852857,62.52158671655121,46.11953543795907,0.0173652022768095,6.2786552804884215,352.1809355185953,250,15.580669799486136,46.9223591050091,0.0159209844969847,0.6785,0.02810000069439411,15.551862787342557,14.415736881731839,1.1361259056107187,0.02355903218444546,1473.8393515106854,3.573486141710619,0.09132969722318621
224,2735.462046393413,597.0910421442171,276.6289734461058,-14.71430183057164,8835.827675551205,141.95082614659046,62.24569391675523,46.129231928502506,0.0174421704006058,6.2786552804884215,352.1809355185953,250,15.59074459787762,46.72955493091552,0.0135167846843761,0.312,0.026100000366568565,15.56155927788599,14.222932707638257,1.3386265702477331,0.02206655334408963,3205.128205128205,1.6937056777304704,0.18215422135026724
608,251.43848348779625,1633.4192321018334,276.4848104373608,-15.076570342742173,8799.143328441045,148.2981547906594,59.334138990886906,46.133749041827755,0.0182980661464852,6.2786552804884215,352.1809355185953,250,15.595437946038956,46.97542282102249,0.0159614416763351,0.6737,0.02669999934732914,15.56607639121124,14.46880059774523,1.097275793466011,0.024281409454316994,1484.34021077631,3.6111333345086223,0.08752720719360389
559,1654.5922292740238,1453.100348508372,276.5058905348794,-14.873664646824178,8763.751750543714,140.6479052184839,62.30986332096458,46.138124854506344,0.0174242076957775,6.2786552804884215,352.1809355185953,250,15.599984480719534,46.83706845786753,0.0145429943990858,0.3035,0.021400000900030136,15.570452203889829,14.33044623459027,1.2400059692995598,0.02269585204211185,3294.8929159802306,1.7412397116466494,0.1538011798502032
270,1813.141907799452,722.9035076722749,276.6141302641337,-14.847834763934795,8694.203772070527,147.43989533608928,58.96778312445276,46.14677548459403,0.0184117486273582,6.2786552804884215,352.1809355185953,250,15.608972614488383,47.06241486276838,0.0175019746883427,0.8602,0.026799999177455902,15.579102833977515,14.555792639491116,1.023310194486399,0.025402984185099495,1162.5203441060219,4.22878983058148,0.06988062890293198
484,2888.090158435172,1263.0232686092784,276.5290660510576,-14.695043452555057,8652.622629401681,143.99384664823535,60.09022490064661,46.15198061404579,0.0180678305297592,6.2786552804884215,352.1809355185953,250,15.614380821673564,46.928148330657734,0.016187767581728,0.6087,0.023099999874830246,15.584307963429275,14.421526107380473,1.1627818560488024,0.024258819413403916,1642.845408247084,3.343542616145516,0.08398168057331035
82,2835.5302900490374,233.95014315000947,276.682670809157,-14.69833637988173,8456.323211076611,140.42104150071444,60.22119705637981,46.17689608696511,0.0180285356829349,6.2786552804884215,352.1809355185953,250,15.640268369891782,47.06992129599117,0.0179951285635656,1.4039,0.02419999986886978,15.609223436348593,14.56329907271391,1.0459243636346827,0.025472588225190457,712.3014459719353,5.299979942897599,0.04153212978102646
377,621.8718404043593,1013.4835028204866,276.57579700441147,-15.020731141066207,8421.651098554896,143.08585158498556,58.85732939537262,46.181356909114065,0.0184463007607232,6.2786552804884215,352.1809355185953,250,15.644903230680818,46.84717819417985,0.0149936341683029,1.4432,0.02250000089406967,15.61368425849755,14.340555970902585,1.2731282875949645,0.02377130785901267,692.9046563192904,5.137188571891919,0.03702572323442304
556,2456.993538416071,1444.8452236723467,276.5037691870273,-14.757950967966591,8337.034815574152,147.61930896142565,56.4765874751026,46.192320983878446,0.0192238952199196,6.2786552804884215,352.1809355185953,250,15.656295067996131,46.79318992087341,0.0137745870482853,0.7844,0.03660000115633011,15.62464833326193,14.286567697596148,1.3380806356657828,0.02364946924937718,1274.8597654258033,3.7592556225748783,0.10225266189572352
615,707.7595127704279,1650.591929673466,276.48035942492885,-15.01089890818816,8315.729920887243,141.6526689163237,58.70507053982488,46.195099082108555,0.0184941435214437,6.2786552804884215,352.1809355185953,250,15.6591815535194,46.748763130829246,0.0139760032724521,2.7487,0.026499999687075615,15.62742643149204,14.242140907551985,1.3852855239400554,0.02318107012334309,363.8083457634518,6.437777619766216,0.02517146487122072
525,1362.921618066117,1357.211449871432,276.52141141650264,-14.91532008392716,8164.610423531529,135.5120205129183,60.25008255819785,46.21501135394233,0.0180198923205006,6.2786552804884215,352.1809355185953,250,15.67987070113865,47.06127942989292,0.0170332568392653,0.6583,0.07000000029802322,15.647338703325815,14.554657206615659,1.0926814967101564,0.02479613594483654,1519.0642564180464,3.646776482076053,0.2315298334317218
327,925.4432363967296,877.5158700910815,276.5948117809189,-14.976432304452103,8061.525035136146,148.08100387448098,54.43996747867402,46.22880700411095,0.0199430684896221,6.2786552804884215,352.1809355185953,250,15.694204587559277,47.09690654225511,0.0181204725046398,0.557,0.024399999529123306,15.661134353494433,14.59028431897785,1.0708500345165817,0.026945825364482066,1795.3321364452422,3.3195602948464966,0.09683428277170536
93,485.2171825622007,250.363693066166,276.6902532555053,-15.037300138561246,7952.637428534537,145.5322722296723,54.64518148925795,46.24357206459767,0.0198681744741469,6.2786552804884215,352.1809355185953,250,15.709545705768535,46.928950717664115,0.015328360479023,1.0117,0.02319999970495701,15.675899413981156,14.422328494386853,1.2535709195943028,0.02509388355575949,988.4353069091627,4.447587244356832,0.05210139696034379
570,316.0187317604049,1496.892311585635,276.50492273692856,-15.066729290002089,7942.075033287372,147.7030393377439,53.77055928501712,46.24501505724625,0.0201913466111654,6.2786552804884215,352.1809355185953,250,15.711044996666594,46.983008093930565,0.0166366780597249,0.521,0.02410000003874302,15.677342406629734,14.476385870653303,1.200956535976431,0.02616236867783864,1919.3857965451054,3.0605744871509266,0.10181465472717086
98,254.24294387073147,271.21986477172743,276.6881213519441,-15.07067251239209,7937.895560745237,142.48594017183925,55.71002690631839,46.24558657023914,0.0194884127739824,6.2786552804884215,352.1809355185953,250,15.71163880719584,46.13821132422317,0.0092599651041722,,,15.677913919622625,13.63158910094591,2.046324818676716,0.021576496151590675,,,
665,1276.275733959905,1837.124911983214,276.45017292395937,-14.929716175464588,7837.345793025801,139.65104658657225,56.12092415052032,46.259427499729675,0.019345725617206,6.2786552804884215,352.1809355185953,250,15.72601973950772,47.18510632019559,0.0188733358531324,0.7624,0.026599999517202377,15.69175484911316,14.678484096918325,1.0132707521948348,0.02702702177231804,1311.647429171039,4.089398535069675,0.07807769481803933
146,160.61612629725636,374.0600046211219,276.67316930573674,-15.084588447654175,7797.842839557823,168.7632334747753,46.20581556185549,46.26491382663552,0.0234970422402041,6.2786552804884215,352.1809355185953,250,15.731720115044482,47.07051384376815,0.0180591174296523,,,15.697241176019006,14.563891620490885,1.1333495555281203,0.029635160137510767,,,
162,207.6148515895327,407.19151955885616,276.66802543545856,-15.077952567934318,7701.925731730676,143.32643876340558,53.73695040622993,46.27835170546963,0.0202039749519193,6.2786552804884215,352.1809355185953,250,15.745682271708931,47.16707990522309,0.018647945546757,,,15.710679054853117,14.660457681945829,1.0502213729072878,0.02749448084566422,,,
341,1367.6273186731376,915.0344687226236,276.58735405321994,-14.912851259985125,7678.484872837347,135.3576582728966,56.727376720396855,46.281661189140905,0.0191389072220155,6.2786552804884215,352.1809355185953,250,15.749120874636317,47.149603249492245,0.0181073771507641,0.5135,0.024000000208616257,15.71398853852439,14.642981026214983,1.0710075123094072,0.026347198654371795,1947.4196689386565,3.195683265881467,0.103093091270736
281,1309.2373053771576,758.0549366966557,276.6110170614354,-14.920625474284876,7665.379586080875,143.3555194009599,53.47111585317549,46.28351585721404,0.0203044201093761,6.2786552804884215,352.1809355185953,250,15.7510479024446,47.210067247025876,0.0196577407869655,0.5637,0.02669999934732914,15.715843206597526,14.703445023748614,1.0123981828489121,0.028261214567416655,1773.9932588256165,3.4586851978495545,0.10471482248957124
237,224.34253126517547,634.2966501373648,276.6340585884716,-15.076472802019763,7647.605225069274,140.69005358866443,54.35782438059609,46.28603636855414,0.0199732055572768,6.2786552804884215,352.1809355185953,250,15.753666751344753,46.31799918061206,0.0103130439832524,0.2256,0.018200000748038292,15.718363717937628,13.8113769573348,1.9069867606028268,0.022478607973665347,4432.624113475177,0.5780724338913252,0.17548415496635913
506,2517.2514643677096,1315.4509706755753,276.5228084133287,-14.748736985525358,7626.2033600194845,140.7167745759054,54.19541048324527,46.289079066753764,0.0200330616618477,6.2786552804884215,352.1809355185953,250,15.756828160185409,47.06018543529777,0.0174971003135705,0.5964,0.023800000548362732,15.721406416137249,14.553563212020507,1.1678432041167426,0.026598347296975824,1676.7270288397049,3.431251385925293,0.08840383635164942
479,927.4333357533426,1252.4936283096758,276.5388531271412,-14.977661419981567,7352.123291470809,139.72164983731852,52.61978583870913,46.32881806832321,0.0206329231997998,6.2786552804884215,352.1809355185953,250,15.79811757590728,46.5928255487601,0.0128252611432147,0.3085,0.016499999910593033,15.761145417706693,14.086203325482842,1.6749420922238514,0.02429413186677988,3241.491085899514,1.532479167329143,0.11684633350003766
540,2946.32190533344,1389.1254423557791,276.51002493776497,-14.687159904713326,7351.512219223543,133.66856710535555,54.99806258437103,46.32890831311504,0.0197406953805774,6.2786552804884215,352.1809355185953,250,15.798211341592872,46.47886470256593,0.011315613422337,0.3936,0.015599999576807022,15.761235662498528,13.972242479288667,1.7889931832098611,0.022753860358904445,2540.650406504065,1.9475179280851869,0.08680514479928973
516,2951.195173836732,1335.3960151984295,276.5180131429252,-14.68623791662104,7259.194924605923,134.63393167563166,53.9180192857713,46.34262887598658,0.0201361254434379,6.2786552804884215,352.1809355185953,250,15.81246721119118,47.20161757805478,0.018829809579557,0.8024,0.024800000712275505,15.774956225370062,14.694995354777518,1.0799608705925436,0.027568555941076125,1246.261216350947,4.216949954839325,0.0697057493485894
360,2429.14429310388,975.9487536641656,276.5737951067123,-14.760053160082842,7252.107310537423,145.57201622949978,49.81800416299931,46.343689467198416,0.0217933258917339,6.2786552804884215,352.1809355185953,250,15.81356918128924,47.025317264471795,0.0163316544474194,1.7465,0.026499999687075615,15.776016816581901,14.518695041194533,1.2573217753873678,0.02723365547283789,572.573718866304,5.729537991062861,0.03677371785567499
296,1786.3862167930786,798.9668540701368,276.60289984043226,-14.852006038888875,7242.851949080592,133.86944723294775,54.103845939374224,46.34507600195267,0.0200669653173376,6.2786552804884215,352.1809355185953,250,15.815009811592478,46.70757509508777,0.0134370190312043,0.5505,0.01889999955892563,15.777403351336154,14.200952871810507,1.576450479525647,0.024150291457706603,1816.5304268846503,2.9047394883493602,0.07575315881442532
31,2468.4153721714206,99.60227769834673,276.70427023907416,-14.750723693210697,7228.893159165775,152.54872471083303,47.38743750803985,46.34717050654376,0.0229111354631867,6.2786552804884215,352.1809355185953,250,15.8171860331224,47.15688763498311,0.0179271526008919,0.3932,0.02669999934732914,15.779497855927247,14.650265411705846,1.129232444221401,0.029091286128120158,2543.23499491353,2.623332957506335,0.14853825851983732
588,1455.578407158057,1553.382699906108,276.49176047001947,-14.902750843419533,7113.268183582666,136.5379377181545,52.09737529701143,46.36467706486782,0.0208398214652913,6.2786552804884215,352.1809355185953,250,15.83537560850058,46.73134965472889,0.0134889382132563,0.6347,0.018799999728798866,15.797004414251305,14.224727431451626,1.5722769827996785,0.024824375376356643,1575.5475027572081,3.2375699230214074,0.06571886029274994
639,2212.2486266950173,1730.567894666218,276.4621862041083,-14.794386639596729,7095.406932994549,132.8505336753805,53.40894565265455,46.36740675169386,0.0203280552861098,6.2786552804884215,352.1809355185953,250,15.838211793852498,47.2188058223024,0.0188905408571227,0.6794,0.028200000524520874,15.799734101077348,14.712183599025138,1.0875505020522098,0.02775035793624577,1471.8869590815425,3.872811311695184,0.09209010865618386
59,799.086431759296,168.5257890674147,276.70112929791327,-14.991721502559113,7093.970626395603,138.5705367147932,51.19393194670568,46.3676265569777,0.0212075915780457,6.2786552804884215,352.1809355185953,250,15.83844017482292,46.97287768718812,0.0163106766864434,0.4554,0.024800000712275505,15.799953906361182,14.466255463910855,1.333698442450327,0.026754441024078285,2195.871761089152,2.758220595306476,0.11937278873081211
616,2034.3642731102768,1651.097985882687,276.4747773965265,-14.819713264962392,7085.272646121215,135.88068734443289,52.14333828148319,46.36895860454825,0.0208214517094995,6.2786552804884215,352.1809355185953,250,15.839824192129086,47.21220295237897,0.0186687216582004,0.6717,0.029200000688433647,15.801285953931732,14.705580729101712,1.09570522483002,0.027965228760773266,1488.7598630340926,3.8414574705951736,0.09622610878710816
550,1191.3780382691357,1416.2755072299,276.513315101418,-14.940280185766133,7049.278362638346,142.48604941711733,49.47346348274495,46.374488370749525,0.0219450979084709,6.2786552804884215,352.1809355185953,250,15.845569701742114,47.210464672729444,0.0189678374729076,0.9099,0.029200000688433647,15.80681572013301,14.703842449452182,1.1029732706808275,0.02900631277172284,1099.0218705352236,4.498810774603811,0.07222099545622354
267,852.3485996810812,717.8465529552137,276.6189432737761,-14.98631514708187,6986.744172910112,136.0176729697045,51.36644393604853,46.38416291820558,0.0211363667952506,6.2786552804884215,352.1809355185953,250,15.855621700938322,47.05937762196651,0.0175818107219541,0.6757,0.02250000089406967,15.816490267589067,14.55275539868925,1.2637348688998173,0.027493018560463534,1479.946721918011,3.701524993314125,0.07441427720713144
548,591.1560478393235,1412.142193105271,276.5164299502838,-15.026754522772537,6977.180587487208,150.43803732169502,46.37909874194438,46.38565011220621,0.0234092517847509,6.2786552804884215,352.1809355185953,250,15.857166917700845,47.084008230671714,0.0185740875485556,0.3925,0.02669999934732914,15.817977461589692,14.577386007394452,1.2405914541952399,0.029882934885704773,2547.7707006369424,2.5465843128008103,0.14887863928345813
7,529.3583793783132,34.81651687292185,276.7222294985268,-15.030040241284752,6889.974939020525,144.58118307947575,47.6547140663051,46.399305916063746,0.022782635910676,6.2786552804884215,352.1809355185953,250,15.871355501717098,46.78464939394376,0.0149359637177134,0.5067,0.017799999564886093,15.83163326544723,14.278027170666498,1.5536060947807329,0.027242090801098115,1973.5543714229325,2.801781692119853,0.07773070325944334
157,1646.2051664473988,390.4869460608006,276.6644132384142,-14.870524267675442,6818.238446004078,132.72938407573773,51.36947250590322,46.41066955864525,0.0211351206667585,6.2786552804884215,352.1809355185953,250,15.883162495957826,46.92378859092604,0.0147906873164619,0.6399,0.04039999842643738,15.842996908028738,14.417166367648775,1.4258305403799625,0.02579646791504196,1562.744178777934,3.447726918494233,0.13789115700066293
78,1042.6383125122752,217.9913748552038,276.69271212866244,-14.956820430117588,6666.264608637022,135.0683237291083,49.35475931430686,46.43514365063774,0.0219978785244583,6.2786552804884215,352.1809355185953,250,15.908591442805609,46.733625752166304,0.0132959363845744,0.5155,0.017799999564886093,15.867471000021226,14.227003528889043,1.6404674711321832,0.02570386321002104,1939.8642095053349,2.788146876986719,0.07614977048192897
175,1478.1119168897562,441.671094834756,276.6574942104163,-14.894973030975384,6652.51437374152,133.5108478040352,49.82751950991997,46.43738546772529,0.0217891641140966,6.2786552804884215,352.1809355185953,250,15.910920724217934,46.98807334283305,0.0165695239969319,0.5754,0.027300000190734863,15.869712817108777,14.481451119555786,1.3882616975529913,0.027373651533471693,1737.921445950643,3.281300407327322,0.10434998312165646
514,2701.8904533943805,1332.5232637774602,276.5194883420546,-14.722180470093887,6593.880901836936,131.40455075725706,50.18000414626262,46.44699727496789,0.0216361082162417,6.2786552804884215,352.1809355185953,250,15.920907535395983,47.01193421614409,0.0158630281964764,0.8553,0.023499999195337296,15.879324624351376,14.50531199286683,1.3740126314845469,0.02682828437129603,1169.18040453642,4.165904353012442,0.06173561653586
326,1680.1231236342662,874.5590543993042,276.5920745945593,-14.86763692343354,6552.656476906734,138.35039426514354,47.36275969224059,46.453806520031165,0.0229230730441974,6.2786552804884215,352.1809355185953,250,15.927982442642412,47.13348668400972,0.0175372651850252,0.6453,0.030700000002980232,15.88613386941465,14.626864460732456,1.2592694086821936,0.02886213692642155,1549.666821633349,3.6756727862680805,0.10478527871909843
347,1641.469255872851,934.7004046658632,276.5832675834719,-14.873455838523366,6473.077342272358,135.70544933583352,47.699465083773305,46.46707303135548,0.022761261538116,6.2786552804884215,352.1809355185953,250,15.941766545906589,47.15947302482553,0.0177927501331876,0.2397,0.025299999862909317,15.899400380738967,14.652850801548269,1.2465495791906989,0.028890430666720184,4171.881518564873,1.5511909717165366,0.22988547559200914
185,394.082280487664,478.1027672319587,276.6566535927504,-15.05137430612352,6468.404458221863,129.80160439061558,49.83300852550569,46.46785710225137,0.021786764077154,6.2786552804884215,352.1809355185953,250,15.94258120726942,46.96554564982564,0.0154799108487143,0.2507,0.025499999523162842,15.900184451634857,14.458923426548381,1.441261025086476,0.02672621800475538,3988.8312724371763,1.4546950963394636,0.22141353505134986
405,934.838945409279,1073.135742195333,276.5655844235065,-14.975871737828596,6467.537190322444,137.5020195888208,47.03594325132566,46.46800268487452,0.0230823477738888,6.2786552804884215,352.1809355185953,250,15.94273246978764,47.35995001947142,0.0210100213544422,0.9139,0.027300000190734863,15.900330034258005,14.853327796194158,1.0470022380638468,0.031212429832822478,1094.2116205274099,4.657821182827462,0.0681838810627532
640,960.5926869120836,1731.1226067530922,276.46729528195294,-14.974787450988597,6458.547488599317,136.63918214066885,47.26717027587518,46.469512878633395,0.0229694308684718,6.2786552804884215,352.1809355185953,250,15.944301583642249,47.40773191376806,0.0231103528627893,0.9827,0.03449999913573265,15.90184022801688,14.901109690490799,1.0007305375260813,0.032583479922564114,1017.6045588684237,4.86321447075092,0.07966059975865711
226,1736.7894994305957,604.4910263084242,276.6321128680662,-14.858353528997933,6425.6420552778,137.45353567239377,46.74773932765652,46.475058698624,0.0232246524776372,6.2786552804884215,352.1809355185953,250,15.950063773381984,46.71604222064701,0.014540255049854,0.2967,0.01769999973475933,15.907386048007481,14.20941999736975,1.6979660506377314,0.02740079377722157,3370.4078193461405,1.5710077289539583,0.13035530228573605
614,2173.490356580792,1646.802126067919,276.47483887205897,-14.799639290200629,6420.494193904917,133.42225209080812,48.1216145979539,46.47592887774407,0.0225615871177806,6.2786552804884215,352.1809355185953,250,15.95096790247486,47.073765897822526,0.0168973381481157,0.9538,0.023399999365210533,15.908256227127552,14.567143674545264,1.3411125525822882,0.02818767904182552,1048.437827636821,4.4644302650345065,0.05588923794915868
9,2288.288814086987,35.31607710933373,276.71462668771744,-14.776432198357217,6388.052512525552,144.7530798692133,44.13068459957645,46.48142882776103,0.0246019296970167,6.2786552804884215,352.1809355185953,250,15.956682432627389,47.30676952420366,0.0199162996522719,0.2973,0.027000000700354576,15.913756177144514,14.800147300926398,1.113608876218116,0.031653024131290175,3363.605785401951,2.1661218469510857,0.1982105270663094
607,157.26358301100643,1624.2451979420357,276.486569225083,-15.09009985568273,6308.760295364365,144.95921828207292,43.52093209476536,46.49498995549444,0.0249466164381756,6.2786552804884215,352.1809355185953,250,15.970772646737668,47.2026954522156,0.0200044052103412,,,15.927317304877924,14.696073228938339,1.2312440759395855,0.03197670870388288,,,
67,1677.4855583825392,200.1932006523917,276.6926589216856,-14.865216927995924,6288.802233658353,129.3308047086649,48.62571023063475,46.498430177878824,0.022327694440872,6.2786552804884215,352.1809355185953,250,15.974347089139204,47.30614553556217,0.0195638574226887,1.0316,0.0364999994635582,15.930757527262308,14.799523312284911,1.1312342149773968,0.029686199761846215,969.3679720822023,4.867079979614411,0.0792825928483445
669,2450.391574554088,1843.752789976948,276.4443191446104,-14.760505012235573,6275.095823257434,135.23161358528827,46.40258040920171,46.50079911653876,0.0233974057137715,6.2786552804884215,352.1809355185953,250,15.976808451762494,47.01642735822199,0.0162236189744596,0.653,0.021199999377131462,15.933126465922243,14.509805134944727,1.4233213309775152,0.0284718177635934,1531.3935681470136,3.5843710413200967,0.0723407082946116
214,2564.903297856421,570.4688809429477,276.63366774045454,-14.738791437916731,6215.792927570408,134.87628411370395,46.08514364415871,46.51110867672477,0.0235585682098142,6.2786552804884215,352.1809355185953,250,15.98752023866247,47.30639601779741,0.0193354013433671,0.9081,0.029899999499320984,15.943436026108252,14.79977379452015,1.1436622315881024,0.030477268270065652,1101.2003083360862,4.5904421729013265,0.07406600407173947
566,194.541912701234,1474.720650794319,276.5087359909771,-15.084141054444927,6152.793855762022,135.3529777696385,45.45739559741091,46.522169110038675,0.0238839024042511,6.2786552804884215,352.1809355185953,250,15.99901219394886,47.037870976468156,0.0169055055859568,0.7084,0.039000000804662704,15.95449645942216,14.531248753190894,1.4232477062312654,0.029261526159320674,1411.6318464144551,3.78264151578108,0.12073687513560932
534,1171.152967988681,1372.657284043593,276.5199071059803,-14.943020361525406,6079.764214781899,140.0789244441423,43.402419306883374,46.53513317966797,0.0250147346009307,6.2786552804884215,352.1809355185953,250,16.01248205577808,47.36561448624687,0.0226922528302912,1.4968,0.02669999934732914,15.967460529051458,14.858992262969608,1.1084682660818501,0.03377388466950254,668.0919294494923,5.734811135429375,0.04489238626496328
403,1174.050691496211,1067.5697608952548,276.565412105612,-14.941373546385188,6064.727613756724,135.52419410384246,44.75014704097601,46.53782177145139,0.0242613727951746,6.2786552804884215,352.1809355185953,250,16.015275542767377,46.62620055943182,0.0129100803283739,0.3232,0.01679999940097332,15.970149120834876,14.11957833615456,1.8505707846803148,0.02748243773742615,3094.0594059405944,1.6669350966673022,0.11360946761267568
324,591.076144752468,871.452485323427,276.5971218098735,-15.024593749893906,6026.70278314114,143.25747767760444,42.06902760569335,46.54465058657451,0.0258075848621009,6.2786552804884215,352.1809355185953,250,16.022370783598067,47.35608052397562,0.0218382317888646,0.3063,0.026100000366568565,15.976977935957997,14.849458300698359,1.1275196352596382,0.033807392742989155,3264.7730982696703,2.2801932847312223,0.1863166802740616
444,2098.7093853379606,1170.7538216365365,276.5461405333389,-14.808497998628184,5957.723617798736,129.64575414581148,45.953866033268895,46.557149141236906,0.0236258685877265,6.2786552804884215,352.1809355185953,250,16.035356968429014,47.1457222471807,0.0181886732210487,0.4569,0.02319999970495701,15.98947649062039,14.639100023903438,1.350376466716952,0.029816262342329494,2188.662727073758,2.9382058141819627,0.11175093612467767
141,1569.7095700583486,367.46438362605295,276.6681723613316,-14.881457563821122,5895.666474201571,130.54817827166383,45.16084829566141,46.56851775437575,0.0240407353044407,6.2786552804884215,352.1809355185953,250,16.04716912715299,47.367175296142534,0.0206563832579623,0.7619,0.031099999323487282,16.000845103759232,14.860553072865272,1.14029203089396,0.031696105806202864,1312.5082031762697,4.270042940730329,0.09101244130549686
325,1360.78324103255,874.5447337140946,276.593422763497,-14.913672381865634,5895.594800072868,133.9901880694687,44.0001979623779,46.5685309538452,0.0246748889840977,6.2786552804884215,352.1809355185953,250,16.047182841598747,47.175470083856304,0.018648969243454,0.6793,0.026200000196695328,16.000858303228682,14.668847860579042,1.33201044264964,0.030929503717661545,1472.103636095981,3.829155933532679,0.08580293165253382
91,1568.3812664433062,248.3032432131604,276.68594977590755,-14.881150647867504,5889.067675921309,131.66614780732667,44.72727252975504,46.569733658758196,0.024273780594999,6.2786552804884215,352.1809355185953,250,16.04843246995332,47.1167634319393,0.0177666853819176,1.036,0.02979999966919422,16.00206100814168,14.610141208662036,1.3919197994796448,0.030081082657281377,965.2509652509652,4.686939985708108,0.06493893688763965
246,2002.3702667003715,666.8371737478357,276.62168954715776,-14.820318134847977,5862.686547123711,125.1972081174095,46.82761409204672,46.574608334356256,0.0231850377400371,6.2786552804884215,352.1809355185953,250,16.053497330652604,47.51205723751668,0.0239943555350447,0.7504,0.03500000014901161,16.00693568373974,15.005435014239417,1.0015006695003237,0.033365776966063215,1332.6226012793177,4.381899141094458,0.10408479020144126
55,1761.067117375601,143.83512381194925,276.70070609155573,-14.85292739814379,5750.283628487843,128.2232672677417,44.84586729864506,46.5956268554998,0.024209588651055,6.2786552804884215,352.1809355185953,250,16.0753358878151,47.368046657112274,0.0209344401097302,0.3373,0.0284000001847744,16.027954204883287,14.861424433835012,1.1665297710482747,0.03200554585319818,2964.719833975689,2.501506139781018,0.1840283219667406
584,464.98091173286656,1533.556586786729,276.49883257366605,-15.045414322959866,5738.988581454207,135.5120506982064,42.35039283875413,46.59776162003938,0.025636125835567,6.2786552804884215,352.1809355185953,250,16.07755394003236,47.03666642070353,0.0177665061321411,0.4633,0.03290000185370445,16.030088969422863,14.530044197426271,1.500044771996592,0.031190698741779307,2158.428663932657,2.859355698442048,0.15522138711129566
602,1794.1941078678085,1608.737364737872,276.4820946388142,-14.854164974620163,5738.482943985669,129.4231873811705,44.33890912518624,46.59785728377598,0.0244863940367734,6.2786552804884215,352.1809355185953,250,16.077653336082435,46.95068087228731,0.0156256744565994,0.5167,0.019300000742077827,16.030184633159465,14.444058649010046,1.5861259841494189,0.029047292389270205,1935.3590090961873,3.0102509567383535,0.08260119122528528
273,1587.2171227306658,739.3829564255442,276.61262803073834,-14.880475428622006,5669.148347183276,130.80664551260702,43.339910789447536,46.61105546787785,0.0250508129856222,6.2786552804884215,352.1809355185953,250,16.091366446342736,47.55464281991296,0.0247839143154447,0.4389,0.02879999950528145,16.04338281726133,15.048020596635695,0.995362220625637,0.03523897898685378,2278.42333105491,3.25984850086056,0.14462830284942202
159,270.61224241806224,397.53410180562304,276.66920019063934,-15.06883505662413,5660.2386674315785,131.05328104299196,43.19036213656292,46.61276316201187,0.0251375525995161,6.2786552804884215,352.1809355185953,250,16.093140766034747,47.187885896667396,0.018560668733089,0.5006,0.02669999934732914,16.045090511395358,14.681263673390134,1.3638268380052239,0.031247319477243265,1997.6028765481421,3.178717899751156,0.11729545931411275
303,1569.681354711314,814.0581062182671,276.60156421837627,-14.883310573542596,5629.912363536219,131.9370208471235,42.671210304647126,46.618595935230616,0.0254433842454607,6.2786552804884215,352.1809355185953,250,16.099201104461194,47.497915113660525,0.0243125638178218,0.4363,0.03660000115633011,16.0509232846141,14.991292890383264,1.0596303942308367,0.035191853620657944,2292.0009168003667,3.1902189553173628,0.18377414419180627
323,1035.2258007736243,867.0460219412039,276.5959120909348,-14.960567209057542,5562.25310582621,127.62432555353288,43.58301665220621,46.631723153688284,0.0249110796681174,6.2786552804884215,352.1809355185953,250,16.11284048035803,47.52580788732796,0.0254910111359611,0.5551,0.028300000354647636,16.06405050307177,15.019185664050696,1.0448648390210735,0.035642019288544595,1801.4772113132767,3.741041800709997,0.11360245635374032
531,2473.344205324536,1368.1780226221513,276.5151314063494,-14.755282598544428,5524.80285586603,129.48130165741438,42.66873120015216,46.639058057930704,0.0254448625366232,6.2786552804884215,352.1809355185953,250,16.12046155533688,47.429431400263894,0.02237318238923,1.3185,0.027899999171495438,16.07138540731419,14.922809176986632,1.1485762303275564,0.033882153410451976,758.4376185058779,5.523209847633897,0.05110667597486087
392,1424.5542373752112,1053.490497671481,276.56646116688256,-14.905209469062754,5443.272687277611,127.96993633071156,42.535558298713305,46.655199793266824,0.0255245268529328,6.2786552804884215,352.1809355185953,250,16.137233059261074,47.188303504824404,0.0181920484663902,0.5395,0.04470000043511391,16.08752714265031,14.681681281547142,1.4058458611031668,0.03134409192287404,1853.5681186283596,3.3416385266417876,0.18083364774984226
370,680.8479369072716,1003.1540323630056,276.5770913435116,-15.012190988756531,5383.541258183919,131.23715371980742,41.02147224007792,46.66717990735103,0.0264666268837438,6.2786552804884215,352.1809355185953,250,16.149680576593735,47.295332010814775,0.020948044464292,0.5406,0.031300000846385956,16.099507256734512,14.788709787537513,1.3107974691969986,0.033753561374783324,1849.7965223825381,3.4530899943510462,0.1274584931497932
641,663.3248270983764,1739.496585678299,276.4672748224554,-15.017650820166244,5365.547290558345,136.2683127454235,39.3748714022919,46.67081495422572,0.0275734233874045,6.2786552804884215,352.1809355185953,250,16.153457444548387,47.3943424866616,0.0222744252479431,0.4353,0.03799999877810478,16.103142303609204,14.887720263384338,1.2154220402248654,0.03544634956419731,2297.266253158741,3.0816635991713284,0.19086529926475834
220,1262.0750404448022,580.1027860268799,276.6377618923996,-14.926691380543147,5291.351976614882,127.45365937073586,41.51588901204832,46.68593339312052,0.0261514332424609,6.2786552804884215,352.1809355185953,250,16.169165728197694,47.71350420553691,0.0280277390945603,0.8134,0.035599999129772186,16.118260742504006,15.206881982259645,0.9113787602443608,0.038333426919434595,1229.4074256208507,4.7584028226024895,0.09908528652973142
80,942.7605083790578,231.0012573012007,276.69119656518745,-14.971272258022752,5262.950530047383,137.6250184330475,38.24123397017185,46.69177680214156,0.0283908202556132,6.2786552804884215,352.1809355185953,250,16.17523711738147,47.41992445641522,0.0214869765912779,0.3354,0.03310000151395798,16.124104151525046,14.913302233137955,1.2108019183870908,0.03560517992962065,2981.5146094215866,2.541117524488289,0.2153730875442936
113,1082.0623754385272,300.6673407383926,276.6802107437019,-14.951482067272655,5242.311258323287,128.8839184350304,40.67467316309058,46.69604301346196,0.0266922857780993,6.2786552804884215,352.1809355185953,250,16.179669774615128,47.321139436150474,0.0197680412350528,1.0695,0.10890000313520432,16.128370362845445,14.814517212873213,1.313853149972232,0.0332152611660735,935.0163627863489,4.960421157410945,0.2219883765212904
135,992.0709535995508,350.9204780926073,276.6730963617348,-14.964663378172895,5220.139217824792,133.6444068249929,39.05991535179287,46.700644807887635,0.0277957591618325,6.2786552804884215,352.1809355185953,250,16.184451107703644,47.09206654173905,0.0169734902088683,0.2555,0.23420000076293945,16.13297215727112,14.58544431846179,1.54752783880933,0.032568444808635605,3913.8943248532287,1.6223988408154462,1.9905179268516484
290,2324.854085399957,779.4472267467945,276.603532507861,-14.77428153519562,5169.450169523392,130.1183957122207,39.72881882863453,46.71123913833618,0.0273277694130056,6.2786552804884215,352.1809355185953,250,16.195458775156496,47.62050767133849,0.0245075891423614,0.7622,0.04410000145435333,16.143566487719667,15.113885448061225,1.029681039658442,0.03670734131834114,1311.9916032537392,4.524230170241967,0.12800681304540282
321,2473.067689389294,858.7066290205839,276.59108849577314,-14.753235146471454,5143.818640369631,126.36006227318612,40.70762983045127,46.716635901864024,0.0266706758541821,6.2786552804884215,352.1809355185953,250,16.201066093006805,47.32878926953815,0.0198230271966822,,,16.14896325124751,14.822167046260887,1.3267962049866213,0.033230668933370185,,,
543,973.830958804213,1398.055724649818,276.5169397933442,-14.971558119715642,5129.381771393295,127.8725586526676,40.11323324909702,46.71968746146007,0.0270658810587012,6.2786552804884215,352.1809355185953,250,16.2042367089706,47.40338433203108,0.0216592132520825,0.9957,0.03139999881386757,16.152014810843554,14.89676210875382,1.2552527020897344,0.034665305943882084,1004.3185698503565,4.887404644395151,0.07182236717892952
628,2169.2186616232325,1689.1486121657788,276.46854177081065,-14.800424566697782,5070.501534702111,127.60343084946793,39.73640442852759,46.73222272542712,0.0273225525966449,6.2786552804884215,352.1809355185953,250,16.21726103531695,47.522149619530765,0.0245662516790064,1.9837,0.026499999687075615,16.164550074810606,15.015527396253503,1.1490226785571025,0.036742653714078845,504.10848414578817,6.502907362874563,0.03801301886721622
488,766.1958026210899,1282.629387478851,276.53502907334985,-15.001016747620604,5036.162751810276,136.72240993619047,36.83494720551442,46.73960063018793,0.0294747266486502,6.2786552804884215,352.1809355185953,250,16.224926788476186,47.68897238441383,0.0301732954355703,0.443,0.06260000169277191,16.171927979571414,15.182350161136569,0.9895778184348458,0.04218041332721691,2257.3363431151242,3.414368792251917,0.30832909829331323
437,2456.00690064064,1155.5329930649898,276.5469078404601,-14.756916239422036,5023.563757733937,134.42000781323108,37.37214302735268,46.742320225228895,0.0290510501151988,6.2786552804884215,352.1809355185953,250,16.227752488312785,47.28820018753025,0.0195981118208368,0.6459,0.0284000001847744,16.17464757461238,14.781577964252989,1.3930696103593903,0.03504353720356744,1548.2272797646694,3.8324043869687365,0.09746950779074559
291,504.767676130296,780.3231913186812,276.61108419701395,-15.036660459594373,4953.215124724084,129.19436551486777,38.33925036114725,46.75763204573177,0.0283182375704518,6.2786552804884215,352.1809355185953,250,16.24366169833904,47.004101916599225,0.0161767835349866,0.4072,0.019899999722838402,16.189959395115253,14.497479693321964,1.6924797017932889,0.03261304807334576,2455.795677799607,2.5465185399654757,0.1073464760226274
439,353.85680656594263,1159.8048888304286,276.5550799484548,-15.059936838136773,4895.755834903481,127.45756668544264,38.41086851270197,46.77030064620065,0.028265437414959,6.2786552804884215,352.1809355185953,250,16.25682456330081,47.55910942554042,0.0272146182033617,0.3445,0.033799998462200165,16.202627995584137,15.052487202263158,1.150140793320979,0.0392373596998283,2902.757619738752,2.7384333334813817,0.21478125222725689
453,1467.48074219991,1195.2011516431553,276.54514219870214,-14.899596428690083,4893.403431569022,140.8031272976149,34.75351382804061,46.77082246619521,0.0312400065608333,6.2786552804884215,352.1809355185953,250,16.257366742063144,47.62582469935721,0.0275236411906237,0.3032,0.032999999821186066,16.203149815578698,15.119202476079948,1.0839473394987493,0.041635187453776465,3298.153034300791,2.52784846088003,0.23793826063009782
173,1833.853054362065,439.6454319813461,276.65628378629594,-14.843672502210849,4873.278054615686,130.36207332032805,37.38263691649779,46.775297042611136,0.0290428950323955,6.2786552804884215,352.1809355185953,250,16.262015893740834,47.5906635118412,0.0243185006858038,0.8865,0.03319999948143959,16.20762439199462,15.084041288563938,1.1235831034306827,0.03787979972845927,1128.0315848843768,4.82243498824862,0.08488125683374295
127,689.1325543287785,341.69066313749147,276.67575975953565,-15.00828981449638,4861.663368841633,136.10206420047643,35.720717370461564,46.777887811324945,0.0303941264320126,6.2786552804884215,352.1809355185953,250,16.264707741100835,47.505607760034366,0.0247027536121825,0.5921,0.02800000086426735,16.21021516070843,14.998985536757104,1.2112296239513256,0.03916668172808826,1688.9039013680124,3.860960842167106,0.10561692583902187
627,595.7705347572161,1688.4137659934988,276.4751780785882,-15.027182485585682,4846.307708005159,139.0605301406153,34.85034684611562,46.78132255802754,0.031153205010957,6.2786552804884215,352.1809355185953,250,16.268276494187273,47.37130295355766,0.0215415663287979,0.2852,0.029500000178813934,16.213649907411025,14.864680730280398,1.348969177130627,0.037875602468511516,3506.3113604488076,2.1404283361795358,0.22563945285497608
561,556.1585523796126,1459.543336981735,276.50950092678306,-15.031985153764714,4843.985091912211,131.73441449106932,36.77084010754532,46.78184302701279,0.0295261135406372,6.2786552804884215,352.1809355185953,250,16.268817269230766,47.32476304711717,0.0209330645484564,0.5603,0.03200000151991844,16.214170376396275,14.818140823839911,1.3960295525563637,0.03619370901419806,1784.758165268606,3.5602439361777556,0.1257719542456747
675,936.8121038476056,1871.603482169257,276.446430384484,-14.978766221862884,4814.121855687146,128.19944074962976,37.55181635377805,46.788557324186776,0.0289120502127394,6.2786552804884215,352.1809355185953,250,16.275793524203163,47.184147492322936,0.0185233923925276,-0.2388,0.3799999952316284,16.22088467357026,14.677525269045674,1.5433594045245869,0.03433690016922777,,,3.4554914626257958
192,785.3469619269346,500.8638000583571,276.65160181065994,-14.995080503985037,4797.414156451385,126.67808260288496,37.8709091413271,46.79233199083877,0.0286684429979848,6.2786552804884215,352.1809355185953,250,16.279715459190214,47.55136271318792,0.0245372816390562,1.0478,0.05310000106692314,16.224659340222253,15.044740489910659,1.1799188503115943,0.03773536556286514,954.380606986066,5.1461324604702945,0.11274745155469255
312,1416.1168849763608,834.4253268744377,276.5991740920431,-14.905531767048323,4792.210293951415,129.34164191344811,37.05079217378601,46.79351035241165,0.0293030171907673,6.2786552804884215,352.1809355185953,250,16.28093979445109,47.141529594510565,0.0183403750250851,0.4605,0.020899999886751175,16.225837701795136,14.634907371233304,1.5909303305618323,0.03456929522774754,2171.5526601520087,2.951055543897642,0.10024526461891432
232,1801.501343241061,622.3356867333365,276.62917729008774,-14.84909708601316,4771.610912106553,130.38801986175417,36.59547032898976,46.79818746394877,0.0296676061337553,6.2786552804884215,352.1809355185953,250,16.285799383142475,47.46047190555136,0.0213708128674587,0.3801,0.031199999153614044,16.230514813332256,14.953849682274097,1.2766651310581594,0.03656334908516414,2630.886608787161,2.8533390302896144,0.17951898459800728
174,308.6045212245073,441.9239136595327,276.662414467963,-15.063543070534102,4666.156205978652,133.13399971521807,35.04856923069878,46.82245183841883,0.0309770134368008,6.2786552804884215,352.1809355185953,250,16.31101043035448,47.64763859974941,0.0260964299053609,0.683,0.03060000017285347,16.254779187802313,15.141016376472152,1.1137628113301616,0.04050430860129762,1464.1288433382138,4.313119894879815,0.10072633232680354
216,291.17487057618854,574.9734737150463,276.6426309242368,-15.066600480882514,4659.033509056346,131.42033651690318,35.45138927914025,46.82411043661667,0.030625033942995,6.2786552804884215,352.1809355185953,250,16.31273373863606,47.666195412594256,0.0254632579938069,0.9532,0.031099999323487282,16.256437786000156,15.159573189316994,1.0968645966831616,0.0398280078797417,1049.097775912715,5.055493357689086,0.07528537374277244
211,1114.882956925417,563.9327928243018,276.64079726466366,-14.947842369188244,4623.432726328232,130.43260039097555,35.44691060723589,46.83243866475499,0.0306289033769383,6.2786552804884215,352.1809355185953,250,16.321386891967776,47.638332907336135,0.0248350586366931,0.7545,0.03150000050663948,16.264766014138473,15.131710684058874,1.1330553300795998,0.039432345346958594,1325.3810470510273,4.520006904616917,0.09399805379244994
316,1735.7181540030872,845.630218078259,276.5961545526948,-14.859503020395833,4576.703504198144,127.62664371941848,35.86009449766479,46.8434680763457,0.0302759938368456,6.2786552804884215,352.1809355185953,250,16.33284661522078,47.53946211501367,0.0232701375371994,1.1091,0.031599998474121094,16.275795425729186,15.032839891736408,1.2429555339927774,0.038185535269377714,901.631953836444,5.257693418200255,0.06610014919937865
149,1061.5438172072086,376.8183908731631,276.6689376782832,-14.954756548767852,4553.9675208820845,132.1514090663633,34.46022674336518,46.8488751994781,0.0315058867164603,6.2786552804884215,352.1809355185953,250,16.33846469685484,47.56385023392814,0.0241833722038401,0.5045,0.03009999915957451,16.281202548861586,15.057228010650881,1.2239745382107046,0.039717205200516005,1982.1605550049555,3.57153386351553,0.1317943654801718
644,594.4169331970504,1742.2262191756854,276.4671521320949,-15.027589000750552,4509.415116420307,132.21699675941414,34.106168094452855,46.85954948083415,0.0318329516524192,6.2786552804884215,352.1809355185953,250,16.349555434493823,47.78577162765957,0.0296060813849841,0.935,0.032999999821186066,16.291876830217632,15.27914940438231,1.0127274258353225,0.04347248400861815,1069.51871657754,5.133207458744899,0.0821598482198045
684,260.9648487194711,1919.283474483044,276.4420976598377,-15.076315109160584,4506.876716595463,141.8689570029566,31.76788503845516,46.860160825878395,0.0341760239526728,6.2786552804884215,352.1809355185953,250,16.350190631118917,47.4916055954043,0.0230101540004844,,,16.29248817526188,14.98498337212704,1.3075048031348402,0.04120033738138164,,,
384,764.4706093186464,1031.5841809806657,276.5724984144815,-15.000255582030334,4491.751074661559,132.23652622832446,33.96755195237007,46.86381082072546,0.0319628568323789,6.2786552804884215,352.1809355185953,250,16.35398303023996,47.319345201872906,0.0220344126090604,0.3124,0.035100001841783524,16.296138170108946,14.812722978595644,1.483415191513302,0.03882189531583267,3201.024327784891,2.2862781046219602,0.24497084480403947
504,2436.8192677002044,1311.6655210170452,276.52371025151825,-14.760319782742704,4449.805108034809,122.85198836221994,36.22086355586602,46.873997546114595,0.029974437200412,6.2786552804884215,352.1809355185953,250,16.36456718995272,46.800107351191244,0.013791495345867,0.3479,0.025200000032782555,16.30632489549808,14.293485127913982,2.012839767584097,0.03299503340438548,2874.3891922966372,2.0007572716519277,0.15789322813714843
138,1340.056193393177,360.894505125296,276.67012934940163,-14.914540328526948,4376.399826428329,128.033640328447,34.18164019394803,46.89205754133778,0.0317626653911191,6.2786552804884215,352.1809355185953,250,16.38333179452896,47.77934540142188,0.0297802759111571,0.3629,0.033799998462200165,16.324384890721262,15.272723178144616,1.0516617125766459,0.0435400016776853,2755.580049600441,3.0716580191473994,0.20442866535000226
304,614.6659026024688,817.5147180209345,276.60507182241435,-15.020975230145847,4356.936036963161,133.3385208460225,32.67574898325512,46.89689706113256,0.0332264763251906,6.2786552804884215,352.1809355185953,250,16.388360127823944,47.65245073698439,0.0285872249123085,1.1096,0.03720000013709068,16.329224410516048,15.14582851370713,1.1833958968089178,0.043831816722277935,901.2256669069935,5.371660754033272,0.07821160725925866
446,1502.0947985650512,1174.372162559118,276.5481041918745,-14.894522734683678,4338.53134261581,128.29053839486593,33.8180149284449,46.90149317355724,0.0321041906894067,6.2786552804884215,352.1809355185953,250,16.39313555722861,47.388518019763225,0.0217920028305586,0.3843,0.03139999881386757,16.333820522940727,14.881895796485964,1.451924726454763,0.03880168098406127,2602.1337496747333,2.8052477188077063,0.17875777087378691
501,1663.08977852976,1306.6175310267834,276.52770420301226,-14.871850271091931,4336.769051576557,125.86771099160492,34.45497671651318,46.90193428409497,0.0315106873800224,6.2786552804884215,352.1809355185953,250,16.39359387766074,47.66565472587297,0.0272841656324794,0.5015,0.03550000116229057,16.334261633478455,15.159032502595707,1.175229130882748,0.04168152004692335,1994.0179461615157,3.6603871893778894,0.15611610054504757
340,2943.48343110591,913.6211055898244,276.5809113395269,-14.685614900888668,4312.320939277735,122.7034495815682,35.144251885201335,46.908072333620595,0.030892676376963,6.2786552804884215,352.1809355185953,250,16.399971402726187,47.543654815152266,0.0235385918901669,0.9477,0.03280000016093254,16.34039968300408,15.037032591875004,1.3033670911290756,0.03883841863288976,1055.1862403714256,4.92038699499906,0.07875483331903159
605,1164.9904638254482,1619.6285939248648,276.4830845772721,-14.94489309773946,4289.228333409759,131.75117263813834,32.55552301754729,46.91390210630368,0.0333491800888842,6.2786552804884215,352.1809355185953,250,16.406028623551308,47.576283133893355,0.0281029293279212,0.4121,0.03020000085234642,16.346229455687165,15.069660910616093,1.276568545071072,0.04361126516636457,2426.5954865323947,3.1446739832390342,0.16159486516267438
689,1878.9747781820968,1922.3033383188624,276.43497360657835,-14.843190356577432,4289.057134407834,128.6334155603074,33.34325778201068,46.91394544292504,0.0325613054098677,6.2786552804884215,352.1809355185953,250,16.40607365094769,47.744232853368146,0.0288716819447398,1.1579,0.03150000050663948,16.346272792308525,15.237610630090884,1.108662162217641,0.043517957538387456,863.6324380343726,5.555965899744471,0.06575158108028767
221,1404.7468736339388,580.2262582359315,276.6371391939307,-14.906124522502845,4279.798411061143,126.56723761831536,33.81442537260384,46.916291738764926,0.0321075986960176,6.2786552804884215,352.1809355185953,250,16.408511487343002,47.12568726973301,0.0181000225615581,0.2556,0.019200000911951065,16.34861908814841,14.619065046455745,1.7295540416926656,0.03685795315469136,3912.3630672926447,1.65686929388756,0.16411646445653272
637,1485.254108133088,1716.6623160431222,276.4672792892092,-14.899123366013402,4231.023111310205,124.4533907629979,33.99684882324765,46.928736527669344,0.031935312759269,6.2786552804884215,352.1809355185953,250,16.42144180874898,47.76827778307188,0.0296897963215798,0.6309,0.031300000846385956,16.36106387705283,15.261655559794619,1.0994083172582094,0.04360445168385016,1585.0372483753367,4.261458196824535,0.1117466593791434
595,827.0674063360979,1581.5838954835235,276.490163427647,-14.993436006486371,4228.967458400206,128.01293056252334,33.03547102481743,46.92926416344254,0.0328646744338648,6.2786552804884215,352.1809355185953,250,16.421990030192113,47.500277126693135,0.0231973236126465,0.5432,0.03759999945759773,16.361591512826024,14.993654903415873,1.367936609410151,0.04022688961918102,1840.9425625920471,3.668453709778099,0.1520876115221929
539,857.4267517439603,1388.9291950709833,276.5187863385324,-14.988295579670888,4174.305152140383,130.28252807051504,32.04040644560607,46.943389536924904,0.0338853379354958,6.2786552804884215,352.1809355185953,250,16.436666504056735,47.6411117775632,0.0265277439840257,0.322,0.03280000016093254,16.37571688630839,15.134489554285935,1.2412273320224543,0.04303414142148955,3105.590062111801,2.6737689127650874,0.2227785215879723
70,830.6190667349051,206.71877485181545,276.6952967203768,-14.987335654848671,4170.704550082359,125.29192325118018,33.28789631332499,46.944326457167165,0.0326154584771822,6.2786552804884215,352.1809355185953,250,16.437639978171653,47.28357557568886,0.019209336922083,0.2417,0.06019999831914902,16.37665380655065,14.776953352411596,1.5997004541390538,0.03785190558826461,4137.360364087712,1.693336604449847,0.5411876734364911
308,414.9188547809796,827.7015485125747,276.6043910963174,-15.049799805230252,4098.061641680339,131.77455810133395,31.09903535801616,46.96340380511141,0.0349110506966302,6.2786552804884215,352.1809355185953,250,16.457461627408733,47.606596518756625,0.0266486939832608,0.4792,0.035100001841783524,16.395731154494896,15.099974295479363,1.2957568590155333,0.043919635150535624,2086.811352253756,3.502558342385637,0.16127099438855685
129,1525.7866878071595,343.855616287902,276.6718804229213,-14.88769182499126,4090.855399340653,126.86798438766316,32.244978266860954,46.9653147000903,0.0336703591801084,6.2786552804884215,352.1809355185953,250,16.459447075811262,47.85672266783364,0.0314779309136149,0.8802,0.035999998450279236,16.397642049473788,15.350100444556375,1.0475416049174129,0.04609287604304837,1136.1054305839582,5.0730072656910075,0.09422615825854076
473,2153.6087838682324,1238.6804682529516,276.5357809891213,-14.800858925229749,4075.461145757408,125.68334172435937,32.426422546079706,46.969408129035045,0.0334819543678357,6.2786552804884215,352.1809355185953,250,16.463700209577908,47.71184967375166,0.0308099371117666,0.6568,0.030899999663233757,16.40173547841853,15.205227450474396,1.1965080279441338,0.045500477943872686,1522.5334957369062,4.292393171031318,0.10670453749313005
119,1462.6418864027744,312.06880535645786,276.676890207624,-14.896663166119408,4068.7610066302,127.73847504413118,31.85227477644869,46.97119456981046,0.0340854776501789,6.2786552804884215,352.1809355185953,250,16.46555634820558,47.9240637139798,0.0322704302823281,0.8652,0.03720000013709068,16.403521919193942,15.417441490702537,0.9860804284914053,0.04693826218819188,1155.802126675913,5.103024044537808,0.09878395217784992
202,1647.8564986597694,530.2904722508945,276.6435561953535,-14.870868157450303,4053.1753722787535,127.75187423678784,31.72693470442713,46.9753615338129,0.0342201353554808,6.2786552804884215,352.1809355185953,250,16.469885885994657,47.66889994726423,0.0258863964238946,0.4491,0.030899999663233757,16.407688883196386,15.162277723986968,1.245411159209418,0.04290831135761987,2226.67557336896,3.423992999300541,0.15163255838202447
286,1544.4489353971046,770.8898323204882,276.60810943822446,-14.886770794896126,4027.944568286068,127.69884408314287,31.542529591446662,46.982141308543376,0.0344201943871492,6.2786552804884215,352.1809355185953,250,16.476930173125478,47.4244625980084,0.0233047137127907,0.3842,0.022099999710917473,16.41446865792686,14.917840374731135,1.4966282831957258,0.04156752894849864,2602.811035918792,2.840627177359508,0.12706314978971567
54,557.02816010305,145.15075559317654,276.7056478595906,-15.02651297375532,4005.9715689304,131.3865401472941,30.48996924981361,46.98808036491555,0.0356084321077705,6.2786552804884215,352.1809355185953,250,16.483100941334573,47.90115836826601,0.031858357499819,0.5324,0.03280000016093254,16.42040771429903,15.394536144988749,1.025871569310283,0.04777986374781719,1878.2870022539444,4.025726379001938,0.13752074237120296
546,337.98675857841874,1405.9463227398303,276.51840673382384,-15.063204418276342,4001.458421689575,127.60914523875354,31.35714461689204,46.98930425020242,0.0346236882619451,6.2786552804884215,352.1809355185953,250,16.48437257641372,47.31068370093382,0.0211577225406498,3.6036,0.029100000858306885,16.421631599585908,14.80406147765656,1.6175701219293472,0.04057645883967051,277.5002775002775,7.587744368889592,0.027479674018235402
75,1466.4847433767434,212.1171189232088,276.6917813908203,-14.895690737455777,3982.0354975861264,135.005707300972,29.495312288604683,46.99458720368651,0.0368092390199731,6.2786552804884215,352.1809355185953,250,16.489861643929984,47.776903888960334,0.0333833226327073,0.2504,0.040300000458955765,16.42691455306999,15.270281665683072,1.1566328873869196,0.04969271885527032,3993.6102236421725,2.2634532883750325,0.3510729892710365
434,314.6329698973291,1146.9107982567127,276.5571682134564,-15.065536310310836,3970.223874206451,127.83112479161358,31.05835046573039,46.99781253021865,0.0349567824343393,6.2786552804884215,352.1809355185953,250,16.49321280633379,47.70623785551801,0.0286363738210356,0.462,0.048500001430511475,16.430139879602137,15.19961563224075,1.2305242473613873,0.04518869929285225,2164.5021645021643,3.5228255100213772,0.22974923943640843
210,896.2943967200341,563.7374039134179,276.641751365991,-14.97934870280474,3945.435908331303,126.11660093250818,31.284033023080912,47.004612539492996,0.0347046047163735,6.2786552804884215,352.1809355185953,250,16.500278117457682,47.70033674332477,0.0313159564972135,0.3698,0.023600000888109207,16.43693988887648,15.193714520047507,1.2432253688289734,0.04674503952137705,2704.164413196322,3.0335490541632772,0.14207394446105143
104,448.94493368619806,282.42207514357244,276.6856233011431,-15.042660504705546,3936.6441742640745,126.04685053737713,31.23159489888824,47.00703461788804,0.0347628740547812,6.2786552804884215,352.1809355185953,250,16.502794693058835,47.61616217840018,0.0241980923172464,0.2524,0.027400000020861626,16.439361967271523,15.10953995512292,1.329822012148604,0.04235569718872019,3961.9651347068143,2.1199867079834043,0.2369690961767765
406,1027.9259052390871,1073.74579460546,276.56510331861324,-14.962458761627234,3926.6538097184384,127.90470865753956,30.699837800591983,47.00979348734569,0.0353650076932675,6.2786552804884215,352.1809355185953,250,16.505661199600542,47.85252587143204,0.0353244867765306,0.3409,0.02850000001490116,16.442120836729174,15.345903648154781,1.0962171885743928,0.049985029110426196,2933.4115576415375,3.0090386542992356,0.18494476802258103
593,1402.292494405072,1565.8121884453367,276.4901278474358,-14.910480261944455,3917.3483842920978,123.64587102943656,31.68199917779292,47.01236952997692,0.0342686707965388,6.2786552804884215,352.1809355185953,250,16.508337746340953,47.809084443524085,0.0308666761960869,0.5779,0.031199999153614044,16.444696879360407,15.302462220246824,1.1422346591135835,0.04612042386574119,1730.4031839418585,4.111725692578741,0.12123006347927401
241,713.1604760880236,656.4383953662287,276.62869322901463,-15.00612355029761,3876.261544643552,128.3322671313406,30.204886357040856,47.023817339921024,0.0359445153067732,6.2786552804884215,352.1809355185953,250,16.52023219172759,47.78108527347475,0.0312159324802958,0.7305,0.03620000183582306,16.45614468930451,15.27446305019749,1.181681639107019,0.04760716985132848,1368.9253935660506,4.592564151549066,0.11204381416484517
515,664.7226196315795,1336.086885471696,276.52747438207604,-15.015851828392876,3875.486629872176,125.97526124854792,30.763870552535547,47.02403441431682,0.0352913980100763,6.2786552804884215,352.1809355185953,250,16.520457735264586,47.80466584622776,0.0302270951163187,0.7247,0.03689999878406525,16.456361763700308,15.298043622950502,1.158318140749806,0.04646676288140369,1379.8813302056024,4.598834929541894,0.11462357140685767
183,1699.0848618854684,472.3836413296603,276.6519746650633,-14.863241167648384,3867.407822959911,125.260090849155,30.875020102111,47.02630009322859,0.0351643495748126,6.2786552804884215,352.1809355185953,250,16.522811809468408,47.74358019672388,0.027822552169603,0.2607,0.031700000166893005,16.458627442612077,15.236957973446621,1.2216694691654553,0.04484000323650639,3835.8266206367475,2.317663129288267,0.26550352723270604
189,565.4858752988354,491.3436222633976,276.6539527254449,-15.026727915999128,3852.9692563387216,131.55083013145864,29.288825106526904,47.03036116243316,0.0370687453679408,6.2786552804884215,352.1809355185953,250,16.527031320982047,47.97829943748019,0.0345704597318179,0.8531,0.03220000118017197,16.462688511816644,15.471677214202927,0.9910112976137171,0.050687361040228515,1172.1955222131053,5.126676923983688,0.0889540072673587
92,2091.443862923801,247.65849505663687,276.6838125023989,-14.805721360702128,3808.437764660979,126.6445106254234,30.071873986904965,47.04298286419947,0.0361035032426903,6.2786552804884215,352.1809355185953,250,16.540145457491896,47.760561348264865,0.0290294597418876,0.5276,0.029999999329447746,16.475310213582958,15.253939124987603,1.2213710885953546,0.046326800874880426,1895.3752843062928,3.865463059359243,0.12683928868298566
545,747.2118900375528,1404.6908903618098,276.516892965471,-15.004239642845592,3783.741405178822,123.21494557545398,30.708461441162964,47.0500464030306,0.0353550763876655,6.2786552804884215,352.1809355185953,250,16.547484579758372,47.4307527315732,0.0237762873810444,0.2665,0.03689999878406525,16.482373752414084,14.924130508295939,1.5582432441181453,0.04260625855439168,3752.34521575985,2.0526165751088925,0.3016040367504003
476,482.6749394124509,1240.9378468332636,276.5424332520913,-15.041701777860563,3772.7542312847218,128.95493513210852,29.25637725628496,47.053203734541206,0.0371098578094376,6.2786552804884215,352.1809355185953,250,16.550765094320006,47.68233220579667,0.0300347511615431,0.3291,0.03400000184774399,16.48553108392469,15.175709982519408,1.3098211014052836,0.047741259136856576,3038.5900941962927,2.7623493939912755,0.22634091752386554
513,743.581546343342,1329.1501124665103,276.52818110316144,-15.004461370333429,3771.7242424636206,128.06250359042485,29.45221385431068,47.053500188739974,0.0368631032414256,6.2786552804884215,352.1809355185953,250,16.551073114657,47.265697116713135,0.0196762282136345,0.5386,0.023900000378489494,16.48582753812346,14.759074893435873,1.7267526446875863,0.04178567143535005,1856.6654288897141,3.41540663881333,0.09834600529980926
464,1238.482298564422,1210.854007135796,276.5437657563617,-14.932666348519003,3750.303495365515,129.7522054560247,28.903581886602755,47.05968398500804,0.0375628184859413,6.2786552804884215,352.1809355185953,250,16.557498171270606,47.74181420771028,0.0299835280953516,1.0856,0.03869999945163727,16.492011334391528,15.235191984433015,1.256819349958512,0.0480622231035198,921.1495946941784,5.413541157691419,0.08301370454589323
275,680.3672790629367,745.0640529975627,276.61560679834554,-15.011211908849484,3731.557662072126,123.25759143397852,30.27446519649778,47.06512462926912,0.0358619051716757,6.2786552804884215,352.1809355185953,250,16.563151081857654,47.84508704775317,0.0314878172008975,0.5841,0.03720000013709068,16.497451978652606,15.338464824475906,1.1589871541766996,0.04772377682685431,1712.0356103406953,4.170900855674375,0.141835483176788
190,980.4204470900604,491.0306294386702,276.65224280140524,-14.96692318265131,3727.4760997179255,127.33766392232052,29.2723769613976,47.06631285299991,0.0370895742915495,6.2786552804884215,352.1809355185953,250,16.564385664047776,47.59951402848519,0.0262850102237589,0.3128,0.024800000712275505,16.498640202383392,15.092891805207927,1.405748397175465,0.04545919360912025,3196.93094629156,2.5692255271469797,0.17415775684743268
374,1006.0557288646056,1007.4275284903767,276.5750898488085,-14.965342120369655,3708.628330665611,127.49791568868676,29.08775653808345,47.07181674263802,0.0373249823711407,6.2786552804884215,352.1809355185953,250,16.570104287525474,47.78413997573853,0.0286155197211358,0.9964,0.03799999877810478,16.504144092021505,15.277517752461272,1.2266263395602337,0.047031928281930736,1003.6130068245685,5.269686346783615,0.08761860389239522
619,1886.4937782170289,1662.6804318297957,276.47366511025933,-14.841075611360685,3694.212258376501,122.14794187092568,30.243753613795583,47.07604540897549,0.0358983218109792,6.2786552804884215,352.1809355185953,250,16.574497934961524,47.39073578947264,0.02277430326755,0.3398,0.02630000002682209,16.508372758358973,14.884113566195381,1.624259192163592,0.04251303797856563,2942.9075927015892,2.5402304388605152,0.16960464967474867
620,1235.7955246146362,1664.1125942135866,276.476153772564,-14.934865946350104,3652.7372582756216,126.51936341285167,28.87097405285064,47.08830393544597,0.0376052431765045,6.2786552804884215,352.1809355185953,250,16.587234726918744,47.63707015298779,0.0257240119793038,0.371,0.028999999165534973,16.520631284829456,15.130447929710527,1.3901833551189284,0.045561816323270124,2695.4177897574123,2.977317477785757,0.17167592140990104
101,898.3739259799246,274.855515246157,276.6848427725846,-14.977853093380697,3648.35777084704,127.47843105255016,28.619412246633985,47.089606471191864,0.0379357895488469,6.2786552804884215,352.1809355185953,250,16.58858808099863,47.78759306771269,0.0280929742455131,0.6824,0.14659999310970306,16.52193382057535,15.28097084443543,1.2409629761399188,0.04720528922327946,1465.4161781946073,4.451165935232762,0.46734255022548216
131,751.8180572796604,345.9080557192937,276.6748644252513,-14.99927243519678,3589.87502973582,124.98832816065918,28.72168211676068,47.10715169608444,0.0378007108214053,6.2786552804884215,352.1809355185953,250,16.606817831518594,48.18609245428522,0.0471716374180781,0.2808,0.031599998474121094,16.539479045467928,15.679470231007961,0.8600088144599667,0.06044879746782507,3561.253561253561,2.9214557482968004,0.24887921998293433
36,1430.8607947831556,108.60347713239936,276.7073722225838,-14.900392264642402,3584.517683345708,126.91709777805136,28.24298495711114,47.10877320364639,0.0384414041804967,6.2786552804884215,352.1809355185953,250,16.608502602075912,47.47410068573505,0.0251029166257129,0.3731,0.02319999970495701,16.541100553029878,14.967478462457791,1.573622090572087,0.045911850087812865,2680.2465826856073,2.826604707661936,0.13733953246266642
474,641.014609900489,1240.410390199312,276.5418516311067,-15.018885379860576,3570.459253228095,129.00697634356342,27.6764819579948,47.113039818714086,0.0392282516848705,6.2786552804884215,352.1809355185953,250,16.612935678809045,47.89489027228423,0.0336591703966944,0.3783,0.03240000084042549,16.54536716809757,15.388268049006967,1.1570991190906028,0.05168941363611367,2643.404705260375,3.2774497554706876,0.1889999546670197
115,1569.5721286544672,308.3567697508188,276.676988327955,-14.881230408070476,3534.1778117888025,121.95383943160262,28.979635477331023,47.124129031746975,0.0374642393569538,6.2786552804884215,352.1809355185953,250,16.624457536652987,47.42479789510912,0.0211146475515898,0.4116,0.027000000700354576,16.55645638113046,14.918175671831861,1.6382807092985985,0.04300462267969553,2429.5432458697765,2.990552502283837,0.14399995598546106
458,805.2188991318947,1201.9365139530832,276.54690758516244,-14.9950699944019,3528.681838739838,131.0994832134415,26.91606215559853,47.12581876605271,0.0403365096173317,6.2786552804884215,352.1809355185953,250,16.62621319581536,47.720656882042974,0.0295347248254691,0.5874,0.03759999945759773,16.558146115436195,15.214034658765712,1.3441114566704826,0.04999333934260917,1702.4174327545113,4.058704369699619,0.14210106892515292
294,871.5477131837241,794.3615653070988,276.6074457484352,-14.983860845224552,3506.6687867158325,119.90497172293944,29.245399388597324,47.13261315252427,0.0371237877648308,6.2786552804884215,352.1809355185953,250,16.633272664763243,47.905995114046284,0.0325881986290024,0.6554,0.03700000047683716,16.564940501907756,15.399372890769023,1.1655676111387336,0.049398039514655996,1525.7857796765334,4.481905076000807,0.12684605837662213
194,1714.103095766519,506.2573625586658,276.64685913314537,-14.86121670763962,3449.966411284404,118.18245018073412,29.191867371241987,47.15031285462361,0.0371918653299159,6.2786552804884215,352.1809355185953,250,16.65166291940655,48.056192314236725,0.0346516645287578,1.0288,0.03739999979734421,16.58264020400709,15.549570090959463,1.0330701130476285,0.050832791594916084,972.0062208398134,5.611224868860198,0.0862102047732466
245,1739.2923096337354,665.6330019712132,276.6229838525211,-14.85824580115932,3432.1622668714263,121.33589707388064,28.28645396491036,47.15593049073949,0.0383823296248735,6.2786552804884215,352.1809355185953,250,16.657499727172276,47.974182530103306,0.0320923838167478,0.7227,0.04410000145435333,16.588257840122978,15.467560306826044,1.1206975332969336,0.05003123350941788,1383.7000138370001,4.762350580416074,0.1363367383003143
204,1071.4898919405891,539.0248205714773,276.64469686424155,-14.953994456867994,3428.676861504675,125.43993858032634,27.333215404192003,47.15703363018051,0.03972090308239,6.2786552804884215,352.1809355185953,250,16.658645905515478,47.43038507376891,0.0214361665181991,0.403,0.021800000220537186,16.589360979563992,14.923762850491649,1.6655981290723432,0.045136009755810044,2481.3895781637716,2.950288081197197,0.11940419971755391
450,1310.946384275079,1182.8122807920834,276.547645867775,-14.922108871375617,3414.9332613568986,125.8757343784831,27.1294008985789,47.161394470163046,0.0400193135137337,6.2786552804884215,352.1809355185953,250,16.663176883341407,47.61060781902382,0.0247025363110136,0.9463,0.036400001496076584,16.59372181954653,15.103985595746558,1.489736223799973,0.04702936055601282,1056.7473317129875,4.984129796202186,0.08710324234539113
22,898.6682892019065,72.02907549955327,276.71510130734595,-14.976963446214206,3410.528724315081,130.89677809026716,26.05510062259257,47.162795742635254,0.0416693842686058,6.2786552804884215,352.1809355185953,250,16.664632826353547,47.67356231108944,0.0255389288620681,0.3186,0.03269999846816063,16.59512309201874,15.16694008781218,1.4281830042065593,0.0488730444391027,3138.7319522912744,2.6831689451377443,0.22433087287746611
470,1805.7730630102928,1234.5665365756888,276.53785320084296,-14.850990316618654,3375.710714658664,122.89959426649544,27.46722423947775,47.17393696619956,0.0395271102217732,6.2786552804884215,352.1809355185953,250,16.676208723915877,48.04431926560994,0.0367965935607377,0.4798,0.03440000116825104,16.606264315583047,15.537697042332681,1.0685672732503662,0.054003534515421586,2084.2017507294704,3.9429982604917413,0.15997640848116648
389,438.05730492564055,1051.965504256203,276.57082346014045,-15.047372271124695,3375.390267507668,126.56245074148212,26.66976064174261,47.1740400371134,0.0407090267732174,6.2786552804884215,352.1809355185953,250,16.676315816133652,47.98506650672667,0.0360380480077743,0.4174,0.041200000792741776,16.606367386496885,15.478444283449406,1.127923103047479,0.05436879403695815,2395.7834211787253,3.5812065070965815,0.21734650331643782
105,604.9662000273665,288.7478212110959,276.6840169040016,-15.020200929652386,3363.1999141161505,121.36833350276216,27.71068710471837,47.17796831353546,0.039179829641075,6.2786552804884215,352.1809355185953,250,16.68039735396438,47.177762193841964,0.0179204759584042,0.2161,0.016899999231100082,16.610295662918944,14.671139970564703,1.939155692354241,0.043083668707288636,4627.487274409996,1.3444138049809098,0.1707619107719834
695,418.2648217751019,1954.0469748897224,276.4362615983697,-15.053792347217064,3302.448175110738,137.27714367908044,24.05679552038928,47.1977599941469,0.045130699102456,6.2786552804884215,352.1809355185953,250,16.700961205503834,47.65517967335242,0.0278161344436438,0.298,0.030799999833106995,16.630087343530384,15.14855745007516,1.4815298934552246,0.05301431256616735,3355.7046979865772,2.519638770456435,0.22615124271012219
379,205.67421347453885,1018.7939291872364,276.5767465832311,-15.080720006389456,3299.152861088689,125.95960903096928,26.19214910612764,47.19884392576208,0.0414513522964788,6.2786552804884215,352.1809355185953,250,16.702087426629316,47.653336738103555,0.0267072847189694,0.2902,0.03579999879002571,16.63117127514556,15.146714514826293,1.4844567603192687,0.04931017810013359,3445.8993797381113,2.46020155533488,0.2692078210834259
416,1689.4329143413604,1097.9116204812217,276.5587229304574,-14.867207144448573,3205.719718198874,123.08711380044204,26.04431625065337,47.23003615034092,0.0416866386335929,6.2786552804884215,352.1809355185953,250,16.73449661350019,47.98139427592146,0.0356976083073263,0.5285,0.03579999879002571,16.662363499724407,15.474772052644198,1.1875914470802087,0.054882557150984244,1892.147587511826,4.089997010861424,0.15136281843308982
667,645.1336020350288,1840.490973473877,276.45227675845246,-15.020667638740566,3201.3203460175428,129.89192860668211,24.64602982153931,47.23152718469011,0.0440517198048326,6.2786552804884215,352.1809355185953,250,16.736045820442182,47.72239087106523,0.030081240468406,0.5175,0.03689999878406525,16.663854534073593,15.215768647787968,1.4480858862856252,0.0533426194133879,1932.3671497584542,3.785320418432743,0.15773042816175714
471,172.38164611742263,1234.318391408396,276.5447142259839,-15.086379252740242,3190.8528282426414,130.64105422549184,24.424579602175424,47.23508308747028,0.0444511233226425,6.2786552804884215,352.1809355185953,250,16.73974045650143,47.9551068108363,0.0373945360963551,0.4237,0.03929999843239784,16.667410436853764,15.448484587559037,1.2189258492947275,0.05808832666299121,2360.160490913382,3.5837769075639834,0.20485534776366643
382,1251.010923086708,1027.557585377623,276.57105843435727,-14.93011874704149,3170.2295720051334,123.13996988510182,25.744927296662315,47.242123239759536,0.0421714144883506,6.2786552804884215,352.1809355185953,250,16.747055279801874,47.567884529705296,0.0241383678929243,0.2657,0.024399999529123306,16.67445058914302,15.061262306428034,1.6131882827149866,0.048591038314512544,3763.6432066240122,2.1832200784794225,0.2008682223890132
672,188.89786385780104,1860.5137622128573,276.45116745507545,-15.08646688213398,3134.476522024983,186.86242011323893,16.774247706550543,47.25443746863472,0.0647242141044585,6.2786552804884215,352.1809355185953,250,16.75984994738891,47.621886845614654,0.0262357155346121,,,16.686764818018204,15.115264622337392,1.5715001956808123,0.06983936326351259,,,
485,235.83812444511088,1268.351921098532,276.5393697732161,-15.077373257136466,3122.967958608875,121.8347426813323,25.63281942308712,47.258431200610474,0.0423558556739226,6.2786552804884215,352.1809355185953,250,16.76399949451682,47.969017977501665,0.0355345392381042,0.7697,0.04190000146627426,16.69075854999396,15.462395754224403,1.2283627957695558,0.05528762961761454,1299.2074834351045,4.894003187021802,0.12343352300896519
489,1394.5604199921993,1282.9373994837722,276.53235941692685,-14.910461187425932,3102.791158717824,120.47196009260232,25.75529738482568,47.26546865850821,0.0421544346305884,6.2786552804884215,352.1809355185953,250,16.771311518304262,48.04449769994824,0.0370799168711131,1.7772,0.03370000049471855,16.697796007891696,15.537875476670976,1.1599205312207204,0.05614193258334815,562.6828719333784,6.786556999515142,0.05541130383865435
238,1239.1832077152178,634.7509986732947,276.6297067240112,-14.930216717358714,3068.84049653128,128.91468253366827,23.80520539799491,47.27741423044452,0.0456076720132583,6.2786552804884215,352.1809355185953,250,16.78372314582973,47.77866795417274,0.0287402012615682,0.3487,0.0406000018119812,16.709741579828005,15.272045730895478,1.4376958489325276,0.05390787433227535,2867.7946659019212,2.9843054677753607,0.2544581577926923
523,2076.33959191488,1353.1644104131817,276.51903294600777,-14.812463663594064,3060.0365240775864,121.35714255817892,25.215133279943515,47.280533496235385,0.043057476157129,6.2786552804884215,352.1809355185953,250,16.786964109540428,48.253647712304854,0.0429938347830452,0.9945,0.042399998754262924,16.71286084561887,15.747025489027592,0.9658353565912776,0.060847482136679405,1005.5304172951231,5.735049426329862,0.10207573172096752
646,433.4784077017208,1762.7776168164364,276.46474916639806,-15.05085453227037,3029.470952759788,127.32003208746325,23.794142234261106,47.29143303982865,0.0456288774485303,6.2786552804884215,352.1809355185953,250,16.79828889800584,47.882687277646795,0.0323300195849469,0.5734,0.05040000006556511,16.72376038921213,15.376065054369533,1.347695334842598,0.055921593535735795,1743.9832577607253,4.168353497421862,0.19358415200696935
586,758.1935838412522,1543.4921068700817,276.4961336475574,-15.003208851226582,3011.436296405969,118.63034634881258,25.38504176285001,47.29791582021559,0.0427692816164233,6.2786552804884215,352.1809355185953,250,16.805024603581195,47.93181778525757,0.0330322396275817,0.6105,0.03680000081658363,16.730243169599078,15.42519556198031,1.3050476076187678,0.05404017306410947,1638.001638001638,4.353623903384815,0.13499670576572337
348,1130.9970872077802,939.8683365452038,276.58464469229466,-14.947060296014524,2992.201652212505,126.50596616517169,23.652652463092192,47.30487287566086,0.0459018286297545,6.2786552804884215,352.1809355185953,250,16.81225308802054,48.5428748414799,0.0607269655634699,0.26,0.03849999979138374,16.737200225044347,16.03625261820264,0.7009476068417086,0.0761232042028067,3846.153846153846,3.1111193580567296,0.32722915516828505
257,1232.409711835646,703.8801933061479,276.61942295107866,-14.931477579073132,2974.829335173621,123.66103192266496,24.05631983593682,47.31119488300472,0.0451315915071146,6.2786552804884215,352.1809355185953,250,16.818821748004638,47.98750195498894,0.034089818017712,0.2799,0.04320000112056732,16.7435222323882,15.480879731711681,1.2626425006765203,0.056559492964892995,3572.704537334763,2.7158942240424935,0.3368761553184739
365,1958.591344647808,987.7501053876848,276.5740199409027,-14.827952883942384,2973.825356945977,118.26866189515422,25.14466054906657,47.311561371085574,0.0431781529872473,6.2786552804884215,352.1809355185953,250,16.81920253459036,48.08694492597063,0.0376112951058447,0.6902,0.040800001472234726,16.74388872046906,15.580322702693365,1.1635660177756932,0.057262225026007064,1448.8554042306578,4.775197477470705,0.13375965414112523
387,1722.6109123660965,1044.5508740782388,276.5665421410654,-14.862206814343333,2970.4640290005773,118.19483439654849,25.131927669821422,47.312789277601695,0.0432000288343864,6.2786552804884215,352.1809355185953,250,16.820478347786704,47.287396190093844,0.019901623457849,0.3879,0.018799999728798866,16.74511662698518,14.780773966816582,1.9643426601685974,0.04756382141449341,2577.9840164990974,2.724372864816864,0.10710798664428228
466,448.52812302940265,1212.7230956917551,276.54678669681965,-15.046508767211597,2955.791514804325,128.95150271407607,22.92172989529401,47.31816552650303,0.0473655350167485,6.2786552804884215,352.1809355185953,250,16.826064350633896,48.020307631836005,0.0385652259955998,1.1018,0.04969999939203262,16.750492875886515,15.513685408558743,1.2368074673277718,0.06108003408246033,907.605736068252,5.724199248745256,0.10526933735056557
38,744.8934562568375,112.84148079838054,276.7096683237097,-14.999300338326616,2944.1703424782027,135.37526259807106,21.748215190683982,47.322442687664065,0.0499213379342074,6.2786552804884215,352.1809355185953,250,16.8305083849154,47.908926110064925,0.0338546791504993,-0.3043,0.20469999313354492,16.75477003704755,15.402303886787664,1.352466150259886,0.06031815051478773,,,1.4611230804410265
279,230.092142401012,750.529131104582,276.61668591829687,-15.076117628868117,2893.019617021608,123.67722971465685,23.39169161288838,47.34147157536229,0.0464139155888067,6.2786552804884215,352.1809355185953,250,16.850279683233598,47.91755108644023,0.0318907096010476,0.438,0.07670000195503235,16.773798924745776,15.410928863162965,1.3628700615828109,0.05631402062668961,2283.10502283105,3.618299415683463,0.38159050445263804
495,420.8338021301929,1291.3483036680088,276.5351670527032,-15.050812928415924,2891.395053169923,127.55057423211797,22.66861651213055,47.34208143753077,0.0478944094104293,6.2786552804884215,352.1809355185953,250,16.850913339128642,47.62657394761007,0.0265921266845258,0.3966,0.03009999915957451,16.774408786914258,15.119951724332807,1.65445706258145,0.05478152657949291,2521.4321734745336,3.111715273679227,0.1669357428877103
496,1147.1720381061994,1294.5224624759724,276.5316646730861,-14.94616302845514,2886.565006775578,125.62182375353298,22.978212865616005,47.34389666553794,0.0472491053307549,6.2786552804884215,352.1809355185953,250,16.85279938811975,47.319186124201195,0.0220926589760581,0.2616,0.017799999564886093,16.776224014921425,14.812563900923934,1.9636601139974914,0.05215902160881828,3822.62996941896,1.9007525991850827,0.1493956516567977
20,819.2076064327202,62.01860497744488,276.7169339701357,-14.98837569260292,2875.845162120968,120.7292577459028,23.82061495129639,47.34793627276345,0.0455781684150397,6.2786552804884215,352.1809355185953,250,16.856996600316844,47.66721358180842,0.0309481702958292,0.2981,0.024800000712275505,16.780263622146933,15.160591358531157,1.6196722636157759,0.0550922742381304,3354.579000335458,2.5324012386943124,0.18328426978045556
307,1289.3088450878945,823.2716931367202,276.6013725025559,-14.923765457980965,2835.283272599103,146.38216864620853,19.36904814856041,47.363358882495945,0.0560533481910257,6.2786552804884215,352.1809355185953,250,16.87302092200616,47.54421580404744,0.0266377550006518,0.4044,0.023900000378489494,16.79568623187943,15.037593580770178,1.7580926511092514,0.06206083978564191,2472.7992087042535,3.0716493153649935,0.1310692027929948
429,1876.189705041624,1135.0460738424465,276.5524002124774,-14.84043451134184,2834.4739956544654,124.05865512353026,22.847853644971924,47.363668829198375,0.0475186867383898,6.2786552804884215,352.1809355185953,250,16.873342961255833,47.97223173187979,0.0326691417493013,0.8687,0.03799999877810478,16.79599617858186,15.465609508602526,1.3303866699793332,0.05766540047530377,1151.1453896627143,5.1599586161674615,0.1004488191092912
448,1812.379358645405,1179.60183786134,276.54602308239504,-14.849814976940031,2830.6040296145075,140.91515536654833,20.087293110890336,47.36515222020398,0.0540490943207966,6.2786552804884215,352.1809355185953,250,16.87488422664977,47.88371402810746,0.0361813204859239,0.2984,0.03060000017285347,16.797479569587466,15.3770918048302,1.4203877647572654,0.0650414679185787,3351.206434316354,2.751085898833356,0.22559807499256188
353,188.2900372216769,949.8473598014313,276.5871107085181,-15.082947000619866,2822.7425973869103,123.00645786086623,22.94792197479372,47.368171828820124,0.0473114733958284,6.2786552804884215,352.1809355185953,250,16.87802164506858,47.31059333499513,0.0207702404810037,0.1977,0.01899999938905239,16.80049917820361,14.803971111717871,1.9965280664857374,0.05166989843731941,5058.168942842692,1.2840044582862333,0.2097208564080152
332,257.7495437195772,883.2700683848062,276.5967571007199,-15.072670758061609,2691.380540732731,116.56380248887945,23.089333766282177,47.41991225157758,0.0470217118860947,6.2786552804884215,352.1809355185953,250,16.93178071652197,48.061151626676505,0.0366780820854166,-0.5816,0.4551999866962433,16.852239600961063,15.554529403399243,1.2977101975618197,0.05963491505958114,,,1.699938736780472
701,382.353776621874,1981.3154330774569,276.4323387841388,-15.0590710634181,2680.676013522054,127.09087425536131,21.092592440082058,47.42423920086135,0.0514730469042228,6.2786552804884215,352.1809355185953,250,16.93627648140607,48.387051439552835,0.0515861188729923,0.9067,0.04050000011920929,16.856566550244835,15.880429216275573,0.9761373339692625,0.0728738788454602,1102.9006286533584,5.667747294925229,0.10985900381465029
363,1702.8878316981345,982.1087284750316,276.5759381096868,-14.86479530440487,2680.663428360742,120.86852121786924,22.17834222964277,47.42424429815669,0.0489531628991139,6.2786552804884215,352.1809355185953,250,16.936281777572002,47.62159416025422,0.0267760679417907,0.4293,0.021199999377131462,16.85657164754017,15.114971936976957,1.7415997105632144,0.05579758034404873,2329.3733985557883,3.2787763793741505,0.11052564173462334
212,692.8374732184407,568.643813494834,276.6418794789433,-15.008692277977453,2654.617723742209,127.18079931061668,20.87278691541145,47.43484504751733,0.0520150952721302,6.2786552804884215,352.1809355185953,250,16.947296114370324,48.21577522480463,0.041175541729384,0.8241,0.03709999844431877,16.867172396900813,15.709153001527369,1.1580193953734437,0.06633999828818979,1213.444970270598,5.289052572228492,0.10607485612918437
200,1003.425958310686,529.7001011589061,276.6463762089475,-14.963766848971485,2642.7339933938056,119.76766448148648,22.06550494939572,47.43971639403921,0.0492034967017481,6.2786552804884215,352.1809355185953,250,16.952357516109764,47.97361622052449,0.0338501739925622,1.5413,0.03460000082850456,16.872043743422694,15.46699399724723,1.4050497461754645,0.059722846273479555,648.802958541491,6.406429889294966,0.05934689070530433
520,786.5121280343452,1345.6682737432575,276.5255372703992,-14.998341347688411,2634.935002686718,124.40794643786268,21.1797966137378,47.44292525489848,0.05126111547718,6.2786552804884215,352.1809355185953,250,16.95569157043372,48.4623970312506,0.0581767980760333,0.2748,0.039900001138448715,16.875252604281968,15.955774807973341,0.9194777963086267,0.07753864710158628,3639.01018922853,3.1508584499109062,0.32061263344552066
39,1220.7232985136598,113.31260826168696,276.7075676815086,-14.930708944459823,2599.022859092074,125.4388956171858,20.719433524221763,47.45782477354906,0.0524000812440541,6.2786552804884215,352.1809355185953,250,16.971172392681968,48.081197785501644,0.036462206456482,0.4437,0.02969999983906746,16.890152122932548,15.574575562224382,1.3155765607081662,0.06383777106117183,2253.7750732476898,3.8100227058071567,0.14985568968173776
240,617.9121003989078,652.1977467426593,276.62972785371244,-15.019832836794755,2597.5693883996573,123.51228428077562,21.030858618845595,47.45843212764548,0.0516241404916826,6.2786552804884215,352.1809355185953,250,16.9718034426527,48.13599666000414,0.0390887692655262,0.2496,0.037300001829862595,16.890759477028965,15.629374436726877,1.2613850403020876,0.06475325292368353,4006.410256410257,2.615597341778809,0.3268486907014702
414,311.68513377936665,1096.0600367333004,276.5647704997522,-15.065757123462388,2586.330847120844,119.75251873991382,21.597298113937818,47.46313982251527,0.0502701770504961,6.2786552804884215,352.1809355185953,250,16.976694807883174,48.39755186554564,0.0504228098768499,0.7117,0.052000001072883606,16.89546717189875,15.890929642268375,1.004537529630376,0.07120077567390103,1405.086412814388,5.152414471403002,0.16647724514955514
449,287.87308093721066,1182.8219412403105,276.5519197004551,-15.069535371882624,2550.031232767331,120.3500522949482,21.18845138943384,47.47848627242321,0.051240177021215,6.2786552804884215,352.1809355185953,250,16.992639998378124,48.397442188926945,0.0515642641351281,0.671,0.048500001430511475,16.910813621806696,15.890819965649683,1.0199936561570127,0.0726940786925779,1490.3129657228017,5.024432566494644,0.1652076357033203
400,897.9001479303997,1064.0261308712318,276.5670984417515,-14.981158297745727,2536.039214009332,127.4528718271183,19.897858539031645,47.484460110114654,0.0545636606004757,6.2786552804884215,352.1809355185953,250,16.998846904897054,47.75083601087667,0.0317739979203152,0.4346,0.02410000003874302,16.91678745949814,15.244213787599406,1.672573671898732,0.06314095344516187,2300.966405890474,3.4346623975219366,0.12453685830238553
461,1560.01612761122,1206.7328628769644,276.5430344314659,-14.886304570356735,2534.8283498369565,122.8059582744144,20.64092317225187,47.484978632469826,0.0525993915552931,6.2786552804884215,352.1809355185953,250,16.999385657362843,47.787352830170924,0.0294662634236918,0.5357,0.05909999832510948,16.91730598185331,15.280730606893663,1.6365753749596479,0.06029060185585674,1866.7164457718875,3.925338838757959,0.2413685894930738
682,615.0857722335255,1914.8139596374072,276.44130777669443,-15.025286808413195,2514.0730304422323,123.06541253735006,20.42875393343533,47.4939052986698,0.0531456790530457,6.2786552804884215,352.1809355185953,250,17.008660596772113,48.02206556694477,0.0365989665642221,0.1529,0.05299999937415123,16.926232648053286,15.515443343667506,1.41078930438578,0.06452865685552728,6540.222367560496,1.4374807707291097,0.7535906089911317
433,1405.421373281536,1143.689807864502,276.5530862653533,-14.908333283058091,2463.102223940717,120.26140203329852,20.481236558831423,47.516143930803295,0.0530094946602162,6.2786552804884215,352.1809355185953,250,17.03176686746291,47.942411749813125,0.0378044558185481,0.3,0.02630000002682209,16.94847128018678,15.435789526535864,1.5126817536509165,0.06510901169475732,3333.3333333333335,2.8213958001341766,0.19408321650140758
415,1497.3034354034585,1096.5476882441567,276.55973302753915,-14.894897825962085,2450.695345160464,124.51589975996424,19.681786421531683,47.52162670697229,0.0551626756203519,6.2786552804884215,352.1809355185953,250,17.03746355373109,48.16450450411542,0.0397920229255031,0.7417,0.045099999755620956,16.953954056355776,15.657882280838159,1.2960717755176177,0.06801709983599662,1348.254011055683,5.009023675897131,0.13790478845752588
342,570.5536173585489,918.1763517318368,276.5902352130419,-15.027740491982446,2420.139722629916,128.50011551180378,18.83375523041928,47.53524892179566,0.0576464962359941,6.2786552804884215,352.1809355185953,250,17.05161723823954,48.21761552244641,0.0447562333510145,0.709,0.04179999977350235,16.967576271179148,15.710993299169147,1.2565829720100012,0.07298108626251698,1410.4372355430185,4.96422447508448,0.13561981496228748
549,300.62189992113946,1413.1656450521298,276.51748431243504,-15.068615921535809,2414.462902125349,126.9707696331364,19.01589561992567,47.5377986793914,0.0570943394778817,6.2786552804884215,352.1809355185953,250,17.054266474435778,48.14369919860793,0.0442813704075359,0.5051,0.03519999980926514,16.970126028774885,15.637076975330672,1.3330490534442134,0.07225374291747796,1979.8059790140567,4.153963817892421,0.15767382999466897
500,1253.3816630827862,1300.3270878542137,276.53035510803863,-14.930879221740357,2276.619625587162,116.75140923496772,19.49971859444846,47.601623833271375,0.0556777265651975,6.2786552804884215,352.1809355185953,250,17.120581761886015,48.40291738328993,0.0506920594916886,0.8454,0.039000000804662704,17.03395118265486,15.89629516001267,1.1376560226421901,0.07529737134175266,1182.8720132481665,5.531606377477672,0.11227017616969938
213,1202.589539613514,568.5785494014264,276.63973288558174,-14.935218783040204,2258.665958050493,116.6135211953606,19.368817053955425,47.610220005802944,0.0560540169787128,6.2786552804884215,352.1809355185953,250,17.1295133134413,48.1313335912548,0.0387751962726497,0.5352,0.03669999912381172,17.04254735518643,15.62471136797754,1.417835987208889,0.0681584086186901,1868.4603886397608,4.267291891776374,0.15386910892067043
630,1085.732810833809,1702.0144683878252,276.4711206201965,-14.956640595790882,2236.1193253678503,118.091048971113,18.935553074093207,47.62111258428132,0.0573365877274219,6.2786552804884215,352.1809355185953,250,17.1408308650484,48.23179236181381,0.0435888555700543,0.9431,0.04050000011920929,17.053439933664805,15.725170138536548,1.3282697951282572,0.07202411139425048,1060.332944544587,5.5979588628044485,0.10293522791119263
311,963.7311425549744,833.1102169561325,276.6012761666779,-14.970733144200176,2227.007866466389,121.63762974405712,18.308543755352108,47.62554564393906,0.059300183264582,6.2786552804884215,352.1809355185953,250,17.145436880194712,47.59175173262806,0.0253686896015234,0.1988,0.019099999219179153,17.057872993322547,15.0851295093508,1.9727434839717475,0.06449869880324294,5030.181086519115,1.5772114096572736,0.21016410322056583
114,202.33514483647627,305.1463200633404,276.68327807235704,-15.078292716995303,2223.06968709518,134.18528241393733,16.567164797085656,47.627467329567644,0.0655332407987507,6.2786552804884215,352.1809355185953,250,17.14743354024332,47.65736319082637,0.0274450616980138,,,17.05979467895113,15.150740967549112,1.9090537114020165,0.07104813200355677,,,
460,766.2616407991477,1205.8195465350452,276.5464908660092,-15.000699327362604,2142.701692889096,122.35306262936074,17.51244837556618,47.66744573984076,0.0619959001001137,6.2786552804884215,352.1809355185953,250,17.1889717051814,48.13527557325948,0.046783553215693,0.322,0.024299999698996544,17.099773089224243,15.628653349982216,1.4711197392420274,0.0776671905035122,3105.590062111801,3.167932708461368,0.17041927133423448
698,1263.442597413026,1960.6121268927843,276.4318015263683,-14.932050744707196,2130.094092031388,118.53660305104042,17.96992690193927,47.67385305211203,0.0604176080361703,6.2786552804884215,352.1809355185953,250,17.195628998258233,48.13088764670766,0.0393279086672113,0.6723,0.040699999779462814,17.106180401495514,15.624265423430401,1.481914978065113,0.07209002539151185,1487.4312063067082,4.76208097970402,0.13721435056534156
235,558.9875404478175,631.0090398327211,276.63313834984405,-15.028237712586796,2064.1239362170745,116.12232226465322,17.77542763494473,47.70801059646361,0.061078699331296,6.2786552804884215,352.1809355185953,250,17.23111919662938,48.10996950733644,0.0383744105887923,0.253,0.02459999918937683,17.140337945847094,15.603347284059176,1.536990661787918,0.07213323020661193,3952.5691699604745,2.618949889938264,0.21459813689559767
587,1576.4566442708142,1550.131919926102,276.4917424167546,-14.885315561433137,2012.653362072626,116.52568754619467,17.272186111536506,47.735427563969495,0.0628582851637312,6.2786552804884215,352.1809355185953,250,17.259605835057002,47.97278710656981,0.0341821227434301,0.4536,0.02410000003874302,17.16775491335298,15.46616488329255,1.70159003006043,0.07155125106503639,2204.585537918871,3.7495301127168013,0.12032866103880142
636,493.5113976876027,1716.093298693185,276.47146946180294,-15.042023219293696,1875.5823717101305,123.57777302450214,15.177343998084938,47.812009666120915,0.0715342552779322,6.2786552804884215,352.1809355185953,250,17.33917578215442,48.56909004407604,0.0591617656712717,0.5336,0.04230000078678131,17.2443370155044,16.06246782079878,1.1818691947056195,0.09282922059088308,1874.0629685157423,4.69854692534124,0.18202168689563547
688,816.7878122640544,1921.86093947727,276.4394252519968,-14.996255761682889,1782.3441954886075,118.44007548749984,15.048489188751963,47.867371081396925,0.0721467774194574,6.2786552804884215,352.1809355185953,250,17.396697118876677,47.93088126788749,0.0347795341745934,0.32,0.021299999207258224,17.29969843078041,15.424259044610231,1.8754393861701786,0.08009228108509857,3125.0,2.950008936209759,0.14866415390896343
