ID,X_pix,Y_pix,RA_deg,Dec_deg,Fluxo,Mag_Inst,Std_Fundo,Area_Ap,Exptime
507,2079.918535750194,1317.591282661588,276.53085712463337,-14.79361993692393,4115232.3504568655,-9.59060777647937,4.248347012311862,710.3422573430399,600
523,1625.2121471098621,1365.5232658871491,276.5256242844068,-14.859429036209356,694934.1185051152,-7.659480959883483,4.248347012311862,710.3422573430399,600
248,167.84523227661808,553.9121112865787,276.65309835642256,-15.066608356724787,522587.47944328823,-7.350019374919516,4.248347012311862,710.3422573430399,600
85,1795.9620286360355,185.01523812731332,276.7012120078568,-14.829974170048121,417018.57968803274,-7.105010386033034,4.248347012311862,710.3422573430399,600
596,173.85669229793584,1603.8173269532247,276.49607068102733,-15.070005603188418,303961.8940710557,-6.7616697291815,4.248347012311862,710.3422573430399,600
427,997.7060659429484,1056.25769283831,276.5744809098263,-14.94876213152218,216090.6736981579,-6.391211932747947,4.248347012311862,710.3422573430399,600
442,562.3854163424857,1106.5204482936617,276.56880417600877,-15.011844573814127,216029.7853324655,-6.390905959253118,4.248347012311862,710.3422573430399,600
699,1322.4097838810087,1961.072607335285,276.4379278347547,-14.905566271608734,215180.9670734423,-6.386631511548492,4.248347012311862,710.3422573430399,600
444,1693.7943344466275,1114.6893400103504,276.5627984977797,-14.848507921556019,214646.1213282015,-6.383929486920689,4.248347012311862,710.3422573430399,600
601,470.90844641039985,1637.6850180532967,276.48977923465714,-15.027221152052313,212734.85117892182,-6.374218483551225,4.248347012311862,710.3422573430399,600
395,199.12536660031162,973.3250883520977,276.5902462918134,-15.063791375776098,206829.05628772074,-6.343650749977108,4.248347012311862,710.3422573430399,600
417,1344.7162213764814,1040.2164904110004,276.57540697551786,-14.898591933592616,193445.76684340282,-6.271019950374717,4.248347012311862,710.3422573430399,600
289,895.6226083091385,673.7571116754981,276.6320795272501,-14.961948535966503,182493.39067393204,-6.207739724846535,4.248347012311862,710.3422573430399,600
667,1223.791598044137,1853.6792448578653,276.45438062942253,-14.919365634315822,177524.96751457942,-6.177770478663223,4.248347012311862,710.3422573430399,600
255,391.91226311128565,564.5549082164551,276.65055298407066,-15.034271748073893,175493.09698499937,-6.165271969488739,4.248347012311862,710.3422573430399,600
300,1307.0507002670388,715.067835137769,276.6241464374897,-14.902705402365248,172896.23771794286,-6.149085731486625,4.248347012311862,710.3422573430399,600
125,1167.7042324909476,292.7442053428413,276.6878498586806,-14.921106230843428,170350.35545101104,-6.132979484287154,4.248347012311862,710.3422573430399,600
38,977.8970828438949,84.62068044462205,276.7197753713985,-14.947669986975832,158936.06724992243,-6.05767803037268,4.248347012311862,710.3422573430399,600
357,2539.2296845299866,866.501358391556,276.5962309380548,-14.725526341760895,157221.49113566743,-6.045901651386014,4.248347012311862,710.3422573430399,600
143,2630.877490437815,337.26701983049577,276.67482478813133,-14.710149074721635,154508.3154269618,-6.027001517858293,4.248347012311862,710.3422573430399,600
461,544.835306917063,1158.6933907956732,276.5610783866,-15.014592218834975,151994.71296758135,-6.009193077966321,4.248347012311862,710.3422573430399,600
716,2107.0213422808406,2006.5735350818943,276.42787506382894,-14.79252469261891,148854.02367529646,-5.986523320445687,4.248347012311862,710.3422573430399,600
158,2392.436098083201,359.5012832548632,276.6725503722122,-14.744628086639798,146757.3381819612,-5.971121439338401,4.248347012311862,710.3422573430399,600
105,162.32282956140557,250.967543894102,276.69842667612005,-15.066176494305349,136133.20155985391,-5.8895320198143715,4.248347012311862,710.3422573430399,600
321,1861.2692356614332,763.9619702137913,276.61446334577545,-14.822909078402198,132902.39515358937,-5.863453893602648,4.248347012311862,710.3422573430399,600
445,697.9977052152045,1114.8270347559887,276.56699191139097,-14.992287878549874,122003.49899935792,-5.770552589545845,4.248347012311862,710.3422573430399,600
711,934.046354851121,1994.000007990117,276.43461052794146,-14.961774968402159,118522.75816822663,-5.7391262477522655,4.248347012311862,710.3422573430399,600
652,1895.7372337527713,1810.5128529397666,276.4580310409841,-14.822206276691594,117990.78879845637,-5.7342421353115665,4.248347012311862,710.3422573430399,600
692,1476.1771424177225,1945.1979726278607,276.43966243693615,-14.883304940830314,117810.96540556347,-5.732586161151123,4.248347012311862,710.3422573430399,600
94,1237.071434784379,218.80248355537935,276.69859805643557,-14.910789234669753,117796.46349753864,-5.732452504528547,4.248347012311862,710.3422573430399,600
508,2641.2291666962387,1322.0634865703416,276.5277989652719,-14.712679220714321,111549.7046487173,-5.6732929358795925,4.248347012311862,710.3422573430399,600
570,662.8549973027759,1511.881633955819,276.5077887150945,-14.998980007948395,109636.50653904123,-5.6545098458294625,4.248347012311862,710.3422573430399,600
95,271.79403001114605,226.16787034637733,276.70166537981504,-15.050254979974067,106224.39913746004,-5.620182581952101,4.248347012311862,710.3422573430399,600
39,883.1763659081057,86.6951191983901,276.7198766244978,-14.96135893838212,104071.94152492477,-5.597956015698778,4.248347012311862,710.3422573430399,600
602,310.61734473077917,1638.0288561007465,276.49039047160863,-15.050382222611635,101696.89146625716,-5.57289106953153,4.248347012311862,710.3422573430399,600
415,191.17225072399637,1036.639891533708,276.58081174782086,-15.065197987529988,100364.28349310032,-5.5585698452676375,4.248347012311862,710.3422573430399,600
110,1182.8871843398554,261.0618353034058,276.69251838492147,-14.918784966786243,98491.91913748789,-5.5381233736868705,4.248347012311862,710.3422573430399,600
386,839.5927607141582,934.4451691859006,276.59335542399464,-14.97110162442895,98373.01978309889,-5.536811882161901,4.248347012311862,710.3422573430399,600
304,623.90015575415,728.6343393896259,276.6250347846997,-15.001421115840476,97457.29856234224,-5.5266577963398955,4.248347012311862,710.3422573430399,600
346,163.1150471029962,831.4710113833647,276.6116109128484,-15.068419266675482,89238.82682727114,-5.431006504600212,4.248347012311862,710.3422573430399,600
212,1622.7994703461322,467.3435642159569,276.659794820437,-14.856116172917716,85247.61770703725,-5.381327502112953,4.248347012311862,710.3422573430399,600
150,1712.9758353103516,344.8706478259178,276.67769747648833,-14.842601998936365,83771.41461352387,-5.362361497183722,4.248347012311862,710.3422573430399,600
510,1326.44344611353,1331.3294183001944,276.53199195012286,-14.902416202636964,83307.23105515447,-5.356328623387828,4.248347012311862,710.3422573430399,600
630,2425.403925807778,1717.7111972353848,276.4696626319525,-14.745420507605493,81115.07919886854,-5.327375865429263,4.248347012311862,710.3422573430399,600
513,2789.467463829163,1336.932091597356,276.5249465682099,-14.691366268318692,80874.8365853618,-5.324155414410608,4.248347012311862,710.3422573430399,600
494,1843.4630051205436,1282.6525337421851,276.53707776420305,-14.827594246107756,78434.99104990985,-5.290896502362635,4.248347012311862,710.3422573430399,600
128,402.60709202635064,296.9233572122091,276.6905235134925,-15.031639187368715,76654.64147499972,-5.265968015850902,4.248347012311862,710.3422573430399,600
554,2564.4166391178323,1457.1045481697872,276.50797174608226,-14.724307664968462,75340.27776893595,-5.247189916672039,4.248347012311862,710.3422573430399,600
589,777.2957656592728,1576.8899348794769,276.49759596040263,-14.982714399629508,71794.84606001514,-5.194855045648207,4.248347012311862,710.3422573430399,600
707,2844.9501590873942,1970.0240254974103,276.43024212894267,-14.685958378069264,71135.73193413334,-5.184841385138443,4.248347012311862,710.3422573430399,600
537,455.5129293671183,1406.8355456995632,276.52435504958316,-15.02850631624525,69638.79391130549,-5.161749976226764,4.248347012311862,710.3422573430399,600
441,419.98753702027375,1107.2938258876165,276.56928684848333,-15.032420996197459,69633.21104888571,-5.1616629305084185,4.248347012311862,710.3422573430399,600
181,1781.0214984111665,409.43657525775103,276.6677583238387,-14.833044594486529,69334.13761256821,-5.156989669312377,4.248347012311862,710.3422573430399,600
717,2222.9862679290136,2007.9563776909117,276.42718517877745,-14.775802301442239,68491.95674884494,-5.143720808440166,4.248347012311862,710.3422573430399,600
362,2153.820074267619,882.0749096481915,276.59556756477593,-14.781180696406295,60271.34637033957,-5.0048991066793995,4.248347012311862,710.3422573430399,600
689,1550.6065241954088,1924.2190743330846,276.44248727275476,-14.872476416400875,58384.52842001896,-4.9703663157939815,4.248347012311862,710.3422573430399,600
193,2536.237144761114,427.41941777120866,276.66178301491175,-14.724165228928491,58000.146115228476,-4.96319459316192,4.248347012311862,710.3422573430399,600
583,806.6123960810351,1549.2728386039887,276.50160163597076,-14.978367627192858,57726.35282701079,-4.958057172726845,4.248347012311862,710.3422573430399,600
287,2360.629715262072,662.2104500316576,276.62749913329577,-14.750450939469214,55723.891918844136,-4.9197254770464705,4.248347012311862,710.3422573430399,600
100,1183.2093377347023,236.81790168030506,276.6961397262434,-14.918639817905081,54918.141991759476,-4.90391146309762,4.248347012311862,710.3422573430399,600
604,1607.6739678298954,1647.492388017276,276.4835822879517,-14.863110597689577,53472.80006588064,-4.87495418959946,4.248347012311862,710.3422573430399,600
638,1306.404016413874,1754.0509716328559,276.46892207680423,-14.907032574026514,52988.904220869765,-4.865084220677716,4.248347012311862,710.3422573430399,600
73,2583.0669659854548,168.1311619305797,276.70028016345356,-14.716353612813768,51822.378212949785,-4.840915223003358,4.248347012311862,710.3422573430399,600
488,2340.1948326436477,1255.006853502389,276.53909289075574,-14.75581890466159,51454.061035850726,-4.833171017406996,4.248347012311862,710.3422573430399,600
693,2894.5141092441268,1945.4058712251936,276.43370690855755,-14.678712504726377,51148.496384254075,-4.826704052171134,4.248347012311862,710.3422573430399,600
679,2530.4712217493047,1888.0251551417093,276.44380006843244,-14.730965175919355,50492.405193912506,-4.812687020801639,4.248347012311862,710.3422573430399,600
440,1203.2628709648766,1102.5618987260825,276.5666918378747,-14.919268473281631,50126.41045498557,-4.804788388944362,4.248347012311862,710.3422573430399,600
32,2015.3870914270503,65.38164358553638,276.71811743237305,-14.797823159324032,49517.60304283298,-4.791520909019265,4.248347012311862,710.3422573430399,600
243,2935.9069313294494,535.1822774961907,276.6439518338867,-14.666976786734018,49105.661596602,-4.782450790621983,4.248347012311862,710.3422573430399,600
471,1661.4518652334045,1202.5256792840362,276.5498166570777,-14.853533896390626,48990.97838204319,-4.779912155763964,4.248347012311862,710.3422573430399,600
500,481.99450543387053,1297.0189228364281,276.5406622859675,-15.024233645196372,48888.964804556046,-4.777648977610136,4.248347012311862,710.3422573430399,600
334,975.3012945636273,797.0876631077049,276.61330757479567,-14.950942845961235,48672.099690146104,-4.772822078779242,4.248347012311862,710.3422573430399,600
560,1984.761590207264,1468.2983651711586,276.50875735414184,-14.807963996249462,48650.07229482685,-4.772330598975304,4.248347012311862,710.3422573430399,600
503,1557.1151187639937,1302.5633578912227,276.5353160715574,-14.869000904566652,48063.15281465725,-4.759152513946422,4.248347012311862,710.3422573430399,600
439,153.85288391357474,1102.7394035730147,276.5710836874734,-15.070859906839594,48057.19638133072,-4.759017951070273,4.248347012311862,710.3422573430399,600
314,1720.271561961538,743.9132755315392,276.61806404515323,-14.843175040263247,47809.81412765867,-4.753414512223625,4.248347012311862,710.3422573430399,600
483,2369.1040064189856,1231.789673949676,276.5424353453763,-14.75155438473098,47340.55476445798,-4.7427052313933835,4.248347012311862,710.3422573430399,600
317,1019.288295169776,753.2703750173173,276.61966832024365,-14.944412135659615,46132.661842737696,-4.714643159069086,4.248347012311862,710.3422573430399,600
21,2276.7173362251433,46.5057619304597,276.71978629476365,-14.760043639798191,46048.279856687004,-4.712655403223124,4.248347012311862,710.3422573430399,600
524,906.707934786802,1367.4434809149675,276.52835870381915,-14.96317077052295,45697.35456597514,-4.704349522429214,4.248347012311862,710.3422573430399,600
175,1315.7161832500367,401.2716177334745,276.6709934863113,-14.90017679434039,44632.79090266029,-4.67875698469635,4.248347012311862,710.3422573430399,600
447,613.917455804744,1119.1649556923144,276.5666972520678,-15.004451433183414,44040.49570228311,-4.664252370473343,4.248347012311862,710.3422573430399,600
146,1668.5250254851785,342.2088719071662,276.678288199951,-14.849006699078984,44007.37450552115,-4.663435522000331,4.248347012311862,710.3422573430399,600
293,234.69989868020733,682.3456848567067,276.633608305956,-15.057468202101903,43900.854720616655,-4.660804313418053,4.248347012311862,710.3422573430399,600
392,1037.8733998405535,955.755801004413,276.58932972775096,-14.942552410856242,43328.86880807101,-4.6465652515526585,4.248347012311862,710.3422573430399,600
275,650.2154555413131,628.5194333574357,276.6398887758327,-14.997212501119435,43260.0017173962,-4.644838204901651,4.248347012311862,710.3422573430399,600
485,1288.5244254681766,1245.8499112963893,276.5449226493984,-14.90754222778195,43256.30289429595,-4.64474536815428,4.248347012311862,710.3422573430399,600
124,1059.7658044875373,289.16586342473886,276.68885152603906,-14.936678476839505,42870.34396143374,-4.635014294034722,4.248347012311862,710.3422573430399,600
670,491.2912232732028,1865.478937043567,276.4556412106282,-15.02520339910115,39212.94022066018,-4.538195392296811,4.248347012311862,710.3422573430399,600
29,1860.2607509618372,63.56785695164897,276.71906914789037,-14.820200362158793,39081.28552871052,-4.534543976143589,4.248347012311862,710.3422573430399,600
64,1632.1869272208803,152.75796768696918,276.70674533044803,-14.853480055862219,38518.95180242823,-4.5188080249608635,4.248347012311862,710.3422573430399,600
117,3058.3573893353623,274.18890668027825,276.68235703173116,-14.648258585930199,37819.51757383079,-4.498911835739177,4.248347012311862,710.3422573430399,600
348,1968.6270906752106,839.7715591746221,276.6026805498105,-14.807726976705435,37426.26463994512,-4.487563084412312,4.248347012311862,710.3422573430399,600
672,217.51806841551777,1873.048078900349,276.4556333654031,-15.06479095727681,37045.77263112838,-4.476468516319111,4.248347012311862,710.3422573430399,600
432,712.707805134454,1074.0620996616399,276.5730233260541,-14.98999715582024,35883.091878622945,-4.441846516825278,4.248347012311862,710.3422573430399,600
450,2805.338968840417,1127.848724218576,276.55607926342753,-14.688222978292245,35152.30472204479,-4.4195063848596075,4.248347012311862,710.3422573430399,600
517,2104.416954537177,1358.151355123587,276.5246971630878,-14.79025123354172,35083.29494358634,-4.417372810449403,4.248347012311862,710.3422573430399,600
76,1857.3266957140358,172.85575568610116,276.7027598678444,-14.821068938987423,34964.77800855081,-4.413698812161969,4.248347012311862,710.3422573430399,600
331,631.4033059023723,789.3776604734297,276.6159224393019,-15.000584169964865,34635.60638511571,-4.403428862736161,4.248347012311862,710.3422573430399,600
57,1168.8419385299271,133.96400720796774,276.71157156522474,-14.920296036893168,34526.76306149474,-4.400011535203674,4.248347012311862,710.3422573430399,600
298,1285.1325441370564,705.5308657828903,276.6256652604411,-14.905831049999076,34315.67548944452,-4.393353254572353,4.248347012311862,710.3422573430399,600
147,583.7391027052838,344.02446614192723,276.68270345517345,-15.005659796002082,34297.09673198662,-4.3927652698735455,4.248347012311862,710.3422573430399,600
218,422.8557604795733,480.80378069102466,276.6629432286355,-15.029460342962022,34014.09246046597,-4.383769093836834,4.248347012311862,710.3422573430399,600
472,2007.8893554664323,1205.6771058778172,276.5478738726148,-14.803555034233135,33132.45081670716,-4.3552557789287825,4.248347012311862,710.3422573430399,600
639,324.1287782083003,1756.4856437291735,276.47262371832375,-15.048911728053248,32155.68327332259,-4.322766229797342,4.248347012311862,710.3422573430399,600
62,80.23307043196843,148.40796353661236,276.7141174166306,-15.077624909108936,31919.858145569277,-4.314774255648852,4.248347012311862,710.3422573430399,600
545,2034.9963097821812,1427.0913489396266,276.5146978566829,-14.800548031153806,31466.055591337732,-4.2992276380382615,4.248347012311862,710.3422573430399,600
458,452.62950891963237,1152.3373976122864,276.5624155132154,-15.02788789367355,30120.44897107751,-4.251775476810779,4.248347012311862,710.3422573430399,600
590,1942.0694587058372,1578.3786452252625,276.4925000380531,-14.81457318700616,29601.810291649308,-4.232917551657284,4.248347012311862,710.3422573430399,600
632,678.7843410777883,1733.159472944402,276.47464742251134,-14.997579790214191,29314.74600067176,-4.2223372129589505,4.248347012311862,710.3422573430399,600
631,1694.0323337142574,1728.9119832149704,276.4710604283001,-14.850979499779484,29022.16609551973,-4.2114464322194385,4.248347012311862,710.3422573430399,600
542,2907.515047314169,1416.4749762089355,276.51257279087406,-14.674673104098236,29021.376859571435,-4.211416906039624,4.248347012311862,710.3422573430399,600
430,2670.3058614794827,1065.103908721847,276.5660238979011,-14.70743615241084,28891.384482896945,-4.206542758668311,4.248347012311862,710.3422573430399,600
352,2640.075579784266,854.302300591954,276.5976157193244,-14.710933908501378,28762.613064309175,-4.201692721212567,4.248347012311862,710.3422573430399,600
353,585.2229279643375,856.8854086777641,276.6060264854077,-15.007530116417394,28150.098236841965,-4.178321660965248,4.248347012311862,710.3422573430399,600
515,1491.5033885290418,1345.5876434771478,276.52916624934727,-14.878646845806706,28079.60967323731,-4.175599540276356,4.248347012311862,710.3422573430399,600
548,525.9240903421764,1432.3919666723193,276.5202412067614,-15.018437665747129,27947.90077796363,-4.170494855868473,4.248347012311862,710.3422573430399,600
468,601.6861937034886,1187.2886214639439,276.55656504002513,-15.006495497718323,27920.77982565295,-4.169440733887209,4.248347012311862,710.3422573430399,600
597,413.6571090236022,1607.9421051577563,276.4944627354609,-15.035371739238618,27606.291024823382,-4.157142029025995,4.248347012311862,710.3422573430399,600
380,2652.6433676107044,926.1419090848102,276.58683945752057,-14.709415153246354,27519.17605109117,-4.153710440516672,4.248347012311862,710.3422573430399,600
235,1439.2751421556372,520.2631588193052,276.65268230194846,-14.88282317041101,26737.051963658538,-4.122405674316072,4.248347012311862,710.3422573430399,600
49,1864.7688391216575,102.06629650045272,276.71329965486666,-14.819706615028627,26472.112794607936,-4.111593385626511,4.248347012311862,710.3422573430399,600
232,3055.284047319181,518.5201598246113,276.6459150570711,-14.649699850059177,26191.34205092612,-4.100016254924402,4.248347012311862,710.3422573430399,600
405,1132.2394101655864,1011.0322656252916,276.5806692959771,-14.929150825788632,26169.543710056867,-4.099112250001308,4.248347012311862,710.3422573430399,600
66,397.7188122907224,157.14120108675965,276.7114450234545,-15.03177782322104,25907.186163510894,-4.088172488711003,4.248347012311862,710.3422573430399,600
45,2524.9541165451114,92.32187387320559,276.71185219109276,-14.724425244764939,25752.13848332019,-4.0816551218473265,4.248347012311862,710.3422573430399,600
344,1374.3173996623761,826.0790465340679,276.60727304691164,-14.893446163414808,25328.03773117764,-4.063625735259015,4.248347012311862,710.3422573430399,600
285,2542.140299685463,656.670115541857,276.62753821225573,-14.72424972131413,25100.506103869586,-4.053828069765589,4.248347012311862,710.3422573430399,600
426,840.1305154031708,1056.1813899184403,276.575158305082,-14.97151932271454,24701.703608534066,-4.036439140011083,4.248347012311862,710.3422573430399,600
186,1330.4258301437605,422.0443797744456,276.667826263793,-14.8981376234491,24663.996199705172,-4.03478048604388,4.248347012311862,710.3422573430399,600
370,1503.3599693503268,900.7643602904676,276.5955643740038,-14.875122216177191,24336.03787857358,-4.020246555741976,4.248347012311862,710.3422573430399,600
465,1320.9917631494275,1174.6969658187438,276.5554159660306,-14.902564940983455,24298.40208839823,-4.018566160196244,4.248347012311862,710.3422573430399,600
682,2583.1151492153904,1899.2979819807117,276.44189655299795,-14.723420022632977,24208.239889981924,-4.014529909824428,4.248347012311862,710.3422573430399,600
690,319.1674933972714,1932.8774720958668,276.44627133875423,-15.050346197928548,23908.801146173384,-4.0010163738603515,4.248347012311862,710.3422573430399,600
573,959.0821806710295,1533.121791092918,276.5033800147291,-14.956281751084312,23729.00064121053,-3.992820494221092,4.248347012311862,710.3422573430399,600
231,700.8649440466792,518.0130026610973,276.65619144948573,-14.989446478212608,23379.04514114064,-3.9766887978203727,4.248347012311862,710.3422573430399,600
708,1500.5394582063936,1986.8122403812897,276.433345473679,-14.879958314060472,23286.85568915744,-3.972399003596097,4.248347012311862,710.3422573430399,600
118,2471.731185632455,280.72966759568993,276.6839620480932,-14.732869849558472,23280.385135469376,-3.972097275843936,4.248347012311862,710.3422573430399,600
402,560.7078482485824,994.4737744406722,276.5855615061852,-15.01163125528482,23230.5599160844,-3.9697710678844915,4.248347012311862,710.3422573430399,600
608,1467.36203629445,1654.9222836968947,276.48305944010235,-14.883393068396511,23106.743075798906,-3.9639687126533034,4.248347012311862,710.3422573430399,600
63,2730.1197537215103,151.53671171118586,276.70210858593686,-14.695080360834751,23023.144994108763,-3.9600334955044763,4.248347012311862,710.3422573430399,600
42,660.3771958495176,90.31415198977386,276.7203014705471,-14.993557103027937,22737.143659810186,-3.946461638519818,4.248347012311862,710.3422573430399,600
704,2077.746376271768,1967.3323056493875,276.43385580821126,-14.796587524178017,22663.647150469304,-3.942946374164389,4.248347012311862,710.3422573430399,600
189,665.2704273598274,422.5711142377916,276.6706111901373,-14.994200436423206,22639.47393849882,-3.9417877019457146,4.248347012311862,710.3422573430399,600
309,330.055535449395,733.8000665506403,276.6255100122662,-15.043897593866056,22525.223840430728,-3.9362946625338893,4.248347012311862,710.3422573430399,600
252,3043.71499497319,562.4393847365409,276.6394127984925,-14.65154698882366,22432.408214870724,-3.9318116226759785,4.248347012311862,710.3422573430399,600
81,661.7360260631665,179.1258254871281,276.70701898274325,-14.993721657032246,21798.76568016014,-3.9007016317368315,4.248347012311862,710.3422573430399,600
713,2761.6703351598976,1997.7264762311847,276.42645824104443,-14.698078003381331,21632.70357549563,-3.892398872424307,4.248347012311862,710.3422573430399,600
715,1029.4799024923686,2006.0650809976094,276.43241470328263,-14.948043038810326,21629.98523885396,-3.8922624316901153,4.248347012311862,710.3422573430399,600
391,1703.8824070356009,955.0206185655835,276.58660342274646,-14.846400938208086,21580.95054928912,-3.8897982980336376,4.248347012311862,710.3422573430399,600
411,292.8056327295094,1025.9057830827078,276.5819900264119,-15.05046731870001,21277.626654944674,-3.8744298348672346,4.248347012311862,710.3422573430399,600
668,1807.3337629306293,1854.6211066638596,276.4518134596613,-14.835142486689698,21218.76828226808,-3.871422299422171,4.248347012311862,710.3422573430399,600
469,721.7501543800901,1191.7836623376927,276.5553889379569,-14.989169983096,20856.565598660207,-3.852728863372147,4.248347012311862,710.3422573430399,600
115,547.8387502358948,266.65798257467145,276.6944242219612,-15.01053215085329,20591.45097026875,-3.8388392493498107,4.248347012311862,710.3422573430399,600
135,132.9188874303055,320.5755969144586,276.6881426733297,-15.070708785046431,20552.739337049774,-3.8367961597267186,4.248347012311862,710.3422573430399,600
343,610.2555718138269,825.680238610328,276.6105853164301,-15.003786860195701,20490.662572822417,-3.8335118782757363,4.248347012311862,710.3422573430399,600
437,2439.3443565912476,1102.1939035385094,276.5614800358991,-14.74089436076116,20368.696345830744,-3.8270299585773997,4.248347012311862,710.3422573430399,600
418,1205.0738267808913,1041.4661534419868,276.5758129122589,-14.918758150423942,20251.069143906643,-3.8207417652684676,4.248347012311862,710.3422573430399,600
636,1597.4037188283337,1747.6388718355388,276.46866713235045,-14.865001534252185,20243.515793905535,-3.8203367261418233,4.248347012311862,710.3422573430399,600
457,1068.0794584882642,1147.7561524331081,276.56051024508923,-14.938972221618782,20227.325868061045,-3.8194680518638724,4.248347012311862,710.3422573430399,600
288,472.5994841564756,664.1236164993167,276.6353225504257,-15.023017884242492,20222.7253760912,-3.819221084527156,4.248347012311862,710.3422573430399,600
551,1839.9098382695072,1444.088859898853,276.51298422317996,-14.828765777629483,19996.913251630263,-3.8070292805453736,4.248347012311862,710.3422573430399,600
205,1207.7591839026268,453.45844311282667,276.66366183365216,-14.91597647529143,19965.367171920312,-3.8053151277187247,4.248347012311862,710.3422573430399,600
656,659.1596837997802,1831.4136516352196,276.4600422220351,-15.000814573404531,19849.380742424983,-3.798989279705245,4.248347012311862,710.3422573430399,600
399,1437.3595492272764,982.936256218018,276.58357041278293,-14.88498436851862,19791.149269294925,-3.795799409938485,4.248347012311862,710.3422573430399,600
406,1265.287332289284,1011.9701678177062,276.5799644795687,-14.909944256589009,19625.724892827973,-3.786686140914189,4.248347012311862,710.3422573430399,600
251,567.0280651343102,559.0835009568809,276.65062399491995,-15.008948084450793,19579.29103150172,-3.784114278781065,4.248347012311862,710.3422573430399,600
501,855.2514286861244,1299.5585456069393,276.53871996472276,-14.970325994257964,19545.95929511619,-3.7822643490597594,4.248347012311862,710.3422573430399,600
78,1684.9591424427747,175.74900396009406,276.70308074381944,-14.845956806510474,19288.022758671897,-3.767841148566596,4.248347012311862,710.3422573430399,600
419,2872.155001537669,1042.0372101892442,276.5685965114648,-14.67823918241406,19064.7568191514,-3.755200049025747,4.248347012311862,710.3422573430399,600
286,2327.535231273389,660.2454455457823,276.627935984327,-14.75521648337612,19062.035593384644,-3.755045064399223,4.248347012311862,710.3422573430399,600
422,737.4624613182283,1052.5430683879151,276.5761354706112,-14.9863338524405,19024.613266276545,-3.7529114669471326,4.248347012311862,710.3422573430399,600
502,1629.568757814888,1301.2154905298887,276.5352111284106,-14.858537965834987,18937.39119255758,-3.7479222504248173,4.248347012311862,710.3422573430399,600
92,1163.5600606282585,207.18419480373154,276.70065310571147,-14.921356571748891,18858.321189285896,-3.7433794446357176,4.248347012311862,710.3422573430399,600
499,162.19314892002117,1290.4911003150849,276.54297248923353,-15.070417534796427,18807.16512593621,-3.7404302181869653,4.248347012311862,710.3422573430399,600
211,848.6815791444898,467.9722165991178,276.6630375805579,-14.967891401762923,18424.636688577302,-3.7181192061824895,4.248347012311862,710.3422573430399,600
719,961.356096797485,2028.5678295136227,276.429332498964,-14.957972065041258,18305.357933116495,-3.711067437193697,4.248347012311862,710.3422573430399,600
182,2364.3141036460897,416.0815237593818,276.66422665408226,-14.748915182121257,18269.94193681056,-3.708964791879974,4.248347012311862,710.3422573430399,600
46,631.204878249079,97.03734678081045,276.7194226736006,-14.997798847239228,18224.7012888015,-3.706272920948248,4.248347012311862,710.3422573430399,600
451,227.19564670793142,1129.3754152329175,276.5667935199733,-15.060368952495542,18003.85928844026,-3.693035899024265,4.248347012311862,710.3422573430399,600
156,701.9082047107312,358.91871830940414,276.67996899590514,-14.988649044644472,18001.578398401034,-3.6928983395300845,4.248347012311862,710.3422573430399,600
294,103.26885579026838,683.2932756202085,276.63402356964315,-15.076466816396042,17623.578413310228,-3.6698571120073287,4.248347012311862,710.3422573430399,600
318,1540.0147779089891,757.5472354583862,276.61680158027843,-14.869247655097585,17478.53814523772,-3.660884640724288,4.248347012311862,710.3422573430399,600
425,351.4271188528225,1055.7095213234263,276.5772873814367,-15.042117667037305,17288.087150294858,-3.6489892320046446,4.248347012311862,710.3422573430399,600
459,639.2771310926685,1157.5900777750735,276.56084666999243,-15.000944291017891,17259.366940029722,-3.6471840292713225,4.248347012311862,710.3422573430399,600
155,2712.0314381108487,358.3894330409357,276.67131617049927,-14.698532895665515,17137.467098386085,-3.6394884590704684,4.248347012311862,710.3422573430399,600
582,2379.1763741456616,1546.7493147091739,276.49537705775754,-14.751388675190407,16909.46250580193,-3.6249463817291803,4.248347012311862,710.3422573430399,600
423,2803.8433723765047,1055.2984489158894,276.5669121803458,-14.688141992022047,16848.59880788566,-3.62103134695447,4.248347012311862,710.3422573430399,600
607,2399.319984425649,1653.1861136601626,276.4794040733723,-14.74891855311131,16726.55275935086,-3.6131379858828416,4.248347012311862,710.3422573430399,600
354,1041.1343684311532,858.9478034380562,276.60378271492044,-14.941687431869147,16627.739187380357,-3.6067048835611044,4.248347012311862,710.3422573430399,600
351,1547.5900814212632,849.9666048193623,276.6029635340125,-14.86853078699902,16515.22410970379,-3.599333052525658,4.248347012311862,710.3422573430399,600
140,2537.421169117229,328.9608096920086,276.6764744407144,-14.7235926694608,16412.959973011457,-3.5925891499555584,4.248347012311862,710.3422573430399,600
303,54.765032585953115,728.6198244780169,276.6274499819329,-15.083661323779284,16384.40364241932,-3.590698470558436,4.248347012311862,710.3422573430399,600
281,866.1700061604056,651.622542645738,276.63551357007714,-14.966112376048915,16377.98035660421,-3.5902727387769797,4.248347012311862,710.3422573430399,600
649,2695.3495255322496,1802.713200198299,276.45583828668896,-14.706841714356745,16300.384929429798,-3.5851165247368892,4.248347012311862,710.3422573430399,600
383,1920.755110830282,929.3696509849811,276.5895062094139,-14.81499993146519,15986.181404919189,-3.563983716204229,4.248347012311862,710.3422573430399,600
60,1266.9667936352726,146.58912137952416,276.7092583665801,-14.906178915557565,15875.649883741105,-3.5564506554305577,4.248347012311862,710.3422573430399,600
553,2109.956894570389,1448.4354478227474,276.51119372684695,-14.789820717158651,15825.106159266143,-3.5529884542128483,4.248347012311862,710.3422573430399,600
595,2797.543219909439,1601.3677833279723,276.4854520217097,-14.691283764266215,15816.286568811105,-3.5523831869922513,4.248347012311862,710.3422573430399,600
612,271.0834547827564,1670.2395272384645,276.4857375631253,-15.056225781664658,15783.101837382594,-3.550102770856392,4.248347012311862,710.3422573430399,600
571,2443.286075017399,1520.1677326252645,276.4990732894645,-14.742033906361055,15557.503266186803,-3.5344716261247546,4.248347012311862,710.3422573430399,600
319,677.042515719409,760.6402541927823,276.62002438817007,-14.99387429329643,15461.37999418535,-3.5277425089139998,4.248347012311862,710.3422573430399,600
549,2821.6060763677156,1436.1111010883808,276.5100094702853,-14.687138455359724,15362.50890994299,-3.5207772434822853,4.248347012311862,710.3422573430399,600
594,285.1968079054403,1601.3295254764641,276.4959827226687,-15.053906163276054,15361.835158104426,-3.5207296254265414,4.248347012311862,710.3422573430399,600
26,613.5304833108164,56.415020162139555,276.72557211160836,-15.000187235007528,15344.752546940406,-3.519521597266322,4.248347012311862,710.3422573430399,600
202,1171.9312928387376,452.4388902956671,276.6639686008319,-14.92114563276061,15278.133148130495,-3.514797600445455,4.248347012311862,710.3422573430399,600
629,638.8891401428383,1718.7181662953255,276.47697100285257,-15.003283849239075,15134.883159048157,-3.504569555446055,4.248347012311862,710.3422573430399,600
387,1385.2372990850786,941.7263739821109,276.5899489209473,-14.892340822736305,15104.091801694885,-3.502358415480489,4.248347012311862,710.3422573430399,600
706,916.7672304563267,1971.0473349275826,276.43811168096033,-14.964176757155425,15010.69216094137,-3.4956236703963635,4.248347012311862,710.3422573430399,600
674,2797.836142638485,1873.6161392362699,276.4448258709578,-14.692355832221054,14993.803359759913,-3.4944014012319604,4.248347012311862,710.3422573430399,600
685,1239.985228055284,1917.4571883210854,276.44478489971914,-14.917287771674987,14753.49862849625,-3.476859425653011,4.248347012311862,710.3422573430399,600
72,132.83818022919073,167.77341765604785,276.7109951051485,-15.070100207380472,14741.126942900592,-3.4759485893570656,4.248347012311862,710.3422573430399,600
264,2226.4073658048983,595.3019271783892,276.6380703302616,-14.769539147904988,14686.58959665033,-3.471924271734808,4.248347012311862,710.3422573430399,600
329,1404.8059250099202,774.8637457749204,276.61479410259864,-14.88883609908518,14608.227167937497,-3.4661156585893242,4.248347012311862,710.3422573430399,600
82,1034.9575324951095,179.60425565430214,276.70533235869505,-14.939815540287434,14599.50139771041,-3.465466934063519,4.248347012311862,710.3422573430399,600
497,1062.3420178215679,1288.3176269595454,276.53953006147964,-14.940373162024256,14437.70001100155,-3.4533669083561347,4.248347012311862,710.3422573430399,600
312,385.4614492767294,741.2112026792482,276.62416699123725,-15.035921664344734,14313.82753670687,-3.444011324583513,4.248347012311862,710.3422573430399,600
658,2314.5655478147846,1835.0662074096417,276.45261113399954,-14.761886164935389,14249.25644289283,-3.4391023803103042,4.248347012311862,710.3422573430399,600
397,376.7685497970109,979.1261519924985,276.5886313342275,-15.038144671937138,14202.540614380443,-3.4355369737506205,4.248347012311862,710.3422573430399,600
24,200.20832892441783,53.562925181677365,276.72778529616073,-15.05989977229829,14179.311801983451,-3.4337597558386825,4.248347012311862,710.3422573430399,600
197,1157.031608552898,438.43629937049695,276.6661252058212,-14.923240117424145,14103.204219830455,-3.427916360803041,4.248347012311862,710.3422573430399,600
561,2774.5121953666035,1474.1406147727118,276.5045352922879,-14.694083693463808,14053.392620564555,-3.424074823172147,4.248347012311862,710.3422573430399,600
493,1251.2694133746768,1277.3479313942485,276.540373751575,-14.913049280251341,13996.79130512377,-3.4196930921301916,4.248347012311862,710.3422573430399,600
408,1973.958633958641,1016.9575986859662,276.57619888894897,-14.807680525258027,13985.393818896438,-3.418808624811451,4.248347012311862,710.3422573430399,600
701,2132.5495245110696,1965.7350248526016,276.4338656963351,-14.788675137792442,13984.730880090618,-3.4187571572780806,4.248347012311862,710.3422573430399,600
585,418.84510691116265,1551.2141303755218,276.5029223332874,-15.03439139750729,13889.236861050478,-3.4113178346521,4.248347012311862,710.3422573430399,600
165,2539.6767519438145,375.97012891234783,276.66944762080414,-14.723459208790826,13845.50595662219,-3.407893951051334,4.248347012311862,710.3422573430399,600
35,110.13113759907125,84.26419172320497,276.7235820890188,-15.073043218844811,13693.095515595865,-3.395875967965017,4.248347012311862,710.3422573430399,600
477,770.6096089746355,1213.9666058424436,276.5518679754999,-14.982202813906705,13613.690808192536,-3.3895615809381563,4.248347012311862,710.3422573430399,600
565,205.56572391567607,1493.8058516648498,276.51238975838623,-15.064976019806126,13270.500248321798,-3.3618401101753848,4.248347012311862,710.3422573430399,600
213,2002.3179294221152,467.5888119718955,276.6581127092426,-14.801348105454615,13249.900160768011,-3.360153388630337,4.248347012311862,710.3422573430399,600
683,2054.925063964114,1914.491011645102,276.44184044052435,-14.799663877533744,13244.508910487231,-3.3597115236554433,4.248347012311862,710.3422573430399,600
453,597.0701589180575,1137.3580644108806,276.56404843696004,-15.00695923906959,13172.60439587495,-3.3538009968925198,4.248347012311862,710.3422573430399,600
610,2895.0769029362236,1657.9424541369735,276.47659629193294,-14.67745438488377,13126.782599606202,-3.3500176057795334,4.248347012311862,710.3422573430399,600
17,600.1898809008951,35.42585616382551,276.72876777298825,-15.002029316994232,13084.939298635174,-3.3465511547345694,4.248347012311862,710.3422573430399,600
519,2028.1386431914946,1358.9552951132966,276.5249006460599,-14.80125922059264,13077.151196836843,-3.3459047366404167,4.248347012311862,710.3422573430399,600
637,1250.8192766751079,1754.103046404758,276.4691455053438,-14.915057517806499,13000.591128029395,-3.3395296236165697,4.248347012311862,710.3422573430399,600
113,1258.6899526029092,261.7664625568489,276.6920845576556,-14.907842600336597,12999.90954142483,-3.339472699847075,4.248347012311862,710.3422573430399,600
446,1050.3891521505036,1115.6061689386595,276.5653892512944,-14.941395856507372,12972.013061069534,-3.3371403172338647,4.248347012311862,710.3422573430399,600
326,951.91903232398,771.0579854094879,276.6172973089163,-14.954213781368255,12938.801425398153,-3.3343569933029253,4.248347012311862,710.3422573430399,600
676,2896.138273334418,1877.5298705744672,276.4438275878811,-14.678200407240839,12912.542670757044,-3.3321512982872283,4.248347012311862,710.3422573430399,600
666,929.0491587398312,1852.8408743382743,276.45572578906376,-14.961921410220967,12834.874673626618,-3.3256009549198637,4.248347012311862,710.3422573430399,600
196,2760.817874192691,436.4441171621141,276.6594531417662,-14.6918170162701,12784.025856134365,-3.321290974906921,4.248347012311862,710.3422573430399,600
224,3082.1533675608766,492.616555204917,276.6496620843334,-14.645720892817872,12767.350607790286,-3.3198738361123508,4.248347012311862,710.3422573430399,600
349,1661.7530886908428,847.1037425616992,276.60290238903644,-14.85204132082957,12760.777863033,-3.3193147456084415,4.248347012311862,710.3422573430399,600
284,686.2725614318123,655.7841604462795,276.6356593231086,-14.99211458083776,12686.224520726479,-3.312952857217467,4.248347012311862,710.3422573430399,600
482,2472.7398316918648,1222.7308734337992,276.5433447762133,-14.736570494444452,12669.621823313995,-3.3115310034951335,4.248347012311862,710.3422573430399,600
171,290.79839161328175,395.587024448149,276.6762498041874,-15.048196593129559,12617.425138552848,-3.307048715706605,4.248347012311862,710.3422573430399,600
703,1534.1129903588712,1967.4301173540237,276.4361014352435,-14.875033340499746,12586.462043652951,-3.304381050214104,4.248347012311862,710.3422573430399,600
139,422.0660859347288,328.07588049906417,276.68578207670356,-15.028954001290318,12562.394752577413,-3.3023029647201945,4.248347012311862,710.3422573430399,600
623,929.0273097019087,1699.38254239851,276.47865885190186,-14.961299353569721,12544.138583409018,-3.300723982305176,4.248347012311862,710.3422573430399,600
167,379.54551871549546,382.8538125364712,276.6777739384903,-15.035320557396787,12516.263221325644,-3.298308593872651,4.248347012311862,710.3422573430399,600
455,2051.879763932208,1142.0755818629902,276.5571832540533,-14.796948636726256,12341.69430014363,-3.283058836228184,4.248347012311862,710.3422573430399,600
283,1612.2257558067909,653.0144561396838,276.6321060883901,-14.858398757715541,12255.170860120154,-3.2754203003204125,4.248347012311862,710.3422573430399,600
71,554.7569882102126,163.41838606753424,276.70982913229835,-15.009113195550992,12221.345209311112,-3.2724194028880644,4.248347012311862,710.3422573430399,600
325,3013.102327098725,768.5227538478364,276.6087976410878,-14.656802137833816,12133.895746243885,-3.2646225220160687,4.248347012311862,710.3422573430399,600
454,2463.285665736442,1140.785125062034,276.55561695343846,-14.73759915149354,12082.31545065483,-3.2599972997953013,4.248347012311862,710.3422573430399,600
44,1886.6440974315199,92.04308565803285,276.7147007361609,-14.816509034839878,12023.606301016232,-3.2547087424026406,4.248347012311862,710.3422573430399,600
279,2610.3593474743548,644.6728682302532,276.629032324533,-14.7143628729092,12018.690895514854,-3.2542647886702127,4.248347012311862,710.3422573430399,600
593,1331.5385223978801,1600.338977506814,276.49178121474074,-14.902777261707413,11992.624413069163,-3.2519074555149015,4.248347012311862,710.3422573430399,600
290,856.6730414159167,674.3468906202775,276.6321576925325,-14.967576494508268,11970.65342767397,-3.2499165174520317,4.248347012311862,710.3422573430399,600
116,919.4470250997979,267.20195501018145,276.6927405143741,-14.956854098780765,11872.197025321308,-3.240949612388172,4.248347012311862,710.3422573430399,600
134,2529.7041382929697,309.68000021964025,276.679386284929,-14.724626932796216,11870.420714933833,-3.2407871530904426,4.248347012311862,710.3422573430399,600
646,260.0303108955285,1787.9970160434088,276.46817591705144,-15.05830189859713,11836.264039357833,-3.2376584857670014,4.248347012311862,710.3422573430399,600
527,1068.4587401953356,1374.1436631507252,276.52667934612117,-14.939839481704515,11834.779703719076,-3.2375223196593628,4.248347012311862,710.3422573430399,600
628,1189.8500865691963,1712.3723180743623,276.4756339674984,-14.9236899412198,11783.08644016087,-3.232769533182427,4.248347012311862,710.3422573430399,600
622,585.7520517146282,1697.1503982946392,276.4804146914123,-15.01087202266866,11748.111321962147,-3.2295420068625575,4.248347012311862,710.3422573430399,600
97,2484.1807644905266,226.92764878231966,276.69193869567596,-14.730854803329832,11623.029233067355,-3.217920199287538,4.248347012311862,710.3422573430399,600
153,2464.71480721063,355.4503370812939,276.6728388202458,-14.734186655381606,11596.3845247422,-3.215428393293335,4.248347012311862,710.3422573430399,600
187,2869.1484454147935,421.1879912144943,276.6612549111299,-14.676135585184204,11548.598487130366,-3.210945080014438,4.248347012311862,710.3422573430399,600
475,610.8896496365091,1208.7930383444984,276.5533118021012,-15.005253430133125,11523.549360929173,-3.20858754017211,4.248347012311862,710.3422573430399,600
19,554.946343288591,39.78430938893329,276.7283121870528,-15.008583625143668,11460.49823307246,-3.2026306203816572,4.248347012311862,710.3422573430399,600
98,2600.91185447011,231.60396540687873,276.6907275266403,-14.714039148953104,11386.48059680598,-3.1955956500913834,4.248347012311862,710.3422573430399,600
366,1057.6462395437106,887.4970867853871,276.5994461333035,-14.93941920160947,11371.228579503484,-3.194140348089594,4.248347012311862,710.3422573430399,600
518,2312.0371437136196,1358.617582973105,276.52374566950243,-14.760303558438515,11366.544008190569,-3.1936929684062454,4.248347012311862,710.3422573430399,600
659,2945.5016718222055,1834.2697124633671,276.4500738499136,-14.67090739324676,11320.886335446325,-3.1893229490170514,4.248347012311862,710.3422573430399,600
305,2631.0285425961856,729.8374338838762,276.6162313923119,-14.711730096475089,11311.409918016288,-3.1884137270820574,4.248347012311862,710.3422573430399,600
722,2404.9759095340005,2042.189831528302,276.42131552917976,-14.749693747412147,11287.021427619853,-3.186070247848653,4.248347012311862,710.3422573430399,600
234,524.8914682558163,519.7360224750678,276.6566864738604,-15.014875881681586,11247.147076529393,-3.182227809926175,4.248347012311862,710.3422573430399,600
220,2441.7732065103173,483.9406179806452,276.65375850568626,-14.738019782998515,11206.5007893258,-3.1782969391763833,4.248347012311862,710.3422573430399,600
564,2332.6752846030063,1491.9064690136165,276.50376066550047,-14.757871418351694,11163.52083069901,-3.1741248417708867,4.248347012311862,710.3422573430399,600
37,407.5529996075199,84.35329714267495,276.72228602551945,-15.030061222608188,11156.130068889353,-3.1734057966561684,4.248347012311862,710.3422573430399,600
225,544.4345605892045,493.47018661488505,276.6605297496086,-15.011945604558404,11153.352229504206,-3.173135418279234,4.248347012311862,710.3422573430399,600
686,1831.7300604346588,1917.7008323576285,276.44229183519644,-14.831879775847803,11145.425321314367,-3.172363489723382,4.248347012311862,710.3422573430399,600
567,1530.4587290605716,1500.0548512126124,276.50592851692574,-14.873653860417853,11124.41364179342,-3.1703146964666478,4.248347012311862,710.3422573430399,600
332,2966.0736989372335,792.6910489132102,276.60539610762754,-14.663680294385331,11101.676729637838,-3.1680933163759044,4.248347012311862,710.3422573430399,600
43,1215.2157163835957,91.90628461806841,276.71765445735787,-14.913428776674607,11077.332690494077,-3.1657098722119033,4.248347012311862,710.3422573430399,600
206,2914.7600307821654,453.4709827054517,276.65623742217616,-14.669691623931076,11058.895135803788,-3.1639012239236095,4.248347012311862,710.3422573430399,600
428,499.8964672357762,1062.0092318088111,276.57572129289446,-15.020691494408858,11048.247453158547,-3.1628553560198656,4.248347012311862,710.3422573430399,600
540,300.73014627638423,1411.815459530817,276.5242544873966,-15.050890975032656,10910.902350354649,-3.1492735464729065,4.248347012311862,710.3422573430399,600
55,1544.3548824063896,123.94891376009097,276.7114322505382,-14.866040815319723,10740.696780331084,-3.1322030146092184,4.248347012311862,710.3422573430399,600
384,1463.2730954257427,929.7307285973976,276.5914083066296,-14.881026824996527,10592.454664714867,-3.1171134088255825,4.248347012311862,710.3422573430399,600
643,915.6884912547683,1771.2504648002073,276.4679740426286,-14.963518468143167,10588.879224197066,-3.1167468610646756,4.248347012311862,710.3422573430399,600
588,1906.8385908916364,1567.9642460744817,276.4942034824467,-14.819614017381978,10542.647609553649,-3.1119960999574188,4.248347012311862,710.3422573430399,600
678,602.1466318421388,1886.476470485611,276.45204648549293,-15.009274411379879,10479.19889668154,-3.105442082556911,4.248347012311862,710.3422573430399,600
199,556.2254448022383,441.7018015109311,276.6682187322812,-15.010031728512633,10473.82551742054,-3.1048852109169838,4.248347012311862,710.3422573430399,600
531,289.25792269862194,1385.0132595457746,276.5283096875067,-15.052439733120416,10437.750049054506,-3.1011391057188527,4.248347012311862,710.3422573430399,600
340,226.48546120769797,817.0020032843557,276.6135070519057,-15.059202319222393,10383.933374758577,-3.0955266064192193,4.248347012311862,710.3422573430399,600
487,836.2883161583518,1251.4860698323266,276.54598433485256,-14.972869150325842,10347.83518649597,-3.0917456313986373,4.248347012311862,710.3422573430399,600
200,1524.6836503380152,441.09464049117673,276.664140414249,-14.870171627367734,10306.018431205535,-3.0873491610776966,4.248347012311862,710.3422573430399,600
34,1171.0457775189006,82.00314029327642,276.71932657362976,-14.919766460129187,10251.06491492904,-3.081544333289644,4.248347012311862,710.3422573430399,600
41,476.76463913289655,87.59900834814623,276.7215016880873,-15.020073808757735,10241.671747270739,-3.0805490047411617,4.248347012311862,710.3422573430399,600
16,2479.127776419899,33.84020287530499,276.720784267678,-14.730796027673007,10171.381872234459,-3.0730717732398722,4.248347012311862,710.3422573430399,600
341,3070.9128061408624,818.5774562833593,276.6010778059722,-14.64867358854933,10159.653691624932,-3.071819135451092,4.248347012311862,710.3422573430399,600
58,2278.7957135151987,140.32099400750315,276.70577049159914,-14.76012628616899,10129.879996022908,-3.068632625305916,4.248347012311862,710.3422573430399,600
355,178.74666252793702,859.4805748262385,276.60735635298926,-15.06627395119754,10129.50666796451,-3.0685926106898744,4.248347012311862,710.3422573430399,600
581,1875.8554527509373,1547.4636727333093,276.49739526487053,-14.824000921526007,10107.174234868085,-3.066196255169651,4.248347012311862,710.3422573430399,600
223,1354.1670928477656,490.60422502227334,276.65748042850475,-14.894989112958372,10048.850559649058,-3.059912843319993,4.248347012311862,710.3422573430399,600
505,2763.5207445084548,1309.9640439341504,276.5290819193559,-14.694996896296233,9974.64820050291,-3.051865842387831,4.248347012311862,710.3422573430399,600
476,643.4896493285648,1211.5551175393437,276.5527621485883,-15.000555305600065,9952.248636987293,-3.049424917689782,4.248347012311862,710.3422573430399,600
75,1274.026073583129,171.20136086326792,276.70555012936364,-14.905259794501658,9941.272112159582,-3.048226777675497,4.248347012311862,710.3422573430399,600
101,83.93600198667595,238.09630426024776,276.70068773861584,-15.077453689874474,9923.894611961034,-3.046327232991237,4.248347012311862,710.3422573430399,600
254,2346.7433134442854,563.5936240418986,276.6422815472789,-14.752051463490636,9910.06364294031,-3.0448129829304253,4.248347012311862,710.3422573430399,600
307,767.0007946943374,731.0911887795279,276.624058583222,-14.980759549591946,9844.96227240545,-3.037657014505684,4.248347012311862,710.3422573430399,600
239,272.5761566731783,527.1025233119839,276.65666162867467,-15.051364033937565,9814.156878544716,-3.034254363701777,4.248347012311862,710.3422573430399,600
130,363.64296904779525,299.5572510752213,276.6902969546789,-15.037280150203255,9811.090903908596,-3.033915123175564,4.248347012311862,710.3422573430399,600
250,987.7134891573434,556.7430701344718,276.64917353821147,-14.948172377724832,9800.05031133414,-3.032692637220778,4.248347012311862,710.3422573430399,600
178,757.5825810427166,406.6729732226387,276.67259134492895,-14.980800814544226,9795.049477564287,-3.0321384592421734,4.248347012311862,710.3422573430399,600
526,3032.713272349875,1372.9923500918087,276.5185251099134,-14.656447759072934,9771.249769194867,-3.0294971608078254,4.248347012311862,710.3422573430399,600
577,195.3032951637542,1543.815146356996,276.5049543063207,-15.066662363741623,9680.284884056484,-3.0193422202439892,4.248347012311862,710.3422573430399,600
491,1479.3125672410026,1259.7473621102265,276.5420406259089,-14.880056575478957,9642.495029843005,-3.0150954332510587,4.248347012311862,710.3422573430399,600
615,130.47559126021503,1680.3977962653385,276.4847980689849,-15.07658619259809,9631.113919268886,-3.013813173631747,4.248347012311862,710.3422573430399,600
539,2008.7441456080803,1408.767094173224,276.51754506776757,-14.8042607611246,9619.785596114816,-3.012535355730568,4.248347012311862,710.3422573430399,600
93,676.8438510891859,218.14931837192103,276.70112013070525,-14.991697712804918,9560.554715020815,-3.005829602294817,4.248347012311862,710.3422573430399,600
364,2976.683709919699,882.3770910478711,276.5919679337279,-14.662517447399757,9445.345574928913,-2.9926665040209324,4.248347012311862,710.3422573430399,600
620,2439.089797898373,1692.5934958534544,276.4733540877271,-14.74334404066496,9379.991954311554,-2.9851280386986816,4.248347012311862,710.3422573430399,600
119,2710.7059940767545,281.81855031974567,276.68274995536564,-14.69841145199687,9353.700320283242,-2.9820805030319164,4.248347012311862,710.3422573430399,600
529,2577.0017926380183,1379.2804400629204,276.51953349987076,-14.722174664034888,9349.201448795735,-2.9815581682831107,4.248347012311862,710.3422573430399,600
188,39.31316517620188,422.9164465514259,276.6732366135906,-15.084653617932624,9339.211217395263,-2.980397368042625,4.248347012311862,710.3422573430399,600
466,256.81113380722064,1176.776396437574,276.5595816890256,-15.056281900421816,9305.88702053536,-2.976516313076912,4.248347012311862,710.3422573430399,600
680,2325.4417896665464,1889.8359495984955,276.4443897808542,-14.760541412537394,9296.665140059544,-2.9754398446179287,4.248347012311862,710.3422573430399,600
434,733.4273597400988,1089.8162565403886,276.5705811594833,-14.987068357442302,9280.411573409918,-2.9735399665538975,4.248347012311862,710.3422573430399,600
194,2003.6103106063188,431.51942582085366,276.6634933095222,-14.801014587744977,9238.72226764937,-2.968651653151725,4.248347012311862,710.3422573430399,600
645,2979.9539163490936,1786.9861951380906,276.4569828867002,-14.665747555845174,9143.838923943986,-2.9574432915634046,4.248347012311862,710.3422573430399,600
327,1688.5730711502886,771.0634313190084,276.6141450564701,-14.847860539834901,9140.838459040737,-2.9570869589535844,4.248347012311862,710.3422573430399,600
345,382.96544477976795,829.1082204794308,276.6110353979106,-15.036639525873472,9112.951057702361,-2.953769468651746,4.248347012311862,710.3422573430399,600
520,2392.719356043584,1362.3493390406793,276.52284540276713,-14.748681787342603,9060.27489646629,-2.9474753108949683,4.248347012311862,710.3422573430399,600
578,2647.665407644037,1544.815827098082,276.4945275459158,-14.7126620518604,9055.332324999268,-2.9468828572328967,4.248347012311862,710.3422573430399,600
324,729.4753787841601,766.952782543976,276.6188578622429,-14.986325861238177,9055.016321539704,-2.9468449676921034,4.248347012311862,710.3422573430399,600
572,74.14397459402548,1522.121908910989,276.508699288974,-15.084083994450245,9042.462261645007,-2.9453386363578153,4.248347012311862,710.3422573430399,600
521,118.39402110696783,1363.6119743923907,276.53222016009636,-15.077044562547936,9002.189357710711,-2.940492233845183,4.248347012311862,710.3422573430399,600
535,1239.0408224772684,1404.6880005322917,276.5213994468859,-14.915333722458636,8978.43505109183,-2.937623487450936,4.248347012311862,710.3422573430399,600
407,1663.3475430859069,1016.0093864153991,276.5776670945068,-14.852499754122855,8974.99144660402,-2.937206982432954,4.248347012311862,710.3422573430399,600
80,263.6417481822734,178.2222809457978,276.70887010627087,-15.051238437630555,8973.492593233706,-2.937025645739566,4.248347012311862,710.3422573430399,600
621,2048.9583375264806,1693.6666736334257,276.4748361514729,-14.79962243980296,8968.364795991161,-2.9364050371651356,4.248347012311862,710.3422573430399,600
410,2304.0319640038383,1023.2071250538792,276.5738515544492,-14.760088295268803,8948.154167125002,-2.9339555188369775,4.248347012311862,710.3422573430399,600
102,2916.135866885246,238.02066059055076,276.6883813940949,-14.66861337044019,8947.28612534178,-2.9338501887219737,4.248347012311862,710.3422573430399,600
547,1798.0882695466294,1429.9235138480874,276.51527620525775,-14.834742905436933,8943.483801187482,-2.933388685826832,4.248347012311862,710.3422573430399,600
603,2778.740084715621,1643.5643285226593,276.47923510297846,-14.694167330035333,8909.283179531922,-2.9292287818050315,4.248347012311862,710.3422573430399,600
170,1811.1445979520674,394.23963648091467,276.6698972350877,-14.828635466251557,8875.092224411375,-2.925054060709384,4.248347012311862,710.3422573430399,600
174,869.2304492621149,399.8983941116998,276.67312393194004,-14.964646581707647,8839.963230280555,-2.920748020476439,4.248347012311862,710.3422573430399,600
237,88.48388147108105,522.7588092683588,276.6580948939265,-15.077951894569349,8804.61007574934,-2.9163971925446908,4.248347012311862,710.3422573430399,600
586,690.9318535845068,1562.6009733624944,276.50009072868147,-14.995130771636994,8803.514637011103,-2.9162621006460205,4.248347012311862,710.3422573430399,600
322,1301.876856979761,765.3500323273317,276.6166559755052,-14.903657136013353,8768.158177243778,-2.9118928137086018,4.248347012311862,710.3422573430399,600
65,197.99760294593565,155.64564149769294,276.7125286625505,-15.060633634630141,8762.263212199789,-2.911162611385098,4.248347012311862,710.3422573430399,600
365,1292.0216990005379,882.8767025221164,276.59913853127944,-14.905558616525065,8609.960806644289,-2.8921248103124104,4.248347012311862,710.3422573430399,600
394,1243.7628074945014,963.1147811703582,276.58735553255855,-14.912852975817582,8570.218210990133,-2.8871015737212398,4.248347012311862,710.3422573430399,600
412,716.3353008077005,1026.865269844808,276.5800627929658,-14.989281156625497,8568.811482250807,-2.8869233446903877,4.248347012311862,710.3422573430399,600
277,1280.751780153138,628.9111192100795,276.63713198313843,-14.90615158227775,8545.619574390701,-2.883980762567636,4.248347012311862,710.3422573430399,600
662,1505.863849728952,1838.3385652334318,276.45550104931425,-14.87858390586531,8505.508938332612,-2.878872637312292,4.248347012311862,710.3422573430399,600
339,1014.3035484548867,814.1044415789333,276.6105983686525,-14.945379574373353,8430.662357585388,-2.869276115153193,4.248347012311862,710.3422573430399,600
575,292.06369738768785,1536.4477373717514,276.50565542152964,-15.052650055257015,8421.345265448792,-2.8680755572715717,4.248347012311862,710.3422573430399,600
273,1225.7967087001666,626.2235370020378,276.63776942539124,-14.914075245161637,8405.134613840957,-2.8659835574088715,4.248347012311862,710.3422573430399,600
398,3014.9026782084816,982.5757805120924,276.5768520471845,-14.657417836905696,8394.859593195375,-2.8646554660806145,4.248347012311862,710.3422573430399,600
129,1444.8604908836498,297.4245685045337,276.6859493833816,-14.8811095841314,8350.09010246233,-2.858849778555606,4.248347012311862,710.3422573430399,600
438,44.01546249616307,1102.834687977587,276.57152907411586,-15.086734842733966,8343.512280984607,-2.857994147861599,4.248347012311862,710.3422573430399,600
61,2344.136196078587,147.86269242912982,276.70435731542005,-14.750731716838548,8325.4168645647,-2.8556368450866554,4.248347012311862,710.3422573430399,600
479,1974.163681045725,1218.1583596076812,276.5461536604547,-14.80847197414119,8312.202698525274,-2.853912187127379,4.248347012311862,710.3422573430399,600
144,483.46359047492143,337.84349700723624,276.6840581682836,-15.02012238840763,8224.667634742684,-2.8424177660324785,4.248347012311862,710.3422573430399,600
381,802.4619720474449,925.9503254805521,276.5947824271618,-14.976430107642829,8218.089227874123,-2.841549004796442,4.248347012311862,710.3422573430399,600
59,1684.7333800869076,145.05319285877215,276.7076667633541,-14.845864394526977,8205.609829417139,-2.839899030904605,4.248347012311862,710.3422573430399,600
207,86.34382130086586,456.35025503710165,276.6680358192906,-15.077991601034249,8181.7312678529415,-2.8367349011043097,4.248347012311862,710.3422573430399,600
91,2161.640899560715,205.09375051314473,276.69661363636175,-14.777291230940165,8179.076790143212,-2.83638258811717,4.248347012311862,710.3422573430399,600
436,1300.229326678801,1102.0506569094641,276.5663574999962,-14.905266446352842,8152.195704531565,-2.8328083664221024,4.248347012311862,710.3422573430399,600
634,1923.3340530303055,1739.7595778797183,276.4684807610133,-14.817935451404589,8105.192268592073,-2.8265301777697083,4.248347012311862,710.3422573430399,600
379,1555.790221498032,922.9053351893026,276.592033040313,-14.867644405269195,8051.990301468235,-2.819379981826172,4.248347012311862,710.3422573430399,600
677,1152.749810549548,1883.335250368599,276.4502440074535,-14.929743555452893,8003.36702147004,-2.8128037075241674,4.248347012311862,710.3422573430399,600
555,469.68532658693,1459.4686236707425,276.51642738326586,-15.026672815000106,7912.107440112508,-2.8003523140460507,4.248347012311862,710.3422573430399,600
559,2267.7852449144398,1464.562917366938,276.50811754176124,-14.767119328372473,7910.115557206795,-2.8000789441917435,4.248347012311862,710.3422573430399,600
164,2633.680009883443,369.03050707478724,276.6700716119458,-14.709874582561573,7896.682809730992,-2.7982336086043436,4.248347012311862,710.3422573430399,600
378,1236.9589377434572,922.9357909844529,276.5933877919963,-14.91367169744927,7892.584409662697,-2.7976699622521934,4.248347012311862,710.3422573430399,600
684,814.4259133698927,1917.66391999709,276.4465111463946,-14.978739472220314,7887.228529435059,-2.796932935353682,4.248347012311862,710.3422573430399,600
530,2827.044854535097,1382.1133458747743,276.5180438559258,-14.686133449688255,7882.831759859924,-2.7963275182597935,4.248347012311862,710.3422573430399,600
201,149.22695622854,447.04020919584417,276.66916009633115,-15.068865221243865,7873.992998529575,-2.795109434751817,4.248347012311862,710.3422573430399,600
599,455.108882366238,1616.2149548517848,276.4930543597337,-15.029416454165656,7865.960208759992,-2.794001236865793,4.248347012311862,710.3422573430399,600
131,866.888636489081,301.2746507551941,276.68787481390785,-14.964583811329042,7852.512937634892,-2.7921435255548186,4.248347012311862,710.3422573430399,600
644,2087.344558851316,1777.1505509642327,276.46221037306213,-14.794425672808496,7799.955250747909,-2.784852151789848,4.248347012311862,710.3422573430399,600
338,1185.6233827089366,806.7996358480226,276.6109594942393,-14.920610967390074,7789.77058545145,-2.7834335429528445,4.248347012311862,710.3422573430399,600
54,1020.2187089220537,122.24580278694727,276.7139684162195,-14.94171083361639,7696.745736658166,-2.7703897235465647,4.248347012311862,710.3422573430399,600
504,2628.063469848338,1302.8998896923474,276.5307152723894,-14.714499313768332,7672.697304275585,-2.766992036988353,4.248347012311862,710.3422573430399,600
216,1904.7416181486053,473.69287613570623,276.65762478990365,-14.815452616702393,7618.880169121025,-2.7593497314874105,4.248347012311862,710.3422573430399,600
613,36.567894839748604,1671.1547108020968,276.48656681621435,-15.090120535167317,7568.669078659674,-2.752170667040892,4.248347012311862,710.3422573430399,600
217,728.0107807954756,475.6410890352587,276.6624089833147,-14.98535288215842,7553.877067014924,-2.75004665597144,4.248347012311862,710.3422573430399,600
88,2656.881309739924,197.98834513837912,276.69549856893684,-14.705830802448913,7548.781069779478,-2.74931394933692,4.248347012311862,710.3422573430399,600
557,1067.6438687480836,1463.1385755523374,276.51338433415214,-14.940319682515371,7527.068237136933,-2.746186506984851,4.248347012311862,710.3422573430399,600
624,1909.8337183021836,1697.784656964225,276.47480524377664,-14.819711946325002,7509.726132499811,-2.7436821222394485,4.248347012311862,710.3422573430399,600
337,1231.6444755604166,804.9407544565237,276.6110407837123,-14.913958522007535,7476.472850608232,-2.7388637755229266,4.248347012311862,710.3422573430399,600
179,2747.1180944654566,405.94851162772034,276.66406436844187,-14.693667847876588,7369.5659463796765,-2.7232266477443523,4.248347012311862,710.3422573430399,600
528,621.2282947503572,1376.5023125929913,276.5281986337602,-15.00444224786874,7339.0252839283785,-2.718717833803541,4.248347012311862,710.3422573430399,600
112,618.8062100438335,262.36769998136043,276.6947600515204,-15.00026181697265,7337.263660460652,-2.718457187751328,4.248347012311862,710.3422573430399,600
242,382.07334440716744,531.1860230356074,276.655584247644,-15.03555786179715,7313.320802746341,-2.714908435048089,4.248347012311862,710.3422573430399,600
435,1598.173394898343,1092.483797940145,276.566521886731,-14.862218150391122,7312.596399073838,-2.714800884692937,4.248347012311862,710.3422573430399,600
655,2659.1360044244557,1825.28923879212,276.4526218079224,-14.7121555593164,7301.053555696795,-2.713085709414291,4.248347012311862,710.3422573430399,600
68,289.73862372262437,160.77169514262962,276.71136730719525,-15.047396238033127,7296.04863831657,-2.7123411753085143,4.248347012311862,710.3422573430399,600
137,1557.854372384396,321.89869049654084,276.6818027114132,-14.864898105347441,7236.586861653253,-2.703456322454917,4.248347012311862,710.3422573430399,600
267,2653.550088846634,613.5172750366901,276.63349439673414,-14.708007425959034,7230.768774236436,-2.7025830587223587,4.248347012311862,710.3422573430399,600
268,2440.285643521368,618.2353174786132,276.63371795590547,-14.73878242459332,7227.059877683583,-2.702026006421848,4.248347012311862,710.3422573430399,600
260,3071.7561993265194,585.0041519872057,276.6359233034488,-14.647597163019384,7214.5587194947875,-2.700146305286435,4.248347012311862,710.3422573430399,600
244,2573.3854283746437,536.451558097778,276.6453462670474,-14.719252965397864,7212.6669908480835,-2.6998615771849535,4.248347012311862,710.3422573430399,600
616,2141.1537933596724,1684.3280733130705,276.47584290238115,-14.786283860767028,7204.7485975896125,-2.6986689519108955,4.248347012311862,710.3422573430399,600
109,708.4032153181281,256.2366307468404,276.69529043424984,-14.987293449653635,7188.4318248574855,-2.6962072696462034,4.248347012311862,710.3422573430399,600
562,1962.2552409763616,1476.5164800427078,276.50762527766443,-14.811244799413652,7105.758745043713,-2.6836480195983468,4.248347012311862,710.3422573430399,600
403,67.25414738170974,998.1623088029049,276.58708587845507,-15.082950888604307,7064.513001775835,-2.677327445931467,4.248347012311862,710.3422573430399,600
36,2163.5955087086595,83.84259954645715,276.7147095001863,-14.776515009477489,7060.05990894814,-2.6766428398485886,4.248347012311862,710.3422573430399,600
259,2574.4750157418825,585.1328782028169,276.63807531815934,-14.719294577592889,7050.496590455819,-2.67517114130644,4.248347012311862,710.3422573430399,600
374,2348.2435640787626,905.9910651517872,276.59116010951453,-14.75323261937663,7037.515019089857,-2.6731702108122706,4.248347012311862,710.3422573430399,600
133,1574.8669361440736,308.9781429487459,276.6836589307188,-14.862389805469196,7023.578940420062,-2.6710180439663516,4.248347012311862,710.3422573430399,600
183,1446.0382019669955,416.7339155301724,276.66811989667355,-14.881425300540748,7020.228762794868,-2.6705000349924446,4.248347012311862,710.3422573430399,600
104,1553.5938859959433,249.14316308859912,276.69268974233745,-14.865216852807496,7019.616911560181,-2.670405403035192,4.248347012311862,710.3422573430399,600
642,2201.202515623095,1769.3646378963795,276.4628950793748,-14.777969157766288,6995.922163474606,-2.666734296239907,4.248347012311862,710.3422573430399,600
653,1486.3659019149381,1811.0548305538546,276.4596576329218,-14.881286921905163,6984.208884691994,-2.664914923619897,4.248347012311862,710.3422573430399,600
489,1072.6497282198673,1257.8978294772737,276.54403235169025,-14.93876081799671,6962.131130289985,-2.661477371219463,4.248347012311862,710.3422573430399,600
310,2846.0587729508384,735.175287806994,276.6145004604035,-14.680747197446916,6946.042676501209,-2.6589654922638295,4.248347012311862,710.3422573430399,600
23,2188.5634839790814,50.801117738505425,276.7195331792069,-14.772778267325702,6898.104772552149,-2.651446340057163,4.248347012311862,710.3422573430399,600
470,2330.9943117567623,1202.6223566558313,276.54695217936074,-14.756931969814381,6869.286442806886,-2.646900940108152,4.248347012311862,710.3422573430399,600
22,1133.944892975511,50.569373296772696,276.72418539734383,-14.924996041639014,6852.608485851844,-2.6442616733453144,4.248347012311862,710.3422573430399,600
162,1180.808257110026,365.2793186806558,276.6769543584109,-14.919509177293717,6846.200762910885,-2.643245950421063,4.248347012311862,710.3422573430399,600
605,2191.9256084335525,1648.531390349601,276.4809734798934,-14.778813545403809,6836.2472593653365,-2.64166627972875,4.248347012311862,710.3422573430399,600
514,1023.6612174216258,1342.182390658193,276.5316433785174,-14.946178216600556,6826.796545170946,-2.640164274122252,4.248347012311862,710.3422573430399,600
421,558.3579635534461,1051.6236677240724,276.57702783225415,-15.012203151994283,6772.29605330003,-2.631461712010046,4.248347012311862,710.3422573430399,600
544,1047.5036761681797,1420.1688753264546,276.51988962158555,-14.943052904936913,6731.21457660204,-2.6248554619127944,4.248347012311862,710.3422573430399,600
481,1377.8825248760702,1221.9255775404247,276.5481195185275,-14.894544334142658,6724.226902412658,-2.62372777367628,4.248347012311862,710.3422573430399,600
107,1495.799328553076,251.45343801416328,276.6925959519505,-14.87356899038217,6654.893509913585,-2.61247465000379,4.248347012311862,710.3422573430399,600
433,641.8651586208568,1080.1563503752016,276.5724108435716,-15.000255434895344,6642.276346620056,-2.6104142243270267,4.248347012311862,710.3422573430399,600
295,2222.4000256703034,686.0800001993867,276.6245344345403,-14.770487599241472,6629.299483035982,-2.608290971551547,4.248347012311862,710.3422573430399,600
541,2348.627274258585,1415.0384037208426,276.515167686192,-14.755256493848131,6557.438103983004,-2.596457373921803,4.248347012311862,710.3422573430399,600
278,3045.135445658776,640.9339225551882,276.62769485028446,-14.651663044195516,6527.642629958747,-2.591512799034492,4.248347012311862,710.3422573430399,600
627,1761.8504419714507,1709.4448028143038,276.4736840680227,-14.841113126130933,6475.903621125093,-2.582872815687632,4.248347012311862,710.3422573430399,600
342,1420.178442607035,819.619328868226,276.60804203999476,-14.886799213558824,6473.685724608076,-2.5825009041920346,4.248347012311862,710.3422573430399,600
154,1445.7797998123917,357.593696031897,276.67695632801616,-14.881221821521343,6463.020543580467,-2.5807107150116826,4.248347012311862,710.3422573430399,600
67,1307.097982695918,157.65504348431674,276.70743035586764,-14.90042966573036,6460.025076351012,-2.5802073836182817,4.248347012311862,710.3422573430399,600
429,2424.4840191950516,1062.849538690788,276.5674167789405,-14.742876878384477,6453.838499221776,-2.579167107600606,4.248347012311862,710.3422573430399,600
86,1636.6756592375823,192.73430009435157,276.70075424770283,-14.852994935347715,6449.997204754618,-2.578520690101964,4.248347012311862,710.3422573430399,600
198,1091.3920575831985,439.683435960143,276.66622166963003,-14.932723668244211,6424.074023482623,-2.5741482155381306,4.248347012311862,710.3422573430399,600
492,1203.8950479881619,1277.9933689691507,276.54047694381853,-14.91989185399793,6408.110955044976,-2.571446931179922,4.248347012311862,710.3422573430399,600
377,278.860208623785,920.7955109657894,276.59776556977437,-15.05205535021694,6346.006802471646,-2.560873207285122,4.248347012311862,710.3422573430399,600
376,912.1951676015887,915.7782407274706,276.595837495346,-14.9605397293883,6336.404934335966,-2.559229182776777,4.248347012311862,710.3422573430399,600
168,566.6789741072532,390.975930911347,276.6757574732161,-15.008315322419167,6282.922143586504,-2.5500260692402326,4.248347012311862,710.3422573430399,600
261,948.6306615087794,588.0392663148609,276.64466381241687,-14.953944073074608,6229.115688274906,-2.540687865904703,4.248347012311862,710.3422573430399,600
401,1195.4687413912177,991.9273208056296,276.5832556750589,-14.91994323981848,6224.35682795709,-2.5398580785204694,4.248347012311862,710.3422573430399,600
356,1445.6938192049267,862.6733528722511,276.60150101690823,-14.883291258616605,6221.695425199228,-2.5393937415058208,4.248347012311862,710.3422573430399,600
552,850.6991640707055,1445.3729681214813,276.5169463015291,-14.971577120921557,6212.560233498865,-2.5377984051345512,4.248347012311862,710.3422573430399,600
486,3037.084671899905,1247.6163758890702,276.53721212470737,-14.655304588882306,6198.42526367621,-2.535325296914638,4.248347012311862,710.3422573430399,600
584,2900.923917905783,1550.4991652243916,276.49260305056436,-14.676171724247352,6155.247955825471,-2.5277357555023805,4.248347012311862,710.3422573430399,600
132,60.44938721577953,303.029607796365,276.69107687233407,-15.0811119607295,6152.553538197884,-2.527260377862082,4.248347012311862,710.3422573430399,600
635,1946.6475583243882,1746.7981602509624,276.4673320631126,-14.814600437198544,6144.6803496652865,-2.525870112850833,4.248347012311862,710.3422573430399,600
301,1877.7670347096173,715.1988399350048,276.6216746891825,-14.820329588753024,6137.783653608407,-2.524650814607885,4.248347012311862,710.3422573430399,600
633,2044.6057070972731,1735.4540757968234,276.46861517945564,-14.80042110036213,6095.020272443129,-2.517059760163785,4.248347012311862,710.3422573430399,600
600,704.5851104261487,1628.3297108275026,276.49020950252293,-14.993426185940153,6087.424591502582,-2.5157058600299953,4.248347012311862,710.3422573430399,600
661,1792.4171028472294,1836.5101460492647,276.4545803221769,-14.837221011836698,6082.313739317644,-2.514793919702317,4.248347012311862,710.3422573430399,600
79,571.93985428459,176.7639645037056,276.7077597661097,-15.006684888711813,6081.225957903953,-2.514599725627853,4.248347012311862,710.3422573430399,600
122,1910.0675017642288,288.3110547679549,276.6852867968574,-14.813928583306152,6025.245406434173,-2.5045587247679886,4.248347012311862,710.3422573430399,600
282,2945.8034077940856,652.2010547604938,276.62644741647904,-14.666028235457317,6006.885299734015,-2.501245222192874,4.248347012311862,710.3422573430399,600
473,233.12034497541458,1207.8420113636278,276.555035499592,-15.059831677949797,5970.13009471033,-2.4945813613279775,4.248347012311862,710.3422573430399,600
126,1037.3110429865808,295.19131067619077,276.68804812809066,-14.939945744059385,5942.786838257161,-2.4895972561272135,4.248347012311862,710.3422573430399,600
574,3003.2612426678593,1532.999623726209,276.4947782291196,-14.661348008286945,5920.511452417879,-2.4855199378787796,4.248347012311862,710.3422573430399,600
249,2638.4095312069,555.1641970000819,276.64226968670675,-14.709952438278464,5917.770249662164,-2.485017124513706,4.248347012311862,710.3422573430399,600
396,2488.0979774696534,978.7958371639187,276.57968996967827,-14.733358999038963,5908.618036991393,-2.483336663768946,4.248347012311862,710.3422573430399,600
484,921.118763426287,1233.2881189161853,276.5483475768662,-14.960543329618746,5905.396307306713,-2.482744494410526,4.248347012311862,710.3422573430399,600
311,2750.8883255243204,737.8460079134753,276.614515628384,-14.69447975392588,5878.188365087786,-2.4777306210871513,4.248347012311862,710.3422573430399,600
657,1919.2142865599496,1833.418068489932,276.4545126148375,-14.81891240716933,5875.66151479946,-2.477263796529693,4.248347012311862,710.3422573430399,600
393,2819.6689683641234,960.746832839259,276.580953571944,-14.685473815614792,5830.807303802634,-2.4689435968363314,4.248347012311862,710.3422573430399,600
247,662.7919129516752,550.3537891068266,276.65151986021783,-14.995077917585409,5800.316967921914,-2.463251191421553,4.248347012311862,710.3422573430399,600
400,1410.9894106605523,988.7265270405447,276.5828176544718,-14.888814700885904,5796.877461070893,-2.4626071740694213,4.248347012311862,710.3422573430399,600
330,1462.8280304141367,787.8013056680354,276.6126128785561,-14.880512811345373,5780.8854767880985,-2.4596077885305583,4.248347012311862,710.3422573430399,600
28,656.5747837757558,63.852408195428076,276.72427377527987,-14.993998909191156,5771.387817753013,-2.4578225200668906,4.248347012311862,710.3422573430399,600
700,140.09599840215503,1965.1902637483838,276.44217224204476,-15.076353920161663,5765.861375075416,-2.45678236582263,4.248347012311862,710.3422573430399,600
368,1611.4980179783925,893.6987027596847,276.59615769006115,-14.859484621761483,5753.162651791121,-2.4543885051661753,4.248347012311862,710.3422573430399,600
543,1770.8525932038647,1416.8650135591422,276.5173413808671,-14.838619908245432,5747.857162704633,-2.4533867919117562,4.248347012311862,710.3422573430399,600
591,744.6613486419225,1587.0389556111995,276.4962147155458,-14.987469372049176,5718.029040689173,-2.447737765839883,4.248347012311862,710.3422573430399,600
336,2409.3801001789143,803.8757013450439,276.6061401406653,-14.743997733778011,5700.19862944918,-2.4443468475075276,4.248347012311862,710.3422573430399,600
558,535.6666163772765,1464.2288738065822,276.515441271896,-15.017159700491604,5691.137429923168,-2.4426195568003415,4.248347012311862,710.3422573430399,600
108,2605.277117254682,252.6760774630266,276.6875630990491,-14.713495620531681,5689.773673003074,-2.442359352629281,4.248347012311862,710.3422573430399,600
184,2025.1049135475591,416.58648202693774,276.66562972426954,-14.797852342567024,5685.56257589662,-2.4415554835041755,4.248347012311862,710.3422573430399,600
20,2528.444262544675,42.10556985152868,276.71933263523425,-14.723717074063723,5673.099916416337,-2.439172955447859,4.248347012311862,710.3422573430399,600
550,1664.0178283960875,1438.172129447132,276.51460972236345,-14.854124749637448,5657.857120340108,-2.436251813748867,4.248347012311862,710.3422573430399,600
480,293.3292975079062,1221.6774117039645,276.5527151391317,-15.051187384208577,5654.919657388295,-2.4356879716416175,4.248347012311862,710.3422573430399,600
363,840.7759401345079,881.9714460043817,276.60119324387455,-14.970717230580254,5646.811780192074,-2.43413015417365,4.248347012311862,710.3422573430399,600
204,2744.7122865011975,453.16883536061925,276.6570276716574,-14.694207546657555,5639.1981919458485,-2.432665269828973,4.248347012311862,710.3422573430399,600
420,574.7882786795002,1044.6029501293388,276.5780081783495,-15.009800940124391,5630.886721673771,-2.431063850515041,4.248347012311862,710.3422573430399,600
266,773.5598744134306,613.1569223341821,276.6416586089243,-14.979332495664089,5629.093511887826,-2.4307180323584543,4.248347012311862,710.3422573430399,600
103,2174.07670468515,246.21916451693556,276.6904186446701,-14.775664803418657,5627.701466444123,-2.430449502257744,4.248347012311862,710.3422573430399,600
152,206.9464053374859,354.8784718560241,276.6826959954907,-15.06014917485513,5627.246608911606,-2.4303617443599697,4.248347012311862,710.3422573430399,600
241,2433.555063252555,530.3808765002111,276.6468618503585,-14.739394601370181,5618.140015589248,-2.428603270318377,4.248347012311862,710.3422573430399,600
190,938.6764379026364,426.10661115507133,276.66890808007963,-14.95472303458842,5588.019013907819,-2.4227665620007595,4.248347012311862,710.3422573430399,600
157,268.22874642254556,358.94395330473657,276.6818257853926,-15.051309353305244,5567.579336329887,-2.4187879098304603,4.248347012311862,710.3422573430399,600
640,1143.5557535892228,1760.3586717543833,276.4686565983977,-14.930569713196613,5563.26680450968,-2.417946595143974,4.248347012311862,710.3422573430399,600
617,2547.983870256403,1685.6849918634941,276.47392558093605,-14.72761207878997,5546.297379165189,-2.4146297532778696,4.248347012311862,710.3422573430399,600
372,214.1316117867794,905.6659791582676,276.60030068031824,-15.06134784576568,5542.254253484018,-2.413837987450843,4.248347012311862,710.3422573430399,600
618,2111.7540644678124,1685.8725247490393,276.4757359499259,-14.790531354630893,5527.353929809062,-2.410915060030225,4.248347012311862,710.3422573430399,600
47,2601.2577158568865,99.80105530485754,276.71039909950065,-14.713451515572327,5503.709294650704,-2.4062605901512697,4.248347012311862,710.3422573430399,600
675,2579.2028323913764,1877.1807568870727,276.44521384642576,-14.723893668904806,5463.988443444541,-2.3983963043512406,4.248347012311862,710.3422573430399,600
221,1709.3651681427598,488.29429844693215,276.65629077104194,-14.843707404124821,5437.131527617574,-2.3930464715017705,4.248347012311862,710.3422573430399,600
611,1041.50643024956,1666.204707587178,276.483149446792,-14.944921287436948,5396.981209412741,-2.384999139019302,4.248347012311862,710.3422573430399,600
650,2214.5339122915416,1806.1983816510847,276.45734025045095,-14.776196686977496,5395.7616183004575,-2.384753760388053,4.248347012311862,710.3422573430399,600
50,2041.1434546225805,105.66769665661158,276.71198843137404,-14.794270997855504,5394.877546923759,-2.3845758527982017,4.248347012311862,710.3422573430399,600
478,2561.9041976387057,1217.1424440167036,276.54379749113235,-14.723689053202989,5372.838322686905,-2.3801313044122976,4.248347012311862,710.3422573430399,600
413,1578.5460230352046,1030.0337195603197,276.5759336801663,-14.86479649628146,5364.634509302443,-2.378472221482608,4.248347012311862,710.3422573430399,600
222,187.23262363636178,490.65963039777535,276.6624749246523,-15.063549577794065,5347.825145695126,-2.3750648714968805,4.248347012311862,710.3422573430399,600
516,1538.7046165346806,1354.0222037631618,276.5277072264623,-14.871868090721046,5335.664833679388,-2.372593226604823,4.248347012311862,710.3422573430399,600
246,857.1455014013698,540.3884968820532,276.6521775686019,-14.966963402122254,5328.641393314174,-2.3711631092719783,4.248347012311862,710.3422573430399,600
272,169.2035531755999,624.2790816433595,276.6425695181366,-15.066697807559017,5308.244129046274,-2.366999094271124,4.248347012311862,710.3422573430399,600
151,80.87170561927549,354.589166607197,276.68327831241237,-15.078369429106175,5302.563268459693,-2.365836521740819,4.248347012311862,710.3422573430399,600
123,631.8270933859336,288.17049134991663,276.69084660280794,-14.998485570103197,5292.691553182318,-2.3638133364637226,4.248347012311862,710.3422573430399,600
464,1215.0714675475342,1174.4904186986694,276.5558946426012,-14.917856495078789,5291.803608378861,-2.363631169282674,4.248347012311862,710.3422573430399,600
142,327.3725125816279,332.0575775739763,276.68559283533654,-15.042653347316817,5284.571466817521,-2.362146312874101,4.248347012311862,710.3422573430399,600
195,629.8520405010834,432.287862563078,276.6693105466379,-14.999356597416611,5271.526740256988,-2.3594629086769157,4.248347012311862,710.3422573430399,600
525,1678.0236064146052,1369.3219601508556,276.52483394266073,-14.851822537156675,5269.191250008997,-2.3589817789546443,4.248347012311862,710.3422573430399,600
579,2350.283760564206,1545.5788874720754,276.4956740534597,-14.755551052938616,5263.601426424284,-2.357829363901893,4.248347012311862,710.3422573430399,600
495,2028.7456488105047,1286.1033115891262,276.5357760619036,-14.800874226363028,5258.022884242993,-2.3566780538750938,4.248347012311862,710.3422573430399,600
360,294.13060222857024,876.0936344695826,276.6043853561495,-15.049667045783442,5254.450087213947,-2.3559400514570945,4.248347012311862,710.3422573430399,600
51,696.7719825140368,111.60025636851405,276.71696184549546,-14.98838591203597,5227.9079967940925,-2.3504417141793024,4.248347012311862,710.3422573430399,600
166,2335.373896425866,377.9704819570843,276.6700426072279,-14.752934106549798,5215.190602797025,-2.347797337745108,4.248347012311862,710.3422573430399,600
714,296.812419829827,2000.422616715121,276.43626396581533,-15.053851152576629,5213.6256660998915,-2.3474714889816095,4.248347012311862,710.3422573430399,600
185,2932.0194694651404,420.04359606808697,276.66114973850296,-14.66706686080248,5213.3962485810625,-2.347423711791099,4.248347012311862,710.3422573430399,600
83,1161.629401900004,180.71441296427324,276.7046169059438,-14.9215276832726,5205.282238551939,-2.3457325805701186,4.248347012311862,710.3422573430399,600
215,2194.8969566695837,472.4062452516609,276.6565560499979,-14.773583511368155,5204.754620727326,-2.3456225225976652,4.248347012311862,710.3422573430399,600
276,1138.1148590605067,629.1586631034803,276.6377069091031,-14.926747813675464,5186.066268830444,-2.341717029017157,4.248347012311862,710.3422573430399,600
463,2714.2495402985483,1168.6089763450072,276.55038792808995,-14.701522982821894,5141.885891128797,-2.3324279603880327,4.248347012311862,710.3422573430399,600
258,1523.6953222004813,578.5758504286238,276.6436069930451,-14.87087422427612,5116.306099841837,-2.3270131732405,4.248347012311862,710.3422573430399,600
27,466.0249254861142,59.62426247391355,276.7257307617102,-15.021511970501905,5107.267285516427,-2.325093341465781,4.248347012311862,710.3422573430399,600
265,991.6071388215997,612.925717641596,276.6407604655261,-14.947838638536004,5068.657263983274,-2.316854188510341,4.248347012311862,710.3422573430399,600
452,2074.446694910985,1136.1919972996875,276.557965461237,-14.793668824047167,5047.725911264191,-2.312361286353932,4.248347012311862,710.3422573430399,600
660,2444.4925621339767,1835.9558048944025,276.451932823859,-14.74315115340257,5044.800567367347,-2.3117318796586224,4.248347012311862,710.3422573430399,600
462,278.54116112483877,1167.3759032565968,276.5608964011245,-15.053103583870234,5031.776880859281,-2.3089253124670166,4.248347012311862,710.3422573430399,600
388,1318.6810099965714,942.3125412150844,276.5901448210968,-14.90195179232022,5009.3927554449765,-2.304084582449937,4.248347012311862,710.3422573430399,600
614,668.7677629503006,1676.3128954251179,276.4831858650282,-14.998795232711347,5006.60348739539,-2.303479867889134,4.248347012311862,710.3422573430399,600
592,2695.131606925981,1596.381872679492,276.4866305810132,-14.706028900535479,5000.244264350913,-2.302099924915233,4.248347012311862,710.3422573430399,600
568,2721.0202009463947,1501.4147311268764,276.5006928669119,-14.701907698724545,4992.919609968085,-2.3005083080909814,4.248347012311862,710.3422573430399,600
106,991.7225843542705,252.559183558501,276.69461653510393,-14.9463561355272,4970.088381537353,-2.295532153355454,4.248347012311862,710.3422573430399,600
226,2678.9142943186916,497.1814007280185,276.6507468297298,-14.703874900950574,4967.827218943741,-2.295038080708072,4.248347012311862,710.3422573430399,600
669,2836.323574912794,1861.6872618603068,276.44644365601454,-14.686758406456983,4930.485237907502,-2.286846031146445,4.248347012311862,710.3422573430399,600
145,538.778548525678,341.2767302645933,276.6833073724086,-15.012144326640255,4927.743087604584,-2.286242017556732,4.248347012311862,710.3422573430399,600
53,775.6011326266106,121.92690191977928,276.71507685768967,-14.977040621477895,4922.625924515189,-2.2851139603794306,4.248347012311862,710.3422573430399,600
74,1526.954662802617,170.51850114292114,276.70455121199393,-14.868742126904712,4894.666250916722,-2.278929584599845,4.248347012311862,710.3422573430399,600
127,1966.6884770956888,296.16122215434217,276.683867482826,-14.805790332754816,4884.837035475881,-2.2767470732085133,4.248347012311862,710.3422573430399,600
710,2538.4097363206215,1989.8291349425024,276.4285726836193,-14.730236966179644,4884.051591561234,-2.276572481209498,4.248347012311862,710.3422573430399,600
358,492.51340624729016,866.2283158476604,276.6050221580368,-15.020962180954136,4863.9879872077145,-2.272103108218292,4.248347012311862,710.3422573430399,600
498,361.18559731060776,1289.0749446599152,276.54235451053586,-15.041656360361854,4834.0867379811825,-2.2654079707511254,4.248347012311862,710.3422573430399,600
641,1361.1813086121622,1762.9222378989964,276.46736881459464,-14.899160987067981,4789.765306243382,-2.25540745888182,4.248347012311862,710.3422573430399,600
390,591.9225289226066,950.5410946450006,276.59199735869646,-15.006943084376422,4776.286235028412,-2.252347737690297,4.248347012311862,710.3422573430399,600
431,84.5088878369559,1066.9531989757804,276.5767257589077,-15.080736475804091,4769.327367076767,-2.250764707718071,4.248347012311862,710.3422573430399,600
263,809.8871928902139,590.604303217932,276.6448742862065,-14.973993537930276,4763.366665267851,-2.2494069067478084,4.248347012311862,710.3422573430399,600
705,1754.2243739730961,1968.5492145073433,276.4350207439488,-14.843271538214896,4757.467694322928,-2.2480614937507153,4.248347012311862,710.3422573430399,600
236,1575.1365438807309,520.9393862475389,276.65199490636326,-14.863214139950754,4745.752673994051,-2.2453846268233764,4.248347012311862,710.3422573430399,600
443,774.8518335334121,1112.4429231946897,276.5670245902408,-14.981176921926796,4745.329761430039,-2.24528786831651,4.248347012311862,710.3422573430399,600
460,1656.5936260421663,1157.7151313178897,276.55653026399074,-14.854052324948931,4706.935645596939,-2.236467525451538,4.248347012311862,710.3422573430399,600
350,1350.2891911835638,847.5634818987296,276.6041659011467,-14.897002563919875,4700.7476314061205,-2.2350392137591406,4.248347012311862,710.3422573430399,600
177,2916.918819058197,406.01267593693746,276.6633097484996,-14.66918654845183,4689.522897389426,-2.2324435258334363,4.248347012311862,710.3422573430399,600
347,2529.5340367829554,832.3856347663655,276.6013650265974,-14.726785251854595,4685.709206526808,-2.2315602063751454,4.248347012311862,710.3422573430399,600
424,882.9335017076519,1056.0151763718418,276.5750023484763,-14.96533660187946,4681.812898241333,-2.2306570084606743,4.248347012311862,710.3422573430399,600
96,1140.7542127595884,227.05564906368332,276.6977825570194,-14.92473057540299,4680.082549314015,-2.2302556575784362,4.248347012311862,710.3422573430399,600
598,1278.2633293028027,1612.6595989265193,276.49016312801217,-14.910518694832904,4676.103648242715,-2.2293321964335906,4.248347012311862,710.3422573430399,600
654,1789.120680302099,1812.778927728285,276.4581380574827,-14.837599791134656,4668.338757178339,-2.2275277815890715,4.248347012311862,710.3422573430399,600
56,1510.033439917715,129.3392669165431,276.7107767549706,-14.87101713462523,4613.005098295689,-2.214581710518452,4.248347012311862,710.3422573430399,600
721,2052.028645670773,2035.1517869398365,276.4238372514569,-14.800574861082712,4610.59706973366,-2.2140147988490937,4.248347012311862,710.3422573430399,600
136,647.278353686679,321.33593729641285,276.6858221219359,-14.996388172020467,4606.76976945909,-2.2131131446595846,4.248347012311862,710.3422573430399,600
328,2613.604051636256,774.6374428720654,276.60962044997655,-14.714425734791886,4599.719002405414,-2.211450127466418,4.248347012311862,710.3422573430399,600
161,1152.5873907386697,364.54899718449974,276.6771853891106,-14.923581215813899,4586.348999983573,-2.208289622681634,4.248347012311862,710.3422573430399,600
448,905.0047602681437,1121.878766075982,276.5650656171656,-14.962417022380997,4563.384936446033,-2.2028396352357937,4.248347012311862,710.3422573430399,600
203,2134.986333466793,453.34297769978883,276.6596631022213,-14.78214882256477,4549.510513483197,-2.1995335564920655,4.248347012311862,710.3422573430399,600
114,1343.0295467425651,261.25052839495265,276.69179581107045,-14.895663504153278,4539.224131998606,-2.197075942314089,4.248347012311862,710.3422573430399,600
647,472.5887696512046,1788.935260501105,276.4671609630964,-15.027593851094455,4532.391159329563,-2.195440333444517,4.248347012311862,710.3422573430399,600
138,775.8059395425756,323.70900679743403,276.6849141425116,-14.977831202257759,4526.483548238466,-2.1940242396444467,4.248347012311862,710.3422573430399,600
297,591.9729971253107,705.596025192931,276.62861461388144,-15.005939841838352,4503.3213311196305,-2.1884542161057707,4.248347012311862,710.3422573430399,600
208,715.7085388902756,456.9371249275455,276.6652576227099,-14.987053947310056,4495.253240488062,-2.1865072809818678,4.248347012311862,710.3422573430399,600
373,1719.359461892986,906.1209061221775,276.59384082629725,-14.8439679089161,4476.9921734780655,-2.1820877119549094,4.248347012311862,710.3422573430399,600
702,694.5996393712782,1967.9962307665871,276.4394814536254,-14.996251615920638,4468.769077361911,-2.1800916569668978,4.248347012311862,710.3422573430399,600
180,1216.6012955702847,410.0200526885454,276.6701143988344,-14.914522982534693,4468.014886232384,-2.179908402538926,4.248347012311862,710.3422573430399,600
619,2592.873006870023,1687.5059432974153,276.4734641630125,-14.721146480314497,4457.50579696137,-2.1773516656541543,4.248347012311862,710.3422573430399,600
333,558.1361107657749,794.4364703141852,276.6154770989281,-15.01118943531335,4403.502820663794,-2.1641175712075427,4.248347012311862,710.3422573430399,600
169,1402.1249365210242,392.7856596883583,276.6718876997171,-14.88766726271187,4387.731242936512,-2.160221919882222,4.248347012311862,710.3422573430399,600
576,2562.6906180753626,1540.0873140947792,276.4955938314787,-14.724895873698062,4382.844337212271,-2.159011989935286,4.248347012311862,710.3422573430399,600
361,37.06617614403776,878.8695385473526,276.6050536229371,-15.086829607621885,4372.020664728829,-2.1563273890720227,4.248347012311862,710.3422573430399,600
323,602.3591835332628,766.6314241220838,276.61944610533754,-15.004687524054182,4338.50535872305,-2.147972219562899,4.248347012311862,710.3422573430399,600
587,1779.6526090044447,1566.2452170942029,276.49499523309584,-14.83795963207358,4337.895834834664,-2.147819671947912,4.248347012311862,710.3422573430399,600
176,233.6910249335151,403.5684117141314,276.6753004604611,-15.056481779090683,4325.017858078703,-2.144591636577093,4.248347012311862,710.3422573430399,600
687,2609.0014436881315,1919.7674963745164,276.4387329395145,-14.719771109648148,4314.57711021899,-2.1419674618290827,4.248347012311862,710.3422573430399,600
308,3019.743792433204,732.5850495008254,276.6141308422741,-14.655697857076584,4307.4297879299265,-2.140167391742035,4.248347012311862,710.3422573430399,600
191,107.8775039990804,426.04907812578114,276.67247572587434,-15.074756237407327,4270.277885093994,-2.1307622173623093,4.248347012311862,710.3422573430399,600
449,3023.4705580230116,1122.5578342996332,276.5559293895875,-14.656755347009442,4257.681501293206,-2.1275548006127796,4.248347012311862,710.3422573430399,600
532,2269.772121563518,1387.9770214736861,276.51954236109873,-14.766519841407801,4253.9203812528285,-2.1265952669032817,4.248347012311862,710.3422573430399,600
569,1702.397721381228,1508.1147861710854,276.5040017983473,-14.848871152814807,4229.01672416809,-2.120220380594329,4.248347012311862,710.3422573430399,600
280,2273.640438323703,649.9647153558229,276.62970444470284,-14.762948652044406,4205.924173029838,-2.114275470777577,4.248347012311862,710.3422573430399,600
695,2215.6241066403554,1950.598434377528,276.4357786117344,-14.77662973230242,4205.605878403876,-2.1141933016603676,4.248347012311862,710.3422573430399,600
566,2656.343108754313,1498.2860416565075,276.50143479148875,-14.711220495140497,4194.636246637325,-2.111357637412924,4.248347012311862,710.3422573430399,600
296,1338.666592427418,700.1064649835827,276.6262462772,-14.89807997438903,4147.154325693147,-2.0989973660860297,4.248347012311862,710.3422573430399,600
257,1299.9384805653617,578.891649037373,276.64452306261325,-14.903177787158873,4146.0761431888095,-2.0987150582950465,4.248347012311862,710.3422573430399,600
335,109.64593081302978,799.1081988563712,276.6166763393067,-15.076015474957417,4122.275371563097,-2.0924643731897548,4.248347012311862,710.3422573430399,600
404,2154.1680607760686,1006.2479848771475,276.5770262898927,-14.781637277252567,4116.775397861376,-2.0910148077902186,4.248347012311862,710.3422573430399,600
291,1581.539652819636,677.1861285858504,276.628627478046,-14.862926425427561,4109.026757259562,-2.088969297341799,4.248347012311862,710.3422573430399,600
496,518.9010216356472,1288.2659514154943,276.541816572505,-15.018865995222713,4085.0010368727962,-2.082602301798315,4.248347012311862,710.3422573430399,600
77,2419.6751709288064,172.67465083500642,276.7003210497108,-14.739937169040669,4062.390113240166,-2.076575940479679,4.248347012311862,710.3422573430399,600
664,2603.0172078808014,1841.8484505527017,276.45038679801723,-14.720315156313651,4055.4341418407275,-2.074715256730259,4.248347012311862,710.3422573430399,600
69,622.4137747742474,162.60585072614975,276.70965846354795,-14.999335282699963,4024.6282171150087,-2.06643629343233,4.248347012311862,710.3422573430399,600
173,1080.8358513729931,396.9129296523892,276.67265871702637,-14.934074052382497,4023.8514490531525,-2.0662267221231994,4.248347012311862,710.3422573430399,600
274,1829.4405430653298,626.7567462807746,276.6350914923685,-14.826942777922303,4020.7491783715086,-2.0653893287163703,4.248347012311862,710.3422573430399,600
159,731.0546328177074,360.52090020802103,276.6796041594987,-14.984445201038183,4020.2610587548115,-2.065257512159713,4.248347012311862,710.3422573430399,600
160,1338.9688040219758,361.07625345830616,276.6768985225437,-14.896656065640506,4003.1034970736364,-2.0606139205170675,4.248347012311862,710.3422573430399,600
673,1583.840468711466,1873.69403534724,276.4498957859158,-14.867473538927245,3986.5148422848433,-2.056105337451222,4.248347012311862,710.3422573430399,600
467,1751.2205443909038,1182.86976044154,276.5523713133034,-14.840498386184501,3975.641200993734,-2.0531398307963284,4.248347012311862,710.3422573430399,600
316,1108.9375894181628,752.7269622661215,276.61936682273404,-14.931463951369468,3961.7699988209642,-2.049345021291063,4.248347012311862,710.3422573430399,600
409,2859.8771300190188,1019.7966287902002,276.5719682498321,-14.679918326687783,3952.7514602963347,-2.0468706435087065,4.248347012311862,710.3422573430399,600
651,312.169656911173,1809.5541414197526,276.4647384530087,-15.050855614689443,3920.4067156445235,-2.037949685212885,4.248347012311862,710.3422573430399,600
320,141.99961235565706,762.355708351714,276.6220359517395,-15.07119021578571,3907.248836165294,-2.034299550255021,4.248347012311862,710.3422573430399,600
87,435.1808034773128,195.0736043091056,276.70561193660836,-15.026518788006022,3889.870205256797,-2.0294596497965562,4.248347012311862,710.3422573430399,600
626,2099.5033341838903,1706.6972421820185,276.47267825768967,-14.792383750894983,3866.788229499536,-2.022997843867856,4.248347012311862,710.3422573430399,600
474,1700.029793108034,1209.0523729480317,276.5486781740754,-14.847992855815942,3847.4024638368865,-2.0175409209628707,4.248347012311862,710.3422573430399,600
720,2551.3577110745805,2032.6567683018818,276.42212662613036,-14.728545120020591,3845.6847824848955,-2.0170560833928883,4.248347012311862,710.3422573430399,600
456,1565.0248225459343,1145.613725178205,276.55872660151533,-14.867219295440545,3833.543549439928,-2.013622877163967,4.248347012311862,710.3422573430399,600
509,1270.28373052089,1330.7890735631418,276.5323091474894,-14.910521834099677,3832.966264701041,-2.0134593662684375,4.248347012311862,710.3422573430399,600
25,2066.234087210658,53.75688224608809,276.71962992021884,-14.790439303096411,3809.9972186133964,-2.006933520617541,4.248347012311862,710.3422573430399,600
671,2027.5828260089638,1872.4990156514425,276.4482243669367,-14.803436906373111,3790.809724821069,-2.0014518392390586,4.248347012311862,710.3422573430399,600
48,371.9100457869761,102.66050713609141,276.71970254052997,-15.035285955030378,3775.832393512188,-1.9971536441253517,4.248347012311862,710.3422573430399,600
522,1465.4005712878593,1364.1937370434264,276.5264968933612,-14.882490580800068,3740.00301597378,-1.9868017550903816,4.248347012311862,710.3422573430399,600
99,794.1738832881928,236.22681409138514,276.69791137467524,-14.974822391095545,3728.382708529185,-1.9834230868882508,4.248347012311862,710.3422573430399,600
172,629.6207798288686,395.31577431235814,276.6748385922794,-14.999239741120725,3725.894881735847,-1.9826983691169375,4.248347012311862,710.3422573430399,600
299,1614.5281861798069,713.9845132980643,276.6229889067916,-14.85831486441973,3701.21498698456,-1.9754826541586814,4.248347012311862,710.3422573430399,600
688,2175.9266038703295,1920.9821243928245,276.4403658745018,-14.782234926243735,3692.688344563707,-1.9729785130927082,4.248347012311862,710.3422573430399,600
698,493.60034946128457,1961.277166359386,276.4413107458597,-15.025259732445157,3689.3961517327116,-1.972010100122517,4.248347012311862,710.3422573430399,600
245,2351.3688009879297,537.8843917310057,276.64609949000624,-14.751279374538797,3685.4542876357445,-1.970849446084291,4.248347012311862,710.3422573430399,600
306,2410.415217277933,730.0955820198951,276.6171493872975,-14.743547234147977,3684.6177197946818,-1.9706029649113082,4.248347012311862,710.3422573430399,600
149,1035.1659399935818,344.34980064058004,276.6807108871476,-14.940455474635874,3656.851759103185,-1.9623902623700196,4.248347012311862,710.3422573430399,600
709,2675.62558046936,1987.1579587766428,276.42839630632534,-14.710440496165841,3650.9047697405913,-1.9606231364237292,4.248347012311862,710.3422573430399,600
533,1658.7059597752086,1398.3468485715323,276.5205803702635,-14.854728906787047,3623.538724460639,-1.9524541414122516,4.248347012311862,710.3422573430399,600
33,2806.763682165478,72.29026081065318,276.7135967561594,-14.6837057270975,3588.431542018021,-1.941883537623907,4.248347012311862,710.3422573430399,600
141,1974.3880136617552,331.70116671259433,276.67852656316353,-14.804824190464666,3570.705491212255,-1.9365069526060628,4.248347012311862,710.3422573430399,600
681,758.5279365430232,1895.6697646213559,276.4500285888021,-14.986723307468772,3538.6610872998717,-1.9267193000160743,4.248347012311862,710.3422573430399,600
648,33.77174732207233,1791.2113980427775,276.46862407756504,-15.09101266658886,3526.3017349644215,-1.9229205510843301,4.248347012311862,710.3422573430399,600
219,1799.3065751298197,482.276642713229,276.6568000185277,-14.830702588223243,3522.5632934756577,-1.9217688871957703,4.248347012311862,710.3422573430399,600
556,179.36072887649644,1460.4145540805332,276.5174914404588,-15.068627214200783,3521.2561951709795,-1.9213659342322131,4.248347012311862,710.3422573430399,600
385,136.8728942446145,931.9473200903024,276.59669579740176,-15.072620018261874,3513.4849948706105,-1.918967131852767,4.248347012311862,710.3422573430399,600
609,1306.0950442090568,1657.2642094787734,276.48338303247317,-14.906682520452573,3485.5412687838543,-1.9102974469072576,4.248347012311862,710.3422573430399,600
233,129.98721577135106,520.2885017603352,276.6582877696077,-15.07194331417458,3481.6608488369966,-1.9090880337768568,4.248347012311862,710.3422573430399,600
121,1250.1009653069784,285.5921042121248,276.6885617586169,-14.909179681554004,3424.6419483969803,-1.8911598041492144,4.248347012311862,710.3422573430399,600
227,2511.893190758304,506.3123250522402,276.6501131825603,-14.727998071738408,3424.453966135974,-1.8911002052914307,4.248347012311862,710.3422573430399,600
209,2638.8493969620167,456.2867005410129,276.65702557647194,-14.709485319395515,3412.451256898814,-1.8872880157299092,4.248347012311862,710.3422573430399,600
192,275.49290684061907,426.39949314759826,276.6717077306263,-15.050533532523529,3411.4682286800235,-1.8869752015658272,4.248347012311862,710.3422573430399,600
70,1097.3006128497034,163.19481124674226,276.70751419482394,-14.930745730645189,3403.1340683230083,-1.884319520793021,4.248347012311862,710.3422573430399,600
292,437.11287376845314,679.641723926143,276.6331533057195,-15.028208273492481,3396.857302745979,-1.8823151319050409,4.248347012311862,710.3422573430399,600
691,2000.122309136807,1938.523778811824,276.43848079218805,-14.807668465501544,3395.5864542670897,-1.881908855086343,4.248347012311862,710.3422573430399,600
359,1883.4076983785098,872.3522513189566,276.59818113391407,-14.820156473564653,3365.4810521934996,-1.8722397485473743,4.248347012311862,710.3422573430399,600
214,697.2061554653409,470.0199485268132,276.6633812926699,-14.989779906322918,3362.0047050619614,-1.8711176662678564,4.248347012311862,710.3422573430399,600
120,143.4608866122283,286.2346043671009,276.6932333075814,-15.069045744763297,3338.233109979192,-1.863413524883084,4.248347012311862,710.3422573430399,600
490,217.0703747482559,1260.4132177995357,276.5472414531476,-15.0623647378801,3336.07068692561,-1.8627099845130708,4.248347012311862,710.3422573430399,600
228,904.8445927268673,507.8080597213259,276.6568425587443,-14.959941589364348,3331.6394022260793,-1.8612668483011245,4.248347012311862,710.3422573430399,600
240,63.45299763765234,529.2758933659582,276.65722665527704,-15.081596216542344,3292.5318222813075,-1.8484468268037946,4.248347012311862,710.3422573430399,600
302,405.0953621207402,715.4650765755904,276.6279331831167,-15.032980070915325,3281.211168173526,-1.844707326736732,4.248347012311862,710.3422573430399,600
506,2305.359653587886,1313.5138016290434,276.5305073072919,-14.761082448026073,3268.712435489404,-1.840563662205281,4.248347012311862,710.3422573430399,600
712,2797.332733715197,1994.1996075233737,276.426834827163,-14.69292211826025,3236.8295509954332,-1.8299214500024155,4.248347012311862,710.3422573430399,600
511,1693.4082199048398,1334.1477039057995,276.5300224454564,-14.849458737228739,3231.395531955757,-1.8280971744025156,4.248347012311862,710.3422573430399,600
414,1833.9850518693877,1035.525818336609,276.57402419139606,-14.827953748415347,3227.0217783614644,-1.8266266149369974,4.248347012311862,710.3422573430399,600
52,396.8329416179157,121.65244665415821,276.71675522980127,-15.031761712949184,3222.1091112695867,-1.8249724814896986,4.248347012311862,710.3422573430399,600
84,637.6369830787686,182.08763671574923,276.70668028816175,-14.997215171355483,3211.8135965580004,-1.8214977047111587,4.248347012311862,710.3422573430399,600
210,609.1089851864122,465.2799489790387,276.6644673386926,-15.002487376966629,3177.8563955849386,-1.8099575439048168,4.248347012311862,710.3422573430399,600
625,1598.0049700878035,1699.343933405052,276.47587806692974,-14.864717680872683,3172.7470937300823,-1.8082105114499991,4.248347012311862,710.3422573430399,600
371,1079.4691861171775,902.2465070817485,276.59714925369457,-14.936327901864615,3156.3762875795364,-1.802593804204036,4.248347012311862,710.3422573430399,600
697,2105.9739065146573,1960.4752701713003,276.43476183850834,-14.792487367224126,3114.9995510121807,-1.7882668450337202,4.248347012311862,710.3422573430399,600
315,1568.468038858695,749.4100656214191,276.61789502708694,-14.86510746641651,3107.521869802091,-1.7856573584360755,4.248347012311862,710.3422573430399,600
367,742.5302923686921,889.4971101154323,276.6004850676111,-14.984938529743522,3092.9412098178873,-1.7805510367271955,4.248347012311862,710.3422573430399,600
163,1832.6371706068592,365.5704268319179,276.67408560756814,-14.82541702258675,3078.613254951779,-1.7755097112795513,4.248347012311862,710.3422573430399,600
369,1460.230396955671,895.456649192729,276.5965414400992,-14.881326397273885,3070.5619756651577,-1.7726665428598543,4.248347012311862,710.3422573430399,600
271,1864.9425348643742,624.171783272805,276.6353242301008,-14.821809088127736,3055.2859001635225,-1.7672515136410158,4.248347012311862,710.3422573430399,600
534,1951.3758120103607,1400.190913537885,276.51906845882695,-14.812502925653789,3047.816059931938,-1.7645937569507155,4.248347012311862,710.3422573430399,600
416,688.0984778583386,1040.0357858201235,276.5782132507309,-14.99341357195108,3032.3842203655513,-1.7590824441229787,4.248347012311862,710.3422573430399,600
696,1813.7949032650645,1954.5602931935216,276.4368621532045,-14.834618300590744,3031.941078277712,-1.7589237668140345,4.248347012311862,710.3422573430399,600
229,2368.0228421865604,512.1735775745158,276.6498652678164,-14.748772292537845,2966.4039383162744,-1.7351975966695787,4.248347012311862,710.3422573430399,600
270,1748.810614087155,624.635639125388,276.6357562788735,-14.838570132185586,2946.442461683997,-1.727866785500089,4.248347012311862,710.3422573430399,600
238,949.961810147283,524.0843059976031,276.65421637483183,-14.95349166210342,2921.1602308428846,-1.7185103226732972,4.248347012311862,710.3422573430399,600
31,1195.930578140433,65.28056524811468,276.72171706603535,-14.916105143660898,2905.3646145932726,-1.7126234810626433,4.248347012311862,710.3422573430399,600
538,1710.8160819784505,1408.2520305804894,276.5188811103377,-14.847248786112303,2885.5831960280193,-1.7052058746337195,4.248347012311862,710.3422573430399,600
253,2052.1037144081815,563.4804153919398,276.64357758033617,-14.794555822179507,2880.7430372705567,-1.7033831762218252,4.248347012311862,710.3422573430399,600
694,2087.6742945060155,1946.2523937745038,276.4369616661522,-14.795069144901161,2841.290590182529,-1.6884110066225793,4.248347012311862,710.3422573430399,600
90,2052.2293656750726,205.40781974227502,276.69704592960716,-14.793077936866315,2825.3430543908617,-1.6822998429990625,4.248347012311862,710.3422573430399,600
580,1574.5645045090212,1546.0988279050976,276.4988657106467,-14.867475623416285,2783.2964764069184,-1.6660205485264192,4.248347012311862,710.3422573430399,600
563,1311.135759576764,1488.2757422477516,276.50860858765634,-14.905265859548896,2731.585853713623,-1.6456590113807612,4.248347012311862,710.3422573430399,600
718,261.21160522207623,2027.6925502043002,276.43233210191215,-15.059106260612413,2716.1957309490535,-1.639524529785434,4.248347012311862,710.3422573430399,600
256,1746.0532364259645,572.4973950816685,276.6435554473343,-14.838755594426853,2657.9603749809903,-1.6159931294634522,4.248347012311862,710.3422573430399,600
665,1580.0033885825735,1842.9410153292163,276.4545050979234,-14.867901827443996,2486.6533678257256,-1.5436599993262077,4.248347012311862,710.3422573430399,600
663,1685.4267824613587,1840.9331181248003,276.4543659192091,-14.852678681883438,2477.025890302437,-1.5394482388671313,4.248347012311862,710.3422573430399,600
18,1389.4900693335578,36.917139874213746,276.7251107084986,-14.888042978435832,2474.992260496656,-1.5385564870342028,4.248347012311862,710.3422573430399,600
546,1443.1548740006485,1428.2331976997382,276.5170241042049,-14.885962858353297,2394.090588213585,-1.5024733223590596,4.248347012311862,710.3422573430399,600
269,1894.2685853960531,619.1507413029838,276.63594738298605,-14.81755681574626,2391.63082499773,-1.5013572297230002,4.248347012311862,710.3422573430399,600
230,738.5608078114135,514.4612593902816,276.65656095977613,-14.983986738887188,2354.3764102503774,-1.4843116182557026,4.248347012311862,710.3422573430399,600
382,1843.497954120569,929.2306318462026,276.5898579437975,-14.826147470540782,2330.7045494241174,-1.4733399337677133,4.248347012311862,710.3422573430399,600
313,1506.4751333906272,743.5381415886743,276.6190381652325,-14.8740319340329,2306.47377225745,-1.4619931751750437,4.248347012311862,710.3422573430399,600
375,1535.6051691073897,913.3160426675411,276.59355167417203,-14.870518891053226,2260.9299197671353,-1.4403396267307933,4.248347012311862,710.3422573430399,600
