ID,X_pix,Y_pix,RA_deg,Dec_deg,Fluxo,Mag_Inst
8,1294.4476318434379,32.69857108050021,276.7192768863354,-14.919740743592337,9701.048563680204,-3.9721966750186564
10,2980.8567543280537,33.55658839030499,276.71191103934507,-14.676516120392053,1006.861396713095,-1.5125742038954948
11,232.05481804774652,35.044533445227316,276.7234630264385,-15.072888777986405,19052.09300710651,-4.705006710698882
12,529.3629814443274,34.818228360920784,276.7222292235126,-15.030039585149307,8435.850322832528,-3.8204721419580103
13,1100.947231160419,35.21280528091999,276.71972940620986,-14.947648593231749,169184.13296485465,-7.076049053432406
14,3024.79578674891,34.20428330362497,276.71162532986483,-14.670179377903208,2317.0950897619186,-2.4175096205327553
15,2288.289049058576,35.31586455243651,276.7146267183957,-14.776432163561662,7106.272362477088,-3.634254600069658
17,1006.0524568602763,37.24067871409018,276.7198325016382,-14.961337398420612,109283.42154707527,-6.601535687935334
18,598.9762081477008,38.34878829733747,276.72140542254044,-15.02002085680862,10283.95270962437,-4.03555015554072
19,29.366454121734034,40.04266679681813,276.7235803664462,-15.102117962048167,110697.4762811329,-6.615494277814101
20,782.778763674471,40.848118597726746,276.7202480198427,-14.993538035771392,21869.919415769284,-4.854767935302292
21,1338.8581915211057,42.4560068143888,276.7176315222822,-14.913378800210669,9936.176960625278,-3.9981982722416234
22,2011.0172784157223,43.53222166887216,276.71459170389926,-14.816457733403823,2865.8078636645805,-2.648267653393491
23,2649.6296441897084,44.183244607019134,276.71175234969417,-14.72434719913409,23603.479799459572,-4.937590064802117
24,753.65785660118,47.640496420680506,276.7193589300837,-14.997764128272259,5053.942130456911,-3.2642256402618774
25,1912.4051727141373,47.324694523834324,276.7144490958593,-14.830695414680255,4561.184313607519,-3.1528440334921704
26,493.9726304750215,53.45525600915607,276.71959917695443,-15.035218278328394,3848.4050460777944,-2.968351916892166
27,1989.020770064,53.40317342532162,276.71321427891337,-14.819671908651626,21340.562476852094,-4.828164633352862
28,3046.8165603948455,58.52016701251752,276.70790703476945,-14.667106252321728,9546.478161000996,-3.954757936771604
29,2164.822136935441,57.31940967659222,276.7118763490815,-14.794333702332112,4314.6996714078705,-3.092526407422716
30,2057.6661360444355,58.47162529473062,276.7121642124099,-14.809793290079844,1123.8737194719724,-1.6319437679294118
31,819.2128146941777,62.018174090508175,276.7169340121905,-14.988374940041403,2980.7660614626366,-2.690969710247652
32,2772.8946953906025,61.197715446651806,276.708686469093,-14.70663731876818,14012.39848513034,-4.371431176581285
33,288.43067676767015,64.5206844141681,276.7188238738823,-15.064887258452544,2220.2773396305856,-2.3711680445683623
34,852.6588473249914,70.43648355885503,276.7155353012583,-14.983589042741295,2056.2458278028644,-2.2878375635592465
35,519.5498466551596,72.22114557824997,276.71668990639847,-15.03161031295038,1640.4226688696654,-2.042539383663972
36,898.6683493494369,72.02965596715016,276.7151012204904,-14.976963439977418,4214.918587935972,-3.067122954694746
37,1143.30552203495,73.17255567763452,276.7138859231257,-14.9417015380578,4939.349766358791,-3.239324429845059
38,1668.1089008191955,74.88130553158479,276.7113865354495,-14.86604111126694,6433.263261132583,-3.526228288080655
39,1634.6011263226683,80.85401043104899,276.71063926795705,-14.87089806378775,2349.0235540886642,-2.4323684071939407
40,1292.165378488761,84.70549466288855,276.7115294875515,-14.920288731513546,35418.59370780358,-5.378228262248843
41,463.9885558599677,86.84503840034398,276.7147445082942,-15.039679196740341,1412.6155743797426,-1.8802099536406505
42,2554.1103264762446,85.94984056561708,276.7059373711323,-14.738304261417671,2242.875343523745,-2.3821628199632405
44,1042.6521554692217,91.98897791616469,276.7115089338448,-14.956291055290425,2084.1975407648715,-2.3024971761150703
45,2403.2628526742724,92.46256450363157,276.7056141453886,-14.760091221799257,9941.211248025531,-3.9987482346567154
46,1604.9064500510392,97.21352954079799,276.7083266236383,-14.87524890016135,1322.4568903902546,-1.8086037877046346
47,1808.8213509923023,96.26705639623177,276.70759502276485,-14.845840318589337,5722.776758339838,-3.3991669900801575
48,1390.4832753606765,97.30709909209561,276.70922965609003,-14.906166444552245,6166.822840759298,-3.4803036590233387
49,202.23610915788393,99.31681316056626,276.7139978699368,-15.07745372536334,32129.422708344122,-5.2724072841973815
50,2468.4153766796016,99.60203801845036,276.7042702747824,-14.750723691541909,6975.614472187241,-3.614106153390485
52,1756.2839683063694,103.82630807794685,276.7066927062661,-14.85344837841563,28658.25289755664,-5.148274255399409
53,2854.167719964598,104.10290944926552,276.7019426730635,-14.695095323290584,12626.410311092855,-4.258349723735854
54,319.4120201192323,106.32302498419165,276.71245354622357,-15.060596619140174,7116.892976680014,-3.635876065787746
55,519.6982890791471,107.91549045956744,276.7113630122551,-15.031737940623044,17047.34456409933,-4.584291826527817
56,1430.8602097438945,108.6055446859345,276.70737191671606,-14.900392357694633,3727.141818116361,-2.9335897733609215
57,2967.9521718533483,110.65001706023261,276.7004778706564,-14.678707386874423,552.9238452201826,-0.861813277295162
58,411.56765366177785,111.54420006656804,276.7112820429784,-15.04733719406167,5640.325260914571,-3.383410351286818
59,744.895447711905,112.84122029733302,276.7096683540869,-14.999300050188372,2184.7970030275756,-2.353677706802843
60,1220.7279876764396,113.31541152409226,276.70756724333796,-14.930708280193626,2307.0958592219977,-2.4128140776116513
61,677.3442127892212,113.85607172479283,276.7098048770986,-15.009041014506554,5670.969474418147,-3.389293252271353
62,97.89417956156889,116.37985221540703,276.7118951045595,-15.092560679755353,45062.69236631226,-5.639692818344109
63,2480.096272979325,118.81646955419326,276.7013559765148,-14.749120397505143,1242.0099985480192,-1.7404627084542268
65,2707.6707908897065,120.05595916934458,276.7001943881391,-14.71629747845103,56043.70640653762,-5.876467101540483
66,262.26464559591545,121.74223499577434,276.71039562761393,-15.068896417030981,7503.920904651866,-3.693370597566231
67,1398.037815242882,122.3101326516456,276.70546817869223,-14.905182388811925,2324.07394890819,-2.420774834831459
68,1650.5936711760146,121.19000275434257,276.7045555550846,-14.868762097146599,2992.2004101258353,-2.695126673641324
69,1981.7528391125875,124.11310152929698,276.7027024335029,-14.821019331135016,24034.278384293895,-4.957227696351353
71,694.1658304696997,127.33646752756438,276.70772183178696,-15.006672710406198,3172.985930538096,-2.758820344275936
72,1808.9383819218992,127.01889753439094,276.7030089126732,-14.845953273134528,10483.31917736039,-4.056396999869418
73,190.45617740726314,127.90712435426573,276.70978102456064,-15.07927018409975,504.3384637993877,-0.761955206465187
74,385.3683485127602,128.89941925891313,276.70880367057254,-15.051185293224929,7902.947974852577,-3.749622785784438
75,784.275276429728,129.7179776862718,276.70698247433535,-14.993694328115797,18140.41677776468,-4.6517681303070635
76,1158.0606165769266,130.30166262882284,276.705301035854,-14.93981416814742,12925.341850939614,-4.283755073791605
79,1217.0073708189911,136.64100434762557,276.7041037945366,-14.931342574205257,1110.4028627529624,-1.6188514102597962
80,1920.2134666756083,136.23206756426637,276.7011588887387,-14.829945352336729,465382.29101855593,-8.174674611454908
81,1576.1358555830361,137.99151064287443,276.7023682711886,-14.879569178332954,2431.971818942111,-2.4700463236653523
82,1109.1051237085633,139.42252464352185,276.7041493951099,-14.946910010196312,1664.0967117405962,-2.058096384400723
83,1484.93218128285,141.239694814154,276.7022736151438,-14.892733308851518,2599.4014138639322,-2.5423333553763356
84,2165.1400562649615,141.3663770935917,276.69934459670645,-14.794644008571938,2883.326508601196,-2.6548845402865293
86,557.0322494143496,145.15244782139933,276.70564758967083,-15.02651239142652,4205.619457469671,-3.0647249115602104
87,1683.385141204508,143.48700030517628,276.70109020846166,-14.86412762510748,1307.7356228033314,-1.796449863590859
88,1761.06751078239,143.8371151256956,276.70070579292604,-14.85292734980757,6151.947980244819,-3.4776816145539353
89,2094.748898042948,146.03530096115563,276.6989499838336,-14.804815847434847,1533.9812645030324,-1.9697001166407109
91,2781.8642488631817,149.80523367311292,276.695441919772,-14.70572085207805,7173.301336012315,-3.644447665968427
92,138.00639752064356,154.8299030905451,276.70598583951084,-15.08694016332772,4291.540015333099,-3.0866828941803726
93,883.465970367274,155.8066334583975,276.7026674062056,-14.979505529285625,830.3671446681838,-1.3033253708513484
94,2176.2130562251323,156.53184787405914,276.6970361676071,-14.793111147478719,1420.5904337276006,-1.8863221928244625
96,1286.9624217759729,158.0078848179035,276.70061806308905,-14.92134674628134,15039.599322599708,-4.44824064370931
97,1572.7037916163915,158.87531330163463,276.6992684089775,-14.88015191074508,1605.3982996221166,-2.019106974951187
98,188.32744138954496,160.29893521657456,276.7049557176737,-15.07971149484064,2202.4585533129284,-2.3624193394332376
100,1156.3721646862994,167.52747343536288,276.6997552901954,-14.940213591369732,856.381405895052,-1.336818051181251
101,799.088180807848,168.5271868311997,276.70112908191896,-14.991721256282453,7852.281695801241,-3.7426396564605136
102,1360.6488798859632,169.5686534994964,276.69857917346974,-14.910771550559103,113135.23873788444,-6.639144722414358
104,858.917846232829,175.16749518284502,276.6998835100591,-14.98312492429556,1707.3889703057357,-2.085981157225286
105,393.5402809037638,176.906313132619,276.7016048086034,-15.050207305563337,111448.38308731397,-6.622834408423554
106,1264.4169006486047,177.561857259529,276.6977975943542,-14.924679143523441,693.8465693136095,-1.1083085915343873
108,2609.036056651148,178.99014507581114,276.69183349371485,-14.730776471398347,12177.37056982267,-4.219033783976534
109,2725.8057724493615,183.48081530257417,276.6906633745595,-14.713950987343798,8974.943150813633,-3.8877292441850364
110,916.8145498972996,186.38951250272063,276.69796263572033,-14.974826161473246,3562.0069166378235,-2.8843868744020917
111,1306.6738917211987,187.53449444131252,276.6961297936919,-14.918628694110971,23447.555947797664,-4.930393930307739
112,205.1276589125274,189.11991258463487,276.7005828975986,-15.077410114991336,5768.293286009168,-3.4077683127202385
114,2298.879020099715,197.46244255475082,276.69040880025256,-14.775592232414896,4191.7420346654835,-3.0611363476766873
115,1677.4860884819232,200.1930175515778,276.6926589467271,-14.865216850788881,6752.008197087562,-3.578732380472513
116,283.7274929112563,201.69902997068613,276.6983716168018,-15.06613560370493,138695.3169036556,-6.860304471355732
117,1619.399515485934,202.3405938214074,276.69258674460497,-14.873601533090618,3351.0763215359184,-2.8181107760820945
118,1114.9478096792175,203.37384188854685,276.69458463682844,-14.94633540305821,2586.9674368670094,-2.5371273836269426
119,830.6188301969254,206.71777969195426,276.69529686985845,-14.987335684794617,4639.484257225937,-3.1713242418354124
121,1306.3762128586343,211.85850263107508,276.6925029250351,-14.918773503997002,52684.67602090788,-5.809360762682965
122,2083.5935372564386,211.5418393032566,276.6892309639748,-14.806701289018529,1540.7978586102836,-1.9745141438237805
123,146.75936043289033,212.29373222519482,276.69737212331677,-15.08591710792758,15769.68763642991,-4.49970770575783
124,741.2550598848775,212.85859829179554,276.6947609994141,-15.000242101535028,6120.492625757295,-3.472115925856123
125,1382.3724004113906,212.7014868792256,276.6920530718043,-14.90782038486603,11832.125359266764,-4.187806884035194
126,1466.4849053413059,212.11972333800693,276.69178100169034,-14.895690725024764,4156.272015433235,-3.0519098860090423
127,670.1421714538725,217.28254888583083,276.69440345784494,-15.01051030722328,20811.169442450977,-4.800891191358989
128,1136.9419681655777,217.7898527416191,276.6923404230266,-14.943224981393644,2457.4536632596864,-2.4813633225759144
129,962.3940325854268,217.10826480082028,276.6931856332554,-14.968384149789749,394.65003590856213,-0.4956803449627348
130,1042.640202207137,217.99131895977217,276.6927121289516,-14.956820157475454,7378.858855953731,-3.675122986237202
131,1347.5556306827846,217.34152275024687,276.6915094841252,-14.912859523774404,2261.1459602257237,-2.3909714722799618
132,1502.4453835638499,219.94057333179032,276.6904611225047,-14.890538664012979,2619.407957722491,-2.5506578347210085
133,942.7602755390475,231.00354968727274,276.6911962241811,-14.971272301145532,5776.673621056485,-3.4093445553964132
134,2596.3883869853257,232.73720467408228,276.68387638655935,-14.732828708259754,25817.225929697277,-5.034923916663657
135,2835.5363415264064,233.9504948039422,276.6826707308036,-14.698335508374385,9164.455917652696,-3.910416694671011
136,395.14581360163317,235.13954572276882,276.69290775156503,-15.050217732553692,594.7217279317556,-0.9409344922513279
137,264.2780071849747,237.15874218557528,276.69316216231266,-15.069085409493196,298.71142487821635,-0.1932795620036264
139,754.3442697513165,238.42597539334957,276.69089056360497,-14.998461914656378,3831.163648129499,-2.963476736482824
140,1183.0486257644789,239.84283073606204,276.68885431232314,-14.936670323429798,28987.623768652615,-5.160681518220105
141,2034.325920918985,239.67107321184608,276.68524754493325,-14.81392504180557,4477.060362341523,-3.13263235290657
142,75.20922183291039,242.5403235529994,276.69316132589495,-15.096352365039996,10791.77461345424,-4.087882144582179
143,1002.8177694266985,241.8274518643761,276.6893257821721,-14.962660163514919,3797.243652393692,-2.9538211403128734
144,1291.1738830266777,243.49033859208714,276.68784952565915,-14.92109758987474,186788.8943922174,-7.1835276070974485
146,524.507188958977,247.5381279347333,276.69050797491997,-15.031625931020475,60566.06134085992,-5.960723308484919
147,1568.3817727067853,248.30521789558597,276.6859494792456,-14.881150583149006,6667.934386458248,-3.565128272444333
148,2091.4437519975413,247.6624754209971,276.68381190941074,-14.805721393466513,4208.656797788164,-3.065508758059458
149,485.21877981761776,250.3677312101675,276.6902526461265,-15.037299925121717,8168.178405979357,-3.7854630154778066
150,181.54888290536326,253.85768097379176,276.6910210278002,-15.081076009494923,3891.2290390662965,-2.9803669640128554
151,1699.024369003728,260.29884485128616,276.683603470185,-14.862363561669463,3695.4680808840203,-2.924323616994162
152,403.4367172477439,262.93102385778906,276.688725159132,-15.049138126300377,1035.36526731716,-1.5428839581035492
153,2654.4359513038353,262.1044077768185,276.6792504563089,-14.724579704801442,5379.467364790093,-3.3319981712107953
154,658.9961858166122,265.4734909684803,276.6872602341012,-15.012317140877764,186.53365027694963,0.31795704912884554
156,1766.369215625526,269.7192411548399,276.68191128171975,-14.852692277593286,765.0535836947383,-1.214379612896701
157,254.22731204145194,271.22682499314226,276.68812037949107,-15.070674793787052,9570.50154134864,-3.957486722169729
158,770.0355256441787,271.80950707333153,276.6858429047354,-14.996339092201481,1827.6061408702517,-2.159856499926349
159,738.8598284463809,273.50525916547167,276.68572240632534,-15.000839644241537,1759.277607541182,-2.118485915665289
160,1681.9252377838748,272.8752188686677,276.6818009051443,-14.864881874662784,3627.227981420874,-2.904087110972009
161,2827.279507786073,272.81055962737713,276.6769144587086,-14.699691433412308,13952.939319977362,-4.366814242143339
162,898.3762891732857,274.85806693298986,276.6848423818405,-14.977852763360438,3626.4262036538566,-2.9038470887346217
163,544.2700234229064,278.70645582223244,276.6857730329268,-15.028907006114833,12010.938502051227,-4.2040923366144
164,1209.2600473351483,280.4037529610945,276.6826922523204,-14.93306097686741,2120.7275436234777,-2.3213621707081646
165,2662.2684738813964,281.1786481547323,276.67637385003485,-14.723530562725614,11648.611034418689,-4.170835337637085
166,448.95373509105576,282.42787320941346,276.6856223985422,-15.042659260309192,4470.288962522231,-3.1309889711456975
167,2099.5939322487043,282.81157464561915,276.6785364393526,-14.80469397205815,3241.182668525842,-2.781908748200053
168,604.973495411432,288.7504065635871,276.68401648724074,-15.02019988893034,3373.575761533517,-2.825376147567672
169,2755.59690668868,289.5084504017723,276.67473275575196,-14.71010291840492,159684.2529063014,-7.013305205217577
170,661.027695255183,291.6061427007513,276.68335229376163,-15.012132838319303,3731.2050232474576,-2.9347727618833015
171,1792.7283327074356,293.52073235355783,276.6782494703383,-14.848991208455779,51835.89161774248,-5.7917264111683
172,706.0693876335824,294.61423498672684,276.68271212502754,-15.005653481938515,16441.712691677094,-4.545017615618714
173,1158.5815047980414,294.7539672162043,276.6807673260863,-14.940426692887613,3144.7531790974317,-2.7491163904023
174,139.03011218269646,295.4777331533129,276.68498947357864,-15.087374859212835,10078.584007319878,-4.013648778582591
175,1837.2743783473497,296.11933372469383,276.67767193539305,-14.84257860821161,95463.35145299364,-6.454741671245658
176,1131.8400782125286,296.961916162605,276.6805517437755,-14.944290890854738,560.5493428572663,-0.8766845977545956
177,1082.065378056842,300.66840057099165,276.6802105728249,-14.951481638847085,5794.425929121149,-3.4126760173067665
178,328.42040270420875,304.98738344084967,276.6827671752037,-15.060122817323203,4266.527333535545,-3.080336309039999
179,202.31548199016703,305.04152905154615,276.6832937956907,-15.078295117623504,2275.3897097193403,-2.3977894525456662
180,1569.5724860262462,308.358011653962,276.6769881412142,-14.88123036173795,3902.622549637512,-2.98354135233617
181,2589.081835738001,307.60984656090676,276.672747281713,-14.734199259274211,11542.495359154826,-4.1608992498403055
182,1174.6836031054092,308.7552109498519,276.678610213739,-14.938163784251824,664.4066515940358,-1.061234907485808
183,824.4333995048725,309.59192529756683,276.6799745271984,-14.988655353200958,17565.69433619897,-4.616813281433919
184,853.391513463881,311.3220494944784,276.6795933532679,-14.984488557459116,408.18164438102394,-0.5322836556341204
185,1462.6421549692889,312.0691910358979,276.6768901489564,-14.896663129009681,4255.727766265802,-3.077584575532937
186,2517.0270839768273,311.5402876829908,276.67246955133356,-14.744609218426147,163390.7967554388,-7.038218954727471
187,2836.821316839095,310.6544330366444,276.6712333567205,-14.698475192383079,15761.482875696209,-4.499142664509038
188,1275.603588169629,315.8939075629924,276.67711593111625,-14.92364467184461,2727.627599419793,-2.5946126687968913
189,1956.6141660154944,316.9319011033274,276.67405934161417,-14.825456709375038,2751.599616041931,-2.6041130787602516
190,1133.179192889157,319.29551170860884,276.6772144272315,-14.944190884333494,1547.2478814392816,-1.9790497200946793
192,164.60907254759644,325.1888334631116,276.6804465901169,-15.083811666075976,3202.62589473126,-2.7689155053238017
193,2664.065252879496,328.4199976836149,276.6693246766867,-14.723471027561716,12428.42803434498,-4.241190483113461
194,2460.3520981550278,329.9298520084998,276.66997052938706,-14.752861475401554,4882.983084641281,-3.2268630278896886
195,283.23474130987773,333.36571085697346,276.6787235266696,-15.066751540495117,2031.2355806548148,-2.274550716725097
196,501.39436506693596,333.5669213078791,276.6777685208846,-15.035313446161025,11452.661435350194,-4.152416033956174
199,689.1339213274947,341.6919464217577,276.6757595622534,-15.008289622790532,5632.964086227294,-3.3819924341630174
200,864.9036504054185,343.7320861513875,276.67470895397923,-14.982963776805585,4863.98323899135,-3.2226301526030507
201,1525.7867289003761,343.85616134803007,276.6718803414534,-14.88769182134248,4351.15305125562,-3.101660877856413
202,105.05081633235561,345.31487413411844,276.6776949361392,-15.092476586785384,94337.96785129502,-6.44186627033509
203,751.8197766474292,345.9102365362462,276.674864092561,-14.999272196420911,3625.0414219184895,-2.903432411937679
204,1935.4320087836488,345.881858594961,276.6698329256249,-14.82863271292209,2350.969468674797,-2.4332674510980565
205,412.4936824493287,346.3512234685222,276.67623769964257,-15.048178095745149,11909.509289201524,-4.19488464705993
206,1204.8525600113448,347.90085350493376,276.6726424967445,-14.933977676934072,3500.701193088491,-2.865537584759039
207,639.2440798965906,350.7989847380688,276.674612366104,-15.015517779553539,925.557920168736,-1.421158982078388
208,992.0714104182993,350.92021700922413,276.67309639874446,-14.964663311239573,5090.270133905404,-3.272002054275501
209,1439.576189401217,352.1119275950253,276.6710159486947,-14.90015583879595,41233.22062345903,-5.543268122767559
211,880.3288847061059,357.2556161741807,276.67262578358446,-14.980796507675771,8194.343935966957,-3.788935449231716
212,2306.6506438972215,357.8665521324849,276.6664623036425,-14.775147623883754,2944.8175310306833,-2.677795953019414
213,2871.8228778420757,358.4355226664977,276.66396232435295,-14.693627962453654,5996.523308595992,-3.4498987936464793
214,3040.3041606894167,359.2154049083528,276.66312513742207,-14.669325411511482,2576.827137025539,-2.5328631919905535
215,1340.0566566455,360.8941176709212,276.6701294052241,-14.914540260126879,4297.268727438233,-3.0881312605948166
216,1905.3249458479017,360.8519607954262,276.6677290235737,-14.833036968060217,79231.00804034428,-6.252387931829863
217,528.4199722011793,365.2549220840862,276.67292525917014,-15.031549640122325,1693.4339380445308,-2.0770706263246272
218,861.2136315977431,364.40779871907824,276.6716398495184,-14.983581417613454,1160.990137667919,-1.6672213046375002
219,1177.9845379619153,364.2472168655553,276.6703182970526,-14.937918948528521,2151.350732905732,-2.336928025381652
222,1569.7099228295685,367.46444621500893,276.6681723504954,-14.881457513219317,6409.274863309925,-3.522172220339482
223,831.5515072076341,368.73144414029053,276.6711206678909,-14.987874748172516,989.5221895847935,-1.4937138220892336
224,2149.613646916376,368.1649233439465,276.6655970241198,-14.797838953423309,1639.9094010077533,-2.0421996171445507
225,2488.662011836599,368.15414152203107,276.66415150698253,-14.748939158834766,17332.239750255714,-4.602286697904053
228,787.7877671992208,373.1956212944479,276.67064032004714,-14.99420110728441,24140.499449532537,-4.962015606055059
229,1454.1884321466594,373.026445106253,276.6678343459096,-14.898136341766527,6290.215544538805,-3.5018137970999867
230,160.5561329475564,374.04240908016885,276.6731721858947,-15.084597019853305,7676.832304416923,-3.7181051128701705
231,3054.2542340818786,373.4199431863374,276.66094860759404,-14.66737295556793,2538.302058161411,-2.516508233105765
232,1834.1766803892986,374.9675909028038,276.6659272897991,-14.843355598088683,3153.3359209994087,-2.752075573494024
233,2993.6525732108453,373.58105348980763,276.661183918031,-14.676116503832782,12434.161683053593,-4.241691253963918
234,461.83775622965857,376.02873711443306,276.6715997254569,-15.041189629474369,2040.4855230808025,-2.2794837729953286
235,1061.545847848785,376.82109860994353,276.6689372657113,-14.954756267295215,4642.317152848933,-3.171986996251674
236,229.6385404540957,377.62181924784954,276.67234550290476,-15.074657290824938,2246.5801146536833,-2.383954754462491
237,2660.940967289662,379.7279337458076,276.66169034366874,-14.724138151377451,47484.75512917235,-5.696535485226576
238,437.0566672267187,381.99370322894487,276.67081456793335,-15.044785495336393,1258.8170103671146,-1.7550564855519124
239,751.9775680999874,382.615337668589,276.66938676693457,-14.999401497722477,1743.8989363308647,-2.1089532602791463
240,58.571474119881714,382.50026317930053,276.67234135632015,-15.099326801781164,1645.1315453670686,-2.0456515534010453
241,726.5559971360467,384.32444775884227,276.6692395797276,-15.003072571021491,3236.283007316815,-2.78026621056373
242,1124.2703960342656,383.3116742077534,276.66770257748817,-14.945741378097708,543.7967180200503,-0.8437414337174441
243,2128.379143689602,383.0727889233135,276.663464867241,-14.80096383450593,6077.865395715693,-3.4645276725393606
244,1237.7981586693081,387.1315384126636,276.66665043111414,-14.929391446113614,906.8965181965614,-1.3990443146577078
245,884.4461368206652,388.8450327860229,276.66789526817286,-14.980334024228716,2595.592541396967,-2.5407412721079767
246,1280.1481250487936,389.2847645015222,276.6661492727899,-14.92329516353615,8407.104016103025,-3.8167660301149002
247,1214.7396257733544,390.4238879427289,276.6662572868953,-14.932729240042551,4952.822559051798,-3.242281901140439
248,1646.2076981267935,390.4867748475278,276.6644132531746,-14.87052390193038,7317.139961112349,-3.666003383894858
249,678.2951961956047,392.50419888510663,276.6682237190355,-15.010062095088978,9900.16265692556,-3.9942558033049185
250,270.61209613240544,397.5384880911886,276.6691995366226,-15.068835095768161,6727.832954671059,-3.5748379778907062
252,1295.7819129714533,403.208810059631,276.66400585808776,-14.92109925231206,11146.878461269196,-4.123033143003089
253,1331.3235769621115,404.32302508448055,276.66368863538565,-14.915980046688201,18575.101283365977,-4.677477954547741
254,2259.1754923288345,405.1966346435232,276.6596086274287,-14.782193443467227,3823.3622180629754,-2.9612635888227263
255,365.8689535517664,405.9175768176142,276.6675457721987,-15.055142873648144,1620.0362514810404,-2.0289618104203506
256,207.61774695537034,407.2003696965069,276.66802410231315,-15.077952187139282,8266.427204483538,-3.7984445923934365
257,2763.211262381255,408.09472683533056,276.6570252780989,-14.709505349038036,3173.7981104434584,-2.7590982214266777
258,3039.043203175019,406.3658511086869,276.65610391750556,-14.669706735885349,10069.299640898826,-4.012648140138267
259,54.73407563275095,411.3020406314042,276.6680585433006,-15.099998094403338,4522.4421615577885,-3.1435825315348747
260,731.3771219459403,416.0153287995312,276.6644905526646,-15.002508782697367,3029.271336408914,-2.708495417039487
262,1746.9964821912124,418.6018996319102,276.65979148242485,-14.85610873681052,64543.087725314486,-6.02977432358294
263,2126.904885520496,419.0397518318987,276.6581085356161,-14.801327169069063,11168.213292861357,-4.125109227331589
264,3018.9292282370034,420.2636286923235,276.65411878075423,-14.67266721571947,3360.0776111783925,-2.821023250453173
265,819.5510187658637,420.3602318586508,276.6634684651689,-14.989818206398418,1172.5334058218868,-1.677963040172439
266,656.8097083924939,422.62247640204066,276.6638206939335,-15.013283133373223,1191.3073100714246,-1.6952094950677432
267,850.6856400586619,426.20898138404215,276.66246381346457,-14.985354844165773,7526.046264068398,-3.6965671875314
268,2029.4651403871749,425.3582816717609,276.65758152048437,-14.815405397639164,6342.113868595217,-3.5107350664212085
269,982.4189175115746,427.9432083936209,276.6616464044386,-14.966374136722052,11193.05571420613,-4.127521642061362
270,1186.3750346966517,428.269224856987,276.6607322715543,-14.936975372110059,3667.2083865825552,-2.9159889511840014
271,879.1540213203114,428.87800163878813,276.6619448896129,-14.981262577752684,443.45923490833957,-0.6222842367772503
272,544.7103267033806,431.5053643678772,276.66297001826206,-15.029475461492268,32281.459970845142,-5.277532898381755
274,1923.6099434803161,433.2948714624882,276.6568487993716,-14.830703274546373,3091.202446532552,-2.730468599464796
275,114.32723258917895,435.85628244425317,276.6641415932686,-15.091512358716395,2525.2329075232265,-2.510903578800496
276,2566.7466099517087,436.2731517154492,276.65366390782265,-14.737962952299261,10665.923460888967,-4.075146135426776
277,1441.61644297835,439.87710438529297,276.6579168427978,-14.900227188923823,1016.2368558414164,-1.5226373318425388
278,1833.8527809991497,439.6459574744889,276.6562837090961,-14.843672543821357,4975.494210038334,-3.247240541291899
279,308.6072045885895,441.9272956393239,276.6624139518719,-15.063542697771188,4746.824700890051,-3.196157962375721
280,1478.1128144129743,441.67105128679475,276.6574942130981,-14.894972901395757,8402.857029251405,-3.816217414032852
281,666.5791942941961,443.9733853393504,276.66059341402433,-15.011963270617015,9705.14498285699,-3.9726550473074305
282,2803.7230525037107,450.389849117413,276.65054830278103,-14.703839615732589,3330.9196620438015,-2.811560373653508
283,1027.843445694701,458.8312951583341,276.65684560258956,-14.9599543597094,3000.574618640938,-2.698161056625985
284,2636.705769902108,458.64970602460966,276.6500299421977,-14.727966067792067,3172.3880936893984,-2.758615756457909
285,2492.1840409101933,463.46837895548686,276.6499279955703,-14.748831736366578,2017.665122288803,-2.2672726952492956
287,544.4256929913341,467.4113715008449,276.657613129972,-15.029664457650052,244.3178919981001,0.02496184021134492
288,823.3073551640082,468.6770413368655,276.6562435149604,-14.989476482664724,23467.17714298831,-4.931302107412787
289,1191.9694567242245,469.15936413511287,276.6546087772933,-14.936338465777668,1308.2794810725027,-1.7969013033556591
290,647.0821961199379,470.3866352837081,276.6567346705666,-15.014882147280158,10174.910206841072,-4.023976441528528
291,250.89956177628022,472.0216645448866,276.6581664662217,-15.071981918942532,1766.8412085380987,-2.123143778014222
292,1563.3048357755217,471.4081823294781,276.65269705673745,-14.882814011900777,14222.819016705733,-4.387614187669758
293,1699.0855563414616,472.3839565599624,276.6519746151003,-14.863241068830494,4064.878582531179,-3.0277689228104117
294,209.834045177651,473.988547508517,276.65804645718214,-15.07790728928554,5726.98926031217,-3.3999659000496516
295,1073.1613784250699,473.9822991188288,276.6543931441665,-14.95348468047135,1321.963181282219,-1.808198377183679
296,1143.7518089427729,475.2635852115255,276.6539026805688,-14.943314452467105,1697.7715567156556,-2.079848111917449
297,394.08624092854586,478.1054423802882,276.6566531767696,-15.051373746404813,8101.300299822178,-3.776536805675639
298,51.78880275037098,480.9615031548828,276.65767329747973,-15.100708232737807,1410.057839751942,-1.8782422971390345
300,885.4065571342151,483.63512925080494,276.65374869268817,-14.980587700348618,5018.374925538432,-3.256557739742983
301,1242.018356968859,484.86334760066,276.65205387512634,-14.929188710995385,67.20749067451106,1.4263058205445183
304,3060.3637279420723,487.78161807268117,276.6438797194018,-14.666974471027245,48309.71584157186,-5.715236185739359
305,2697.9584495917584,488.85192755838705,276.6452668157734,-14.719257677675204,5874.841436609742,-3.4276403517922214
306,2476.2965215324884,489.8088234737599,276.64606909281144,-14.751233678946464,755.4546726708068,-1.2006710077192997
307,565.4876640705996,491.34599965808417,276.6539523631117,-15.026727667995832,3885.4850236236816,-2.9787630766613136
308,980.4216083030246,491.03225225895136,276.65224255437374,-14.966923021979225,3783.4638536424027,-2.949873951250383
309,1040.5116835508388,491.1795489329354,276.65196595727826,-14.95826211638778,2133.0301205710275,-2.327642448759498
310,1008.4594053600681,492.1717527500101,276.65195375417136,-14.962886330151248,1091.2619828050374,-1.599972542297633
311,1589.5749343833836,493.9338546026252,276.64922591061173,-14.87912009377611,4463.234763335029,-3.129274305963179
312,785.3472788689206,500.8649060080261,276.6516016443022,-14.995080462864546,4796.795782917878,-3.2075280517205327
313,169.32442722150267,507.3977876120437,276.6532310847023,-15.083881360798278,339.187208657444,-0.3312486430434242
314,289.1672703091006,504.8704207238706,276.6531021397262,-15.066602524782846,665431.2117579491,-8.562907896824838
315,1714.1037465545294,506.25707389813164,276.64685917343024,-14.861216612605528,3667.201933692675,-2.9159870407001693
316,1110.9964707780523,507.5718565809624,276.6492217840343,-14.948169797826692,10140.265983063728,-4.020273345463555
317,2763.2214112745496,507.3649573926716,276.6422290846246,-14.709921524996686,4320.674982567958,-3.0940289740064713
318,689.2859413238506,509.89628726763704,276.6506605697482,-15.008962479846325,10344.302745149122,-4.041903034543591
319,513.7251147720033,515.3462610343685,276.65058976194877,-15.034285998518245,220502.77413715562,-7.363685122522066
320,2471.235081973166,515.8464780142306,276.64220913475265,-14.752072762745133,8384.530988644052,-3.8138469137906474
321,440.9375721784787,516.5324148176786,276.6507204043786,-15.044780133780266,2048.3845104193897,-2.283678686080298
322,813.7529269155971,518.1081794764084,276.64890860643555,-14.991057482072748,2143.7278319526813,-2.3330740943696404
323,193.91645269193802,518.5410326865845,276.6514640558853,-15.08038356816508,5142.498543278489,-3.283085421679103
325,1235.029008068682,522.4227576844326,276.6464807126261,-14.930351771489896,1620.8255981720285,-2.0294906958447942
326,1870.9167677427238,523.8849489503027,276.6435642197724,-14.838679220973024,2138.1880713224527,-2.330264734179654
327,717.5421292578338,524.9364383357156,276.64829682874847,-15.004952062286385,481.64719834254356,-0.7119725743562523
328,1003.4263888790396,529.6984960598722,276.6463764465907,-14.963766780284939,2634.5649650139967,-2.556922258792942
329,1423.6997278615465,530.139259498132,276.6445297774673,-14.903184865376746,3306.176690725668,-2.8034651275402407
330,1647.8572815002642,530.2918805789193,276.64355598199313,-14.8708680504284,4057.609207980393,-3.0258255218607157
331,1775.150421966123,529.9927846820096,276.64306016034783,-14.852513223721314,2308.73257583729,-2.413584055346149
332,2258.761197835468,534.5371011537081,276.64032707329307,-14.782794543396905,1209.9111918768613,-1.7120337134224344
333,78.52409934601987,538.6650772405566,276.6489473241901,-15.09709234514235,2185.3822758817696,-2.3539685195547717
334,1071.491295993627,539.0258884544987,276.6446966989831,-14.953994258890624,3357.4633832700783,-2.8201781906215526
335,150.1650460461001,540.0357329966872,276.64844048246385,-15.08677563368541,3268.808951188228,-2.7911238246856698
336,346.2916241282801,539.6502290503812,276.6476701397979,-15.058513680310995,2300.486196222133,-2.4096990575180497
337,932.4886079138616,540.9662060053532,276.64499566189767,-14.974038073406463,2562.0741065693437,-2.5266291966119505
338,2030.8386944138783,541.9451879914393,276.64019162079865,-14.81569400542984,2064.1968145553255,-2.2920277371132425
339,964.0910233758473,543.604873966529,276.64446823446923,-14.969493896945977,642.1890296097845,-1.0243071841342453
340,595.3433835398432,544.0178978819067,276.64596619563645,-15.022641629993721,555.6926319675404,-0.8672365743995425
342,2351.130917985158,547.5298752949069,276.6379970497734,-14.769527354083472,14039.987553755636,-4.373566785315476
343,1372.0052360012442,555.5374816107742,276.64096053906565,-14.910742513404777,1010.6302317619557,-1.5166306920261017
344,39.42792333140003,555.5942671499618,276.6465852503924,-15.102794524373204,285661.5503737591,-7.64477945060813
345,622.690616217013,557.2618595747756,276.6438743211992,-15.018754898929387,4010.474597621127,-3.0131394029699354
346,896.2951845227443,563.7373239285936,276.64175137459256,-14.97934858892762,4231.131762120931,-3.0712913532003956
347,1114.8835353033592,563.9327696319805,276.64079726567513,-14.947842285721809,4724.828526377911,-3.1911151075763993
348,567.1591083616863,563.989246421396,276.64310505810414,-15.02678536630214,1233.972927195311,-1.733414057265834
349,692.8383160945923,568.6444059935135,276.64187938697063,-15.008692158937198,2196.329048498592,-2.3593934922207875
350,1202.5884568507493,568.5774318758434,276.6397330568745,-14.93521893450727,2334.736200572748,-2.425744521295015
351,866.657457778501,570.5980819985183,276.64085308271245,-14.983648552265747,475.8227834237623,-0.6987630612149165
352,2564.904691575703,570.4680676813184,276.6336678557538,-14.738791233494922,6630.513001781015,-3.5590178058264526
353,455.46730210879457,573.4605791338394,276.6421633266796,-15.04291989652759,737.3083795951679,-1.174272902665547
354,433.6685546134425,572.9073840658674,276.6423379106248,-15.046058907579766,1264.42453543999,-1.759882264537589
355,1717.7221019076937,571.1627187811388,276.63716414525817,-14.86096450583321,16377.14015131531,-4.540745142372399
356,291.17917517040763,574.97732671677,276.64263033101975,-15.066599876383819,5166.514730127528,-3.288144158154165
357,1989.2856880403206,575.7312152320432,276.6353302535172,-14.821826596348869,2546.376252447022,-2.5199564168031556
358,1349.6010856168093,577.6457496679616,276.63775772075064,-14.914063742829683,8669.889430427924,-3.8501838753953157
359,772.6626197204934,579.3265466987651,276.6399481085755,-14.997231648688167,44094.07138614188,-5.616100480483293
360,1953.6238790950727,578.1813385989291,276.63511632310906,-14.82697912652361,3162.0593635205296,-2.755075025776057
361,1262.0752967073645,580.101718700545,276.6377620505292,-14.926691339194203,5658.43905366346,-3.38689158461362
362,1404.7467091183253,580.2270669533483,276.6371390739992,-14.906124549564103,4314.396988107241,-3.0924502385649157
364,148.20360528995303,586.9369043934051,276.6414482962012,-15.087249993202338,3632.4063775902614,-2.9056360521112525
366,2325.8662856169194,596.9772900674249,276.63073257701194,-14.773377362560245,3274.9328627093346,-2.7931559813884697
367,505.7944801568697,597.2247750051798,276.6384044575056,-15.035764863895968,1271.6838600303745,-1.7660978766697009
368,2735.462440501539,597.0908568058131,276.6289734720538,-14.714301772949002,9780.741606249881,-3.9810794423061324
369,989.0405344348284,602.4280538623569,276.6355866181178,-14.966140070141075,11043.210562411172,-4.112888360814297
370,1298.0819219294867,604.1279460823952,276.6340256084962,-14.921600001971548,2007.2641738785896,-2.26166131151633
371,1736.790005808996,604.4919301949631,276.6321127311186,-14.858353459733431,6419.877376021119,-3.5239668103978117
372,2990.2472075596966,604.7674207385447,276.6267443375273,-14.677581377291553,3934.97103374335,-2.992503827724878
373,641.7309440761588,606.6437631412133,276.63642504016417,-15.016213588666485,2078.721081124153,-2.2996405293842574
374,809.0074549709792,606.5297351369072,276.63573555534185,-14.992105246410704,11452.453568603727,-4.152396327575973
375,3070.726212194666,605.8586665115079,276.6262388045776,-14.665976131092712,5420.501221988874,-3.340248594979325
376,2666.8233474728454,609.0339535096386,276.6274853667012,-14.724252221911652,27019.11028143554,-5.084327588163651
377,2452.249202346106,612.5234132785863,276.62787773049496,-14.755215080734766,14364.343623655674,-4.398364442734114
378,594.8252283524947,615.1064765885055,276.63536021502784,-15.023008006997218,11774.126556855743,-4.18247172735356
379,2485.4036321119256,614.415701343078,276.627454692358,-14.750441253745539,60951.77591881872,-5.967615888173386
380,845.9257233572577,615.4627028580935,276.634246721011,-14.98682105511219,2805.111391427403,-2.62502525791686
381,1801.5015524189714,622.3364457894204,276.62917717600317,-14.849097058998636,5322.290811846731,-3.3203964804882453
382,979.9335755305324,625.0418869386473,276.6322512556454,-14.967545731454573,5602.437039741897,-3.3760924398890517
383,1018.7343016683565,624.577329769968,276.63215657272605,-14.961951230828499,105885.4983088058,-6.567241190304387
384,934.3416905643746,628.7096675806739,276.63189669012786,-14.974132126945626,1396.809852005099,-1.8679932021853418
385,1705.8145442595344,629.007863194923,276.6285878239042,-14.862921074790345,3052.4095838582725,-2.7167569994912046
386,558.9879559139832,631.0092327405483,276.63313831930384,-15.028237653504373,1901.8343630405725,-2.2030817036326416
387,1325.336757338256,631.1888774953647,276.62987362339453,-14.917782709742996,1447.3674296469544,-1.9065969668152096
388,356.1539074632524,633.4614542812463,276.6336277438924,-15.057476495357584,30515.203358733794,-5.216440649614409
389,224.34391651093705,634.3000251239617,276.6340580788999,-15.076472616194836,8409.260024468764,-3.8170444323126196
390,842.9710227069215,634.3502635779055,276.6314410662946,-14.987324464546916,2182.5153330821777,-2.3525432370412314
391,1239.1825036625548,634.7514175497039,276.62970666450326,-14.930216820574298,2878.3131774739595,-2.6529950932604915
392,432.3328081731748,635.7778422450048,276.63296087432224,-15.046508733882222,1139.2803945029736,-1.6467265378569087
393,2347.1492590481826,638.0768417193909,276.6245147445252,-14.77047921322336,5980.12192534667,-3.446925074982179
394,1376.183110405751,648.0592869952866,276.62714200160525,-14.910522411651195,1893.3986619106727,-2.198255142969752
396,617.9128715378458,652.1985320340896,276.6297277332749,-15.019832728879216,2633.896081034036,-2.556646568586112
397,1347.6272653417968,653.7796536553108,276.6264095206647,-14.914662535761432,1139.843330839125,-1.6472628846701742
398,713.1629512249923,656.4426901232291,276.62869257771985,-15.006123211180682,3782.4756984550622,-2.9495903444725258
401,527.4938210642837,666.4238124782511,276.62798620418823,-15.032921048213677,2729.545957735856,-2.595376005766635
402,1431.0145931075815,666.284528044844,276.62419152282325,-14.90269306551313,170303.06935635913,-7.083206166525255
403,1739.2922388903155,665.6335857698982,276.6229837657555,-14.858245813773383,3657.4133463841863,-2.9130850917090423
404,2002.3698897975412,666.8375813362134,276.62168948797813,-14.820318190885507,6078.852372560359,-3.464703969549177
405,1205.5878312791742,673.0888727295107,276.62412964849517,-14.935217282802252,1012.9932947636116,-1.5191664050058957
406,2917.796316017766,678.0167132091167,276.6161357749652,-14.688339345958694,5706.811350071686,-3.3961337691293805
407,175.81878529415673,679.9659178223025,276.6274464206032,-15.083650486169356,15701.759918993048,-4.495020810023151
408,746.1589766962085,679.5576061507705,276.6251042598591,-15.001462559470838,71236.89018809184,-6.136912359044749
409,889.773868444473,681.995181381223,276.6241346208183,-14.980774372808753,9314.202889552398,-3.9280142129594626
410,2755.465265410489,682.5351799991402,276.6161524862864,-14.711773622000859,10983.363177327381,-4.106988339012208
411,2535.013270211754,682.8413725763152,276.6170434191099,-14.743571443945303,3385.8003032573033,-2.829303327200683
412,451.50861453719784,684.8872707845003,276.6255510224088,-15.04394611430147,21102.909277840343,-4.816005808058872
413,1956.440515704574,686.5600109952147,276.6189431995627,-14.827022647027471,1805.004342614673,-2.1463456060727415
414,276.45523344962925,686.5973143085055,276.62603302565674,-15.069177245743589,7948.343840091722,-3.7558415936596106
415,1550.527165114007,687.649381835693,276.62049926011554,-14.88555171615756,2723.405802984722,-2.592930874606027
416,2970.5026147672506,687.7710030175679,276.6144578216426,-14.680777189296567,6393.369414394081,-3.519474475990587
418,2875.6676225520523,690.1882928741718,276.6145008199911,-14.694467188847536,3052.700618785864,-2.716860515119092
419,203.3690324061642,693.3911663466808,276.6253266290591,-15.079735618278415,2877.0330950119533,-2.652512122529908
420,507.1430502545556,692.2092607597647,276.62422392418307,-15.035959012674697,14045.128359983908,-4.373964259872686
421,371.2655638371128,694.5252062477356,276.62445061005167,-15.055548207806115,1520.6612550354912,-1.9602311800312355
422,1630.2600811575433,694.8780036178182,276.6190837939334,-14.874086453135957,2548.9978648213437,-2.521073657522011
423,1844.7099628483375,695.5374307051599,276.6180777218174,-14.843170078311468,53602.54268248944,-5.828113456599542
424,392.1024896204756,696.6530512221716,276.6240452987897,-15.052554390574818,1152.281508693006,-1.6590464597545862
426,1033.5231047584598,703.2433320312343,276.62035774052396,-14.960142752997069,2182.2932334893267,-2.3524327435038623
427,1142.5915083103052,704.2627451030821,276.6197452058955,-14.944425970163664,48846.417045419454,-5.727231761073499
428,1232.4097978820953,703.8805224558761,276.6194229016137,-14.93147756802245,3228.6457811721484,-2.7777009798990866
429,1664.2143969549115,709.1167585952105,276.61681651663713,-14.869249913784145,16916.57015927258,-4.5759307639816695
430,83.55055939090734,709.6670021313657,276.62340126548764,-15.097065198201335,3760.3484034478315,-2.943220190828611
432,799.4213849990471,711.5123086271788,276.6201115740533,-14.993917198596504,15041.20004317176,-4.448356196508243
433,263.485340427398,713.6440306109357,276.6220507970322,-15.071156185560202,1151.8059200684074,-1.6585982443013136
434,598.4140965107692,714.904788359722,276.6204525200712,-15.0228990361873,2545.107089731493,-2.519415130169807
435,701.0479272756972,715.8329367839424,276.619881554519,-15.00811217601471,1182.5095833151136,-1.6871616509227685
436,1985.9391418942248,715.7761069884403,276.6144615929656,-14.82289009777032,86090.33003333473,-6.342535910118627
437,2152.9175955774826,716.0299016248057,276.61371634174475,-14.79881321145074,2688.7425099741668,-2.5790230122792575
438,1425.9489407405745,716.5068538455845,276.6167217291081,-14.903630210491587,8164.564585982414,-3.784982550527845
439,109.82762097690731,717.9302320616059,276.62205734235357,-15.093312878482866,1124.0522627070895,-1.632116238781589
440,724.9737494872506,717.6413658178885,276.61951086625123,-15.004671502715258,1588.4503511700896,-2.007584090833054
441,852.348579931239,717.8470703859443,276.6189431966548,-14.98631515204588,7259.739054388308,-3.6574525048373783
442,984.2517975634936,718.5000689372304,276.618289429842,-14.967306943806598,5884.668495987775,-3.4294549846634674
443,1075.1040501386171,722.1463401797917,276.6173620880283,-14.954226961811987,5542.23411094473,-3.3643621457679984
445,1813.1429965076154,722.9048141831566,276.61413006468496,-14.847834612358039,8799.808078577043,-3.866332979341956
446,1715.0342508956433,723.3524487041343,276.6144784073634,-14.86198169873096,2353.772776106256,-2.434561316977735
447,1528.9170472724988,726.3235004389737,276.61482230073483,-14.88882655320043,12932.894029389368,-4.284389275895631
448,2698.031034751628,728.6675481348997,276.6095200606575,-14.720250081274187,2473.6585649587214,-2.4884993645038134
449,387.87828894131667,731.4949235538845,276.6188631330415,-15.053305048912254,1585.3185782111832,-2.0054413511025593
450,1587.216240512699,739.3841070503256,276.61262786285226,-14.880475560548051,5960.903592027957,-3.443430223008994
451,753.6319314153205,740.336317152444,276.61600363321753,-15.00063414131289,38205.478223746,-5.460464078777396
452,1250.036638629601,741.3397553352315,276.61376042746315,-14.929090557780947,827.4607893431094,-1.299518536175289
454,304.6565856539775,742.9629154302382,276.6175016701047,-15.065343211729164,540.0627310320851,-0.836260498982734
455,680.3693511003034,745.0644362777646,276.6156067324248,-15.011211611809196,4328.519132624497,-3.095998332060766
456,3090.8877276122244,745.3466208895479,276.6053652174188,-14.663651671784017,11187.280483100738,-4.12696129501511
457,1098.534106482449,748.1682350254155,276.61338104689344,-14.950956484982157,47206.246667071944,-5.690148656766198
459,230.09656627856825,750.5360422904645,276.61668486815006,-15.076117019541849,3269.615143440955,-2.7913915687501563
460,1190.5789486425867,748.5535490520969,276.61293522442713,-14.93769069159114,1142.1883567736368,-1.6494943001831253
461,1435.5376998831944,749.2461059033186,276.611797772068,-14.902382569066678,2317.798102035362,-2.417838985569633
462,809.7108990880369,751.082149041146,276.61416392541315,-14.992596058945404,1665.8222759704222,-2.059221641641257
463,556.0362371822159,751.2852867913663,276.6152019236718,-15.029154331870954,719.0765712582506,-1.1470878256411856
464,1763.0899311476942,755.9690413791482,276.6094108104316,-14.85518769383732,3056.758460084209,-2.71830278547454
465,1355.9072613707663,756.6104578629219,276.611035524646,-14.91389199839179,4278.76621146244,-3.0834463723483934
466,2534.294147664451,756.2263429133767,276.6061067039536,-14.743980349711396,4685.584384390095,-3.182059387451259
467,1309.2384036181638,758.0552774471391,276.61101700596936,-14.920625317371965,8141.39643290051,-3.7818972347348696
468,931.8992534798024,760.1746447768026,276.612292357461,-14.975023062847677,9576.438348090916,-3.958160021011688
469,1137.568789533394,765.2057924769324,276.61067461483924,-14.945399894902163,1295.7718726751045,-1.7864713495191031
471,347.5737719062097,768.376386254924,276.61352822618886,-15.059262649507275,10075.433961726085,-4.013309380395993
472,436.9574297716646,768.3684418740064,276.6131535289463,-15.046383092815931,1696.1663839991088,-2.0788211077154664
473,786.7813057313953,770.0668108867491,276.61142776076747,-14.99597816542936,2678.545884536812,-2.5748977043365096
475,1059.026400778292,770.6467716016763,276.610194071372,-14.95674301366126,1864.1992536030011,-2.1813808027042922
476,1544.448851518122,770.8913756466428,276.608109208386,-14.886770813334369,4117.077819595055,-3.041622668221508
477,732.4502221154617,776.587419909573,276.61068355876563,-15.00383472084874,16483.25561513292,-4.54775746214265
478,166.17926009693488,779.1538048089348,276.61268196805725,-15.08544242815493,937.3336518389406,-1.434885501323015
479,1498.26489290439,777.5469731986728,276.607311525982,-14.893456161417713,24733.508872291655,-4.988364310445786
480,86.56753634050315,780.2795385263291,276.6128483082735,-15.096917077580464,5593.584756819007,-3.3743755361099055
481,2324.8541176300178,779.4504259084285,276.6035320307558,-14.774281543796834,5660.405286509078,-3.387268798071953
482,504.769804387747,780.3233205046645,276.6110841687829,-15.036660153439822,5067.676432050357,-3.2671721724883462
483,284.320681714799,782.7314357524689,276.6116515949609,-15.06843494692587,108553.6045221496,-6.594260600262361
485,569.1643058202883,791.7582282720728,276.6091068326653,-15.02742737661407,797.0809344466543,-1.2589060314934009
486,1725.0842094317331,792.13321178962,276.60417800114317,-14.86081617496004,1022.9538891746779,-1.5297901228927626
487,2093.364088788221,791.7952146062905,276.60267135848477,-14.807714266819703,39150.87055728381,-5.487003536962605
488,871.5475309000691,794.3618236646233,276.6074457106538,-14.983860872550094,3529.208556980593,-2.874343287204763
490,1319.7095147577763,799.381650983835,276.60480808122367,-14.919285413502353,1976.330935232807,-2.2447991499403477
491,1474.1066428964261,798.6953491687789,276.6042590428396,-14.897025662649822,12.512547556194477,3.251485668917482
492,1786.3862913198375,798.9662203786785,276.602899934623,-14.852006025534772,7893.123590018658,-3.748272235853687
493,1671.8089052059531,801.6201422693766,276.60298814148905,-14.86853602663559,15567.799893295625,-4.485718079792334
494,707.4024961171658,807.872706681337,276.6061205925963,-15.00757192191259,25141.702627856575,-5.00613669161165
495,806.1492677852318,808.0173142012555,276.60568348658217,-14.993341728461603,1912.1265812837519,-2.208941575436587
496,2764.585882163909,807.0479482138329,276.5975543473174,-14.710976539483397,17515.74106557027,-4.613721269348202
497,1164.844947290919,810.1602823787623,276.6038530674786,-14.941652363580433,6033.69208208099,-3.456607835863428
498,300.12733945971763,810.8767243770735,276.6073843892289,-15.066271664554142,2443.488230853807,-2.47517560725672
499,1569.6800732219715,814.0579877619693,276.60156424145305,-14.883310757800523,6113.241926426475,-3.470828935745053
500,770.7005019822493,816.3867811712337,276.6045838133262,-14.99848456336619,1233.1652455150033,-1.7327031694175097
501,614.6671588344192,817.5166368461834,276.605071530788,-15.020975056922648,4624.67195063096,-3.1678523074487908
502,93.83822081313578,818.7005463537013,276.6070826782988,-15.096025175107354,13153.624868026818,-4.302763608149539
503,2054.6713261422674,817.9990909288327,276.59892768934617,-14.813401716238088,2788.2800926507916,-2.618490973426026
504,2663.9742154685496,819.0878240398237,276.5961861747974,-14.725537982104637,168107.30511600786,-7.069116443694888
505,1289.3116184850549,823.2706929027053,276.601372640075,-14.923765054111358,2579.051531607227,-2.533800027799178
506,1462.9767818020332,822.766775193775,276.6007154938583,-14.898728878640162,1619.6284431354143,-2.0286884659050846
507,2008.4328790631214,824.8913742611998,276.5980954127869,-14.82009732391601,2617.1210336509976,-2.549709497979666
508,414.9179738142021,827.7058215071162,276.6043904622955,-15.049799949512048,4257.241052610625,-3.0779705818310936
509,1842.3246834665335,826.9039053987498,276.59849717673865,-14.84405589890942,1729.1356025179848,-2.0997226106025098
510,2788.902557874604,826.4239236095284,276.59456312794737,-14.70754968528785,2480.6076374420663,-2.4915451695632793
511,158.61422671626786,830.4771324043709,276.6050529806929,-15.086740332221893,3023.5866897410015,-2.706456040438683
512,1310.6536689665984,830.9972052826354,276.60013007962215,-14.92072029612,554.4944978656131,-0.8648930810501734
513,888.8829418398141,833.0715463684304,276.60159695417576,-14.981520368032967,1477.2934932065546,-1.9288169407328002
514,963.73345115333,833.1081781278973,276.6012764611561,-14.970732803154432,2332.1717524472624,-2.4245513053656116
515,1416.1171106185293,834.4246226993401,276.5991741961302,-14.90553173163609,4815.034096844902,-3.211648395454758
516,2278.6393120687317,834.3460286784706,276.59554304019093,-14.781173165408351,66696.95586513745,-6.065415009845065
517,1181.2148935235573,838.759507562759,276.5995175335645,-14.93940975751768,10118.051608050417,-4.017892203912514
519,1269.0315469639015,840.8664571570749,276.59883324182067,-14.926760333997906,763.7838555069175,-1.2125761638898462
520,285.40097333175436,840.4060252453903,276.60303884291733,-15.06851320914205,451.9917860463029,-0.6429763346670627
521,864.9915197820668,840.7570623821293,276.600550737895,-14.984994926945113,2000.292310655641,-2.2578836420155097
522,1396.220537869059,841.4041645628347,276.59821697048125,-14.90842846897803,10.460631171707064,3.4459552974170577
523,1126.1699537493216,846.2851559177029,276.59862664036905,-14.947374524559729,835.8638492250466,-1.3104888347592438
524,1735.7183840028733,845.6266846188802,276.5961550787048,-14.859502972720302,4752.773717430886,-3.197517822698446
525,1584.4948146321506,847.1180515720553,276.5965707414002,-14.881310693574388,2808.955812115222,-2.6265122466643023
526,179.80171114997987,848.6167927787936,276.6022564659174,-15.08376114075939,1113.0545419846894,-1.6214410937896733
528,1627.559737452781,852.4281011219458,276.59559707918663,-14.875124040972818,22986.8322507423,-4.908847794617132
529,335.3510066722236,857.1030250814687,276.6003370856391,-15.061383837308913,3949.0543454995495,-2.9963827542845696
530,359.0269496300804,857.2115059629052,276.60022151559326,-15.057972899061427,1650.382675372297,-2.0491116184506164
531,1843.6201505618653,857.3366843623721,276.5939532179271,-14.84399428632143,3249.810048086627,-2.784794921168105
532,2473.0668510683236,858.7084794641074,276.5910882234531,-14.753235275023265,5671.34883347922,-3.3893658800809745
533,68.75661718870303,861.4280833588521,276.60080986836357,-15.099811446049937,2977.3795972493244,-2.689735498327013
535,672.7857571632187,866.5667224085363,276.59750763224,-15.01279925411046,968.0299420882366,-1.4698719549653416
536,1035.227348754177,867.0462305735222,276.595912053294,-14.960566986799474,5733.251944420626,-3.4011525458507124
537,591.0766066068797,871.4526426466405,276.59712178445596,-15.02459368397876,6187.9315752795665,-3.4840137351340257
538,2645.60304499068,871.3612164664574,276.5884717466984,-14.728404263965903,2649.8439883514075,-2.563200741470773
539,1360.7839617643267,874.54600239124,276.5934225712115,-14.913672283160603,6278.591850340657,-3.4998056082837596
540,1680.122352488274,874.5583482217045,276.59207470313476,-14.867637031711777,6448.852861654421,-3.528856148566599
541,1940.7266177954618,874.6096581747643,276.5909673730921,-14.83006436636725,227.65826991706854,0.10164144388668214
542,925.44354089192,877.5154791408696,276.5948118379703,-14.976432258976132,8387.92773842829,-3.8142866792811674
543,1423.4317818936574,877.9389985610284,276.59265251854333,-14.904655447491546,1865.3618337427615,-2.1820576948961574
544,2777.2936070085616,878.8673751631354,276.5867952501036,-14.70944166599795,28500.78698661388,-5.142292108974944
545,102.03996666419019,880.27232363613,276.59785741890596,-15.095092451835717,28459.013084607606,-5.140699566659233
546,1587.477061210778,881.4435843400433,276.5914384250171,-14.881021477159804,10011.775283304392,-4.006427711324538
547,2045.57306583738,881.5476335738153,276.5894900761349,-14.81497542432065,15128.053696343966,-4.4546076216908705
548,257.7529540519332,883.2740719598039,276.59675648884865,-15.072670282891927,2937.0282685386483,-2.6749202947556645
549,699.4951463084589,883.2513292960485,276.5949056607806,-15.009018022017914,1094.6708983546123,-1.6033589097963186
550,962.5955220666916,885.6191303543512,276.5934465096324,-14.971110809632652,70861.38522594125,-6.13117407291421
551,1294.56968528499,885.6698147626527,276.5920420545546,-14.92326229016457,592.4799071725574,-0.9368340449744208
552,1800.810349180162,892.0639227118812,276.58895485956754,-14.850309092044812,449.14532514073653,-0.6361171877049231
553,1509.4567663540104,893.370852423612,276.5899882153386,-14.892317684355554,13461.340836476826,-4.327870779763565
554,406.27697890470597,894.0351560630351,276.59452734862896,-15.05131388010738,2615.813141152903,-2.549166771387186
555,1442.4469682281922,893.5229283310839,276.59024783202295,-14.901978097956999,3370.9782032363582,-2.824539839268749
556,148.78045748882354,895.326888996906,276.5954143230163,-15.088419290932743,2528.581534753088,-2.51234238364515
557,714.359818684936,901.8081740935273,276.592074110712,-15.00695125633502,2948.8648327883566,-2.679287143914811
558,637.9095225664774,906.0282382866324,276.59176538805735,-15.017985252547714,1619.2160589480773,-2.0284119843113597
559,1161.3184426842583,907.1450456757881,276.5893991405276,-14.942556694371222,27626.512162800995,-5.108465125458858
560,1828.4334717814263,906.9169259959581,276.5866232452608,-14.846387464761701,20606.259287852445,-4.790147878911608
561,2943.4926557983913,913.6209907934806,276.58091131757146,-14.685613569826675,4809.645234874624,-3.2104325870203536
562,1367.6274571209428,915.035569684311,276.5873538884055,-14.91285124452346,8134.902340692468,-3.7810308373432338
563,570.5536416683667,918.1767357679104,276.5902351556284,-15.027740490035132,2520.785135571612,-2.508989551443568
564,76.11829980274902,919.0965963928948,276.59217062979025,-15.098983578382187,1937.4251106321462,-2.223212288952489
566,828.0890294168522,920.4134517850051,276.58882019247085,-14.990637194553116,1372.5044188886532,-1.8489343567461203
567,320.3436096164149,925.0208650596253,276.59026306940547,-15.06382090990811,103856.11338836647,-6.546230143176793
568,446.43112742292413,924.7574272859051,276.5897737446849,-15.045652419144256,2785.076759359101,-2.6172429014270397
570,498.2192302725576,930.4512759785364,276.58870678593917,-15.038213236863314,5017.881250277336,-3.2564509267849617
571,2000.8439662991045,932.1574020673812,276.5821319936986,-14.821632822764645,1938.4137915528845,-2.2237662060377823
572,1091.47354311286,932.0977785672605,276.58597013662256,-14.95272523363277,1440.4418669326697,-1.9013893178186305
573,2612.564028403975,931.8116713472002,276.57960015083745,-14.7334192464552,4213.020538727229,-3.066633919178895
574,1561.6433954536424,934.6912559934703,276.58360514029334,-14.884963571445946,18036.66569265112,-4.645540617720308
575,1641.4691616949444,934.6998346438177,276.5832676688873,-14.873455849768462,6681.774693643674,-3.5673795466691005
576,1130.9985808993263,939.8688998537357,276.5846446019755,-14.947060083018515,2815.8299439874827,-2.6291660357646727
578,1680.1235480523649,940.2317681771622,276.58227976628973,-14.867905895013324,1746.4899879352306,-2.110565229095832
579,622.5578028743475,941.5213935200427,276.5865331712198,-15.020341288551299,1065.9541293927468,-1.574496269173312
580,369.60503300970197,943.4263834591427,276.5873095215447,-15.056797522189765,1029.085635544092,-1.5362787687167103
581,1319.3029870914922,943.6365594785922,276.58329072378297,-14.919933681965253,5630.136817873805,-3.3814473502287514
583,682.968170945471,945.6408762988092,276.58566497245334,-15.011652717373838,16260.645163759647,-4.532994410416779
584,1810.1922104387356,948.748198489571,276.58046161754015,-14.849188854552969,5199.191144355049,-3.294989438913218
585,188.2917400779289,949.8504675904309,276.58711023750067,-15.082946767812086,3271.5666630500928,-2.7920394136257407
586,53.69754836784648,953.4706881080746,276.5871332923523,-15.102352087552712,5026.079352185538,-3.258223330795888
587,2279.7066421097093,959.1829629658254,276.57692557339055,-14.781533825191223,4058.1542321835295,-3.025971349795467
588,1255.9693062280633,962.5890028078516,276.5807297498377,-14.929139875691783,26796.194760715996,-5.075332792518972
589,1389.4030102491324,963.7636540597676,276.579993458001,-14.909911159129711,15885.915921043663,-4.50768062742198
590,743.5912020054287,964.4182617150153,276.58260858336456,-15.00299268000923,1695.609189576062,-2.078464382365861
591,225.1794416333601,965.9536804129336,276.5845521435038,-15.077697134226758,905.0390391877736,-1.3968182609686974
592,780.1706658094045,967.481702781878,276.5819979853218,-14.997733699063259,966.6785328910337,-1.4683551640374513
593,1788.5627536206841,968.4250578797307,276.5776181766629,-14.85238776478977,4541.4519365661545,-3.148136784047095
594,2098.838302590591,969.3322084023865,276.57617528010235,-14.807655867108465,12839.512179448502,-4.276521287301865
595,1297.5474003756924,970.1477369914198,276.5794273551571,-14.923177593251788,2353.242483802547,-2.4343166789114083
597,882.8951449269581,974.6419397543627,276.580498513676,-14.982958881808745,696.1829301902326,-1.1119584046941975
598,2429.1441784635394,975.9500316588545,276.5737949166625,-14.760053181875227,7339.142912077135,-3.669263339864318
600,414.1091805619247,977.4513491044711,276.5820448292828,-15.05052251338624,20882.288143981656,-4.804595188506092
601,839.0665745973113,978.2722105002987,276.5801407476802,-14.989289894918155,6153.8868742883205,-3.4780237494033828
602,1702.8889658422163,982.1066921655607,276.57593840862006,-14.864795132580047,2621.487440323981,-2.551519431640851
603,312.28907388171535,988.3824509987529,276.58083972695414,-15.06523706671491,108473.57583107275,-6.593459870592293
604,1958.593737905633,987.7520744497979,276.5740196371817,-14.827952546945717,3270.1814186101547,-2.791579594615719
605,810.4350277108547,991.2428856486058,276.57832542653165,-14.993468561283875,3306.144043582375,-2.8034544062861215
606,1468.7848273731772,992.068180405883,276.57543750946076,-14.898583741042184,139122.01306390087,-6.86363961127626
607,1328.920171555668,993.1493047819617,276.575864185263,-14.918749110190266,16523.18976470345,-4.550384704952487
608,2996.692122416993,995.0232122402234,276.56855361539556,-14.678277052979382,17124.753839519748,-4.589210821883386
610,380.57973480986965,1003.2748012566044,276.57833108658286,-15.055457719235662,2290.135669744166,-2.404803006086615
611,680.8490973842926,1003.155644895256,276.57709109801306,-15.01219082804852,5838.066644972598,-3.420822599339515
612,1765.1752405820837,1003.2885409470936,276.57251709942625,-14.855902072814722,1626.9521881498513,-2.033586954196484
613,860.1821261581804,1003.7520005847209,276.57625022501384,-14.986350097113936,18965.613557961595,-4.70006722121706
614,153.57303710797092,1004.6676129478452,276.5790731000068,-15.08816939406795,385.67974853439955,-0.47071706660073903
615,2859.5593896748906,1005.6208430883847,276.56755380998777,-14.698100517944392,4033.197672367969,-3.0192737480146508
616,472.8803375195088,1007.3934852611368,276.57732992191234,-15.042175158504856,17634.358262817434,-4.621049127698065
617,963.1971626382606,1007.5709311743481,276.5752482790381,-14.971519484552914,16720.51842331112,-4.563274325086503
618,1006.0555333919941,1007.4267866044023,276.57508996031964,-14.965342145533409,3899.124029302562,-2.982567603597497
619,1121.1244327198408,1007.8023079900101,276.57455098030385,-14.948759360424043,235901.89827695524,-7.43697856737037
621,2929.0501658046473,1008.0414486837515,276.5668992997258,-14.688087498615953,15782.891784665582,-4.5006164252915335
622,731.1062099078515,1012.7772977984413,276.5754446567975,-15.00498753431018,2233.026890995796,-2.3773848609433816
623,1724.8153982613308,1012.3908573988335,276.5713293874095,-14.861757792866568,1681.2224758686498,-2.0692129467028977
624,621.8718910697067,1013.4849511813804,276.5757967880563,-15.020731139614504,8784.489742987615,-3.8644413285155204
625,54.18904103523565,1015.8707395728686,276.57781632311577,-15.102532140914715,3260.4257048513973,-2.7883357493468357
626,2549.321264321166,1015.8310865583957,276.5673420296318,-14.742886354342845,4987.987103808613,-3.2499632832230985
627,205.6758456722332,1018.79401721026,276.57674656326594,-15.080719771591275,3704.8059617430554,-2.9270636454436083
628,2794.785720956357,1018.2399335298485,276.5659465236607,-14.707494964886957,13042.686769366788,-4.2935676395009
629,1564.4941922332114,1020.6506978015007,276.5707716922972,-14.884903434341249,1132.8274792687735,-1.6405594164679722
630,835.3054952349894,1025.4864295525404,276.57311143491546,-14.990023066097017,26461.465591412853,-5.061684714063171
632,1251.0118220357074,1027.5590502782156,276.57105821204476,-14.930118623420181,2951.7106695178663,-2.6803344411516417
633,1648.0772723045532,1028.0506613336543,276.5693165271817,-14.872884455554567,1608.3426418200252,-2.021096419574226
634,30.575156254765396,1030.3407976899286,276.57575493511666,-15.105992045196363,2370.2487038849504,-2.4421347727312677
635,139.041081835877,1030.1889059775008,276.57532428249016,-15.09036553770187,464.7984947418445,-0.6733117606053608
636,764.4708961366725,1031.5838912746253,276.5724984565101,-15.000255539527481,5477.641129193595,-3.351633917813415
637,2311.8138818038656,1031.690245766811,276.5659793742162,-14.77720179261131,1903.0237974156626,-2.203760526312398
638,161.8998421884188,1033.8299610325128,276.5746852216322,-15.087086973715731,421.0602605960448,-0.5660106156021387
639,1294.2136629974498,1035.7622896390376,276.5696530567762,-14.923924959292782,717.7853946514078,-1.145136521202229
640,1500.6274573047074,1038.1056635624022,276.5684365254932,-14.89418109416858,635.5599867621786,-1.0130413466241204
642,1722.6104390380583,1044.547150356335,276.56654269843335,-14.862206867396612,3043.7493523305166,-2.713672193686443
643,493.72477555736174,1046.773892540038,276.57136537006437,-15.039330458180592,4679.6560732512735,-3.180684818816246
644,104.72429981285697,1047.9939867168034,276.5728098826716,-15.095380855650566,1211.1439793414902,-1.7131394148659305
645,438.0595881642871,1051.9671475516661,276.57082320532965,-15.047371948760624,3256.4497949344805,-2.7870109458027494
646,467.55450701666524,1051.7723707547239,276.5707288780681,-15.043121384497537,854.4861228924128,-1.3344125134276004
647,608.8111173616053,1052.4450609752346,276.57003732138185,-15.02277035680251,1548.9269962973194,-1.9802273512324786
648,1424.5515616771017,1053.490843070205,276.56646112659547,-14.905209856156137,5961.269212405779,-3.443496816118831
649,1023.7777969960631,1053.9533180489645,276.5680737797813,-14.962976492190766,354.00119993306,-0.37766181363454077
650,1218.166333215475,1054.5208070683273,276.5671737911335,-14.934962210335843,1149.5076410487527,-1.6564296345020935
651,1327.1168054660332,1054.2925087233864,276.5667506131859,-14.91925759286319,49616.28446745413,-5.744210575475007
652,164.5742870634793,1054.8240559650724,276.57154025479707,-15.086785974038412,3808.5695041261497,-2.957054692363595
653,274.89756174346957,1054.4868749666862,276.57112946855244,-15.070890309463124,36474.84521732759,-5.410133622372206
654,583.7773350724605,1054.9646250836126,276.56976610006484,-15.02638773413912,843.5927210975788,-1.3204820378022017
655,2564.155139042713,1055.0131941289824,276.5614382048436,-14.740908220086745,16237.162481113686,-4.531425319759977
656,684.7244974186474,1058.0133901313095,276.56888853503693,-15.011853908379113,134378.1865765733,-6.825971918375398
657,2460.6145441102644,1057.8257655620573,276.56145548427395,-14.755851439213433,1641.1443823769805,-2.0430169545834453
658,541.6921451450667,1058.8890876116548,276.56935654791397,-15.032467681059796,50341.17858887225,-5.7599584259302175
659,2035.1239302106442,1061.722902865192,276.56266658997356,-14.817220973969883,2669.3191619113786,-2.571151238538042
660,897.8981874076698,1064.0268425128093,276.5670983437805,-14.981158583157839,2566.5437915058574,-2.5285216752814654
661,1060.0718728808586,1064.6923449321303,276.56631934597107,-14.957789204008414,1704.4684814370703,-2.08412241528217
662,820.5588596446962,1066.27574634644,276.5670867628457,-14.99231304414249,132683.1354260267,-6.812189292699081
663,1818.3248710171167,1066.9438372419913,276.5627999576736,-14.848499393197605,182774.78808008315,-7.159940700894822
664,1174.052106827216,1067.5702226543672,276.5654120307861,-14.94137334426542,6581.302767204412,-3.55092965483425
665,736.236211699469,1070.6804744619812,276.5667825936674,-15.004482129228954,41192.75093529129,-5.542201968293702
666,934.8382511595281,1073.136069256103,276.5655843776148,-14.975871839201922,6926.4411964264,-3.6064253571500697
667,1027.926632043091,1073.7462645201738,276.5651032454549,-14.962458658781108,4144.152391369513,-3.048739271269265
668,2929.912271993666,1080.7926690493418,276.5560520976733,-14.688263295011058,28517.053589579882,-5.142911607716716
669,348.4264755864948,1081.4364540897823,276.5667996498384,-15.060404861868957,17650.692228014756,-4.622054334061783
671,1349.4517704905566,1086.820645575156,276.5618044330643,-14.916170251237647,2594.4230280238553,-2.540251954488157
672,190.2853193534582,1087.6691642451524,276.56653006967576,-15.083213633434326,2868.609250333335,-2.6493284646708326
673,2200.001630975458,1088.7559026098054,276.55794163705093,-14.793558364294041,339.32662672782317,-0.3316948277513676
675,2588.1461201460875,1093.6678441029403,276.55557447138136,-14.737607145242364,12962.248124848818,-4.28685080459933
676,32.81378475428999,1094.8625005035713,276.56611372799773,-15.10592811563022,2850.296703723434,-2.6423751547296845
677,2176.6977459658865,1094.7513979702107,276.55714572477973,-14.796943068452958,9181.920336745505,-3.912483779480426
678,311.6892931128739,1096.0618415764484,276.5647702129853,-15.065756531452136,2696.055017998733,-2.5819718546634345
679,2469.264029446223,1096.0291022457616,276.55572339166287,-14.754760839992725,2967.3818152220338,-2.6860835555844336
680,1497.304231846541,1096.5478553093242,276.5597329992762,-14.894897711834693,2778.4236982176662,-2.61464616476742
681,1049.3721969517687,1097.6924269509416,276.56144058151773,-14.959464754517382,1094.3891199201462,-1.6030793952584297
682,1689.4296179450791,1097.9123539408115,276.558722834907,-14.867207622640118,3242.47017986048,-2.7823399550277834
683,1191.5577486028947,1099.4837964905998,276.560577453233,-14.93897952027413,18179.12401999405,-4.654082359466505
684,793.1863876077928,1101.2411834652391,276.56198383728713,-14.996398671198833,529.8735596065526,-0.815580600829714
685,574.4049650588582,1104.0619432801573,276.56247813894345,-15.027935914267855,18550.332420913503,-4.676029219703613
686,646.8521806636074,1105.5356734519928,276.56195523046466,-15.017502710772478,5771.9858447109,-3.408463121703986
687,761.7497784758972,1109.1788486101516,276.5609309113248,-15.00096078644459,16962.258909737517,-4.578859198167027
688,1781.917596996493,1109.8612051507353,276.55655223457524,-14.853922959883745,3624.2691550016752,-2.9032010856217223
689,666.9209574798077,1110.468092713736,276.56113521711626,-15.014630740649034,105331.73926488415,-6.5615481168870975
690,440.8916644015875,1111.9802437230694,276.5618544773802,-15.047205188118248,15034.541965236596,-4.447875482424156
691,962.2694792688611,1114.8230552663968,276.5592494291502,-14.972086983091474,1021.4361258487916,-1.5281780127926237
693,1645.5870045803024,1117.1147739273094,276.55604285153936,-14.873605961830755,1127.3565201449674,-1.6353031806939564
694,400.0253936671579,1118.75341027816,276.56101431754223,-15.053120417696968,2743.217157395964,-2.6008004493233905
695,1239.8471252549439,1119.2879429231305,276.5574205165338,-14.932099712071087,882.6872952911071,-1.3696671676650107
696,2839.620818475168,1121.2395193330688,276.55040424571035,-14.701452563928232,3618.63351595524,-2.9015114816431877
697,485.6287925139877,1122.3656386852363,276.56011753973723,-15.040801029457091,3320.8848798361723,-2.8082845303703214
698,1339.4413083255738,1126.0143954805542,276.55599959369766,-14.917771998215256,2143.094419796136,-2.3327532420107073
699,1373.538909181653,1126.544791763241,276.5557775212109,-14.912859375255154,1692.5564732596977,-2.076507898619646
700,1445.0186386836758,1126.7717712716055,276.5554439340498,-14.90255709602112,27947.59933446243,-5.121011249432947
701,378.00792978075106,1128.436129150867,276.5596610998837,-15.056331506251324,3984.1066385592567,-3.0059773638926064
703,1619.2089826444837,1130.4643077092587,276.5541624128636,-14.877462717785736,2212.6110531406594,-2.367412672287859
705,1876.1926728805547,1135.045804274065,276.5524002402145,-14.840434082372568,2747.5134640930337,-2.602499551683823
706,723.902039770079,1138.9995710579508,276.55663919638647,-15.00653473241332,19583.49627559801,-4.734875552662996
709,844.2213064495132,1143.565456482476,276.5554546973061,-14.989214823599525,20671.20967722271,-4.79356470892665
710,1405.4198488927798,1143.689916213498,276.5530862555804,-14.90833350322326,2750.371503238508,-2.6036283773587208
711,314.63883197247185,1146.9106161477446,276.5571682161705,-15.065535465016614,4266.78997786867,-3.080403144117409
713,157.59960489821808,1153.5456751521606,276.5568330427115,-15.088186276457579,1214.040035111946,-1.7157324998251557
714,440.1092718453288,1155.531092096698,276.5553577822733,-15.047492678344046,1902.5253168529598,-2.2034760898848873
715,599.3289734301233,1154.4326285311286,276.55485673331066,-15.024547059647096,4418.96303449641,-3.1184508998645977
716,1786.0682905661633,1154.9386966872335,276.54981181476643,-14.853507894587102,40011.93198395969,-5.5106237830180635
717,535.3783753564968,1155.5154320894512,276.554962277227,-15.033765936155309,823.1979727707803,-1.2939107089462878
718,2456.0068635354887,1155.5330110948266,276.5469078379282,-14.75691624484646,5523.945874121448,-3.3607735146515845
719,2132.828429663685,1158.265075193709,276.54785946779305,-14.803527725774183,22112.817985014233,-4.866760206245396
720,353.8587305377086,1159.8051547180078,276.55507990073943,-15.059936562006254,5373.706018912955,-3.330834737462954
722,1825.0217989091652,1161.613385148405,276.54865284851854,-14.847919308946395,1746.8526135088177,-2.110790638258544
723,765.8080283408638,1163.3538315750936,276.5528297165333,-15.000594061254294,5808.6052368502715,-3.415329633452957
724,1122.3443134030078,1163.4363146330134,276.55132610954973,-14.949213448632335,2217.152860286995,-2.3696390691244016
725,893.2693342435775,1165.7033585259244,276.55194623064546,-14.982235799311248,10415.821716930543,-4.049383822467006
726,967.4494151533784,1171.0825964945388,276.550833354851,-14.971567343816263,1588.8878984595067,-2.0078831215934536
727,2098.703753058877,1170.7580439999238,276.5461399273652,-14.808498827898546,6334.443746729114,-3.5094211876421406
728,2686.31854373364,1170.1818025441976,276.5437545844935,-14.723762966806236,5108.336133718374,-3.275848644696606
729,1388.7967203346823,1171.9813091155038,276.54893556455096,-14.91084405975272,1500.6014245591941,-1.9458133643228235
730,1896.2110924367596,1172.5521051866028,276.5467226729887,-14.837700595818859,2094.5520370455342,-2.3078778644256155
731,414.41853912367174,1174.006458539241,276.5527075416912,-15.05126821603023,3078.7333740914473,-2.726080177214226
732,1068.2367752102439,1173.9095779778895,276.5499899405249,-14.957053703426848,273.2656379357795,-0.09661253913673577
733,1502.0941812615295,1174.3740307317423,276.548103915793,-14.894522831229457,4849.8376572590205,-3.219467981662369
734,2597.6758611367322,1175.6957213621845,276.5433057259325,-14.736569040198681,12880.906519764685,-4.280016049442592
735,1812.3785700719966,1179.6034445335958,276.54602284608154,-14.84981509714808,1783.0507889419096,-2.133059263127426
736,287.8780620891636,1182.8223657165966,276.5519196163221,-15.069534655947992,2390.6766284254263,-2.451452067931674
738,1310.9476028832419,1182.8125113838303,276.54764582827244,-14.922108696665255,3497.393525427382,-2.864511232603244
739,1043.9206879259527,1185.3176793897114,276.5483895495461,-14.960604061898987,4300.2999457045225,-3.088896849955651
740,2493.9800793448435,1184.6768159773824,276.5424030696771,-14.751559512066663,32921.15548418742,-5.298837653084813
742,1467.4805333319264,1195.2017614903207,276.54514210860634,-14.899596461263364,3862.7361866278807,-2.9723875986663204
743,1412.6071191666624,1198.1139436572125,276.5449375092419,-14.907517724703075,41741.224921476736,-5.556562952196228
744,117.60386566999875,1200.8265166705814,276.5499419161065,-15.094136916164574,3510.3490416822606,-2.8685257319773454
745,1163.1083780657216,1199.509751374373,276.54577354991955,-14.943483916995248,2604.5457742959843,-2.544479964474724
746,317.4730122168742,1202.2497235438168,276.5488964322034,-15.065348586848877,2251.8685367160942,-2.3865075607249957
747,716.0352643162045,1200.7208086442156,276.5474614981329,-15.007916339424716,1689.2495725306799,-2.074384522563895
748,805.2181122271818,1201.9366514096898,276.54690756793804,-14.995070108348022,3830.839965941268,-2.9633850023911923
749,959.2745976448033,1203.1442263654164,276.5460836335813,-14.972874497784565,9611.97213289782,-3.9621812358795228
750,470.4999325773501,1204.6518718080017,276.5478996775252,-15.043310781410684,680.7658502570121,-1.0876443828174849
751,48.057767656100104,1206.5390255887419,276.54937885271045,-15.104178207632362,2663.2175881788135,-2.568666604035177
752,766.2617334528429,1205.8195940725527,276.54649085852844,-15.000699314202187,2003.2640674264985,-2.2594954811933494
753,1560.015838848818,1206.735477817847,276.54303404262447,-14.886304622562449,3024.878980730544,-2.7069199885578326
754,2465.091786311023,1207.8347023282488,276.5390719539614,-14.755819893370715,53470.65236101864,-5.825438685020277
755,1196.5310807714463,1209.8003417304915,276.544098452501,-14.938708379435633,6043.568401671946,-3.4583835829634237
756,1238.4824948709486,1210.8541166468183,276.5437657392027,-14.932666320667462,4226.026226583112,-3.0699804481755866
757,337.92753181208235,1213.1894991739755,276.54717827452106,-15.062445409531684,1817.5070874798694,-2.153840261050478
758,448.5290247412537,1212.7239276558462,276.54678656888717,-15.0465086406231,2380.502565945324,-2.446821613162649
759,1750.5489499815492,1212.9682447729028,276.5413059571113,-14.858863901561248,1451.0591931599192,-1.9093628008311532
760,1597.7407367321348,1214.1333842282913,276.5417725233506,-14.880896569904088,5894.412125412899,-3.4312512222452534
761,1674.7070972692572,1222.1744640602,276.54025068610923,-14.869834284010114,529.5534125085105,-0.8149244058961846
762,1091.7857975221011,1224.5546759041495,276.54233518026797,-14.953863876123567,2019.422725881217,-2.2682180766956415
764,397.7410886637833,1230.7070188835273,276.54431430070844,-15.053897898610172,2651.5413004778675,-2.56389596854409
765,1375.2646544706322,1229.6691363013917,276.5403865508558,-14.913027604097826,13827.202871217974,-4.356985815350837
766,1327.527910493089,1230.5287838888494,276.5404580404474,-14.919911554142073,2787.718080984836,-2.6182721080690836
767,1805.7673194444199,1234.5683612466385,276.53785295277635,-14.850991152012691,3268.152972029522,-2.790905919079692
768,172.3786821891353,1234.3230614886656,276.54471354120767,-15.08637969834274,3200.8524992011953,-2.7683141322377622
769,1968.1986198511536,1235.2988930189792,276.53706304431734,-14.827577002830346,74805.23430363392,-6.18997994723411
771,2153.6084642490787,1238.6873900689761,276.535779958309,-14.800858999453105,4074.214478183305,-3.0302596977120455
772,641.0155123087468,1240.4102323541204,276.54185165089837,-15.018885249200967,3440.2719058974762,-2.846631900565713
773,1186.06372617348,1240.5062898040965,276.53956113496594,-14.940340691426652,5370.758479518234,-3.3302390353101763
775,413.37209310134074,1241.1631425693097,276.54268851716205,-15.051687645432871,993.1714603381115,-1.497710556382654
776,482.6759834357581,1240.938740379494,276.54243311437773,-15.041701631010769,3591.3304664744646,-2.8932884028330297
777,283.16197399309004,1242.793955485763,276.5429876668399,-15.070453655422282,19284.875669711386,-4.718192086567171
778,452.5454984361758,1242.4989253150643,276.5423258640808,-15.046049023118474,341.76824029773707,-0.3394792341098318
779,603.664526098377,1249.3190201456202,276.54067791378117,-15.024302745130166,28622.149490031647,-5.146905592463328
780,927.4332942509013,1252.4937370348084,276.53885311109116,-14.977661426398802,7349.541641044838,-3.670800615495642
781,978.4059001670195,1251.5376506871019,276.5387829175671,-14.970312005804919,18347.314310941845,-4.664081230811766
782,1494.1242459213572,1253.587488590967,276.5363212100414,-14.895991898703208,1289.266680206114,-1.7810068755879735
783,1561.5549312682833,1252.0840202871411,276.5362632748998,-14.886266115485574,998.7902408625232,-1.5038357038871728
784,1754.0916244649911,1253.9031762958912,276.53518575709063,-14.858518988304002,17782.022176059952,-4.6301028471223065
785,1681.5262841782528,1254.9885335931322,276.53532777890723,-14.868984053186486,56541.80610158871,-5.886074170673324
787,114.82070683054997,1257.6853900208569,276.54146572732304,-15.094764448275065,4092.516568493389,-3.0351260941258746
789,780.8470540561019,1258.5066636059405,276.53856770758483,-14.99880893418211,382.19211848283885,-0.4608542954345996
790,3040.995030725172,1258.6225967993798,276.5290786157597,-14.672972091524121,1299.262600958289,-1.7893923221708947
791,46.25778712628958,1259.77183181498,276.54143956170583,-15.10464946823652,27.05087244324386,2.4143968304048222
792,1901.9304497248258,1262.8178972593269,276.53323682783986,-14.83724238338996,4587.234830124362,-3.1590274111747845
793,2888.0948549969216,1263.0227676302293,276.52906610597796,-14.695042773145701,9545.404717604979,-3.9546358454757953
794,235.83822970645141,1268.3540118638152,276.5393694606908,-15.07737325030207,3244.3130560425343,-2.7829568640172804
795,2204.8440103486155,1270.362009057778,276.53084186278716,-14.793600430529532,4680686.494340258,-10.680923862521944
796,2765.882889590258,1275.220885692004,276.52776168513964,-14.712718142553728,134352.08695131488,-6.825761020602022
797,517.8638230500563,1275.5072363013571,276.53712717072517,-15.036769914921713,1581.6824860735796,-2.002948242617815
798,1579.6015923450927,1279.4678047232246,276.5321031070771,-14.88377533935332,116.04151235055178,0.8333165710342563
799,766.1958651672595,1282.6293034582916,276.5350290856272,-15.001016738271659,5058.962213167979,-3.2653035671981523
800,1394.562095390973,1282.9351676147958,276.53235974286724,-14.910460936952665,3481.0589270785567,-2.8594284159391616
801,871.4075697019641,1284.7047044260353,276.5342805349018,-14.985864168847032,6119.324129022076,-3.4719086222273448
802,1450.5078490797139,1283.7643610000573,276.5320021423942,-14.902400475574375,84502.16627664992,-6.322319584715917
803,1817.188313485847,1286.8322896330844,276.5300102733421,-14.849556278543133,1346.450271683978,-1.8281257740402834
804,1349.1327197844703,1288.080290312525,276.53178208934435,-14.917029524390182,14577.591032836004,-4.414364383682075
805,126.79974967033544,1289.0541271793732,276.5367332049789,-15.093163611499952,11110.309485664824,-4.11946537005651
806,2914.071451736212,1290.1449012674848,276.5249141103795,-14.691407222264786,84003.83857765829,-6.315897807611696
807,420.83628034355974,1291.3501849811296,276.5351667615881,-15.050812578873579,3048.826387369947,-2.7154817147384875
809,321.97202671324874,1293.5674349751557,276.53524740771786,-15.065064830377867,1536.0549615964992,-1.9711668669906592
810,2022.6282420828877,1293.9282720466015,276.5280915419594,-14.819967548875926,1734.3001158231637,-2.10296061106645
811,1147.1732636123852,1294.5225748558598,276.5316646512021,-14.946162852288136,3285.713451038988,-2.7967241925168924
813,1506.1997276618727,1295.7687637420584,276.5299785692443,-14.894421475385995,1807.3054579846212,-2.147728878684637
814,1615.8303904145835,1298.0771430867221,276.5291757557114,-14.878628181858943,28108.458724376163,-5.127242559623285
815,1253.381754261659,1300.3272868810375,276.5303550779652,-14.930879209399281,1864.2920019357116,-2.181434819310943
816,214.19384647814454,1302.0940070692043,276.5344231427571,-15.080625693865702,734.3477908616187,-1.1699044601226412
817,617.5104498457098,1308.352120602834,276.53181011815315,-15.022543727950891,968.9281281180447,-1.4708788876151169
818,1422.2100377974282,1306.6694129045648,276.5287035870117,-14.906571486730538,718.5775757899974,-1.1463341291158267
819,1663.0896837730702,1306.6186319829876,276.52770403919374,-14.871850289193999,4973.294726495631,-3.2467604710103357
820,2229.257448121866,1310.974404775349,276.52468369189313,-14.790245298102493,36315.64213075262,-5.405384297648047
821,2152.880305230681,1311.8123401462342,276.52487884896294,-14.801260864148713,12468.835574807075,-4.244714723273647
822,2436.8181304193795,1311.6649638755287,276.52371033935634,-14.760319944468934,4592.815225338505,-3.1603474122271837
824,896.8376524971528,1315.4054524748651,276.5295933516412,-14.982322602053518,14314.529924382456,-4.394592705249785
825,2517.2499689539345,1315.448680787847,276.5228087610002,-14.74873719184886,7920.365158966684,-3.752012990017273
826,239.09641316544247,1316.3133288774427,276.5321970279552,-15.077094772891925,3336.7134556142846,-2.813447260023713
827,1590.0757225696225,1316.8130909421884,276.52648878038804,-14.882416179135515,1621.483692723501,-2.029931441638236
828,1749.774893526384,1318.2261027354693,276.5256101250779,-14.859401275133402,518460.86515351624,-8.291939928882236
829,1029.9419156769723,1319.674697501429,276.5284011779831,-14.963158522164045,40709.867055010574,-5.5293991886180995
830,1801.7861304762941,1322.2635445753485,276.5247903494035,-14.851919840266461,4004.7006958752754,-3.0115751364322687
831,1553.4142325423836,1322.7800130291337,276.5257519909591,-14.887724749296373,6705.417928317271,-3.5712146065352623
832,814.5555538178719,1323.4636860441426,276.5287339178663,-14.99421166820398,1647.7407913175994,-2.0473722112941393
833,505.91042814151535,1326.1607786116103,276.5296170101624,-15.03869426607565,2448.113833522424,-2.4772289982386497
834,1191.7793911967278,1326.4089605239822,276.5267211157063,-14.93986226870452,10231.151436371205,-4.029961260626248
836,743.5815182926999,1329.1507413450508,276.5281810094306,-15.004461376887797,4012.994606083841,-3.013821418303894
838,2701.890714648456,1332.523725670535,276.51948827210146,-14.722180434299586,7009.552664929943,-3.6193757360213334
839,208.35030802161847,1333.9708072682856,276.529689116438,-15.081594237274617,286.75863426190335,-0.14894123660884664
840,664.7232180123473,1336.0868925158961,276.5274743785329,-15.01585174220204,4100.104349539499,-3.0371372529561356
841,2951.1991716134416,1335.398483945862,276.5180127581501,-14.686237350119509,7961.519532879989,-3.757639890680516
842,410.5208091707693,1337.3864062315643,276.52833851169476,-15.052482174955303,8087.132246743771,-3.7746363409998303
843,1611.6699286332657,1337.4787909631461,276.5233159728846,-14.879386758117956,699.5727212054771,-1.117232144498489
845,1069.144182074608,1338.4972578272211,276.52542921813,-14.95758446316416,1392.9249524538754,-1.8649692740223904
846,2394.5869109520995,1340.2975126447438,276.51961840874844,-14.76652577035096,3409.013934503251,-2.8367219193985154
848,786.5118706752926,1345.6693870472072,276.525537105336,-14.998341389219409,2150.363554033742,-2.33642970504273
849,82.58325658220528,1349.2747113314388,276.5279272163903,-15.099772247210709,7983.078084464883,-3.7605759214043273
850,979.333279127541,1349.359943741267,276.52418289727166,-14.97057053285697,3479.0216415633913,-2.8587928041284636
851,1783.0798942495883,1350.7962641604754,276.52061302374216,-14.854731627869022,3618.7732601191965,-2.9015534097268025
852,2076.339190159612,1353.1637459924957,276.519033046771,-14.812463718828665,3182.098494115169,-2.7619340234384766
853,472.55851561463106,1353.595664482128,276.5256611205791,-15.043608757111002,3419.221226963564,-2.8399679807803144
854,1362.9217722617418,1357.211684655255,276.52141138083357,-14.915320062645856,8343.95165508904,-3.8085794261215797
855,134.05372717511128,1359.4970503080806,276.52618740300284,-15.092398401112826,2298.8695231657475,-2.4089357851608084
856,577.1353228962183,1359.4633712660905,276.524350275685,-15.028564958558105,74577.7585289756,-6.186673294040609
857,1835.8772605355853,1360.6804071279037,276.5189180749344,-14.847160404210351,1329.8473687606165,-1.814654474141991
858,2752.749404914925,1361.6247767450452,276.51493664600486,-14.714964511838962,2239.376540999685,-2.3804677892317696
859,1136.4334089707677,1362.4208762427206,276.52157913881786,-14.947983007491494,1746.7333919727826,-2.110716534951565
860,2133.418229855989,1361.6421873532133,276.517529783384,-14.804268679660023,8387.182475709007,-3.814190207936827
861,2282.043529150018,1361.6552963806569,276.5169054768053,-14.782839872928006,1194.7461119043874,-1.6983390429661043
862,422.01764081801457,1364.3561334304577,276.5242652775107,-15.050933122098256,8732.470527468715,-3.8579927996854986
863,1496.8586303396492,1367.2733286843368,276.51935126550114,-14.896055715374839,848.2085709920502,-1.3264066198497915
864,520.8480466979979,1368.7698104477256,276.5231954971906,-15.03671181585716,2961.3870442522457,-2.6838879084767253
865,2473.342499699645,1368.1771507937667,276.51513154348186,-14.755282840950178,5671.260112837132,-3.3893488950621515
866,1895.2168847038888,1369.869999806474,276.51729938987125,-14.838643097383965,2569.3440752770402,-2.5297056457473777
867,3032.091363349016,1369.705804098907,276.5125593775712,-14.674710543510589,27509.033466290566,-5.10383830747199
868,754.7891900898159,1371.8709908665742,276.5217591773482,-15.003016990153856,1123.261143722455,-1.6313518179785869
869,1171.1532371208073,1372.6578006356176,276.519907027784,-14.94302032480822,6108.211591885076,-3.4699351604451047
870,1474.9717310338806,1377.6983420551496,276.5178875187657,-14.899252306183296,2378.4913732969435,-2.4459039297905054
871,1746.068704435075,1378.1127910996966,276.5166934767047,-14.860177034453963,2454.3801674256683,-2.4800045607559014
872,2159.838137273269,1379.9924339711617,276.5146828181682,-14.800533782562821,29946.800901268085,-5.196026066407594
873,1567.5780237117538,1381.0573556086638,276.5169998357629,-14.885917694027478,1700.51636977843,-2.081602020726871
874,1923.063523570603,1382.658212469485,276.5152757364313,-14.83468027070292,7641.3240453550825,-3.7130715212807393
875,647.6748395380691,1385.0105812182387,276.5202440704137,-15.018503222284478,25907.96976104431,-5.038733432038628
876,1068.5658675761943,1384.6652846896288,276.5185431243722,-14.957852630428736,808.4787086581346,-1.274321446365536
877,1530.6699229285216,1387.9399478268406,276.51612726623296,-14.891265281208657,1487.854233409278,-1.936550940875884
878,857.4258406928009,1388.9298542603742,276.5187862439595,-14.988295713581238,4212.675194561074,-3.0665449169940606
879,2946.3226735797625,1389.125137274946,276.5100249800148,-14.687159792671503,8069.3567061376525,-3.7722472630462436
880,1631.8595162886593,1391.04263226006,276.5152419828098,-14.87669213062317,704.6862976559787,-1.1251395455608302
881,2021.3425085768145,1389.2259897856745,276.51388529070954,-14.820538354944102,2147.5090369859827,-2.3349874785011413
882,1117.5827625174477,1390.3753883056586,276.5174868869369,-14.950811566780805,1812.7314059464843,-2.150983625959567
883,1788.5436864031522,1390.9661801530171,276.51459891384525,-14.85410590950532,4418.976062460628,-3.1184541008218054
886,1964.600726324654,1396.9238893274924,276.51297454685573,-14.828749673762129,18862.212269031384,-4.694131548194856
887,973.8312040115824,1398.0557802235123,276.5169397840307,-14.971558084602284,5481.34124342486,-3.352367078612235
888,1750.4637789416543,1398.3791595424611,276.51365235322476,-14.85962508079685,697.8861802954925,-1.1146114743466322
889,2234.738248232392,1401.2869504090474,276.5111940157926,-14.789820906191004,16206.426372389193,-4.529368129590913
890,747.2124821949268,1404.6906082652074,276.51689300510515,-15.004239556398105,4763.641019146133,-3.1999975439749466
891,337.9881466097607,1405.9460140650929,276.51840677413264,-15.063204217086746,4617.677924633725,-3.1662090741165305
892,814.9272638049906,1410.1585487015686,276.51579529060217,-14.994504220927984,263.95611747383373,-0.05897930758669068
893,2689.2122880789984,1410.3047423510807,276.5079461774865,-14.724325123384329,84654.23051348014,-6.324271644407214
894,591.1562940048518,1412.1425388628222,276.5164298976581,-15.026754488680021,6409.9866545084515,-3.522292791633576
895,300.62409859011063,1413.1664606088636,276.51748418156916,-15.068615608026526,2224.8222102319123,-2.3733882568367086
896,1191.3783464162775,1416.2761924461608,276.5133149979021,-14.940280144097844,6987.170551188523,-3.6159033387228536
897,656.9775046149816,1417.184226297782,276.51540381253824,-15.017290929769128,1764.2663576291525,-2.1215603601789934
898,2393.1906203580897,1417.7471802008988,276.50807650888,-14.767041074702352,5234.729362113227,-3.3023855617528977
900,2109.5826333643577,1421.3064410105337,276.5087322503713,-14.807946262199922,44483.4235432861,-5.625645488645507
902,2899.38249247808,1427.363206362212,276.5045221899661,-14.694085201179885,11130.464110501693,-4.121433162388382
905,1435.299608661819,1440.447032188989,276.5086924479783,-14.905222094951803,1641.684456976829,-2.0433741943789454
906,1566.8001220833805,1440.6674363671887,276.5081112534199,-14.88626920694122,2127.404510685941,-2.3247751676464037
909,2456.9941825017822,1444.8463044481173,276.50376902319204,-14.757950879467995,9638.082140560262,-3.965126536459703
910,326.52341960067446,1446.5088461283979,276.51239975536,-15.065016641645443,12615.745220142766,-4.257432252480576
911,936.9414975902147,1450.0464834068207,276.5093355054717,-14.977081358085366,4135.201725376188,-3.046391729232874
912,1654.5934347443826,1453.100090414889,276.5058905683486,-14.87366447202782,8937.030923228245,-3.8831331299442273
913,1703.5211418836705,1455.3787589370008,276.5053465844366,-14.866620940186504,13212.743408671406,-4.3076324810138376
914,2257.032150185082,1456.5809912321288,276.50285571179586,-14.78682998226014,1550.3947025166126,-1.9812556677831392
915,2845.5640510296435,1454.7828356679809,276.50066052363746,-14.701958138821517,3629.5308071888285,-2.904776195855847
916,691.2198937087212,1456.9960707511775,276.5093200329682,-15.012515453450924,1149.8735996484756,-1.6567752357425354
917,1890.0657139172013,1457.8475703119486,276.5041998762754,-14.839740104436528,764.2270292386529,-1.2132059627791585
918,556.1590692655333,1459.543235491671,276.50950093978366,-15.0319850788915,5131.761588985915,-3.2808161576935864
919,1827.3103655589923,1461.4635723619137,276.50392250763326,-14.848801171934367,3516.5428317931946,-2.8704397571340694
920,2183.8870759247698,1462.1807790913347,276.502326429163,-14.797398433170782,1284.3668183382833,-1.7768726708855378
921,785.1790179864112,1464.5851836034415,276.5077970135082,-14.999007362154787,115293.50222982815,-6.659662057804504
922,118.67425126870975,1466.4489793069743,276.51028529827704,-15.095037091932031,16646.480843522877,-4.5584560666527265
923,1020.8487133391226,1465.8463128192889,276.50662890160555,-14.965053143869577,163.60651125508593,0.46034856206612246
924,1405.6047188460568,1467.4224362278546,276.50479202796697,-14.909609987821062,1367.4775461694808,-1.8449504883111791
925,606.4891919842231,1468.3837721062573,276.50797250569025,-15.024768760015258,1487.3794662207947,-1.9362044323445997
926,59.76059511678184,1469.5197260136636,276.5100710557205,-15.103535460542185,17827.17543788161,-4.632856324351949
927,2567.937283015133,1473.445773736375,276.49904081244364,-14.7420692094992,13688.616309805482,-4.34604885442788
928,194.54009734254254,1474.723016051478,276.5087356454241,-15.084141325295784,7505.626269519038,-3.6936173173859688
930,858.0284097494546,1483.0582493243037,276.50473756305433,-14.98858384988865,1744.4637996192905,-2.109304882271907
931,1082.2769646953827,1485.8927953880773,276.50338226853495,-14.956280883149262,23374.070938592427,-4.926985872714841
933,413.434169839407,1489.3904106698853,276.5056385101531,-15.05266576432082,6142.852723328106,-3.4760752360911167
934,2687.22243995335,1492.788239812755,276.4956580152825,-14.724946523989422,4472.543384809454,-3.1315363833871075
935,316.01870523721124,1496.8933448495777,276.5049225828052,-15.066729297906896,8210.330787592276,-3.7910516154339806
937,460.1550590102969,1496.7111358995141,276.5043520197744,-15.045963825211148,1293.2149773144629,-1.7843267926493676
938,2772.138322359479,1497.9852397867091,276.4945278797095,-14.712722191940276,7147.792247919831,-3.6405797812121135
939,2504.047287916596,1499.4329013568292,276.49543359890976,-14.75138690002616,3762.6078825828736,-2.943872380813852
940,2000.4830323819656,1500.6580315591686,276.49735435247914,-14.823994477547041,7770.10488291824,-3.7312171809738044
941,929.5077386348772,1502.0531386857247,276.50160606066333,-14.978359560845433,56425.23049662565,-5.883833332927376
942,2027.491342724387,1501.8159629043587,276.4970689568777,-14.82010552788875,962.3091391071794,-1.4634365041555282
943,748.2025889486212,1503.5524725914368,276.5021354642859,-15.004490003649936,1462.3823309139698,-1.9178023060760925
944,540.4106949470743,1504.0144406945067,276.5029290181393,-15.034430297979148,12910.950502745109,-4.282545518707449
945,3025.4916305322085,1504.638106124795,276.4924752857639,-14.676211657621336,5944.447870404285,-3.440428785516498
946,30.375150621385835,1506.7921591359748,276.5046283980663,-15.107915155096714,3961.623597898986,-2.999833003170634
947,1262.1121126373405,1507.119438636488,276.4994671574491,-14.930449082589732,1515.2794715649798,-1.9563818273547928
948,618.2702892721538,1508.7145052439157,276.5019044660053,-15.023231304735445,4225.012544562051,-3.0697199852182013
949,1721.0412723997044,1513.682409392474,276.496577157355,-14.864329319381126,1137.349049384764,-1.6448844007209003
950,813.2533235700721,1515.319570879064,276.50010931866416,-14.995163721171048,4069.168550376664,-3.028914176523072
951,1116.22531171754,1514.5475862321136,276.4989656367669,-14.951502817607148,1171.5206844165223,-1.6770248806238777
952,835.7960219308496,1518.2544790080378,276.49957773587084,-14.991927199548565,5431.093121972925,-3.342368101584051
953,1904.6690889146703,1519.5840084796064,276.4949314525981,-14.837882948603351,2913.856215695385,-2.6663202725476607
954,2031.3357726225668,1520.9730049385273,276.4941959881442,-14.819628297800989,7680.894725675287,-3.7186795101014036
955,348.9827537183222,1523.374864238921,276.50083312159273,-15.06208515415468,730.1261422171956,-1.163644724978016
957,899.9918711060511,1529.65310800073,276.49761018637105,-14.982722336659576,64530.388157277775,-6.02956067192829
958,2066.8824460146384,1531.6354435710227,276.49245759978584,-14.814546575756147,29710.980944268347,-5.187442455325697
959,2425.9865542465027,1535.8738490474038,276.4903265723842,-14.762789506920203,1678.0816964141559,-2.067182729262838
960,464.98145072383534,1533.5565400911933,276.49883257840133,-15.045414245124697,5794.838439748564,-3.4127533091363365
962,1184.5454012709029,1532.6604376122586,276.4959791253117,-14.941729353873713,2465.446561158984,-2.484888962284298
963,1672.9471332081405,1539.0968362910808,276.4929867346647,-14.871363504858516,1915.3921365539427,-2.210794228660328
964,867.5007387610052,1539.8238352954245,276.49622738267726,-14.987444447040652,3894.6864939908264,-2.981331239625323
966,758.194490275681,1543.4929272900868,276.4961335213617,-15.003208723874819,2910.505980827904,-2.665071218464653
967,1237.7384437222634,1542.5866106630829,276.49427702549565,-14.934103079397397,1281.5710249791737,-1.7745066780536043
968,1576.4566391234657,1550.1330930876877,276.4917422417768,-14.885315566862015,2076.1673002995667,-2.2983058448416664
969,1455.5784850955745,1553.3829806419478,276.49176042781545,-14.902750833306687,7349.188258435344,-3.670748409584525
970,406.3397042914259,1554.3588388000442,276.49597065940105,-15.05394460134836,12304.454298771976,-4.230305872200509
971,2922.597307771862,1554.6783297449226,276.4854471836951,-14.691253857925037,13748.658988406358,-4.350800828765241
972,294.8752658364102,1556.7105652392759,276.49608129942754,-15.070011280816386,384045.77001006145,-7.9661074433940975
973,620.1981305514392,1560.272041965482,276.4942017785534,-15.023157661636029,855.7184121158789,-1.335977169851803
974,535.1205315463401,1560.9493031648494,276.4944533598421,-15.035417690379889,21448.041340327705,-4.833619073476437
975,1402.2930067739856,1565.8131143663363,276.4901277071736,-14.910480191790542,3819.3040799715673,-2.9601105703100714
977,785.7175439091991,1573.0341930374113,276.491610807121,-14.999360095784915,896.9808972153696,-1.3871079635157137
978,946.7296703799935,1574.8632158496835,276.49066986374567,-14.976167092214824,889.992236871738,-1.378615524430866
979,1512.3626626276853,1579.4411293003982,276.487636974252,-14.894670561527153,1247.4660771612544,-1.7452218396055905
981,827.0673061071204,1581.5835897007657,276.49016347369445,-14.993436019717157,4274.818073079106,-3.082444070401979
982,431.88318124943413,1591.0768184649564,276.49038428622714,-15.050409607039628,126834.16117449745,-6.76324058086429
983,592.6052040036698,1590.782166502595,276.4897626020144,-15.027253660758133,102723.384466213,-6.534323277882685
984,1379.6990963367668,1591.2353491358779,276.48642903134237,-14.913837744316647,920.4701654723613,-1.4151742698151448
985,951.7245565627715,1592.9540856006754,276.4879496269769,-14.975519080255653,2077.263915735588,-2.298879170868906
986,1474.126959835735,1594.8107623558137,276.4855031693793,-14.900242670996438,940.187348419393,-1.4381859853978072
987,2903.48897996224,1597.381069592448,276.47916168582424,-14.694182275620177,7499.066051523609,-3.6926679254903956
988,1732.1287953772087,1600.6507327959587,276.48355904759,-14.863079009712129,49273.39197999507,-5.73668112865345
989,133.82129347550878,1602.1286827730464,276.4899677811464,-15.093389688669303,30683.290298036358,-5.222404800806729
990,358.82591069628955,1602.12886415544,276.4890370241487,-15.060977764505068,1844.3352359929704,-2.169749637127731
991,2524.1242389802987,1606.655513377856,276.479363450962,-14.74892436246221,15172.494249626121,-4.457792432232327
992,1591.6356898498507,1607.9667705647673,276.4830521108384,-14.883358567621775,20145.03545006475,-4.765570068248167
993,1794.1933905273359,1608.7365206707348,276.4820947676941,-14.854165074649538,6188.86069248314,-3.4841767460606787
994,1429.9391419689384,1610.147646562951,276.48339885921206,-14.90667231773459,2433.8532784687122,-2.4708859628988757
995,3020.1074058405034,1611.2968500278228,276.4765999061772,-14.677420385563924,9498.465599390736,-3.9492836137685954
996,1164.990743073706,1619.628081814203,276.48308465252177,-14.944893055465847,3893.9253654467175,-2.98111903626114
997,392.2197032692654,1623.2298383610955,276.48574919389415,-15.056250207044318,15771.777116485988,-4.499851556030295
998,157.25610016106447,1624.2498885813382,276.4865685557766,-15.090100951956941,4654.114796024398,-3.1747427062430327
999,2924.263285555372,1624.486072865582,276.4750344955541,-14.691295871274873,2464.8838219716563,-2.4846411142641083
1002,251.43685276922827,1633.4203359030384,276.4848102793311,-15.076570581982562,8829.63749145245,-3.8700071623222576
1003,1862.0293284772422,1634.6420327123694,276.47794871413845,-14.844490196705696,888.434150680434,-1.3767130886227923
1004,2266.079391733022,1637.494876926838,276.4758411077737,-14.786253446012132,6034.819617398491,-3.456810711901567
1005,2236.626445889629,1639.0788995959806,276.4757276064848,-14.790506083610085,2304.95467998588,-2.4118059551009425
1006,2672.6547155599296,1639.7351186225856,276.4738118380658,-14.727640449256358,4917.003222985135,-3.2344012107212308
1007,1422.6850028645827,1645.272070720512,276.47818903992743,-14.90785750411571,48206.262523726095,-5.712908632154829
1009,67.36288376601071,1646.9321065083325,276.4835537952968,-15.103138171562414,895.621699221374,-1.385461496242653
1010,2173.4900944002748,1646.8023769001782,276.47483883574574,-14.799639329002874,6641.101158783713,-3.5607502172271217
1011,2782.0070443040017,1645.9319342319234,276.4724316481922,-14.71189681169712,2814.0737825850374,-2.6284886785058346
1012,707.7601095941534,1650.5920198926813,276.4803594089936,-15.010898822555422,8750.187288143148,-3.860193350114721
1013,2034.364553533615,1651.0979277345143,276.47477740403144,-14.819713224304506,7425.751347410842,-3.682000985086271
1014,473.2602141987085,1652.0651927303602,276.4811099362257,-15.044688966738653,544.7221187690157,-0.8455875043689811
1015,1052.2201149250532,1652.8114717307117,276.4786011711116,-14.961275109043042,11517.191018351237,-4.158516403037808
1016,1007.2737636637204,1658.004138253425,276.4780126496063,-14.96777228908682,1839.9729643062456,-2.16717858266593
1017,2224.4287834864467,1660.307261432195,276.47261285571557,-14.79234967467022,1939.8481612749747,-2.224569322087308
1018,1886.493604629811,1662.681214002238,276.47366499432275,-14.841075639504488,4264.7829834282165,-3.079892320011039
1020,1235.7953693728216,1664.1116214455756,276.47615391834336,-14.93486596486572,3997.0824712234316,-3.009507751039062
1021,1313.5487675160703,1665.6379016047374,276.4756036700584,-14.923666845226393,10874.544457037759,-4.096177661021411
1022,2479.2343042749176,1666.9681255688818,276.4705582143113,-14.755639321194835,4262.529579255846,-3.0793184926691044
1023,372.43654060111095,1669.604733988762,276.4789088028638,-15.059282467773226,1150.4970219620154,-1.6573637254292637
1024,2550.2537333458636,1671.1667232457132,276.46963621516574,-14.745416149584024,81268.20008304616,-6.279951581231659
1025,761.0244056138639,1672.1027081157056,276.476928691732,-15.00330943486871,13238.775930230273,-4.309769557521305
1026,37.42648329938023,1679.6331785948273,276.47879535513795,-15.10757813914926,5170.809439954697,-3.2890463108079553
1027,1569.844394150207,1681.1965071551951,276.47221892489375,-14.886790903159863,1010.3592963393312,-1.5163395827500101
1028,1631.9737527061461,1680.6905458736544,276.47203642713566,-14.877834126286198,713.6496777944267,-1.1388626634421988
1029,1818.6072225228747,1682.2800419007694,276.47102403582625,-14.850939384984281,23412.210291246476,-4.9287560191802795
1030,801.1473639395199,1686.4620242699993,276.4746197092052,-14.99758512254746,28199.59672542411,-5.130757222418369
1031,595.7704738730987,1688.4138994983343,276.47517805891437,-15.027182494882432,4907.730888863443,-3.232351829693114
1032,2169.218470284821,1689.1485168424745,276.4685417858218,-14.800424593900942,5188.320557679748,-3.292716980567558
1033,2047.8241914022149,1693.0575181253448,276.46846378695557,-14.817940559158949,6186.0527958539315,-3.4836840339161057
1034,183.68170477496628,1700.103941956736,276.475135663646,-15.086591983138653,419.00917475286406,-0.5607088096074698
1035,1085.7342092654678,1702.015301895322,276.4711204900353,-14.956640397573217,2492.681667660945,-2.4968170275620745
1036,1721.8180944063317,1700.8801752676836,276.46865177296,-14.864964707277853,20114.557151235174,-4.763926166922678
1037,2071.353583709137,1700.6754882347648,276.4672298485326,-14.814579022361636,2248.513832338038,-2.384888887298847
1038,1374.6912298490618,1707.311440086185,276.4691327878828,-14.915020535719787,13494.786913355347,-4.330565056593376
1039,1430.3744852097864,1707.3920955545113,276.468889844558,-14.90699590736979,45079.01059506647,-5.6400859170180295
1040,445.4260534820162,1709.8301628339605,276.47260295521596,-15.048925790115959,25928.00736396591,-5.039572831746661
1041,2647.6978674333545,1710.2348804178996,276.4634054186872,-14.731522507310112,782.0248661923106,-1.2382013848774918
1043,1266.7120378627835,1713.8431209410787,276.4686059123413,-14.930607571977543,1745.2554151337245,-2.1097974638156467
1044,493.51234671957735,1716.0932123689786,276.4714694707667,-15.042023082236216,1548.4583575869328,-1.9798988044353794
1045,1485.2547718754654,1716.6612514158735,276.46727944527726,-14.899123266130614,4178.914390414488,-3.057808663925192
1046,2325.958782574569,1722.8644923635136,276.4628619576481,-14.777962330475724,4182.626678176923,-3.0587727363271364
1047,170.0700704984944,1724.4157766515698,276.4715624688756,-15.088647774433268,620.6380684687756,-0.9872460049693907
1048,1038.694834788713,1724.643230068272,276.46793888475065,-14.963507984074177,10091.805425227329,-4.015072149628975
1049,1183.453838461802,1725.1318922431494,276.46726656201133,-14.942650262751178,997.3260506748338,-1.5022428862850288
1051,2212.248890483973,1730.5677909607177,276.46218621847623,-14.794386601153228,7779.700548929919,-3.73255718016103
1052,960.5929816146104,1731.122983712412,276.46729522448294,-14.974787410011318,6693.742941447417,-3.5693225538514035
1053,518.238411350066,1732.6141332700977,276.4689014501263,-15.038525860404476,1943.2188945494709,-2.2264542898302415
1054,1961.0212053547114,1732.4007466477153,276.4629569708338,-14.830610460407874,1248.6551637091907,-1.7462562720619994
1055,663.3251521177484,1739.4971596778564,276.46727473544536,-15.017650775595992,5328.929446726281,-3.321749904226983
1056,929.9874524313162,1739.9833411606996,276.46609967536114,-14.979232237157994,1343.262857399939,-1.8255524938861332
1057,42.67290826766892,1741.6064806964146,276.4695214293512,-15.107064715678549,7935.55981343321,-3.754093901922675
1058,381.2690517709801,1741.4344922365196,276.4681504530165,-15.058291901600136,11566.856647446635,-4.16318836140719
1059,1505.3364169059116,1741.2402768365366,276.46352949399386,-14.89632649807585,1295.1515078757657,-1.7859514170959927
1060,594.4172201114731,1742.2266662404948,276.46715206418475,-15.027588961171164,4469.073196428479,-3.130693647777168
1061,154.15881228583322,1744.58777114289,276.46861670957765,-15.091018493336914,658.3539994127932,-1.0512986737943004
1062,2819.7247967400144,1756.368296297581,276.4558110923338,-14.706901996869744,16663.77248228388,-4.559583296742823
1063,206.82023585076107,1758.7965598160522,276.4662784090697,-15.083488680144159,957.7785201799707,-1.4583127108696452
1064,2339.3482438623096,1759.4460117912129,276.4573514930033,-14.77617814825401,2682.0492271320545,-2.5763168402181136
1065,433.47818853646015,1762.7780631801752,276.4647491006763,-15.050854565590539,3076.5799538081046,-2.725320493235029
1066,1610.7384333051461,1764.5087787099535,276.4596214502898,-14.881227614452644,6092.242833206139,-3.467092992647192
1067,1709.387800607724,1764.8160720719598,276.4591665657959,-14.867010383294637,1048.229103730584,-1.5562905122575377
1068,2020.343240344548,1763.9170443132073,276.4580102511847,-14.822184576335259,149402.6366924452,-6.941045633512246
1069,61.1555543506262,1764.9136661584305,276.4659656177323,-15.104493589941333,27764.14372339152,-5.113860688063725
1070,225.04348225615885,1765.4500120381058,276.4652100305863,-15.080889774813263,2384.4362273535808,-2.4486142572085496
1071,1913.553999830856,1766.2025838928646,276.45811270545977,-14.837587308755914,3286.3123136520735,-2.7969220635678536
1072,1525.794314653412,1770.2373120947252,276.4591189741994,-14.893492923003402,508.44783282239223,-0.7707659797284178
1073,2783.3020343911517,1779.427502718316,276.4525252034203,-14.712246639759273,6294.59173791029,-3.5025688967478907
1074,489.10401056806296,1783.4967419464883,276.4614270466247,-15.042922431370313,996.2427226864966,-1.5010628833174273
1075,781.3736106153128,1784.4807249114706,276.46007360659553,-15.000819835034443,16680.632382352604,-4.560681256388378
1077,2439.1514037698616,1788.526484612105,276.4526003969464,-14.761905218906174,13594.160815282492,-4.338530986330071
1078,3068.569302356434,1787.2868118372435,276.4501653767593,-14.671140979216844,6823.888011892268,-3.590229705644016
1081,35.525208785989186,1790.8295304380874,276.4622020739042,-15.108286176407534,1855.0425614278065,-2.1760346742234296
1082,2569.4446827163656,1789.6555648028768,276.45189026766724,-14.743123938182737,5160.060027220112,-3.2867868628815504
1083,1630.1080491759756,1791.8195838825266,276.4554672064286,-14.878544122632235,7489.512781694939,-3.6912838940292705
1084,1000.2383485880637,1793.9370642093013,276.4577580902584,-14.969322341186885,639.817489530833,-1.0202902468981496
1085,1809.7432708332879,1794.9008313009851,276.4542629835053,-14.852664856886916,1864.6855315334979,-2.181663980967033
1086,2727.7546618333313,1795.7885581334197,276.45031730167506,-14.720321891229277,2429.7402717786026,-2.4690496082395974
1087,1703.8625395281051,1796.7481082004454,276.4544263783502,-14.867933384394005,2879.4562746292795,-2.653426198393727
1089,251.2517875199516,1807.4893227477444,276.4588263561428,-15.077278843891444,1687.1913028255221,-2.0730607983836946
1090,1052.138037923489,1806.5535226101406,276.45566096593643,-14.96189371544652,13447.52524119505,-4.326755898648736
1091,1347.513674147193,1807.2254268024194,276.45433914427775,-14.919332347448444,161426.5041503146,-7.0250870828047205
1092,1932.017840649256,1808.0653801190738,276.4517924126323,-14.83509215062707,14522.86119944253,-4.410280444973325
1093,1770.3425518452561,1814.411707136899,276.4515161235111,-14.858421341772154,2759.5072816079482,-2.60722883929682
1094,2960.7804173095883,1814.7513930694802,276.44652050092736,-14.686795533439708,4643.895491457428,-3.1723560723115813
1095,2868.973277516036,1819.110047910659,276.4462529206855,-14.700051951365968,253.40618602500763,-0.014693009460897499
1096,79.02376585397992,1821.912568678655,276.4573824288875,-15.102142148729353,336.17566726979567,-0.3215656672527347
1097,613.1029076737398,1818.9781895668007,276.4556196620514,-15.025197929980708,18782.116271671373,-4.68951129017499
1098,338.6636836189634,1826.4184641871616,276.45564052479443,-15.064761523035942,27845.035107667965,-5.117019402806676
1099,2152.176108075093,1826.1632129389072,276.44818002341697,-14.803427781557005,3264.9472292683786,-2.7898403939381753
1100,2922.721391438598,1827.1404930303056,276.4448321346059,-14.692333519992014,14777.30553168361,-4.429138110253046
1101,1708.2219432046536,1827.418618365075,276.4498333722285,-14.867426532693147,2593.276538681588,-2.539772055838851
1102,3019.808313166702,1830.764816925694,276.44388774876853,-14.6783474706354,9099.089981692436,-3.9026448778885965
1103,2756.5753794727684,1836.8630362672097,276.4440739501047,-14.71633050921613,4349.577001148718,-3.1012675373734915
1104,487.9612671661152,1837.5412589269483,276.4533650128239,-15.043298451154822,1533.388860101637,-1.9692807378971477
1105,1276.2760761766488,1837.1245220564454,276.45017298072116,-14.92971612461339,8235.157431708125,-3.794329743328595
1106,724.2293884122937,1840.1814408301013,276.4519967140053,-15.009271256216882,10427.26015668991,-4.050575501269089
1107,645.1333990065473,1840.4899377848117,276.4522769138656,-15.02066766393693,3944.2288168488885,-2.995055232717669
1108,2655.1245678491273,1841.6165788110882,276.4437870436556,-14.730977773112059,54539.093236800574,-5.846919761108799
1109,2450.392523181557,1843.7529810533433,276.4443191121802,-14.760504876228467,6713.324516573281,-3.572494081143911
1110,881.0113555289524,1849.4856532991103,276.44996127074205,-14.98671933263886,3295.9470161852078,-2.8001005323303065
1111,2707.635840750624,1853.057267419137,276.441863122664,-14.723451934707109,20755.8066426969,-4.797999018904097
1112,188.83630255476552,1860.569533821437,276.45115938247324,-15.08647596622503,2680.9226613309,-2.575860692648898
1113,856.3863882180171,1861.7643882128134,276.4482305051909,-14.990315403898986,456.4447664290201,-0.6536205579333542
1114,2866.5720952534457,1861.8777761807232,276.43988742020184,-14.700569427069263,1025.2370350698475,-1.5322106933157
1115,2179.7347883630327,1867.994579966102,276.4418274629203,-14.799621210890027,12825.767246762116,-4.275358364254859
1116,67.55214609859046,1869.5907965758522,276.4503115061954,-15.103979834111295,2714.6834249534295,-2.589447956491103
1117,1363.7089363804898,1870.9809150194128,276.4447603132375,-14.91724980660523,13683.185313109483,-4.345618000083736
1118,936.8125351429412,1871.603530045947,276.4464303755599,-14.978766159908513,5221.784964888764,-3.299697436923716
1119,1956.2118002871457,1871.5427943002617,276.44222473155276,-14.831856469696385,9210.583702343167,-3.9158678623554746
1120,2732.831517741698,1873.784130749064,276.43866835823326,-14.719901742455281,918.2675162203959,-1.412573031795188
1121,2300.548426646558,1874.2485068711223,276.4403937977857,-14.782229349685617,3094.2660444795038,-2.7315441071598556
1122,1674.493230303049,1877.822269885977,276.4424544835857,-14.872487132518332,56742.66431460413,-5.889924288198113
1123,440.62664225717697,1886.3997851289018,276.4462671723498,-15.050307842096633,21034.05728371424,-4.8124576091530615
1125,225.4342676625305,1888.0129689445566,276.4469119210965,-15.081311288654435,939.3059156326344,-1.4371676220153906
1127,1600.2807195151481,1898.9427507528917,276.4396108753123,-14.883266344610801,81721.31804790557,-6.285988384733293
1128,3018.3306181670027,1898.9045889909046,276.43373691935517,-14.67883353989587,47186.41502260859,-5.689692436243857
1129,2340.6566596006046,1903.9641158894444,276.4357963567155,-14.776565203353154,3555.4081524906796,-2.8823736381008707
1130,1228.5179220048014,1905.8331436821134,276.44011884984275,-14.936868420257463,1301.2849511342356,-1.791080996731442
1132,1937.5349607599408,1909.2243220575315,276.4366819973087,-14.834697782697566,2567.8347657048143,-2.529067664417691
1133,52.529539276235184,1910.1487555764863,276.4443180766228,-15.106300937105162,13135.252937438898,-4.30124607867677
1135,615.0854838162774,1914.8141436686458,276.44130775041475,-15.025286850680626,2307.1350136297406,-2.41283250380628
1137,1446.2886545712051,1914.8316778069877,276.43787699140825,-14.905521817445921,158426.8850041271,-7.004722186260638
1138,110.1434459629925,1918.661446998345,276.44281043604013,-15.098036006030293,974.1915533280699,-1.4767608776366687
1139,786.5606993471819,1917.6127931894407,276.4401837810509,-15.000594043862588,1158.4426551655051,-1.6648363292205959
1140,260.9540430694116,1919.2852670081436,276.44209743667375,-15.076316672551362,4656.135217851319,-3.1752139385209066
1141,2257.490715744023,1919.3987331108974,276.43383949159613,-14.788615982704815,12039.953546183708,-4.206712006530775
1142,1156.0982290449122,1920.9425787944654,276.43816329176394,-14.94736314381671,1058.2449247514014,-1.566615464103178
1143,1658.1433264101588,1920.912008839824,276.4360944399902,-14.87501360909742,11586.57750825776,-4.165037906282953
1144,2202.523506575747,1921.0342594042852,276.43382334053894,-14.796546497474488,20968.53437923966,-4.8090701683062145
1145,816.7878498006513,1921.8600442920222,276.43942538543723,-14.996255752776515,1950.9110079696402,-2.230743626397182
1146,1878.9746123388481,1922.3032758823301,276.4349736165771,-14.843190380235061,4112.689012955059,-3.040464655652404
1147,2969.022055588168,1923.5369058092128,276.43027007450365,-14.686042545309606,71058.46619859646,-6.134189550772734
1149,1126.6174192866767,1926.050893045273,276.43752269294333,-14.95163115066118,169.44695069646696,0.42226562707079357
1151,120.47768306017021,1940.183112877059,276.4395549371552,-15.096631048466811,3083.0480573026,-2.727600714283654
1152,1624.5680003716964,1940.5690334246192,276.4333009292031,-14.879930047751584,21522.38268575474,-4.8373758514277645
1153,937.0119478371716,1944.186234845766,276.43559821738296,-14.97902158758089,1137.0462912386865,-1.644595343250062
1154,2662.0110982450287,1944.2867813388543,276.4284513286129,-14.730394202265929,3296.7136515813763,-2.800353044586334
1155,1056.974827642669,1947.8928751866138,276.43455069854656,-14.96175145935351,90644.24734619795,-6.398500596335336
1156,2920.0476585729843,1947.45823327302,276.4269075844602,-14.693200196115868,2062.2787918240647,-2.2910184172628454
1157,1109.7178771794458,1949.6819220837046,276.43406631150236,-14.954158803299627,769.4810708898585,-1.2206448301317743
1158,2886.1906469783808,1951.3562605246993,276.4264670682147,-14.698097850359495,15802.585594367993,-4.501970356702341
1159,418.2600931003068,1954.0494680876045,276.43626124565134,-15.05379303805743,3788.4728373551043,-2.9513104227849887
1160,1152.5759747863626,1959.8649753225995,276.4323701734693,-14.94802320838543,15185.78704521351,-4.458743241681246
1161,2231.6936779851617,1960.2423116814805,276.4278555807826,-14.792496741336263,187900.20156381623,-7.189968093259966
1162,1263.4429846388352,1960.6108702983786,276.4318017122584,-14.932050683982176,2149.189409817278,-2.3358367080833577
1163,2347.624235907689,1961.6901749994854,276.4271596008996,-14.775789801216332,45701.049898354686,-5.65496542159215
1165,1204.4720017711304,1965.3140584731257,276.4313431562847,-14.940566660411404,253.92545736936154,-0.016915586754782684
1168,1148.8718212709643,1980.307956017387,276.42933510763083,-14.948636964366141,4753.545268300804,-3.197694063516029
1169,382.34377325331604,1981.3304027782808,276.4323365906619,-15.059072562436558,2716.2331668774714,-2.5900675981048837
1170,612.3630246548703,1982.6103561213426,276.43120008965013,-15.025943153334794,1045.0525140220416,-1.5529952641911036
1171,1084.428680971274,1982.5244200156542,276.4292699104736,-14.957931186751557,16677.121660002973,-4.560452720716038
1172,2114.0894186660867,1985.8765227280678,276.4245194064992,-14.809551216002536,2104.006370829651,-2.3127676045859156
1174,2176.553147949637,1988.962422431495,276.4238008095556,-14.80055917782819,4014.2049992662505,-3.014148846990037
1175,96.37297408576593,1991.9568268437956,276.4319243502916,-15.100303253954717,72817.15639434743,-6.1607342662169176
1176,1404.157525882051,1993.9667809479627,276.4262447550341,-14.911904124075688,1063.0126986420946,-1.5714961098004168
1177,2529.522981298927,1995.7536197726376,276.42132698656866,-14.749700673055422,9436.203056713915,-3.9421431729544585
1178,1245.9313919046144,2003.7254082056218,276.4254410536148,-14.934742925243862,989.2669464751962,-1.4934337248503802
1179,2786.0286161031154,2004.898837167941,276.41890057858893,-14.712753670774173,140.6200961555587,0.62473154525866
1180,135.15843940392048,2006.585193066849,276.429581284405,-15.09477372887636,1779.7845702690538,-2.131068571724826
1181,518.6363289127497,2007.0367157353166,276.42793949091805,-15.03953981683449,1320.8648833574844,-1.8072959636630284
1182,2047.9737260656768,2013.2938970179175,276.42070378527865,-14.81918983227901,2428.019330014882,-2.4682803281555725
1183,1849.6806438222343,2016.2385704675287,276.42108378634526,-14.847783098247987,67839.80978577124,-6.083861532179103
1184,2753.0019088270437,2020.3843779196848,276.4167288195176,-14.717577240797562,6358.516377002583,-3.5135394638067643
1185,331.7883730472398,2022.0881295135132,276.4264600571277,-15.06651262525476,1515.2841552828904,-1.9563851833523787
1187,199.36735597317787,2033.860945137458,276.42524587685057,-15.085631304585867,1207.6535777651006,-1.710005909145329
1188,543.0622123196299,2035.9378008635317,276.4235253158293,-15.036133413688622,2750.4939120835043,-2.603676698379063
1189,145.33176029461822,2037.7709047196327,276.42488374032956,-15.093429039468896,2431.0804223843734,-2.4696482931781834
1190,638.6875010813004,2037.4414473812983,276.4229081070253,-15.02236403281298,23074.25942116714,-4.912969405927522
1191,1296.886577341469,2039.2662065814961,276.41992832895363,-14.92753944825785,4032.406526253384,-3.019060750708693
1193,343.8358432100451,2043.4190666160414,276.4232263817006,-15.0648599112206,635.2771273037652,-1.012558026210308
1194,2322.0041493520594,2044.1769621802425,276.41496534226974,-14.77980968630168,9054.706532258017,-3.8973359262409795
1195,385.5490893997416,2048.594737852566,276.42228262667953,-15.058871588650165,1785.8543215437094,-2.1347650509692824
1196,56.04660349907168,2049.7600466376975,276.4234597717829,-15.106334425022304,57577.114655956975,-5.905774721877496
1197,425.9847939773824,2049.8356611423815,276.42193146420067,-15.053051954625946,2611.732774240256,-2.5474718257828144
1198,658.5201334889773,2051.2361820237725,276.4207677283545,-15.01956055233837,2259.48500702437,-2.390173638031013
1200,176.23901518995822,2055.822284429632,276.4220620994987,-15.089047291187594,2140.748539133114,-2.331564119138137
1201,2517.7694801032267,2058.10471897759,276.4120788591995,-14.75164221036241,397932.5077811101,-8.004673525439959
